age,gender,education,experience_years,role_seniority,company_size,location_tier,skills_count,certifications,worked_remote,last_promotion_years_ago,salary_bdt,recent_project_description_length,survey_date,recent_note,survey_year,survey_month,role_seniority_encoded
33.0,Male,M.Sc,6.0,Senior,Enterprise,Tier-2,1.0,2.0,1.0,0.0,145185.0,57.0,2024-11-15,Worked on microservices deployment,2024.0,11.0,2.0
29.0,Male,M.Sc,9.0,Junior,Enterprise,Remote,5.0,0.0,1.0,0.0,121262.0,50.0,2024-03-08,Built ML pipeline for preprocessing,2024.0,3.0,0.0
34.0,Male,B.Sc+Cert,15.8,Lead,Enterprise,Remote,5.0,1.0,1.0,5.0,184875.0,50.0,2024-09-01,Experience in data cleaning and ETL,2024.0,9.0,3.0
39.0,Male,B.Sc,16.0,Mid,Enterprise,Tier-1,5.0,0.0,1.0,3.0,180105.0,59.0,2024-01-26,Contributed to open-source NLP repo,2024.0,1.0,1.0
29.0,Female,B.Sc,8.0,Junior,SME,Tier-1,5.0,2.0,0.0,7.0,114750.0,57.6,2023-12-08,Built ML pipeline for preprocessing,2023.0,12.0,0.0
29.0,Female,B.Sc+Cert,7.0,Junior,Startup,Tier-3,5.0,3.0,1.0,0.0,88150.0,81.0,2023-09-17,Contributed to open-source NLP repo,2023.0,9.0,0.0
39.0,Male,B.Sc,19.0,Mid,Enterprise,Tier-1,2.0,0.0,0.0,4.0,210347.0,62.0,2024-11-15,Built ML pipeline for preprocessing,2024.0,11.0,1.0
35.0,Female,M.Sc,10.0,Mid,Enterprise,Tier-1,6.0,0.0,1.0,3.0,168940.0,61.0,2023-06-23,Built ML pipeline for preprocessing,2023.0,6.0,1.0
27.0,Male,M.Sc,4.0,Junior,Enterprise,Tier-3,5.0,0.0,1.0,2.0,74069.0,62.2,2024-12-24,Worked on microservices deployment,2024.0,12.0,0.0
33.0,Male,M.Sc,12.0,Junior,SME,Tier-2,7.0,0.0,0.0,1.0,117598.0,60.0,2023-07-14,Experience in data cleaning and ETL,2023.0,7.0,0.0
27.0,Male,B.Sc+Cert,7.0,Senior,SME,Tier-2,4.0,2.0,1.0,1.0,111207.0,65.0,2024-03-16,Worked on microservices deployment,2024.0,3.0,2.0
27.0,Male,PhD,1.0,Junior,Startup,Tier-1,9.0,4.0,1.0,4.0,71583.0,61.8,2023-09-29,Contributed to open-source NLP repo,2023.0,9.0,0.0
31.0,Female,M.Sc,4.0,Senior,Enterprise,Tier-2,4.0,0.0,1.0,3.0,128319.0,76.0,2023-11-03,No relevant project mentioned,2023.0,11.0,2.0
20.0,Female,B.Sc,0.0,Mid,Startup,Tier-2,2.0,0.0,0.0,3.0,30883.0,43.0,2023-11-04,Built ML pipeline for preprocessing,2023.0,11.0,1.0
20.0,Male,B.Sc+Cert,0.0,Mid,Startup,Tier-1,5.0,0.0,1.0,0.0,49709.0,60.0,2024-10-10,Built ML pipeline for preprocessing,2024.0,10.0,1.0
27.0,Male,B.Sc,0.0,Junior,SME,Tier-1,5.0,0.0,1.0,3.6,42206.0,58.0,2024-08-17,Experience in data cleaning and ETL,2024.0,8.0,0.0
24.0,Male,B.Sc,0.0,Junior,SME,Tier-2,6.0,4.0,0.0,6.0,42325.0,66.0,2024-07-09,Built ML pipeline for preprocessing,2024.0,7.0,0.0
32.0,Male,B.Sc+Cert,10.0,Senior,Startup,Remote,5.0,0.0,1.0,1.0,122308.0,73.0,2023-07-26,Built ML pipeline for preprocessing,2023.0,7.0,2.0
25.0,Male,B.Sc,9.0,Junior,Enterprise,Remote,2.0,0.6,1.0,4.0,110475.0,51.0,2023-04-27,No relevant project mentioned,2023.0,4.0,0.0
22.0,Male,B.Sc,0.0,Junior,Enterprise,Tier-1,3.0,1.0,1.0,1.0,59600.0,57.0,2023-01-05,Worked on microservices deployment,2023.0,1.0,0.0
39.0,Female,B.Sc,21.0,Mid,SME,Tier-3,4.0,1.8,0.0,3.0,201222.0,59.0,2024-05-13,Built ML pipeline for preprocessing,2024.0,5.0,1.0
29.0,Female,B.Sc+Cert,7.0,Junior,SME,Tier-3,6.0,0.0,1.0,0.0,89231.0,60.8,2024-09-17,Built ML pipeline for preprocessing,2024.0,9.0,0.0
30.0,Male,B.Sc,8.0,Mid,Enterprise,Tier-3,6.0,1.0,1.0,0.0,111120.0,62.8,2023-10-28,Built ML pipeline for preprocessing,2023.0,10.0,1.0
21.0,Female,M.Sc,0.0,Senior,Startup,Tier-2,5.0,0.0,1.0,1.0,60792.0,53.0,2024-02-29,Worked on microservices deployment,2024.0,2.0,2.0
27.0,Male,B.Sc,10.0,Mid,Enterprise,Tier-1,6.0,2.0,0.0,2.0,138325.0,71.0,2023-03-31,Experience in data cleaning and ETL,2023.0,3.0,1.0
31.0,Male,M.Sc,7.0,Senior,Startup,Tier-3,4.0,0.0,0.0,1.0,101384.0,62.0,2023-01-28,Contributed to open-source NLP repo,2023.0,1.0,2.0
23.0,Male,M.Sc,0.0,Senior,SME,Tier-1,9.0,1.0,0.0,3.0,72060.0,51.0,2024-06-27,Experience in data cleaning and ETL,2024.0,6.0,2.0
32.0,Male,B.Sc,11.0,Junior,SME,Tier-1,4.0,0.0,1.0,2.0,112714.0,57.0,2023-08-05,No relevant project mentioned,2023.0,8.0,0.0
26.0,Female,B.Sc,4.0,Mid,Enterprise,Tier-2,6.0,0.0,0.0,6.0,80467.0,77.0,2023-03-12,Worked on microservices deployment,2023.0,3.0,1.0
28.0,Male,B.Sc,4.0,Mid,Startup,Remote,7.0,0.0,0.0,0.0,66454.0,74.0,2023-01-30,Built ML pipeline for preprocessing,2023.0,1.0,1.0
26.0,Male,B.Sc,6.0,Mid,Startup,Tier-1,4.0,1.0,1.0,2.2,250336.0,60.0,2023-09-13,Built ML pipeline for preprocessing,2023.0,9.0,1.0
41.0,Male,M.Sc,19.0,Junior,SME,Tier-2,1.0,2.0,0.0,5.0,175155.0,57.0,2024-11-01,No relevant project mentioned,2024.0,11.0,0.0
30.0,Male,B.Sc+Cert,9.4,Lead,SME,Tier-1,4.0,0.0,1.0,3.0,143629.0,51.0,2024-01-31,Contributed to open-source NLP repo,2024.0,1.0,3.0
24.0,Female,B.Sc,2.0,Mid,SME,Remote,4.0,2.0,0.0,3.0,67896.0,72.0,2024-06-04,Built ML pipeline for preprocessing,2024.0,6.0,1.0
35.0,Male,M.Sc,11.4,Mid,SME,Tier-2,5.6,1.0,1.0,0.0,125584.0,59.8,2023-11-19,Experience in data cleaning and ETL,2023.0,11.0,1.0
23.0,Male,M.Sc,0.0,Mid,SME,Tier-1,4.0,0.0,0.0,6.0,58900.0,64.0,2024-01-05,Built ML pipeline for preprocessing,2024.0,1.0,1.0
31.0,Male,M.Sc,10.0,Mid,Startup,Tier-1,1.0,1.0,0.0,4.0,126449.0,69.0,2023-06-05,No relevant project mentioned,2023.0,6.0,1.0
20.0,Male,B.Sc+Cert,0.0,Senior,Startup,Tier-2,3.0,1.0,0.0,3.0,48515.0,63.0,2023-08-02,Built ML pipeline for preprocessing,2023.0,8.0,2.0
22.0,Male,B.Sc,0.0,Mid,SME,Tier-1,12.0,1.0,1.0,5.0,67152.0,47.0,2024-10-27,Built ML pipeline for preprocessing,2024.0,10.0,1.0
31.0,Male,B.Sc,11.2,Junior,SME,Tier-1,5.2,0.0,0.0,2.0,146464.0,67.0,2023-03-24,No relevant project mentioned,2023.0,3.0,0.0
34.0,Male,M.Sc,11.0,Junior,Startup,Tier-2,3.0,1.0,0.0,1.0,130072.0,62.0,2024-02-09,Contributed to open-source NLP repo,2024.0,2.0,0.0
31.0,Female,M.Sc,9.0,Senior,Startup,Tier-2,5.0,1.0,1.0,2.0,138837.0,62.0,2024-09-04,Contributed to open-source NLP repo,2024.0,9.0,2.0
29.0,Female,M.Sc,9.0,Mid,SME,Tier-3,4.0,0.0,0.0,4.0,116410.0,47.0,2023-01-10,Experience in data cleaning and ETL,2023.0,1.0,1.0
28.0,Female,B.Sc,4.0,Lead,Startup,Tier-1,6.0,1.0,1.0,3.0,106823.0,66.0,2023-10-07,Worked on microservices deployment,2023.0,10.0,3.0
21.0,Male,B.Sc,0.0,Junior,SME,Tier-2,5.0,1.0,1.0,2.0,36290.0,54.0,2023-10-08,Worked on microservices deployment,2023.0,10.0,0.0
26.0,Male,B.Sc,6.0,Junior,SME,Tier-2,3.0,3.0,0.0,0.0,87350.0,54.0,2024-11-22,Contributed to open-source NLP repo,2024.0,11.0,0.0
27.0,Male,B.Sc,7.0,Junior,Startup,Tier-1,8.0,1.0,1.0,4.0,96735.0,54.8,2023-03-31,Contributed to open-source NLP repo,2023.0,3.0,0.0
36.0,Female,M.Sc,13.0,Mid,Startup,Tier-2,5.0,0.0,0.0,2.0,155381.0,57.0,2023-05-09,Built ML pipeline for preprocessing,2023.0,5.0,1.0
32.0,Male,M.Sc,11.0,Mid,Enterprise,Tier-1,7.0,0.6,0.0,0.0,179168.0,66.0,2023-11-05,Experience in data cleaning and ETL,2023.0,11.0,1.0
20.0,Male,B.Sc,0.0,Junior,Enterprise,Tier-3,3.0,0.0,0.0,2.0,31751.0,75.0,2024-04-29,Contributed to open-source NLP repo,2024.0,4.0,0.0
32.0,Male,B.Sc,6.0,Mid,SME,Tier-2,10.0,0.0,1.0,7.0,92475.0,64.0,2023-04-17,Contributed to open-source NLP repo,2023.0,4.0,1.0
28.0,Male,B.Sc,0.0,Mid,SME,Tier-2,9.0,0.0,0.0,1.0,44801.0,60.8,2024-05-19,Built ML pipeline for preprocessing,2024.0,5.0,1.0
26.0,Male,B.Sc,1.0,Junior,Enterprise,Tier-1,7.0,0.0,0.0,0.0,63464.0,67.0,2023-10-10,Built ML pipeline for preprocessing,2023.0,10.0,0.0
34.0,Male,M.Sc,12.0,Mid,Enterprise,Tier-1,4.0,1.6,1.0,0.0,150913.0,48.0,2023-04-17,Experience in data cleaning and ETL,2023.0,4.0,1.0
36.0,Female,B.Sc,14.0,Mid,SME,Tier-2,3.2,0.0,0.0,0.0,154466.0,64.0,2023-06-04,Contributed to open-source NLP repo,2023.0,6.0,1.0
36.0,Male,B.Sc,13.0,Junior,Startup,Tier-2,4.0,0.0,1.0,0.0,143176.0,63.0,2023-08-20,No relevant project mentioned,2023.0,8.0,0.0
25.0,Male,M.Sc,2.0,Junior,SME,Tier-1,6.0,2.0,0.0,5.0,73344.0,41.0,2024-03-24,Built ML pipeline for preprocessing,2024.0,3.0,0.0
28.0,Male,B.Sc+Cert,6.0,Junior,SME,Tier-1,7.0,1.0,0.0,0.0,111147.0,62.8,2024-01-15,Worked on microservices deployment,2024.0,1.0,0.0
32.0,Male,M.Eng,10.0,Mid,SME,Tier-1,6.0,1.0,1.0,5.0,131675.0,54.6,2023-11-29,Built ML pipeline for preprocessing,2023.0,11.0,1.0
36.0,Male,B.Sc,11.0,Senior,SME,Tier-2,8.0,1.0,0.0,0.0,392397.0,66.0,2024-08-18,Built ML pipeline for preprocessing,2024.0,8.0,2.0
27.0,Female,B.Sc+Cert,6.0,Mid,Enterprise,Tier-1,3.0,0.0,1.0,5.0,116332.0,59.0,2023-03-17,Built ML pipeline for preprocessing,2023.0,3.0,1.0
29.0,Male,B.Sc,5.0,Junior,SME,Tier-2,4.0,0.0,1.0,1.0,79732.0,70.0,2023-09-18,Worked on microservices deployment,2023.0,9.0,0.0
23.0,Female,B.Sc,0.0,Senior,Startup,Tier-1,3.0,1.0,0.0,2.0,53444.0,66.0,2023-12-03,Built ML pipeline for preprocessing,2023.0,12.0,2.0
23.0,Male,B.Sc,3.0,Lead,Startup,Tier-2,7.0,0.0,0.0,0.0,89320.0,52.0,2023-08-18,Worked on microservices deployment,2023.0,8.0,3.0
35.0,Male,B.Sc,9.0,Mid,SME,Tier-1,6.0,0.0,0.0,1.0,117205.0,67.0,2023-08-09,Contributed to open-source NLP repo,2023.0,8.0,1.0
38.0,Female,B.Sc,16.0,Lead,Startup,Tier-2,7.0,1.0,1.0,0.0,185657.0,60.0,2024-11-23,Experience in data cleaning and ETL,2024.0,11.0,3.0
30.0,Male,B.Sc,11.0,Mid,SME,Tier-1,4.0,1.0,0.0,2.0,148203.0,68.0,2024-02-02,Built ML pipeline for preprocessing,2024.0,2.0,1.0
36.0,Male,B.Sc,14.0,Mid,SME,Tier-1,4.0,1.0,0.0,1.0,157882.0,72.0,2024-12-14,Worked on microservices deployment,2024.0,12.0,1.0
32.0,Male,M.Eng,7.0,Mid,SME,Tier-2,4.6,1.0,1.0,5.0,121826.0,59.0,2024-02-16,Contributed to open-source NLP repo,2024.0,2.0,1.0
26.0,Male,B.Sc+Cert,1.0,Mid,Enterprise,Tier-1,5.0,3.0,0.0,0.0,84510.0,75.0,2024-09-21,Contributed to open-source NLP repo,2024.0,9.0,1.0
32.0,Female,B.Sc,6.0,Junior,SME,Tier-1,3.0,2.0,0.0,1.0,86229.0,47.0,2024-09-20,Contributed to open-source NLP repo,2024.0,9.0,0.0
39.0,Male,B.Sc+Cert,20.0,Senior,Startup,Tier-3,4.0,0.0,1.0,0.0,206288.0,49.0,2024-02-05,Built ML pipeline for preprocessing,2024.0,2.0,2.0
30.0,Female,B.Sc+Cert,9.0,Senior,Startup,Remote,6.0,0.8,0.0,2.0,123057.0,50.0,2024-12-09,Experience in data cleaning and ETL,2024.0,12.0,2.0
39.0,Female,M.Sc,16.0,Mid,SME,Tier-1,10.0,0.0,0.0,0.0,182737.0,59.6,2024-12-06,Experience in data cleaning and ETL,2024.0,12.0,1.0
20.0,Male,B.Sc,0.0,Junior,Startup,Tier-3,5.0,3.0,0.0,0.0,29061.0,79.0,2024-05-12,Built ML pipeline for preprocessing,2024.0,5.0,0.0
35.0,Female,M.Sc,10.0,Junior,SME,Tier-2,2.0,0.0,1.0,3.0,118001.0,60.0,2024-09-07,Contributed to open-source NLP repo,2024.0,9.0,0.0
31.0,Male,B.Sc+Cert,6.0,Junior,Startup,Tier-1,7.0,1.0,0.0,0.0,89997.0,53.0,2023-06-23,Worked on microservices deployment,2023.0,6.0,0.0
28.0,Female,M.Sc,5.0,Junior,SME,Remote,3.0,0.6,0.0,3.0,85847.0,59.0,2023-10-28,Built ML pipeline for preprocessing,2023.0,10.0,0.0
31.0,Male,B.Sc,11.0,Mid,Enterprise,Tier-3,3.0,0.0,0.0,0.0,108911.0,62.0,2023-04-13,Built ML pipeline for preprocessing,2023.0,4.0,1.0
20.0,Male,B.Sc,1.0,Senior,Startup,Remote,6.0,1.0,1.0,2.0,67670.0,69.0,2024-06-04,Worked on microservices deployment,2024.0,6.0,2.0
29.0,Male,M.Sc,7.0,Junior,SME,Tier-1,6.0,0.0,0.0,7.0,92325.0,58.0,2023-06-13,No relevant project mentioned,2023.0,6.0,0.0
32.0,Male,B.Sc,10.0,Junior,SME,Tier-1,6.0,7.0,0.0,4.0,128716.0,53.0,2023-01-05,Experience in data cleaning and ETL,2023.0,1.0,0.0
39.0,Male,B.Sc,15.0,Mid,Enterprise,Tier-2,3.0,0.0,0.0,1.0,156630.0,57.2,2024-08-23,Experience in data cleaning and ETL,2024.0,8.0,1.0
27.0,Female,B.Sc,4.0,Junior,SME,Tier-2,7.0,0.0,0.0,5.0,67580.0,47.0,2023-06-27,No relevant project mentioned,2023.0,6.0,0.0
25.0,Male,M.Eng,2.0,Senior,SME,Tier-1,6.4,1.0,1.0,2.0,109316.0,61.0,2023-01-27,No relevant project mentioned,2023.0,1.0,2.0
27.0,Male,B.Sc+Cert,5.0,Junior,Enterprise,Remote,9.0,1.0,1.0,2.0,99750.0,49.0,2024-11-17,Contributed to open-source NLP repo,2024.0,11.0,0.0
35.0,Female,B.Sc,14.0,Junior,SME,Tier-2,6.0,0.0,0.0,2.0,151662.0,58.0,2023-06-10,Built ML pipeline for preprocessing,2023.0,6.0,0.0
32.0,Male,B.Sc+Cert,8.0,Junior,SME,Tier-2,3.0,0.0,0.0,1.0,104664.0,54.0,2023-04-25,Built ML pipeline for preprocessing,2023.0,4.0,0.0
27.0,Female,B.Sc,7.0,Junior,Startup,Tier-2,3.0,1.0,0.0,3.0,88771.0,77.0,2024-01-13,Worked on microservices deployment,2024.0,1.0,0.0
33.0,Female,M.Sc,10.0,Mid,Enterprise,Tier-2,4.0,0.0,0.0,3.0,141035.0,57.0,2023-04-07,Contributed to open-source NLP repo,2023.0,4.0,1.0
31.0,Female,M.Sc,4.0,Junior,Enterprise,Tier-1,8.0,1.0,1.0,2.0,108836.0,63.0,2024-11-08,Built ML pipeline for preprocessing,2024.0,11.0,0.0
36.0,Female,M.Eng,10.8,Mid,Enterprise,Remote,4.0,0.0,0.0,6.0,152156.0,55.0,2023-05-16,Contributed to open-source NLP repo,2023.0,5.0,1.0
26.0,Male,B.Sc+Cert,0.0,Mid,Enterprise,Tier-1,5.0,1.0,0.0,2.0,77212.0,61.0,2024-01-23,Built ML pipeline for preprocessing,2024.0,1.0,1.0
28.0,Male,B.Sc,4.0,Junior,Enterprise,Tier-1,10.0,0.0,0.0,2.0,81911.0,55.0,2023-06-13,Contributed to open-source NLP repo,2023.0,6.0,0.0
28.0,Female,B.Sc+Cert,3.0,Junior,SME,Remote,7.0,1.0,1.0,7.0,67754.0,64.0,2024-02-19,Worked on microservices deployment,2024.0,2.0,0.0
21.0,Male,B.Sc,0.0,Mid,Enterprise,Remote,5.0,0.0,1.0,0.0,49356.0,48.0,2024-12-14,Built ML pipeline for preprocessing,2024.0,12.0,1.0
32.0,Male,M.Sc,8.0,Mid,SME,Tier-3,5.0,2.0,0.0,0.0,104601.0,57.0,2024-11-11,Built ML pipeline for preprocessing,2024.0,11.0,1.0
32.0,Male,M.Sc,11.0,Senior,SME,Remote,3.0,2.0,0.0,0.0,158441.0,66.0,2023-05-16,Built ML pipeline for preprocessing,2023.0,5.0,2.0
30.0,Female,M.Sc,9.0,Junior,SME,Tier-2,6.0,2.0,1.0,7.0,117894.0,61.0,2023-06-07,Built ML pipeline for preprocessing,2023.0,6.0,0.0
29.0,Male,B.Sc,7.0,Junior,SME,Remote,4.0,1.0,0.0,3.0,105294.0,62.4,2024-02-02,Experience in data cleaning and ETL,2024.0,2.0,0.0
22.0,Male,B.Sc+Cert,2.0,Junior,Enterprise,Tier-1,4.8,2.0,0.0,1.0,74323.0,61.8,2024-01-01,Built ML pipeline for preprocessing,2024.0,1.0,0.0
27.0,Male,B.Sc,8.0,Mid,SME,Tier-3,1.0,3.0,1.0,0.0,109963.0,54.0,2023-10-29,Worked on microservices deployment,2023.0,10.0,1.0
28.0,Male,B.Sc,5.0,Mid,Startup,Tier-2,8.0,0.0,0.0,3.4,78201.0,55.0,2023-12-15,Worked on microservices deployment,2023.0,12.0,1.0
25.0,Male,M.Sc,3.0,Senior,Startup,Tier-1,1.0,1.0,0.0,0.0,84084.0,74.0,2024-01-29,No relevant project mentioned,2024.0,1.0,2.0
29.0,Male,B.Sc,5.0,Mid,Enterprise,Tier-2,4.0,2.0,1.0,5.0,111207.0,56.0,2023-11-20,Experience in data cleaning and ETL,2023.0,11.0,1.0
32.0,Male,M.Eng,8.0,Junior,SME,Tier-2,7.0,0.0,0.0,3.0,107168.0,62.0,2023-02-19,Contributed to open-source NLP repo,2023.0,2.0,0.0
41.0,Female,B.Sc,21.0,Mid,SME,Tier-2,7.0,1.0,1.0,6.0,226842.0,48.0,2023-11-20,Built ML pipeline for preprocessing,2023.0,11.0,1.0
31.0,Male,B.Sc,10.0,Senior,SME,Tier-1,7.0,1.0,0.0,1.0,128944.0,50.0,2024-05-28,Built ML pipeline for preprocessing,2024.0,5.0,2.0
32.0,Female,M.Eng,7.0,Junior,SME,Tier-3,2.0,0.0,1.0,2.0,82079.0,55.0,2024-04-07,No relevant project mentioned,2024.0,4.0,0.0
30.0,Female,B.Sc,3.0,Mid,Startup,Tier-1,7.0,1.0,0.0,2.4,79272.0,59.0,2023-03-16,Contributed to open-source NLP repo,2023.0,3.0,1.0
20.0,Male,B.Sc,0.0,Lead,SME,Tier-2,3.0,1.0,1.0,5.0,68987.0,45.0,2024-05-15,Worked on microservices deployment,2024.0,5.0,3.0
30.0,Male,M.Sc,8.0,Mid,Enterprise,Remote,6.0,3.0,0.0,7.0,138073.0,64.0,2024-12-27,Contributed to open-source NLP repo,2024.0,12.0,1.0
30.0,Male,B.Sc,6.0,Mid,SME,Tier-2,4.0,0.0,0.0,6.0,85805.0,49.0,2023-07-07,Built ML pipeline for preprocessing,2023.0,7.0,1.0
45.0,Female,M.Sc,22.0,Junior,SME,Tier-1,5.6,1.0,0.0,2.0,205524.0,57.0,2023-05-09,Experience in data cleaning and ETL,2023.0,5.0,0.0
29.0,Male,B.Sc,7.0,Mid,Startup,Tier-1,2.0,3.0,1.0,0.0,99141.0,53.0,2024-05-07,Built ML pipeline for preprocessing,2024.0,5.0,1.0
32.0,Male,M.Eng,10.0,Junior,SME,Tier-2,3.0,1.0,0.0,2.0,125369.0,47.0,2023-04-07,No relevant project mentioned,2023.0,4.0,0.0
30.0,Male,M.Eng,9.0,Mid,Startup,Remote,1.0,1.0,1.0,0.0,122521.0,49.0,2023-12-31,Built ML pipeline for preprocessing,2023.0,12.0,1.0
23.0,Male,M.Sc,0.0,Junior,SME,Remote,8.0,2.0,0.0,0.0,55768.0,59.6,2024-05-15,Built ML pipeline for preprocessing,2024.0,5.0,0.0
37.0,Male,B.Sc,7.6,Senior,SME,Tier-3,5.8,2.0,1.0,0.0,107524.0,65.0,2023-06-14,Experience in data cleaning and ETL,2023.0,6.0,2.0
35.0,Male,M.Eng,10.0,Senior,Enterprise,Tier-1,5.0,0.0,0.0,1.0,184933.0,53.8,2023-06-26,Built ML pipeline for preprocessing,2023.0,6.0,2.0
35.0,Female,B.Sc,10.0,Mid,SME,Tier-1,6.0,0.0,0.0,2.0,152967.0,53.0,2024-09-20,Contributed to open-source NLP repo,2024.0,9.0,1.0
25.0,Male,M.Sc,4.0,Junior,SME,Tier-1,1.0,0.0,0.0,1.0,63311.0,58.6,2024-12-22,Contributed to open-source NLP repo,2024.0,12.0,0.0
38.0,Male,B.Sc,13.0,Junior,SME,Tier-1,4.0,1.0,0.0,2.6,132455.0,74.0,2023-09-30,Experience in data cleaning and ETL,2023.0,9.0,0.0
22.0,Male,B.Sc+Cert,0.0,Senior,SME,Tier-1,4.6,1.0,0.0,0.0,58393.0,59.6,2023-11-23,Worked on microservices deployment,2023.0,11.0,2.0
34.0,Female,M.Sc,8.0,Mid,Startup,Tier-1,1.0,3.0,1.0,2.0,134124.0,62.0,2024-02-03,No relevant project mentioned,2024.0,2.0,1.0
43.0,Male,B.Sc,17.0,Mid,SME,Tier-2,5.0,0.0,0.0,3.0,177337.0,36.0,2024-07-16,Contributed to open-source NLP repo,2024.0,7.0,1.0
24.0,Female,B.Sc,0.0,Junior,Enterprise,Tier-1,1.0,0.0,1.0,0.0,46722.0,62.0,2024-02-15,Worked on microservices deployment,2024.0,2.0,0.0
27.0,Male,B.Sc,10.0,Mid,Startup,Tier-2,4.0,1.0,0.0,4.0,128993.0,53.6,2023-03-05,Built ML pipeline for preprocessing,2023.0,3.0,1.0
31.0,Male,B.Sc,7.0,Mid,SME,Remote,7.0,0.8,0.0,2.0,102483.0,56.0,2024-03-22,No relevant project mentioned,2024.0,3.0,1.0
27.0,Male,B.Sc+Cert,5.0,Mid,Enterprise,Tier-2,4.0,3.0,1.0,2.0,95740.0,53.0,2023-12-07,Worked on microservices deployment,2023.0,12.0,1.0
21.0,Male,M.Sc,0.0,Mid,SME,Tier-3,4.0,0.0,0.0,2.0,41870.0,56.0,2023-08-17,No relevant project mentioned,2023.0,8.0,1.0
30.0,Male,M.Sc,10.0,Senior,Enterprise,Tier-3,4.0,1.0,1.0,2.0,154614.0,57.0,2024-05-19,Worked on microservices deployment,2024.0,5.0,2.0
24.0,Male,B.Sc,3.0,Junior,SME,Tier-1,1.0,2.0,0.0,0.0,57119.0,57.0,2024-09-20,Contributed to open-source NLP repo,2024.0,9.0,0.0
33.0,Female,B.Sc,10.0,Junior,SME,Tier-1,6.0,1.0,0.0,3.0,138188.0,60.0,2023-09-07,Built ML pipeline for preprocessing,2023.0,9.0,0.0
24.0,Male,B.Sc+Cert,1.0,Mid,SME,Tier-1,6.0,3.0,0.0,1.4,55705.0,60.0,2023-03-11,No relevant project mentioned,2023.0,3.0,1.0
39.0,Male,B.Sc,18.0,Junior,Enterprise,Tier-1,4.0,1.0,0.0,0.0,197835.0,81.0,2024-05-26,Worked on microservices deployment,2024.0,5.0,0.0
25.0,Male,B.Sc,5.0,Senior,Enterprise,Tier-2,5.0,3.0,0.0,3.0,141658.0,57.0,2023-12-11,Contributed to open-source NLP repo,2023.0,12.0,2.0
28.0,Male,B.Sc,4.0,Mid,Startup,Remote,8.0,0.0,0.0,3.0,74818.0,49.0,2024-06-30,Built ML pipeline for preprocessing,2024.0,6.0,1.0
35.0,Male,B.Sc,11.0,Senior,SME,Remote,3.0,0.0,0.0,0.0,119158.0,63.0,2023-09-30,No relevant project mentioned,2023.0,9.0,2.0
23.0,Male,B.Sc,0.0,Mid,Startup,Tier-1,4.0,0.0,0.0,4.0,46100.0,63.4,2024-07-09,Worked on microservices deployment,2024.0,7.0,1.0
31.0,Male,B.Sc,8.0,Junior,Startup,Remote,2.0,1.0,1.0,1.0,92689.0,51.0,2023-12-11,Built ML pipeline for preprocessing,2023.0,12.0,0.0
38.0,Male,PhD,14.0,Junior,SME,Tier-1,3.0,1.0,0.0,0.0,182065.0,50.0,2024-04-04,Experience in data cleaning and ETL,2024.0,4.0,0.0
20.0,Male,B.Sc,0.0,Senior,SME,Tier-3,2.0,1.0,1.0,3.0,45599.0,50.0,2023-04-17,Built ML pipeline for preprocessing,2023.0,4.0,2.0
31.0,Male,B.Sc,6.6,Junior,Startup,Tier-1,6.0,1.0,0.0,2.0,101069.0,75.0,2024-05-02,No relevant project mentioned,2024.0,5.0,0.0
32.0,Male,B.Sc,9.0,Mid,Startup,Tier-1,5.0,0.6,1.0,0.0,99733.0,65.0,2023-02-13,Built ML pipeline for preprocessing,2023.0,2.0,1.0
35.0,Male,B.Sc,8.0,Senior,SME,Tier-1,2.0,0.0,0.0,5.0,127541.0,57.0,2024-05-16,No relevant project mentioned,2024.0,5.0,2.0
23.0,Female,B.Sc,0.0,Junior,Enterprise,Remote,1.0,1.0,0.0,5.0,43103.0,63.0,2024-02-29,No relevant project mentioned,2024.0,2.0,0.0
22.0,Male,B.Sc+Cert,1.0,Junior,Enterprise,Tier-1,4.0,3.0,0.0,4.0,56675.0,68.0,2023-02-18,Built ML pipeline for preprocessing,2023.0,2.0,0.0
33.0,Male,B.Sc,10.0,Mid,Startup,Tier-1,4.0,0.0,0.0,1.0,137437.0,79.0,2023-03-01,Worked on microservices deployment,2023.0,3.0,1.0
32.0,Male,B.Sc,9.0,Senior,Enterprise,Remote,8.0,1.0,1.0,4.0,145705.0,60.2,2023-09-15,Experience in data cleaning and ETL,2023.0,9.0,2.0
32.0,Female,B.Sc,10.0,Junior,SME,Remote,4.0,0.0,0.0,4.0,131482.0,58.0,2024-07-30,No relevant project mentioned,2024.0,7.0,0.0
32.0,Female,PhD,10.0,Senior,Enterprise,Tier-1,4.0,0.0,1.0,7.0,211557.0,54.0,2023-04-24,No relevant project mentioned,2023.0,4.0,2.0
26.0,Male,B.Sc,0.2,Mid,SME,Tier-3,6.0,1.0,1.0,6.0,48371.0,48.0,2023-12-15,Built ML pipeline for preprocessing,2023.0,12.0,1.0
31.0,Female,B.Sc,11.0,Lead,SME,Tier-1,4.0,2.0,0.0,1.0,172151.0,57.0,2024-02-02,Contributed to open-source NLP repo,2024.0,2.0,3.0
32.0,Male,M.Sc,10.0,Junior,Enterprise,Tier-1,6.0,0.0,0.0,0.0,154266.0,65.0,2024-11-04,Contributed to open-source NLP repo,2024.0,11.0,0.0
26.0,Male,M.Sc,1.0,Junior,Startup,Tier-2,5.0,0.0,1.0,1.0,51174.0,50.0,2024-04-14,Built ML pipeline for preprocessing,2024.0,4.0,0.0
41.0,Female,B.Sc,19.0,Senior,Enterprise,Tier-2,5.0,1.0,0.0,2.0,199298.0,76.0,2024-11-06,Experience in data cleaning and ETL,2024.0,11.0,2.0
33.0,Female,B.Sc,8.0,Senior,Enterprise,Tier-2,5.0,2.0,1.0,2.2,126726.0,64.0,2023-01-15,Worked on microservices deployment,2023.0,1.0,2.0
23.0,Male,M.Sc,0.0,Mid,Enterprise,Tier-2,4.0,0.0,1.0,3.0,72002.0,58.0,2024-07-02,No relevant project mentioned,2024.0,7.0,1.0
34.0,Male,B.Sc,9.0,Mid,SME,Tier-2,3.2,1.0,1.0,4.0,110156.0,69.0,2023-05-18,Contributed to open-source NLP repo,2023.0,5.0,1.0
24.0,Male,M.Eng,3.0,Senior,Startup,Tier-3,2.0,0.0,1.0,1.0,70835.0,56.0,2023-09-22,No relevant project mentioned,2023.0,9.0,2.0
35.0,Male,M.Sc,12.0,Junior,SME,Tier-3,5.0,0.0,1.0,0.0,125763.0,62.0,2024-07-11,Built ML pipeline for preprocessing,2024.0,7.0,0.0
37.0,Female,B.Sc,15.0,Mid,Enterprise,Tier-2,4.0,2.0,1.0,0.0,185031.0,46.0,2024-09-09,Built ML pipeline for preprocessing,2024.0,9.0,1.0
25.0,Male,B.Sc,0.0,Senior,SME,Tier-1,9.0,1.0,0.0,2.0,56139.0,64.0,2023-03-22,Contributed to open-source NLP repo,2023.0,3.0,2.0
36.0,Male,B.Sc,10.4,Mid,SME,Tier-2,2.0,1.0,0.0,4.0,142638.0,59.0,2023-10-30,Worked on microservices deployment,2023.0,10.0,1.0
32.0,Male,M.Sc,8.0,Junior,SME,Tier-3,7.0,1.0,1.0,5.0,106529.0,62.0,2023-10-01,Experience in data cleaning and ETL,2023.0,10.0,0.0
35.0,Male,B.Sc,12.4,Senior,SME,Tier-2,5.2,1.0,1.0,2.0,167026.0,61.0,2023-04-23,Experience in data cleaning and ETL,2023.0,4.0,2.0
41.0,Male,B.Sc,17.0,Junior,Startup,Tier-2,4.0,1.0,0.0,6.0,153838.0,69.0,2024-02-13,Built ML pipeline for preprocessing,2024.0,2.0,0.0
29.0,Male,M.Sc,6.0,Junior,SME,Tier-1,7.0,0.0,0.0,0.0,71711.0,43.0,2024-12-20,Built ML pipeline for preprocessing,2024.0,12.0,0.0
25.0,Female,PhD,2.0,Lead,Enterprise,Tier-2,6.0,0.0,0.0,2.4,131807.0,54.0,2023-12-31,Built ML pipeline for preprocessing,2023.0,12.0,3.0
25.0,Female,B.Sc,2.0,Mid,Startup,Tier-1,5.0,2.0,1.0,0.0,68810.0,65.0,2023-08-29,Built ML pipeline for preprocessing,2023.0,8.0,1.0
25.0,Male,B.Sc,0.0,Senior,Enterprise,Remote,4.0,2.0,0.0,0.0,78770.0,54.0,2023-03-30,Experience in data cleaning and ETL,2023.0,3.0,2.0
30.0,Female,B.Sc,7.0,Senior,SME,Tier-2,3.6,2.0,1.0,6.0,118033.0,69.0,2024-11-25,Built ML pipeline for preprocessing,2024.0,11.0,2.0
32.0,Female,B.Sc,13.0,Junior,SME,Tier-1,4.0,1.0,1.0,4.0,144791.0,50.0,2023-09-29,No relevant project mentioned,2023.0,9.0,0.0
32.0,Female,B.Sc,10.0,Junior,SME,Tier-2,4.0,1.0,0.0,0.0,110738.0,44.0,2023-09-12,Built ML pipeline for preprocessing,2023.0,9.0,0.0
35.0,Male,B.Sc,11.0,Junior,Startup,Tier-3,3.0,2.0,1.0,1.0,131527.0,44.0,2024-05-03,No relevant project mentioned,2024.0,5.0,0.0
30.0,Male,B.Sc,9.0,Junior,SME,Tier-1,5.0,1.0,1.0,0.0,110159.0,45.0,2023-09-02,Contributed to open-source NLP repo,2023.0,9.0,0.0
39.0,Male,B.Sc,18.0,Mid,Enterprise,Tier-2,3.0,4.0,1.0,0.0,211922.0,57.0,2023-04-09,No relevant project mentioned,2023.0,4.0,1.0
28.0,Male,B.Sc+Cert,7.0,Mid,SME,Tier-2,3.0,1.6,0.0,3.0,103459.0,52.0,2024-07-24,Built ML pipeline for preprocessing,2024.0,7.0,1.0
46.0,Male,M.Eng,19.0,Mid,SME,Tier-3,5.0,3.0,0.0,2.0,237357.0,58.0,2023-03-14,Built ML pipeline for preprocessing,2023.0,3.0,1.0
34.0,Male,M.Sc,12.0,Junior,Startup,Tier-1,5.0,2.0,1.0,1.0,164659.0,49.0,2024-09-15,Contributed to open-source NLP repo,2024.0,9.0,0.0
25.0,Male,B.Sc,1.0,Mid,Enterprise,Tier-2,5.0,0.0,0.0,0.0,59399.0,44.0,2024-11-07,Experience in data cleaning and ETL,2024.0,11.0,1.0
24.0,Female,B.Sc,0.0,Mid,SME,Remote,4.0,3.0,0.0,1.0,52628.0,69.0,2023-10-15,No relevant project mentioned,2023.0,10.0,1.0
33.0,Male,B.Sc,9.0,Mid,SME,Remote,4.0,0.0,1.0,1.0,130793.0,69.0,2023-07-30,Contributed to open-source NLP repo,2023.0,7.0,1.0
29.0,Male,M.Sc,3.0,Junior,Startup,Tier-2,6.0,1.0,1.0,4.0,61474.0,56.0,2024-06-17,No relevant project mentioned,2024.0,6.0,0.0
34.0,Female,B.Sc+Cert,10.0,Mid,Enterprise,Remote,10.0,1.0,0.0,7.0,168428.0,65.0,2023-03-24,No relevant project mentioned,2023.0,3.0,1.0
33.0,Female,B.Sc,9.0,Junior,SME,Tier-2,5.6,1.0,0.0,0.0,109725.0,49.0,2023-08-30,Built ML pipeline for preprocessing,2023.0,8.0,0.0
30.0,Female,B.Sc,7.0,Mid,SME,Tier-2,1.0,0.0,1.0,1.0,99675.0,51.0,2023-01-12,Built ML pipeline for preprocessing,2023.0,1.0,1.0
25.0,Other,B.Sc,4.0,Mid,SME,Tier-2,7.0,0.0,1.0,1.0,79968.0,60.0,2024-05-31,Contributed to open-source NLP repo,2024.0,5.0,1.0
21.0,Male,B.Sc,0.0,Junior,Enterprise,Tier-1,6.4,2.0,0.0,0.0,47723.0,72.0,2023-04-26,Worked on microservices deployment,2023.0,4.0,0.0
27.0,Female,B.Sc,6.0,Mid,Startup,Tier-2,6.0,1.0,0.0,0.0,83185.0,36.0,2023-12-13,Contributed to open-source NLP repo,2023.0,12.0,1.0
35.0,Male,M.Sc,10.0,Junior,Enterprise,Tier-2,4.0,1.0,1.0,5.0,124235.0,55.0,2023-01-20,No relevant project mentioned,2023.0,1.0,0.0
31.0,Male,M.Sc,8.0,Junior,SME,Tier-3,7.0,2.0,0.0,4.0,106313.0,65.0,2024-12-01,Worked on microservices deployment,2024.0,12.0,0.0
23.0,Male,B.Sc,0.0,Junior,SME,Tier-3,5.0,1.0,0.0,0.0,25973.0,44.0,2023-05-16,Worked on microservices deployment,2023.0,5.0,0.0
31.0,Male,B.Sc,9.0,Senior,SME,Tier-2,2.0,0.0,0.0,1.0,109843.0,63.0,2024-03-21,Experience in data cleaning and ETL,2024.0,3.0,2.0
32.0,Male,B.Sc,10.0,Mid,Enterprise,Tier-1,1.0,0.0,0.0,1.0,162581.0,48.0,2024-03-13,Built ML pipeline for preprocessing,2024.0,3.0,1.0
25.0,Male,B.Sc,3.0,Lead,SME,Tier-1,2.6,0.0,0.0,0.0,108533.0,55.0,2024-07-23,Built ML pipeline for preprocessing,2024.0,7.0,3.0
31.0,Female,B.Sc,8.0,Mid,Enterprise,Tier-1,3.0,2.0,1.0,2.0,144248.0,60.0,2023-06-22,Contributed to open-source NLP repo,2023.0,6.0,1.0
30.0,Male,B.Sc,4.0,Mid,Startup,Tier-2,6.0,2.0,0.0,2.0,77515.0,70.0,2024-12-05,Worked on microservices deployment,2024.0,12.0,1.0
23.0,Male,B.Sc,0.0,Mid,Enterprise,Tier-1,2.0,1.0,1.0,1.0,61418.0,51.0,2024-05-31,Built ML pipeline for preprocessing,2024.0,5.0,1.0
32.0,Female,B.Sc,13.0,Junior,Startup,Tier-2,4.0,1.0,1.0,5.0,155512.0,42.0,2023-06-08,No relevant project mentioned,2023.0,6.0,0.0
33.0,Male,M.Eng,11.0,Junior,SME,Tier-1,8.0,1.0,1.0,2.0,151933.0,78.0,2024-02-09,Experience in data cleaning and ETL,2024.0,2.0,0.0
36.0,Male,B.Sc,13.0,Junior,SME,Tier-3,5.0,1.0,0.0,1.0,142070.0,59.0,2024-05-26,Built ML pipeline for preprocessing,2024.0,5.0,0.0
36.0,Male,B.Sc,11.0,Mid,SME,Remote,3.0,1.0,1.0,1.0,115085.0,68.0,2024-10-13,Built ML pipeline for preprocessing,2024.0,10.0,1.0
22.0,Male,B.Sc,0.2,Junior,SME,Tier-2,3.0,2.0,1.0,0.0,41536.0,55.0,2023-01-04,No relevant project mentioned,2023.0,1.0,0.0
24.0,Male,B.Sc,1.0,Junior,SME,Tier-1,5.0,1.0,0.0,2.0,53757.0,52.0,2024-08-09,No relevant project mentioned,2024.0,8.0,0.0
33.0,Female,B.Sc+Cert,13.0,Junior,Startup,Tier-2,5.0,0.6,0.0,2.0,143334.0,76.0,2023-04-14,Experience in data cleaning and ETL,2023.0,4.0,0.0
33.0,Male,B.Sc+Cert,9.0,Mid,SME,Tier-1,5.0,2.0,0.0,5.0,148725.0,61.0,2024-01-08,No relevant project mentioned,2024.0,1.0,1.0
33.0,Male,B.Sc,12.0,Mid,Startup,Tier-1,6.0,1.0,0.0,5.0,161056.0,72.0,2024-10-10,Built ML pipeline for preprocessing,2024.0,10.0,1.0
53.0,Female,M.Sc,29.0,Senior,SME,Tier-1,2.0,0.0,0.0,4.0,295552.0,59.0,2023-10-09,Worked on microservices deployment,2023.0,10.0,2.0
33.0,Female,B.Sc,12.0,Junior,Startup,Tier-1,7.8,1.0,0.0,2.0,149398.0,53.4,2023-10-10,Built ML pipeline for preprocessing,2023.0,10.0,0.0
37.0,Male,PhD,15.0,Junior,Startup,Tier-1,8.0,1.0,0.0,3.0,162534.0,58.0,2024-04-21,Built ML pipeline for preprocessing,2024.0,4.0,0.0
36.0,Male,B.Sc,13.0,Mid,Startup,Tier-1,6.0,0.0,0.0,4.0,128848.0,42.0,2023-08-23,Worked on microservices deployment,2023.0,8.0,1.0
34.0,Male,PhD,9.0,Senior,SME,Tier-1,8.0,1.0,1.0,0.0,182535.0,64.0,2024-12-02,Built ML pipeline for preprocessing,2024.0,12.0,2.0
28.0,Male,M.Sc,5.0,Junior,Enterprise,Tier-2,2.0,0.0,1.0,1.0,93707.0,75.0,2023-06-27,Built ML pipeline for preprocessing,2023.0,6.0,0.0
35.0,Male,B.Sc,11.0,Mid,Enterprise,Remote,5.0,1.0,1.0,0.0,151707.0,57.0,2023-12-04,Experience in data cleaning and ETL,2023.0,12.0,1.0
25.0,Male,B.Sc,1.0,Mid,Startup,Remote,8.0,0.0,0.0,0.8,53932.0,69.0,2024-05-16,Built ML pipeline for preprocessing,2024.0,5.0,1.0
29.0,Female,PhD,5.0,Junior,SME,Tier-1,4.0,0.0,0.0,4.0,93974.0,44.0,2023-08-10,Experience in data cleaning and ETL,2023.0,8.0,0.0
27.0,Male,B.Sc+Cert,8.0,Junior,SME,Tier-2,2.0,1.0,1.0,0.0,108626.0,44.0,2024-03-31,Built ML pipeline for preprocessing,2024.0,3.0,0.0
30.0,Male,B.Sc,10.0,Junior,SME,Remote,4.0,1.0,1.0,3.0,114817.0,55.0,2024-12-26,No relevant project mentioned,2024.0,12.0,0.0
44.0,Male,M.Sc,24.0,Senior,SME,Tier-1,2.0,0.0,0.0,1.0,319998.0,68.0,2024-12-25,Built ML pipeline for preprocessing,2024.0,12.0,2.0
20.0,Male,B.Sc,0.0,Mid,Startup,Tier-3,2.0,1.0,0.0,5.0,29704.0,63.4,2023-12-25,Worked on microservices deployment,2023.0,12.0,1.0
34.0,Male,B.Sc,10.0,Mid,SME,Tier-2,4.0,1.0,1.0,2.0,139782.0,59.0,2024-02-14,Contributed to open-source NLP repo,2024.0,2.0,1.0
20.0,Male,B.Sc,0.0,Mid,SME,Remote,4.0,1.0,0.0,7.0,41240.0,58.0,2024-08-27,Built ML pipeline for preprocessing,2024.0,8.0,1.0
27.0,Female,B.Sc,6.0,Mid,Startup,Remote,4.0,1.0,0.0,2.2,84362.0,53.0,2024-07-11,Built ML pipeline for preprocessing,2024.0,7.0,1.0
37.0,Male,M.Eng,17.0,Mid,SME,Tier-2,10.0,3.0,0.0,6.0,198958.0,58.0,2024-04-06,No relevant project mentioned,2024.0,4.0,1.0
30.0,Male,B.Sc,6.8,Junior,SME,Tier-2,6.0,0.0,1.0,1.0,105764.0,64.0,2023-07-10,Contributed to open-source NLP repo,2023.0,7.0,0.0
24.0,Male,M.Eng,1.0,Junior,Startup,Tier-1,7.0,1.0,0.0,2.0,63459.0,48.0,2023-05-25,Experience in data cleaning and ETL,2023.0,5.0,0.0
26.0,Male,B.Sc,0.0,Junior,SME,Tier-1,4.0,1.0,1.0,0.0,39981.0,71.0,2023-12-10,Experience in data cleaning and ETL,2023.0,12.0,0.0
34.0,Male,B.Sc,8.0,Mid,Enterprise,Tier-2,9.0,2.0,0.0,3.0,107003.0,70.0,2024-09-07,No relevant project mentioned,2024.0,9.0,1.0
26.0,Male,B.Sc,4.0,Junior,Enterprise,Tier-1,6.0,1.0,0.0,7.0,79894.0,46.0,2024-07-29,Experience in data cleaning and ETL,2024.0,7.0,0.0
31.0,Male,B.Sc,7.0,Mid,SME,Tier-1,6.0,0.0,0.0,4.0,97275.0,63.0,2023-06-06,Worked on microservices deployment,2023.0,6.0,1.0
30.0,Male,B.Sc,5.0,Junior,SME,Tier-1,4.0,0.0,0.0,2.0,83074.0,53.0,2023-11-04,Worked on microservices deployment,2023.0,11.0,0.0
26.0,Female,B.Sc,3.0,Senior,SME,Remote,6.0,0.0,1.0,1.0,89337.0,73.0,2023-05-08,Built ML pipeline for preprocessing,2023.0,5.0,2.0
43.0,Other,M.Sc,21.0,Junior,SME,Tier-1,3.0,0.0,1.0,1.0,229589.0,73.0,2023-01-24,Built ML pipeline for preprocessing,2023.0,1.0,0.0
34.0,Female,B.Sc,11.0,Junior,Startup,Tier-1,9.0,2.0,0.0,3.0,141062.0,54.0,2023-05-05,No relevant project mentioned,2023.0,5.0,0.0
20.0,Female,B.Sc,0.0,Senior,SME,Tier-2,4.0,3.0,0.0,1.0,65467.0,43.0,2023-06-24,No relevant project mentioned,2023.0,6.0,2.0
31.0,Male,B.Sc,7.0,Mid,SME,Tier-2,7.0,0.0,0.0,2.2,113050.0,76.0,2023-04-11,Built ML pipeline for preprocessing,2023.0,4.0,1.0
26.0,Female,B.Sc+Cert,1.0,Lead,SME,Tier-1,3.0,2.0,1.0,5.0,96332.0,54.0,2023-02-20,Built ML pipeline for preprocessing,2023.0,2.0,3.0
35.0,Male,B.Sc+Cert,14.0,Junior,Enterprise,Remote,10.0,1.0,0.0,6.0,195742.0,75.0,2023-09-15,Worked on microservices deployment,2023.0,9.0,0.0
25.0,Female,B.Sc,3.0,Junior,Enterprise,Tier-2,4.2,1.0,0.0,1.0,61597.0,58.0,2024-10-22,Built ML pipeline for preprocessing,2024.0,10.0,0.0
29.0,Other,B.Sc,11.0,Mid,Startup,Tier-2,7.0,1.0,0.0,2.0,128066.0,57.8,2023-06-17,Built ML pipeline for preprocessing,2023.0,6.0,1.0
33.0,Female,B.Sc,12.0,Senior,Startup,Tier-1,7.0,0.0,0.0,2.0,152865.0,62.8,2023-04-15,Built ML pipeline for preprocessing,2023.0,4.0,2.0
35.0,Other,B.Sc+Cert,15.0,Junior,Startup,Tier-2,4.0,0.0,0.0,3.0,156923.0,57.2,2024-08-03,Built ML pipeline for preprocessing,2024.0,8.0,0.0
23.0,Male,B.Sc,0.0,Senior,Enterprise,Tier-3,5.0,2.0,0.0,0.0,47552.0,52.0,2023-02-04,Built ML pipeline for preprocessing,2023.0,2.0,2.0
28.0,Male,B.Sc,2.2,Mid,Enterprise,Tier-1,5.0,2.0,0.0,4.0,64729.0,64.0,2024-03-03,Worked on microservices deployment,2024.0,3.0,1.0
27.0,Male,B.Sc,10.0,Senior,Enterprise,Tier-1,8.0,1.0,1.0,1.0,128977.0,69.0,2024-11-05,Built ML pipeline for preprocessing,2024.0,11.0,2.0
26.0,Male,B.Sc,3.0,Mid,SME,Tier-1,7.0,0.0,1.0,2.0,68421.0,74.0,2023-12-05,Built ML pipeline for preprocessing,2023.0,12.0,1.0
41.0,Male,B.Sc,18.0,Junior,Enterprise,Remote,7.0,2.0,0.0,4.0,167476.0,49.0,2024-12-20,No relevant project mentioned,2024.0,12.0,0.0
32.0,Male,M.Sc,9.0,Senior,SME,Tier-1,3.0,1.0,0.0,7.0,141825.0,55.0,2023-06-02,No relevant project mentioned,2023.0,6.0,2.0
22.0,Other,B.Sc,0.0,Senior,Enterprise,Remote,4.0,0.0,1.0,4.0,67311.0,51.0,2024-05-20,Experience in data cleaning and ETL,2024.0,5.0,2.0
36.0,Male,M.Sc,13.0,Mid,Enterprise,Tier-1,3.0,3.0,1.0,0.0,188224.0,66.0,2023-03-21,Built ML pipeline for preprocessing,2023.0,3.0,1.0
43.0,Female,B.Sc,22.0,Junior,SME,Tier-2,5.4,0.0,0.0,1.0,206181.0,58.0,2023-01-31,Worked on microservices deployment,2023.0,1.0,0.0
36.0,Female,B.Sc,11.0,Junior,SME,Tier-2,6.0,1.0,0.0,0.0,135209.0,62.0,2023-08-13,Built ML pipeline for preprocessing,2023.0,8.0,0.0
21.0,Female,B.Sc+Cert,0.0,Mid,Enterprise,Tier-1,4.2,1.0,1.0,6.0,70063.0,64.0,2023-07-28,Built ML pipeline for preprocessing,2023.0,7.0,1.0
27.0,Female,B.Sc,3.0,Junior,SME,Tier-2,7.0,2.0,0.0,1.0,60985.0,55.2,2023-06-29,Built ML pipeline for preprocessing,2023.0,6.0,0.0
38.0,Male,M.Eng,13.0,Mid,Startup,Tier-1,1.0,0.0,0.0,6.0,166735.0,55.0,2024-02-23,Built ML pipeline for preprocessing,2024.0,2.0,1.0
26.0,Female,B.Sc,0.0,Junior,Startup,Tier-1,2.0,2.0,1.0,6.0,31707.0,60.0,2024-05-11,No relevant project mentioned,2024.0,5.0,0.0
33.0,Female,B.Sc,11.0,Mid,SME,Tier-3,6.0,0.0,0.0,2.0,140772.0,50.0,2023-11-01,Built ML pipeline for preprocessing,2023.0,11.0,1.0
35.0,Male,B.Sc+Cert,14.0,Junior,SME,Tier-1,4.0,1.0,1.0,0.0,139423.0,63.0,2024-10-17,Built ML pipeline for preprocessing,2024.0,10.0,0.0
24.0,Male,B.Sc,0.0,Mid,Startup,Tier-2,9.0,0.0,1.0,0.0,45863.0,54.0,2023-11-10,Contributed to open-source NLP repo,2023.0,11.0,1.0
30.0,Female,B.Sc+Cert,6.0,Mid,Startup,Tier-1,5.0,0.0,0.0,4.0,100391.0,50.0,2023-11-30,Built ML pipeline for preprocessing,2023.0,11.0,1.0
20.0,Male,B.Sc,0.0,Mid,SME,Tier-1,5.0,1.0,1.0,4.0,61527.0,45.0,2023-03-05,Built ML pipeline for preprocessing,2023.0,3.0,1.0
24.0,Male,B.Sc+Cert,0.0,Mid,SME,Tier-2,2.0,1.0,0.0,6.0,39743.0,52.0,2023-11-04,Built ML pipeline for preprocessing,2023.0,11.0,1.0
28.0,Male,B.Sc,4.0,Junior,Startup,Tier-2,5.0,0.0,1.0,0.0,63212.0,52.0,2023-02-09,Experience in data cleaning and ETL,2023.0,2.0,0.0
23.0,Male,B.Sc,0.0,Mid,Startup,Tier-1,4.0,2.0,1.0,3.0,45938.0,61.0,2023-08-31,Contributed to open-source NLP repo,2023.0,8.0,1.0
40.0,Male,M.Sc,20.0,Senior,Startup,Tier-2,5.0,1.0,0.0,2.4,215558.0,57.0,2023-12-27,Contributed to open-source NLP repo,2023.0,12.0,2.0
21.0,Female,B.Sc+Cert,0.0,Mid,Startup,Tier-1,5.0,1.6,0.0,1.0,45663.0,63.0,2023-09-02,Built ML pipeline for preprocessing,2023.0,9.0,1.0
27.0,Male,B.Sc+Cert,7.0,Senior,Enterprise,Remote,5.0,3.0,0.0,2.0,155293.0,39.0,2024-08-31,Worked on microservices deployment,2024.0,8.0,2.0
31.0,Male,M.Eng,10.0,Mid,Startup,Tier-1,9.0,5.0,1.0,2.0,159517.0,58.0,2023-05-25,Built ML pipeline for preprocessing,2023.0,5.0,1.0
39.0,Male,B.Sc,20.0,Senior,Enterprise,Tier-1,3.0,0.0,0.0,1.0,241483.0,62.0,2024-07-21,Worked on microservices deployment,2024.0,7.0,2.0
21.0,Male,B.Sc,0.0,Junior,SME,Tier-3,4.2,0.0,0.0,1.0,23910.0,45.0,2023-01-30,No relevant project mentioned,2023.0,1.0,0.0
37.0,Female,B.Sc,15.0,Mid,Enterprise,Tier-1,3.0,3.0,1.0,2.0,180324.0,60.0,2024-09-11,Built ML pipeline for preprocessing,2024.0,9.0,1.0
30.0,Male,B.Sc,6.0,Mid,Startup,Tier-1,3.0,1.0,0.0,2.2,88279.0,64.0,2024-12-26,Experience in data cleaning and ETL,2024.0,12.0,1.0
24.0,Male,B.Sc,0.0,Junior,Startup,Tier-1,4.0,3.0,0.0,1.0,39055.0,68.0,2024-03-03,Experience in data cleaning and ETL,2024.0,3.0,0.0
33.0,Male,B.Sc,13.0,Mid,Startup,Remote,3.0,0.0,1.0,1.0,165297.0,65.2,2024-01-17,No relevant project mentioned,2024.0,1.0,1.0
31.0,Male,B.Sc,7.0,Junior,Startup,Remote,4.8,0.0,1.0,6.0,90416.0,74.0,2024-03-28,Experience in data cleaning and ETL,2024.0,3.0,0.0
26.0,Female,B.Sc,4.0,Mid,SME,Tier-3,2.0,0.0,0.0,5.0,57305.0,59.0,2024-09-07,Experience in data cleaning and ETL,2024.0,9.0,1.0
30.0,Female,M.Sc,6.0,Mid,Startup,Tier-2,4.0,1.0,0.0,4.0,111171.0,65.0,2023-06-30,No relevant project mentioned,2023.0,6.0,1.0
28.0,Male,B.Sc,6.0,Mid,Startup,Tier-2,7.0,1.0,1.0,0.0,97448.0,53.0,2024-05-12,Built ML pipeline for preprocessing,2024.0,5.0,1.0
31.0,Male,B.Sc,9.0,Lead,Enterprise,Tier-2,1.0,1.0,0.0,0.0,159293.0,74.0,2024-09-30,Experience in data cleaning and ETL,2024.0,9.0,3.0
34.0,Male,B.Sc,13.0,Mid,SME,Tier-1,6.0,2.0,0.0,2.2,156135.0,67.0,2023-07-17,No relevant project mentioned,2023.0,7.0,1.0
40.0,Male,M.Sc,16.0,Mid,Startup,Remote,4.0,0.0,0.0,0.0,186218.0,67.0,2023-12-09,Worked on microservices deployment,2023.0,12.0,1.0
23.0,Male,B.Sc,0.0,Junior,Startup,Tier-1,5.0,1.0,0.0,2.0,45481.0,58.0,2023-02-02,Built ML pipeline for preprocessing,2023.0,2.0,0.0
43.0,Male,M.Sc,22.0,Senior,Startup,Tier-1,2.0,1.0,0.0,0.0,215934.0,69.0,2023-11-30,Contributed to open-source NLP repo,2023.0,11.0,2.0
20.0,Male,B.Sc,0.0,Mid,Enterprise,Remote,10.0,0.0,1.0,1.0,66064.0,62.0,2023-08-22,Contributed to open-source NLP repo,2023.0,8.0,1.0
29.0,Male,B.Sc,2.2,Mid,Enterprise,Tier-3,4.0,1.4,0.0,5.0,79075.0,52.0,2024-07-01,Built ML pipeline for preprocessing,2024.0,7.0,1.0
34.0,Female,B.Sc,11.0,Junior,Enterprise,Tier-1,6.0,1.0,1.0,5.0,145591.0,45.0,2024-06-13,Built ML pipeline for preprocessing,2024.0,6.0,0.0
32.0,Other,B.Sc,7.0,Mid,Enterprise,Tier-1,7.0,2.0,0.0,7.0,126851.0,49.0,2024-03-03,Worked on microservices deployment,2024.0,3.0,1.0
26.0,Male,B.Sc,2.0,Junior,SME,Tier-2,3.0,0.0,0.0,6.0,42643.0,80.0,2023-09-23,Built ML pipeline for preprocessing,2023.0,9.0,0.0
29.0,Female,B.Sc,7.0,Mid,Startup,Tier-2,3.0,0.0,0.0,3.0,89030.0,64.0,2023-10-22,Contributed to open-source NLP repo,2023.0,10.0,1.0
27.0,Male,B.Sc,1.0,Senior,SME,Tier-2,9.0,1.0,1.0,1.0,71946.0,46.0,2024-03-15,No relevant project mentioned,2024.0,3.0,2.0
26.0,Male,B.Sc+Cert,5.0,Mid,Enterprise,Tier-1,7.0,3.0,0.0,0.0,109767.0,55.0,2024-07-14,No relevant project mentioned,2024.0,7.0,1.0
35.0,Female,B.Sc,7.0,Mid,Enterprise,Remote,6.0,1.0,0.0,2.0,123171.0,74.0,2024-07-23,Built ML pipeline for preprocessing,2024.0,7.0,1.0
32.0,Female,B.Sc,9.0,Mid,SME,Tier-1,10.0,0.0,1.0,0.0,143981.0,63.0,2023-11-28,Built ML pipeline for preprocessing,2023.0,11.0,1.0
26.0,Female,B.Sc,1.0,Mid,SME,Tier-2,7.0,2.0,1.0,5.0,61609.0,68.0,2023-05-31,Built ML pipeline for preprocessing,2023.0,5.0,1.0
35.0,Male,B.Sc,10.0,Mid,Enterprise,Tier-2,3.0,1.0,0.0,2.0,125314.0,62.0,2024-10-08,Built ML pipeline for preprocessing,2024.0,10.0,1.0
32.0,Male,B.Sc,8.0,Mid,Startup,Tier-1,9.0,1.0,0.0,3.0,126360.0,65.0,2023-10-28,Contributed to open-source NLP repo,2023.0,10.0,1.0
35.0,Female,B.Sc+Cert,15.0,Junior,Enterprise,Tier-1,2.0,0.0,1.0,3.0,181936.0,68.0,2023-12-11,Experience in data cleaning and ETL,2023.0,12.0,0.0
34.0,Male,B.Sc,8.0,Junior,Startup,Remote,8.0,2.0,1.0,1.0,104171.0,67.0,2023-11-07,Built ML pipeline for preprocessing,2023.0,11.0,0.0
25.0,Male,M.Sc,2.0,Mid,SME,Remote,3.0,3.0,1.0,3.0,75387.0,64.0,2024-09-27,Worked on microservices deployment,2024.0,9.0,1.0
27.0,Male,B.Sc,8.0,Mid,Startup,Tier-1,3.0,2.0,0.0,1.6,113346.0,57.0,2023-07-02,Contributed to open-source NLP repo,2023.0,7.0,1.0
34.0,Male,PhD,8.0,Junior,SME,Remote,5.0,1.0,0.0,3.0,130419.0,75.0,2024-12-17,No relevant project mentioned,2024.0,12.0,0.0
34.0,Male,B.Sc,13.0,Mid,SME,Tier-1,3.0,0.0,1.0,4.0,168277.0,49.0,2023-05-27,Built ML pipeline for preprocessing,2023.0,5.0,1.0
30.0,Male,B.Sc,5.6,Junior,SME,Tier-2,5.0,1.0,0.0,1.0,86379.0,59.0,2024-09-12,Worked on microservices deployment,2024.0,9.0,0.0
31.0,Female,B.Sc,9.0,Junior,Enterprise,Tier-1,6.0,0.0,1.0,6.0,120812.0,60.0,2023-05-30,Built ML pipeline for preprocessing,2023.0,5.0,0.0
38.0,Male,M.Sc,19.0,Mid,SME,Remote,7.0,1.0,1.0,1.0,225922.0,64.0,2023-09-24,Contributed to open-source NLP repo,2023.0,9.0,1.0
26.0,Male,B.Sc,3.0,Mid,Enterprise,Tier-1,7.0,1.0,0.0,5.0,82871.0,57.0,2024-05-04,Built ML pipeline for preprocessing,2024.0,5.0,1.0
33.0,Male,B.Sc,11.0,Mid,Startup,Tier-2,6.0,1.0,0.0,4.0,128719.0,45.0,2023-05-11,Experience in data cleaning and ETL,2023.0,5.0,1.0
29.0,Male,B.Sc+Cert,8.0,Mid,Enterprise,Tier-3,3.0,2.0,0.0,0.0,126065.0,81.0,2023-05-27,No relevant project mentioned,2023.0,5.0,1.0
29.0,Male,B.Sc+Cert,6.0,Lead,Startup,Tier-1,7.0,0.0,0.0,6.0,114153.0,53.0,2024-08-25,Contributed to open-source NLP repo,2024.0,8.0,3.0
37.0,Male,B.Sc+Cert,11.0,Mid,Startup,Tier-2,3.0,1.0,0.0,7.0,119522.0,63.4,2024-01-10,Built ML pipeline for preprocessing,2024.0,1.0,1.0
35.0,Female,M.Sc,11.0,Junior,Startup,Tier-1,5.0,1.0,1.0,2.8,145655.0,71.0,2024-04-29,Experience in data cleaning and ETL,2024.0,4.0,0.0
35.0,Male,B.Sc,11.0,Mid,SME,Tier-2,5.0,2.0,0.0,4.0,134213.0,34.0,2024-05-18,Built ML pipeline for preprocessing,2024.0,5.0,1.0
38.0,Female,B.Sc,14.0,Junior,Enterprise,Tier-1,1.0,1.0,0.0,6.0,176501.0,59.0,2024-05-18,No relevant project mentioned,2024.0,5.0,0.0
30.0,Male,B.Sc,5.0,Senior,Startup,Tier-2,1.0,1.0,0.0,0.0,86894.0,58.0,2023-08-07,Contributed to open-source NLP repo,2023.0,8.0,2.0
34.0,Male,B.Sc,5.0,Junior,SME,Remote,4.0,1.0,0.0,6.0,83054.0,57.2,2024-05-09,Built ML pipeline for preprocessing,2024.0,5.0,0.0
28.0,Male,M.Sc,4.0,Mid,Enterprise,Tier-1,4.0,2.0,0.0,2.0,121955.0,49.0,2024-06-29,Built ML pipeline for preprocessing,2024.0,6.0,1.0
32.0,Male,B.Sc,10.0,Junior,SME,Tier-1,4.0,1.0,1.0,4.0,110641.0,54.0,2023-01-11,No relevant project mentioned,2023.0,1.0,0.0
29.0,Female,B.Sc,3.0,Senior,Enterprise,Tier-2,3.0,2.0,1.0,2.0,82852.0,67.0,2023-09-18,Built ML pipeline for preprocessing,2023.0,9.0,2.0
31.0,Male,M.Sc,6.0,Junior,Startup,Tier-3,9.0,0.0,0.0,2.0,90881.0,53.0,2023-03-12,No relevant project mentioned,2023.0,3.0,0.0
34.0,Male,M.Eng,17.0,Lead,Enterprise,Remote,2.0,2.0,0.0,5.0,247544.0,53.0,2023-06-13,Worked on microservices deployment,2023.0,6.0,3.0
25.0,Female,B.Sc,3.0,Junior,Startup,Tier-1,11.0,1.0,0.0,3.4,66811.0,70.0,2023-09-18,Experience in data cleaning and ETL,2023.0,9.0,0.0
43.0,Female,B.Sc,21.8,Junior,Enterprise,Tier-1,4.0,2.0,0.0,2.0,256550.0,58.4,2024-11-26,Built ML pipeline for preprocessing,2024.0,11.0,0.0
24.0,Female,B.Sc,0.0,Junior,SME,Tier-3,6.0,1.4,0.0,2.0,29149.0,57.0,2024-10-06,Built ML pipeline for preprocessing,2024.0,10.0,0.0
23.0,Male,B.Sc,0.0,Senior,SME,Tier-3,3.0,2.0,1.0,2.0,51411.0,68.0,2024-02-15,Contributed to open-source NLP repo,2024.0,2.0,2.0
37.0,Female,B.Sc,12.0,Senior,Startup,Tier-2,4.0,2.0,1.0,1.0,151920.0,54.0,2024-02-20,Worked on microservices deployment,2024.0,2.0,2.0
35.0,Male,M.Sc,14.0,Junior,Startup,Tier-1,3.0,1.0,1.0,0.0,154516.0,68.0,2023-12-11,Worked on microservices deployment,2023.0,12.0,0.0
34.0,Male,M.Sc,12.0,Junior,Startup,Tier-1,2.0,1.0,1.0,1.0,138738.0,58.0,2023-08-22,Contributed to open-source NLP repo,2023.0,8.0,0.0
34.0,Male,M.Sc,12.0,Mid,SME,Tier-1,5.0,3.0,0.0,1.0,168190.0,40.0,2023-01-15,Contributed to open-source NLP repo,2023.0,1.0,1.0
30.0,Male,B.Sc,7.0,Junior,Startup,Remote,2.0,2.0,0.0,1.0,90127.0,69.0,2024-09-08,Built ML pipeline for preprocessing,2024.0,9.0,0.0
25.0,Male,M.Eng,3.0,Junior,Enterprise,Tier-1,5.0,1.0,0.0,2.0,94410.0,60.0,2023-12-20,Built ML pipeline for preprocessing,2023.0,12.0,0.0
30.0,Male,B.Sc,9.0,Junior,Startup,Tier-2,7.0,1.0,1.0,1.8,108822.0,59.0,2024-04-27,Built ML pipeline for preprocessing,2024.0,4.0,0.0
26.0,Female,B.Sc,4.0,Junior,Enterprise,Tier-2,5.4,2.0,0.0,0.0,76876.0,62.0,2024-03-13,Experience in data cleaning and ETL,2024.0,3.0,0.0
36.0,Male,M.Eng,13.0,Junior,Startup,Tier-1,4.6,1.0,1.0,0.0,150599.0,70.0,2023-01-20,Built ML pipeline for preprocessing,2023.0,1.0,0.0
29.0,Male,B.Sc,9.0,Junior,Startup,Tier-1,3.0,0.0,0.0,3.0,100019.0,56.0,2024-04-16,Contributed to open-source NLP repo,2024.0,4.0,0.0
25.0,Male,B.Sc,4.0,Mid,Enterprise,Tier-2,7.0,1.0,1.0,2.0,99636.0,69.0,2023-06-11,Worked on microservices deployment,2023.0,6.0,1.0
28.0,Female,B.Sc+Cert,4.0,Senior,Enterprise,Tier-1,6.0,2.0,0.0,1.0,113236.0,69.0,2024-09-30,Contributed to open-source NLP repo,2024.0,9.0,2.0
32.0,Male,B.Sc,10.0,Junior,SME,Tier-1,5.0,0.0,0.0,0.0,107540.0,51.0,2023-02-03,Built ML pipeline for preprocessing,2023.0,2.0,0.0
27.0,Male,M.Sc,2.0,Mid,Startup,Tier-1,5.0,1.0,1.0,1.0,79620.0,65.0,2023-04-25,Worked on microservices deployment,2023.0,4.0,1.0
25.0,Female,B.Sc,3.0,Junior,SME,Tier-3,6.0,1.0,0.0,4.0,56910.0,65.0,2024-03-05,Worked on microservices deployment,2024.0,3.0,0.0
31.0,Female,M.Sc,8.0,Mid,SME,Remote,4.0,0.0,1.0,2.0,142731.0,66.0,2023-01-21,Contributed to open-source NLP repo,2023.0,1.0,1.0
31.0,Male,B.Sc,8.0,Junior,SME,Tier-2,5.0,0.0,0.0,0.0,95757.0,83.0,2023-06-16,Worked on microservices deployment,2023.0,6.0,0.0
27.0,Male,B.Sc,4.0,Mid,SME,Tier-3,3.0,0.0,1.0,1.0,66525.0,52.0,2023-10-23,Built ML pipeline for preprocessing,2023.0,10.0,1.0
27.0,Female,M.Sc,9.0,Junior,SME,Tier-2,4.0,1.0,0.0,7.0,105666.0,49.0,2023-06-21,Worked on microservices deployment,2023.0,6.0,0.0
31.0,Male,B.Sc,3.0,Senior,Startup,Tier-2,5.0,1.0,0.0,2.8,69959.0,54.0,2023-06-13,Built ML pipeline for preprocessing,2023.0,6.0,2.0
21.0,Male,B.Sc,0.0,Junior,Enterprise,Remote,3.0,1.0,1.0,1.0,39706.0,53.0,2023-08-05,Contributed to open-source NLP repo,2023.0,8.0,0.0
22.0,Female,B.Sc,0.0,Mid,Enterprise,Tier-2,6.0,0.0,0.0,5.0,42534.0,63.4,2023-07-18,No relevant project mentioned,2023.0,7.0,1.0
26.0,Male,B.Sc,6.0,Lead,Startup,Tier-1,4.0,0.0,0.0,1.0,109427.0,48.0,2023-02-19,No relevant project mentioned,2023.0,2.0,3.0
29.0,Male,B.Sc,7.0,Mid,SME,Remote,7.0,1.4,1.0,0.8,107367.0,53.0,2024-05-12,Built ML pipeline for preprocessing,2024.0,5.0,1.0
32.0,Male,B.Sc,9.0,Mid,Startup,Tier-3,3.0,1.0,1.0,0.0,99116.0,52.0,2024-03-17,Experience in data cleaning and ETL,2024.0,3.0,1.0
39.0,Male,B.Sc,19.0,Senior,Enterprise,Tier-1,1.0,2.0,0.0,0.0,224830.0,46.0,2023-11-26,Built ML pipeline for preprocessing,2023.0,11.0,2.0
35.0,Male,B.Sc,10.2,Junior,SME,Remote,8.0,1.0,0.0,2.0,128031.0,48.0,2023-11-26,Built ML pipeline for preprocessing,2023.0,11.0,0.0
29.0,Female,B.Sc,6.0,Junior,Startup,Tier-1,4.0,0.8,1.0,0.0,92236.0,65.0,2023-10-21,Experience in data cleaning and ETL,2023.0,10.0,0.0
30.0,Male,B.Sc,7.0,Lead,Startup,Tier-1,4.0,1.0,1.0,0.0,120137.0,57.2,2023-10-07,Contributed to open-source NLP repo,2023.0,10.0,3.0
24.0,Male,B.Sc,0.0,Junior,Startup,Tier-2,7.0,0.0,1.0,6.0,37834.0,52.0,2023-12-30,Built ML pipeline for preprocessing,2023.0,12.0,0.0
30.0,Male,B.Sc+Cert,10.0,Senior,SME,Tier-1,4.0,0.0,0.0,0.0,146814.0,62.0,2024-07-24,Experience in data cleaning and ETL,2024.0,7.0,2.0
28.0,Male,B.Sc,7.0,Junior,Enterprise,Tier-2,4.0,0.0,0.0,3.0,85910.0,69.0,2023-06-22,Built ML pipeline for preprocessing,2023.0,6.0,0.0
32.0,Female,B.Sc+Cert,10.0,Mid,Startup,Tier-1,9.0,0.0,0.0,1.0,106706.0,53.0,2023-06-03,Built ML pipeline for preprocessing,2023.0,6.0,1.0
25.0,Male,B.Sc,0.0,Mid,Startup,Tier-1,9.0,2.0,0.0,6.0,46170.0,65.0,2024-05-06,Built ML pipeline for preprocessing,2024.0,5.0,1.0
33.0,Male,B.Sc,12.0,Lead,SME,Tier-2,9.0,2.0,0.0,7.0,185359.0,58.0,2024-08-17,Experience in data cleaning and ETL,2024.0,8.0,3.0
39.0,Male,B.Sc,20.0,Mid,Startup,Tier-2,3.0,1.0,0.0,1.0,157282.0,59.0,2023-09-24,Contributed to open-source NLP repo,2023.0,9.0,1.0
29.0,Male,B.Sc+Cert,5.0,Junior,SME,Tier-1,6.0,2.0,0.0,2.0,82570.0,38.0,2024-10-01,No relevant project mentioned,2024.0,10.0,0.0
32.0,Male,M.Sc,7.0,Mid,SME,Remote,8.0,0.0,0.0,4.0,111349.0,53.0,2024-11-28,Built ML pipeline for preprocessing,2024.0,11.0,1.0
34.0,Female,B.Sc,11.0,Junior,SME,Tier-2,5.0,1.0,1.0,0.0,117974.0,60.0,2024-02-22,Built ML pipeline for preprocessing,2024.0,2.0,0.0
28.0,Female,B.Sc,2.0,Senior,Enterprise,Tier-1,7.0,3.0,1.0,3.0,99900.0,62.0,2023-09-29,Built ML pipeline for preprocessing,2023.0,9.0,2.0
31.0,Male,B.Sc,6.0,Senior,Enterprise,Tier-1,9.0,1.0,0.0,5.0,127278.0,61.0,2024-03-18,Built ML pipeline for preprocessing,2024.0,3.0,2.0
30.0,Male,B.Sc+Cert,6.0,Mid,SME,Tier-3,2.0,2.0,1.0,0.0,82743.0,54.0,2024-05-27,No relevant project mentioned,2024.0,5.0,1.0
31.0,Female,B.Sc,7.0,Senior,Enterprise,Tier-2,7.0,1.0,1.0,4.0,140258.0,41.0,2024-02-16,Contributed to open-source NLP repo,2024.0,2.0,2.0
25.0,Female,B.Sc,1.0,Junior,Enterprise,Tier-1,7.0,1.0,0.0,0.0,57420.0,46.0,2023-01-15,No relevant project mentioned,2023.0,1.0,0.0
30.0,Male,B.Sc,11.0,Mid,Startup,Tier-1,2.0,1.0,0.0,4.0,110344.0,58.0,2023-03-21,No relevant project mentioned,2023.0,3.0,1.0
33.0,Male,B.Sc,15.0,Mid,Startup,Tier-2,5.0,2.0,0.0,1.0,137839.0,70.0,2024-11-16,No relevant project mentioned,2024.0,11.0,1.0
39.0,Male,B.Sc+Cert,18.0,Mid,Startup,Tier-1,10.0,0.0,0.0,2.0,205480.0,57.2,2024-06-27,Built ML pipeline for preprocessing,2024.0,6.0,1.0
36.0,Female,M.Sc,13.0,Junior,SME,Tier-2,5.0,0.0,0.0,1.0,149521.0,56.8,2024-07-04,Built ML pipeline for preprocessing,2024.0,7.0,0.0
43.0,Female,M.Sc,21.0,Senior,Enterprise,Remote,5.2,2.0,0.0,1.0,252215.0,60.0,2024-12-05,No relevant project mentioned,2024.0,12.0,2.0
25.0,Male,B.Sc+Cert,0.0,Junior,SME,Tier-1,4.8,1.0,0.0,3.0,37755.0,60.0,2023-08-28,Experience in data cleaning and ETL,2023.0,8.0,0.0
35.0,Male,B.Sc,14.0,Mid,SME,Remote,3.0,1.0,0.0,1.8,165513.0,66.0,2024-08-07,Contributed to open-source NLP repo,2024.0,8.0,1.0
31.0,Female,B.Sc,9.0,Junior,SME,Remote,5.0,2.0,0.0,1.0,97780.0,67.0,2024-08-27,Experience in data cleaning and ETL,2024.0,8.0,0.0
43.0,Female,B.Sc,18.0,Senior,Startup,Remote,4.0,0.0,0.0,1.0,197018.0,67.0,2023-03-30,Worked on microservices deployment,2023.0,3.0,2.0
25.0,Other,B.Sc,5.0,Junior,SME,Remote,5.0,0.0,0.0,0.0,73391.0,54.0,2023-09-11,Built ML pipeline for preprocessing,2023.0,9.0,0.0
25.0,Female,M.Sc,3.0,Mid,Startup,Tier-3,6.0,1.0,0.0,2.0,66163.0,61.0,2023-05-19,Contributed to open-source NLP repo,2023.0,5.0,1.0
26.0,Male,B.Sc+Cert,5.0,Junior,Startup,Tier-2,5.0,0.0,0.0,0.0,67355.0,51.0,2024-12-10,Built ML pipeline for preprocessing,2024.0,12.0,0.0
20.0,Male,B.Sc,0.0,Mid,Enterprise,Tier-2,4.0,1.0,1.0,4.0,58857.0,72.0,2023-10-17,Built ML pipeline for preprocessing,2023.0,10.0,1.0
27.0,Male,B.Sc,6.0,Junior,Enterprise,Tier-2,4.0,0.0,1.0,2.0,75694.0,68.0,2023-11-02,Built ML pipeline for preprocessing,2023.0,11.0,0.0
25.0,Male,B.Sc+Cert,3.0,Mid,Enterprise,Remote,7.0,2.0,0.0,4.0,94168.0,74.0,2023-06-21,Contributed to open-source NLP repo,2023.0,6.0,1.0
31.0,Male,B.Sc,11.0,Junior,Enterprise,Tier-1,3.0,3.0,1.0,0.0,138651.0,64.0,2024-06-09,Built ML pipeline for preprocessing,2024.0,6.0,0.0
32.0,Female,B.Sc,7.0,Senior,Enterprise,Tier-1,4.0,1.0,1.0,3.0,129474.0,52.0,2023-11-24,Worked on microservices deployment,2023.0,11.0,2.0
41.0,Male,B.Sc,19.0,Junior,SME,Tier-1,6.0,1.0,0.0,1.0,214361.0,74.0,2023-06-02,Experience in data cleaning and ETL,2023.0,6.0,0.0
36.0,Female,B.Sc+Cert,16.0,Junior,SME,Tier-3,3.0,0.0,0.0,0.0,142712.0,45.0,2024-12-08,No relevant project mentioned,2024.0,12.0,0.0
27.0,Male,M.Sc,3.0,Mid,SME,Tier-3,4.0,2.0,0.0,3.0,70602.0,65.0,2023-06-27,No relevant project mentioned,2023.0,6.0,1.0
25.0,Female,M.Sc,5.0,Junior,SME,Tier-2,5.2,0.0,0.0,3.0,77469.0,76.0,2024-08-29,Built ML pipeline for preprocessing,2024.0,8.0,0.0
33.0,Male,M.Eng,14.0,Junior,SME,Tier-1,7.0,0.0,0.0,1.0,149445.0,44.0,2024-02-20,Built ML pipeline for preprocessing,2024.0,2.0,0.0
22.0,Male,B.Sc,0.0,Senior,Enterprise,Tier-2,7.0,1.0,0.0,5.0,70892.0,64.0,2023-11-07,Experience in data cleaning and ETL,2023.0,11.0,2.0
41.0,Male,B.Sc,20.8,Lead,Startup,Tier-1,5.0,0.0,1.0,3.0,240004.0,60.0,2024-08-12,Built ML pipeline for preprocessing,2024.0,8.0,3.0
37.0,Male,M.Eng,15.0,Mid,SME,Tier-2,3.0,0.0,0.0,1.0,191951.0,53.0,2023-09-01,Experience in data cleaning and ETL,2023.0,9.0,1.0
27.0,Female,B.Sc,1.0,Junior,SME,Tier-1,4.0,2.0,0.0,0.0,52001.0,36.0,2024-02-13,Contributed to open-source NLP repo,2024.0,2.0,0.0
20.0,Female,M.Sc,0.0,Junior,Startup,Remote,7.0,0.0,0.0,1.0,40154.0,60.0,2023-08-08,Built ML pipeline for preprocessing,2023.0,8.0,0.0
38.0,Male,B.Sc+Cert,13.0,Mid,Enterprise,Tier-2,5.0,1.0,1.0,1.0,172782.0,70.0,2024-12-19,Contributed to open-source NLP repo,2024.0,12.0,1.0
29.0,Male,M.Sc,9.0,Junior,Startup,Tier-2,4.0,3.0,0.0,0.0,120027.0,61.0,2024-03-11,Built ML pipeline for preprocessing,2024.0,3.0,0.0
37.0,Male,M.Sc,11.0,Senior,SME,Tier-3,4.0,1.0,0.0,1.0,143573.0,62.2,2023-07-03,Experience in data cleaning and ETL,2023.0,7.0,2.0
20.0,Male,M.Eng,1.0,Junior,Startup,Tier-2,4.0,3.0,0.0,0.0,41169.0,58.0,2024-09-18,Built ML pipeline for preprocessing,2024.0,9.0,0.0
26.0,Female,M.Eng,3.0,Lead,Enterprise,Tier-1,1.0,0.0,0.0,1.0,131272.0,59.0,2023-05-04,Built ML pipeline for preprocessing,2023.0,5.0,3.0
30.0,Female,B.Sc,6.0,Mid,SME,Tier-2,6.0,0.0,0.0,0.0,92812.0,73.0,2023-08-26,Built ML pipeline for preprocessing,2023.0,8.0,1.0
30.0,Male,B.Sc,10.4,Senior,SME,Remote,5.8,0.0,1.0,1.0,133377.0,59.0,2024-09-11,Built ML pipeline for preprocessing,2024.0,9.0,2.0
27.0,Female,B.Sc,6.0,Junior,Enterprise,Tier-2,2.0,1.0,0.0,0.0,82244.0,48.0,2024-02-10,Contributed to open-source NLP repo,2024.0,2.0,0.0
34.0,Male,M.Sc,11.0,Senior,SME,Tier-2,6.0,0.0,0.0,3.6,156917.0,69.0,2024-07-12,No relevant project mentioned,2024.0,7.0,2.0
24.0,Female,B.Sc,1.0,Junior,Startup,Remote,4.0,1.0,0.0,2.0,35137.0,73.0,2023-07-17,Built ML pipeline for preprocessing,2023.0,7.0,0.0
29.0,Male,M.Sc,8.0,Mid,Startup,Tier-3,4.0,1.0,1.0,3.0,102727.0,41.0,2024-07-16,Worked on microservices deployment,2024.0,7.0,1.0
31.0,Female,B.Sc,8.0,Senior,Enterprise,Tier-2,6.0,1.0,0.0,7.0,125825.0,53.0,2024-12-06,Built ML pipeline for preprocessing,2024.0,12.0,2.0
33.0,Female,M.Sc,9.0,Junior,SME,Tier-3,5.0,2.0,1.0,0.0,95312.0,69.0,2024-08-04,Contributed to open-source NLP repo,2024.0,8.0,0.0
34.0,Male,B.Sc,6.8,Mid,Startup,Remote,2.0,2.0,0.0,1.0,111674.0,35.0,2023-03-28,No relevant project mentioned,2023.0,3.0,1.0
23.0,Female,M.Sc,0.0,Mid,Startup,Remote,5.0,1.0,0.0,3.0,44118.0,60.0,2023-03-16,Contributed to open-source NLP repo,2023.0,3.0,1.0
21.0,Male,B.Sc,0.2,Junior,Startup,Remote,3.0,0.0,1.0,0.0,33814.0,78.0,2024-12-05,Built ML pipeline for preprocessing,2024.0,12.0,0.0
38.0,Male,B.Sc,17.0,Mid,SME,Tier-2,2.0,0.0,0.0,0.0,177345.0,59.2,2023-11-29,Experience in data cleaning and ETL,2023.0,11.0,1.0
32.0,Male,B.Sc,10.0,Junior,Startup,Tier-1,4.0,0.0,0.0,0.0,106770.0,66.0,2024-03-06,Built ML pipeline for preprocessing,2024.0,3.0,0.0
26.0,Female,M.Sc,2.0,Mid,Startup,Tier-1,4.6,1.0,0.0,1.0,64411.0,39.0,2024-01-05,Contributed to open-source NLP repo,2024.0,1.0,1.0
39.0,Female,B.Sc,15.0,Mid,SME,Tier-1,2.0,0.0,0.0,1.0,147588.0,68.0,2023-02-13,Experience in data cleaning and ETL,2023.0,2.0,1.0
31.0,Female,B.Sc,9.0,Mid,SME,Remote,6.0,1.0,0.0,7.0,115623.0,39.0,2023-10-24,Experience in data cleaning and ETL,2023.0,10.0,1.0
37.0,Female,B.Sc+Cert,15.0,Junior,SME,Remote,6.0,2.0,0.0,1.0,174348.0,55.0,2024-04-10,No relevant project mentioned,2024.0,4.0,0.0
30.0,Male,M.Sc,8.0,Senior,SME,Tier-2,4.0,0.0,0.0,3.0,123701.0,61.0,2023-09-07,Worked on microservices deployment,2023.0,9.0,2.0
42.0,Female,B.Sc+Cert,18.0,Senior,SME,Tier-2,6.0,0.0,0.0,2.0,197807.0,60.0,2024-02-26,No relevant project mentioned,2024.0,2.0,2.0
41.0,Male,B.Sc,18.0,Mid,SME,Tier-1,2.0,1.0,0.0,1.0,175096.0,55.0,2024-04-17,Contributed to open-source NLP repo,2024.0,4.0,1.0
29.0,Male,B.Sc,6.0,Mid,Enterprise,Tier-2,5.0,1.0,0.0,0.0,92601.0,61.0,2023-09-30,Built ML pipeline for preprocessing,2023.0,9.0,1.0
36.0,Male,B.Sc+Cert,13.0,Mid,Startup,Tier-3,6.4,1.0,1.0,5.0,133484.0,68.0,2023-06-22,Experience in data cleaning and ETL,2023.0,6.0,1.0
34.0,Female,B.Sc,12.0,Mid,SME,Tier-2,4.0,0.0,0.0,0.0,136462.0,63.0,2023-08-24,Built ML pipeline for preprocessing,2023.0,8.0,1.0
38.0,Female,M.Sc,17.0,Mid,SME,Tier-1,5.0,1.0,1.0,2.2,200915.0,62.8,2023-02-15,Experience in data cleaning and ETL,2023.0,2.0,1.0
24.0,Male,B.Sc,0.0,Junior,Startup,Tier-2,4.0,0.0,0.0,0.0,27762.0,47.0,2024-01-27,Worked on microservices deployment,2024.0,1.0,0.0
34.0,Male,B.Sc,11.0,Mid,Enterprise,Tier-1,6.0,1.0,0.0,0.0,159754.0,55.0,2024-10-16,Built ML pipeline for preprocessing,2024.0,10.0,1.0
36.0,Female,B.Sc,13.0,Junior,Startup,Remote,4.0,0.0,1.0,0.0,153528.0,56.4,2023-08-21,Worked on microservices deployment,2023.0,8.0,0.0
20.0,Male,B.Sc,0.0,Junior,SME,Tier-1,5.0,4.0,0.0,2.0,48437.0,48.0,2024-02-21,Experience in data cleaning and ETL,2024.0,2.0,0.0
23.0,Female,B.Sc,6.0,Mid,SME,Remote,6.0,1.0,0.0,0.0,99439.0,48.0,2023-09-23,Worked on microservices deployment,2023.0,9.0,1.0
20.0,Female,B.Sc,0.0,Mid,Startup,Tier-1,3.0,1.0,0.0,1.0,40244.0,62.0,2023-07-09,No relevant project mentioned,2023.0,7.0,1.0
28.0,Male,B.Sc,6.0,Mid,SME,Tier-1,4.6,0.0,0.0,4.0,137790.0,31.0,2023-07-02,Contributed to open-source NLP repo,2023.0,7.0,1.0
34.0,Male,B.Sc,13.0,Mid,SME,Tier-2,8.0,1.0,0.0,4.0,144278.0,69.0,2023-12-23,No relevant project mentioned,2023.0,12.0,1.0
39.0,Female,M.Sc,15.0,Senior,Enterprise,Tier-3,4.0,0.4,0.0,2.0,195451.0,48.0,2024-12-03,Built ML pipeline for preprocessing,2024.0,12.0,2.0
30.0,Female,M.Eng,10.0,Mid,Enterprise,Tier-2,7.0,1.0,0.0,2.0,142467.0,61.6,2023-05-19,Built ML pipeline for preprocessing,2023.0,5.0,1.0
40.0,Male,M.Sc,17.0,Mid,Startup,Tier-1,4.0,0.0,1.0,0.0,188911.0,41.0,2024-06-30,Built ML pipeline for preprocessing,2024.0,6.0,1.0
22.0,Female,B.Sc,0.0,Junior,SME,Tier-1,5.0,0.0,0.0,3.0,39663.0,56.0,2024-05-19,Built ML pipeline for preprocessing,2024.0,5.0,0.0
20.0,Male,M.Sc,0.2,Junior,Enterprise,Tier-2,2.0,0.6,0.0,2.0,38220.0,35.0,2024-04-26,Experience in data cleaning and ETL,2024.0,4.0,0.0
30.0,Male,M.Sc,6.0,Junior,Startup,Tier-1,9.0,2.0,1.0,2.0,103822.0,68.0,2023-12-18,No relevant project mentioned,2023.0,12.0,0.0
32.0,Female,M.Sc,10.0,Mid,SME,Tier-1,1.0,2.0,0.0,3.0,141073.0,62.0,2023-12-08,No relevant project mentioned,2023.0,12.0,1.0
30.0,Female,M.Sc,4.0,Senior,Enterprise,Tier-2,5.0,1.0,0.0,2.0,106842.0,49.0,2024-10-05,Built ML pipeline for preprocessing,2024.0,10.0,2.0
20.0,Male,PhD,0.0,Junior,SME,Tier-1,4.0,1.0,1.0,2.0,58452.0,67.0,2023-03-14,Experience in data cleaning and ETL,2023.0,3.0,0.0
29.0,Female,M.Sc,5.0,Mid,Startup,Tier-1,3.0,1.0,0.0,2.0,88157.0,60.0,2023-06-12,Worked on microservices deployment,2023.0,6.0,1.0
22.0,Male,B.Sc,0.0,Junior,SME,Tier-1,7.0,2.0,1.0,2.0,44834.0,66.0,2023-08-11,Built ML pipeline for preprocessing,2023.0,8.0,0.0
34.0,Male,M.Sc,12.0,Junior,SME,Remote,4.0,2.0,0.0,3.6,138043.0,44.0,2023-07-04,No relevant project mentioned,2023.0,7.0,0.0
32.0,Male,B.Sc,7.0,Senior,Enterprise,Tier-1,3.0,3.0,0.0,1.0,129663.0,57.0,2023-04-05,Built ML pipeline for preprocessing,2023.0,4.0,2.0
24.0,Female,B.Sc+Cert,2.0,Mid,Startup,Remote,6.0,0.0,0.0,0.0,57307.0,74.0,2024-11-14,Contributed to open-source NLP repo,2024.0,11.0,1.0
27.0,Male,B.Sc,2.0,Junior,Enterprise,Tier-1,4.0,2.0,0.0,3.4,70870.0,71.0,2023-11-05,Built ML pipeline for preprocessing,2023.0,11.0,0.0
24.0,Male,B.Sc,0.0,Mid,SME,Tier-3,3.0,2.0,1.0,6.0,35867.0,63.0,2023-05-28,Worked on microservices deployment,2023.0,5.0,1.0
30.0,Male,M.Eng,8.0,Mid,Startup,Tier-1,6.0,1.0,1.0,1.0,119489.0,74.0,2023-11-15,Worked on microservices deployment,2023.0,11.0,1.0
36.0,Female,M.Sc,15.0,Mid,SME,Tier-2,6.0,1.0,1.0,4.0,178466.0,49.0,2023-06-28,Built ML pipeline for preprocessing,2023.0,6.0,1.0
24.0,Male,B.Sc,3.0,Junior,SME,Tier-3,3.0,1.0,0.0,1.0,47185.0,75.0,2024-10-15,Contributed to open-source NLP repo,2024.0,10.0,0.0
33.0,Female,B.Sc,10.0,Mid,Startup,Tier-3,6.0,1.0,1.0,2.0,122648.0,53.2,2023-10-18,No relevant project mentioned,2023.0,10.0,1.0
27.0,Male,B.Sc+Cert,3.0,Junior,Startup,Tier-3,6.0,2.0,1.0,5.0,53523.0,41.0,2024-09-13,Built ML pipeline for preprocessing,2024.0,9.0,0.0
25.0,Male,B.Sc,2.0,Senior,Enterprise,Tier-3,2.0,0.0,0.0,4.0,64991.0,49.0,2024-05-11,Experience in data cleaning and ETL,2024.0,5.0,2.0
29.0,Male,B.Sc,7.0,Mid,Enterprise,Tier-1,8.0,1.0,1.0,5.0,141761.0,76.0,2023-10-28,Worked on microservices deployment,2023.0,10.0,1.0
24.0,Female,B.Sc,0.0,Mid,SME,Tier-2,3.0,1.0,1.0,0.0,39543.0,67.0,2023-06-10,Built ML pipeline for preprocessing,2023.0,6.0,1.0
27.0,Female,M.Sc,6.0,Junior,Startup,Tier-2,10.0,1.0,1.0,0.0,87612.0,58.0,2023-03-02,Worked on microservices deployment,2023.0,3.0,0.0
23.0,Male,M.Eng,0.0,Junior,Enterprise,Remote,4.0,1.0,0.0,1.0,55354.0,69.0,2023-03-13,Contributed to open-source NLP repo,2023.0,3.0,0.0
42.0,Male,B.Sc,21.0,Junior,SME,Tier-1,4.0,1.0,1.0,4.0,211724.0,69.0,2024-03-12,Worked on microservices deployment,2024.0,3.0,0.0
30.0,Male,B.Sc,9.0,Lead,Startup,Remote,3.0,0.0,0.0,4.0,129239.0,82.0,2024-04-26,Built ML pipeline for preprocessing,2024.0,4.0,3.0
26.0,Male,B.Sc,7.0,Junior,Enterprise,Tier-2,8.0,3.0,1.0,0.0,107452.0,59.0,2023-04-25,Worked on microservices deployment,2023.0,4.0,0.0
31.0,Male,M.Sc,8.0,Junior,Startup,Tier-2,7.0,0.0,0.0,0.0,105090.0,62.0,2023-07-25,Contributed to open-source NLP repo,2023.0,7.0,0.0
29.0,Male,B.Sc,7.0,Lead,SME,Tier-1,8.0,1.2,1.0,4.0,140385.0,53.0,2023-11-30,Built ML pipeline for preprocessing,2023.0,11.0,3.0
29.0,Male,M.Sc,4.0,Mid,SME,Tier-2,3.0,0.0,0.0,2.0,70812.0,39.0,2023-11-02,Built ML pipeline for preprocessing,2023.0,11.0,1.0
34.0,Male,B.Sc,12.0,Senior,SME,Tier-3,6.0,0.0,0.0,2.0,154175.0,63.0,2024-07-07,Contributed to open-source NLP repo,2024.0,7.0,2.0
35.0,Male,B.Sc,15.0,Junior,Startup,Tier-2,6.0,2.0,0.0,4.0,158487.0,59.0,2024-06-15,Built ML pipeline for preprocessing,2024.0,6.0,0.0
27.0,Female,B.Sc,6.0,Mid,SME,Remote,7.0,0.0,0.0,0.0,85678.0,56.4,2024-08-26,Worked on microservices deployment,2024.0,8.0,1.0
27.0,Male,B.Sc,5.0,Mid,Enterprise,Tier-3,3.0,0.6,1.0,0.0,82466.0,67.0,2024-08-02,No relevant project mentioned,2024.0,8.0,1.0
28.0,Male,M.Sc,4.0,Senior,SME,Tier-2,8.0,1.0,1.0,5.0,111538.0,59.0,2023-05-15,No relevant project mentioned,2023.0,5.0,2.0
20.0,Female,B.Sc+Cert,0.0,Junior,SME,Remote,8.0,3.0,0.0,0.0,45068.0,81.0,2024-07-31,Worked on microservices deployment,2024.0,7.0,0.0
21.0,Male,M.Sc,0.6,Mid,Startup,Tier-2,5.0,0.0,0.0,0.0,46373.0,61.0,2023-05-31,Built ML pipeline for preprocessing,2023.0,5.0,1.0
38.0,Male,B.Sc,14.0,Senior,Enterprise,Tier-2,11.0,2.0,0.0,1.0,170945.0,63.0,2024-07-01,Built ML pipeline for preprocessing,2024.0,7.0,2.0
40.0,Male,B.Sc+Cert,13.0,Mid,Enterprise,Tier-1,2.0,1.0,0.0,1.0,174252.0,61.0,2023-05-20,Experience in data cleaning and ETL,2023.0,5.0,1.0
29.0,Male,M.Sc,5.0,Mid,Enterprise,Tier-1,3.0,0.0,1.0,0.0,93485.0,53.0,2024-02-11,No relevant project mentioned,2024.0,2.0,1.0
33.0,Male,B.Sc+Cert,9.0,Junior,SME,Tier-2,4.0,0.0,1.0,3.0,117053.0,63.0,2024-05-04,Contributed to open-source NLP repo,2024.0,5.0,0.0
32.0,Male,B.Sc,8.0,Junior,Enterprise,Remote,4.0,1.0,0.0,7.0,91954.0,55.0,2023-07-24,Worked on microservices deployment,2023.0,7.0,0.0
48.0,Female,B.Sc,23.0,Mid,Startup,Tier-1,8.0,0.0,0.0,0.0,251917.0,54.0,2023-10-22,Built ML pipeline for preprocessing,2023.0,10.0,1.0
37.0,Male,B.Sc,12.0,Mid,SME,Tier-1,4.0,3.0,1.0,4.0,139167.0,62.0,2024-08-04,Worked on microservices deployment,2024.0,8.0,1.0
29.0,Male,M.Sc,5.0,Lead,SME,Tier-2,9.0,1.0,0.0,0.0,147637.0,69.0,2024-11-01,Contributed to open-source NLP repo,2024.0,11.0,3.0
24.0,Male,B.Sc,0.0,Mid,SME,Tier-1,8.0,0.0,0.0,0.0,53719.0,53.0,2023-07-03,No relevant project mentioned,2023.0,7.0,1.0
20.0,Male,B.Sc,0.0,Mid,Enterprise,Tier-3,4.0,1.0,0.0,2.0,45308.0,55.0,2023-01-18,Built ML pipeline for preprocessing,2023.0,1.0,1.0
31.0,Male,B.Sc,10.0,Senior,SME,Tier-3,7.0,1.0,0.0,7.0,125224.0,45.0,2024-01-18,Experience in data cleaning and ETL,2024.0,1.0,2.0
25.0,Female,M.Sc,2.0,Junior,Startup,Tier-1,2.0,1.0,0.0,6.0,49884.0,73.0,2024-07-24,No relevant project mentioned,2024.0,7.0,0.0
21.0,Male,M.Sc,1.0,Mid,SME,Remote,6.0,0.0,1.0,0.0,56345.0,79.0,2024-09-12,Worked on microservices deployment,2024.0,9.0,1.0
26.0,Male,B.Sc,4.0,Junior,SME,Tier-2,7.0,1.0,0.0,0.0,71365.0,71.0,2024-10-04,Contributed to open-source NLP repo,2024.0,10.0,0.0
24.0,Male,B.Sc,2.4,Junior,SME,Tier-2,5.0,4.0,1.0,6.0,63326.0,51.0,2024-06-25,Built ML pipeline for preprocessing,2024.0,6.0,0.0
40.0,Male,M.Sc,18.8,Senior,Startup,Tier-1,5.4,1.0,0.0,0.0,233649.0,50.0,2024-05-22,No relevant project mentioned,2024.0,5.0,2.0
35.0,Other,B.Sc+Cert,11.0,Mid,Startup,Tier-2,5.0,1.0,1.0,3.0,131380.0,70.0,2023-07-11,No relevant project mentioned,2023.0,7.0,1.0
30.0,Male,M.Sc,7.0,Mid,SME,Remote,6.0,1.0,0.0,2.0,124659.0,52.0,2023-07-17,Built ML pipeline for preprocessing,2023.0,7.0,1.0
39.0,Male,B.Sc+Cert,18.0,Mid,Enterprise,Tier-1,3.0,0.0,0.0,2.0,211269.0,59.0,2023-08-30,No relevant project mentioned,2023.0,8.0,1.0
30.0,Male,M.Sc,7.0,Mid,Enterprise,Tier-1,5.0,2.0,0.0,2.0,134437.0,44.0,2023-04-01,No relevant project mentioned,2023.0,4.0,1.0
25.0,Female,M.Sc,1.0,Junior,Enterprise,Tier-1,5.0,1.0,1.0,2.0,73940.0,56.0,2023-01-02,Contributed to open-source NLP repo,2023.0,1.0,0.0
39.0,Male,B.Sc,12.0,Mid,Enterprise,Tier-1,5.2,1.0,1.0,4.0,151958.0,60.0,2024-08-31,Built ML pipeline for preprocessing,2024.0,8.0,1.0
33.0,Male,M.Sc,11.0,Mid,Startup,Tier-1,7.0,3.0,1.0,0.0,153576.0,47.0,2024-04-09,Worked on microservices deployment,2024.0,4.0,1.0
24.0,Female,M.Sc,0.0,Senior,Enterprise,Tier-1,5.0,1.0,0.0,1.0,103717.0,64.0,2023-10-12,Contributed to open-source NLP repo,2023.0,10.0,2.0
29.0,Female,M.Sc,4.0,Junior,SME,Remote,6.0,0.0,0.0,1.0,77780.0,54.0,2023-01-04,Worked on microservices deployment,2023.0,1.0,0.0
25.0,Male,B.Sc,6.0,Junior,Enterprise,Tier-3,3.0,0.0,0.0,0.0,75591.0,70.0,2023-08-26,No relevant project mentioned,2023.0,8.0,0.0
22.0,Male,B.Sc,0.0,Mid,SME,Tier-1,5.0,1.0,0.0,1.2,49477.0,56.0,2024-07-05,Contributed to open-source NLP repo,2024.0,7.0,1.0
36.0,Male,B.Sc,11.0,Senior,Enterprise,Tier-3,4.0,1.0,0.0,2.2,137559.0,65.0,2024-03-14,Built ML pipeline for preprocessing,2024.0,3.0,2.0
41.0,Male,B.Sc,18.0,Mid,SME,Tier-1,2.0,0.0,1.0,0.0,194747.0,63.0,2024-01-25,Built ML pipeline for preprocessing,2024.0,1.0,1.0
22.0,Male,B.Sc,4.0,Mid,Startup,Tier-2,5.0,2.0,0.0,6.0,67831.0,58.0,2023-11-25,Contributed to open-source NLP repo,2023.0,11.0,1.0
33.0,Male,M.Eng,10.0,Lead,SME,Tier-1,6.0,0.0,1.0,2.0,197931.0,66.0,2023-08-29,Built ML pipeline for preprocessing,2023.0,8.0,3.0
26.0,Male,B.Sc,0.0,Lead,Startup,Tier-1,3.0,0.0,0.0,2.0,56662.0,39.0,2024-09-06,No relevant project mentioned,2024.0,9.0,3.0
27.0,Male,B.Sc,5.0,Mid,Enterprise,Remote,5.2,3.0,0.0,3.0,103627.0,59.0,2024-05-09,Built ML pipeline for preprocessing,2024.0,5.0,1.0
26.0,Male,B.Sc,4.0,Mid,SME,Tier-1,6.0,3.0,0.0,3.0,95773.0,67.0,2023-03-02,Built ML pipeline for preprocessing,2023.0,3.0,1.0
25.0,Female,M.Sc,3.0,Junior,SME,Tier-3,4.0,2.0,0.0,2.0,69482.0,65.0,2023-03-03,Built ML pipeline for preprocessing,2023.0,3.0,0.0
30.0,Male,B.Sc,8.0,Senior,Enterprise,Tier-2,5.0,1.0,1.0,1.0,130274.0,58.0,2024-03-27,Built ML pipeline for preprocessing,2024.0,3.0,2.0
25.0,Male,B.Sc,1.0,Mid,SME,Tier-1,3.0,3.0,1.0,1.0,67603.0,60.0,2023-10-04,Contributed to open-source NLP repo,2023.0,10.0,1.0
32.0,Male,M.Sc,13.0,Lead,SME,Tier-3,3.0,1.0,1.0,0.0,177239.0,77.0,2023-06-08,Contributed to open-source NLP repo,2023.0,6.0,3.0
30.0,Female,B.Sc,3.0,Junior,Startup,Tier-2,4.0,0.0,1.0,5.0,58167.0,68.0,2023-08-27,Built ML pipeline for preprocessing,2023.0,8.0,0.0
29.0,Male,B.Sc+Cert,4.0,Mid,SME,Tier-1,3.0,1.0,0.0,3.0,83962.0,55.0,2023-02-12,Contributed to open-source NLP repo,2023.0,2.0,1.0
25.0,Male,B.Sc+Cert,0.0,Mid,Enterprise,Tier-1,5.0,2.0,0.0,2.0,72806.0,75.0,2024-02-17,Contributed to open-source NLP repo,2024.0,2.0,1.0
27.0,Male,B.Sc,6.0,Mid,Enterprise,Tier-1,7.0,2.0,1.0,1.0,97494.0,46.0,2024-03-14,Contributed to open-source NLP repo,2024.0,3.0,1.0
35.0,Male,B.Sc,14.0,Junior,Enterprise,Remote,5.0,0.0,0.0,2.0,167728.0,70.0,2023-11-10,Contributed to open-source NLP repo,2023.0,11.0,0.0
33.0,Male,M.Sc,9.0,Mid,Startup,Tier-2,6.0,3.0,0.0,2.0,123556.0,52.0,2023-06-01,Worked on microservices deployment,2023.0,6.0,1.0
24.0,Male,B.Sc,0.0,Senior,Startup,Tier-1,1.0,0.0,0.0,1.0,46058.0,64.6,2023-03-21,Contributed to open-source NLP repo,2023.0,3.0,2.0
31.0,Male,B.Sc,6.8,Mid,Startup,Remote,4.8,1.0,0.0,1.0,111240.0,77.0,2023-05-17,No relevant project mentioned,2023.0,5.0,1.0
35.0,Female,B.Sc,14.0,Junior,Enterprise,Tier-1,7.0,3.0,1.0,5.0,190681.0,65.0,2024-12-25,Built ML pipeline for preprocessing,2024.0,12.0,0.0
20.0,Male,B.Sc+Cert,0.0,Mid,Startup,Tier-1,10.0,1.0,0.0,2.0,49867.0,66.0,2024-03-25,No relevant project mentioned,2024.0,3.0,1.0
33.0,Male,B.Sc,10.0,Junior,Startup,Tier-1,4.0,1.0,0.0,0.0,106517.0,59.0,2024-01-21,Contributed to open-source NLP repo,2024.0,1.0,0.0
26.0,Female,M.Sc,3.0,Junior,SME,Tier-2,6.0,0.0,0.0,1.0,56943.0,54.6,2024-11-07,Built ML pipeline for preprocessing,2024.0,11.0,0.0
33.0,Male,M.Sc,11.0,Mid,SME,Tier-1,6.0,1.0,0.0,1.0,142891.0,68.0,2024-01-18,Worked on microservices deployment,2024.0,1.0,1.0
25.0,Male,B.Sc,1.0,Senior,Enterprise,Tier-2,6.0,2.0,1.0,3.0,72279.0,61.0,2023-06-14,Built ML pipeline for preprocessing,2023.0,6.0,2.0
20.0,Male,B.Sc,0.0,Mid,SME,Remote,8.0,1.0,0.0,3.0,49774.0,52.0,2024-12-09,No relevant project mentioned,2024.0,12.0,1.0
20.0,Male,PhD,0.0,Mid,SME,Tier-1,4.0,1.0,0.0,1.0,76941.0,57.0,2023-10-29,Built ML pipeline for preprocessing,2023.0,10.0,1.0
30.0,Female,B.Sc,6.0,Junior,SME,Tier-1,9.0,2.0,0.0,6.0,85529.0,49.0,2023-02-17,No relevant project mentioned,2023.0,2.0,0.0
32.0,Female,M.Sc,7.0,Mid,Enterprise,Tier-1,3.0,1.2,0.0,5.0,135882.0,60.0,2023-05-07,Contributed to open-source NLP repo,2023.0,5.0,1.0
25.0,Male,B.Sc,0.0,Junior,SME,Tier-2,7.0,1.2,0.0,5.0,37528.0,66.0,2024-01-03,Built ML pipeline for preprocessing,2024.0,1.0,0.0
34.0,Male,B.Sc,12.0,Lead,SME,Remote,6.0,1.0,1.0,1.0,177331.0,69.0,2024-10-09,Built ML pipeline for preprocessing,2024.0,10.0,3.0
20.0,Female,B.Sc,1.0,Senior,SME,Tier-1,3.4,0.0,0.0,2.4,59795.0,46.0,2023-02-01,Built ML pipeline for preprocessing,2023.0,2.0,2.0
30.0,Female,B.Sc,8.0,Mid,Startup,Tier-1,4.0,1.0,0.0,1.0,123667.0,66.0,2024-05-21,Contributed to open-source NLP repo,2024.0,5.0,1.0
23.0,Female,B.Sc,1.0,Mid,Enterprise,Tier-1,5.0,1.0,1.0,1.0,77306.0,54.0,2024-09-04,Worked on microservices deployment,2024.0,9.0,1.0
26.0,Male,M.Eng,5.0,Senior,Startup,Tier-1,3.0,1.0,1.0,5.0,100737.0,52.0,2023-03-18,Built ML pipeline for preprocessing,2023.0,3.0,2.0
30.0,Male,B.Sc,7.0,Mid,Enterprise,Tier-2,6.0,2.0,0.0,0.0,96037.0,55.0,2024-12-07,Experience in data cleaning and ETL,2024.0,12.0,1.0
25.0,Female,B.Sc,1.0,Junior,Startup,Tier-1,4.0,0.0,0.0,4.0,38154.0,54.0,2023-07-20,Worked on microservices deployment,2023.0,7.0,0.0
28.0,Male,B.Sc,5.0,Junior,Enterprise,Tier-1,3.0,1.0,0.0,2.0,88215.0,69.0,2023-03-09,No relevant project mentioned,2023.0,3.0,0.0
36.0,Male,M.Sc,9.0,Mid,Enterprise,Tier-2,1.0,2.0,0.0,0.0,148322.0,56.0,2023-01-28,Contributed to open-source NLP repo,2023.0,1.0,1.0
27.0,Male,B.Sc,4.0,Senior,SME,Tier-1,2.0,1.0,0.0,2.0,88443.0,56.0,2024-02-04,Worked on microservices deployment,2024.0,2.0,2.0
35.0,Male,M.Sc,5.8,Junior,SME,Tier-2,4.0,2.0,0.0,0.0,100837.0,44.0,2023-02-26,Experience in data cleaning and ETL,2023.0,2.0,0.0
23.0,Male,B.Sc,1.0,Junior,SME,Tier-1,5.0,1.0,0.0,0.0,50738.0,49.0,2023-07-22,Built ML pipeline for preprocessing,2023.0,7.0,0.0
33.0,Male,B.Sc,6.8,Mid,SME,Remote,8.0,0.0,1.0,4.0,111238.0,51.0,2024-07-20,Contributed to open-source NLP repo,2024.0,7.0,1.0
39.0,Female,B.Sc,15.0,Senior,Startup,Tier-1,2.6,0.0,1.0,3.0,181751.0,59.6,2023-03-24,Built ML pipeline for preprocessing,2023.0,3.0,2.0
20.0,Male,M.Eng,0.0,Junior,SME,Remote,2.0,2.0,0.0,0.0,46279.0,55.2,2024-09-09,Contributed to open-source NLP repo,2024.0,9.0,0.0
25.0,Female,B.Sc,0.0,Junior,Enterprise,Tier-1,3.8,1.4,0.0,6.0,43433.0,49.0,2023-09-08,Contributed to open-source NLP repo,2023.0,9.0,0.0
33.0,Male,B.Sc,7.0,Mid,Startup,Tier-3,3.0,1.2,0.0,0.0,91963.0,52.0,2023-12-08,Built ML pipeline for preprocessing,2023.0,12.0,1.0
29.0,Male,B.Sc,4.0,Mid,Enterprise,Tier-1,5.0,1.0,0.0,1.0,99047.0,49.0,2024-02-27,No relevant project mentioned,2024.0,2.0,1.0
32.0,Female,M.Eng,7.0,Junior,SME,Tier-2,6.0,0.0,0.0,0.0,100526.0,61.0,2024-03-14,Worked on microservices deployment,2024.0,3.0,0.0
26.0,Male,B.Sc,0.2,Junior,SME,Tier-1,6.0,1.0,1.0,0.0,44523.0,73.0,2024-02-18,Built ML pipeline for preprocessing,2024.0,2.0,0.0
31.0,Male,B.Sc,8.0,Mid,Enterprise,Tier-2,4.0,1.0,0.0,0.0,111385.0,53.0,2023-05-13,Built ML pipeline for preprocessing,2023.0,5.0,1.0
29.0,Male,B.Sc,8.0,Mid,SME,Tier-2,5.0,2.0,0.0,4.0,115795.0,62.0,2024-03-04,Built ML pipeline for preprocessing,2024.0,3.0,1.0
37.0,Male,B.Sc,15.0,Lead,SME,Tier-2,4.0,0.0,0.0,7.0,168607.0,62.0,2024-12-04,Contributed to open-source NLP repo,2024.0,12.0,3.0
32.0,Female,M.Sc,9.0,Mid,Enterprise,Tier-2,5.0,0.0,1.0,5.0,134251.0,53.0,2024-06-27,Worked on microservices deployment,2024.0,6.0,1.0
32.0,Female,M.Sc,6.0,Junior,Enterprise,Tier-1,5.4,2.0,1.0,2.0,118667.0,64.0,2024-09-01,Contributed to open-source NLP repo,2024.0,9.0,0.0
28.0,Male,B.Sc,6.0,Mid,Startup,Tier-1,5.0,1.0,1.0,3.0,97114.0,52.0,2023-09-25,Worked on microservices deployment,2023.0,9.0,1.0
27.0,Male,B.Sc,5.0,Mid,SME,Tier-2,9.0,1.0,0.0,2.0,84250.0,44.0,2023-04-17,Built ML pipeline for preprocessing,2023.0,4.0,1.0
27.0,Male,B.Sc,4.0,Junior,SME,Tier-1,3.8,1.0,1.0,1.0,77903.0,42.0,2023-03-07,Experience in data cleaning and ETL,2023.0,3.0,0.0
32.0,Female,B.Sc,13.0,Senior,Startup,Tier-1,8.0,0.0,1.0,3.0,169181.0,62.8,2023-02-21,Experience in data cleaning and ETL,2023.0,2.0,2.0
27.0,Male,B.Sc,5.0,Senior,Startup,Tier-1,2.0,0.0,0.0,7.0,83395.0,72.0,2024-12-11,Experience in data cleaning and ETL,2024.0,12.0,2.0
32.0,Male,M.Sc,8.0,Junior,SME,Tier-1,3.0,1.0,0.0,2.6,106113.0,55.0,2023-10-15,Contributed to open-source NLP repo,2023.0,10.0,0.0
42.0,Male,B.Sc+Cert,19.0,Junior,SME,Tier-2,2.0,0.0,1.0,1.0,188976.0,55.6,2023-08-20,Contributed to open-source NLP repo,2023.0,8.0,0.0
35.0,Male,PhD,17.6,Junior,Enterprise,Tier-2,2.0,0.0,1.0,1.0,190110.0,61.0,2023-06-12,No relevant project mentioned,2023.0,6.0,0.0
28.0,Male,B.Sc+Cert,5.0,Junior,Enterprise,Remote,4.0,2.0,1.0,1.0,100494.0,66.0,2023-08-29,Worked on microservices deployment,2023.0,8.0,0.0
37.0,Female,M.Sc,11.0,Mid,SME,Tier-1,4.0,1.0,0.0,2.0,159960.0,55.0,2024-01-25,Experience in data cleaning and ETL,2024.0,1.0,1.0
28.0,Male,M.Sc,4.0,Mid,Startup,Remote,7.0,1.0,1.0,2.0,82002.0,64.0,2023-01-22,Contributed to open-source NLP repo,2023.0,1.0,1.0
20.0,Male,B.Sc,2.0,Lead,Startup,Tier-2,4.0,0.0,0.0,0.0,67090.0,55.8,2024-12-29,Built ML pipeline for preprocessing,2024.0,12.0,3.0
24.0,Female,M.Sc,0.0,Junior,SME,Remote,7.0,1.0,0.0,1.0,55462.0,71.0,2024-11-17,No relevant project mentioned,2024.0,11.0,0.0
20.0,Female,B.Sc,0.0,Mid,SME,Tier-3,7.0,0.0,1.0,2.0,39428.0,51.0,2024-05-07,Built ML pipeline for preprocessing,2024.0,5.0,1.0
28.0,Male,B.Sc,2.0,Senior,Startup,Tier-2,8.0,0.0,1.0,2.0,66958.0,53.8,2024-11-14,Experience in data cleaning and ETL,2024.0,11.0,2.0
30.0,Male,M.Sc,7.0,Mid,SME,Tier-1,5.0,0.0,1.0,5.0,113743.0,41.0,2024-06-04,Built ML pipeline for preprocessing,2024.0,6.0,1.0
40.0,Male,B.Sc,14.0,Junior,Enterprise,Tier-1,5.0,0.0,1.0,1.0,163300.0,53.6,2023-12-28,Contributed to open-source NLP repo,2023.0,12.0,0.0
32.0,Male,B.Sc,7.6,Junior,Enterprise,Tier-1,2.0,2.0,1.0,0.8,101370.0,55.6,2023-02-28,Built ML pipeline for preprocessing,2023.0,2.0,0.0
29.0,Male,B.Sc+Cert,1.2,Junior,Enterprise,Remote,3.0,0.0,0.0,1.0,61212.0,76.0,2024-04-29,Built ML pipeline for preprocessing,2024.0,4.0,0.0
35.0,Male,B.Sc,16.4,Lead,SME,Remote,2.0,0.0,1.0,0.0,192614.0,52.0,2024-09-20,Built ML pipeline for preprocessing,2024.0,9.0,3.0
20.0,Male,B.Sc,0.0,Senior,Startup,Tier-3,4.0,2.0,1.0,1.0,43181.0,58.4,2023-04-11,Experience in data cleaning and ETL,2023.0,4.0,2.0
31.0,Female,B.Sc+Cert,9.0,Senior,Startup,Remote,5.0,1.0,0.0,1.0,122506.0,52.0,2023-12-06,Contributed to open-source NLP repo,2023.0,12.0,2.0
35.0,Male,M.Sc,12.0,Senior,Enterprise,Remote,2.8,0.0,0.0,3.0,189574.0,65.0,2024-04-30,Contributed to open-source NLP repo,2024.0,4.0,2.0
21.0,Male,B.Sc,0.0,Mid,SME,Tier-2,4.0,1.0,0.0,1.0,35792.0,65.0,2024-11-19,Contributed to open-source NLP repo,2024.0,11.0,1.0
37.0,Male,B.Sc,17.0,Senior,SME,Tier-2,5.0,0.0,1.0,5.0,184591.0,73.0,2023-01-16,Contributed to open-source NLP repo,2023.0,1.0,2.0
32.0,Female,B.Sc,8.0,Lead,Startup,Tier-2,8.0,1.0,1.0,1.0,120501.0,61.0,2024-05-12,Contributed to open-source NLP repo,2024.0,5.0,3.0
28.0,Female,B.Sc+Cert,5.0,Mid,SME,Tier-2,6.0,1.0,1.0,0.0,89322.0,52.0,2023-05-01,Built ML pipeline for preprocessing,2023.0,5.0,1.0
34.0,Female,M.Sc,12.0,Junior,Startup,Tier-1,6.0,1.0,0.0,0.0,138147.0,71.0,2023-08-02,Worked on microservices deployment,2023.0,8.0,0.0
44.0,Female,B.Sc,22.0,Mid,Startup,Tier-2,4.6,0.0,1.0,2.2,249467.0,64.0,2023-11-26,Worked on microservices deployment,2023.0,11.0,1.0
31.0,Female,B.Sc,8.0,Junior,SME,Tier-2,5.0,1.0,1.0,1.0,93667.0,51.0,2023-03-25,Contributed to open-source NLP repo,2023.0,3.0,0.0
31.0,Male,B.Sc,10.0,Junior,SME,Tier-2,4.0,2.0,0.0,1.0,115155.0,63.4,2023-06-30,No relevant project mentioned,2023.0,6.0,0.0
27.0,Male,B.Sc+Cert,2.0,Senior,Startup,Remote,4.0,4.0,1.0,0.0,96066.0,54.0,2024-01-21,Contributed to open-source NLP repo,2024.0,1.0,2.0
25.0,Male,B.Sc,1.0,Senior,Startup,Tier-1,1.0,1.0,0.0,3.0,61674.0,50.0,2023-11-19,Experience in data cleaning and ETL,2023.0,11.0,2.0
35.0,Female,M.Sc,10.0,Junior,Enterprise,Tier-1,8.0,2.0,1.0,3.0,150723.0,65.0,2024-07-07,Built ML pipeline for preprocessing,2024.0,7.0,0.0
25.0,Female,B.Sc,0.0,Mid,SME,Tier-3,4.8,2.0,1.0,1.0,43761.0,57.0,2024-03-23,Built ML pipeline for preprocessing,2024.0,3.0,1.0
30.0,Male,M.Sc,8.0,Senior,SME,Tier-2,7.0,1.0,1.0,3.0,142590.0,73.0,2023-03-14,No relevant project mentioned,2023.0,3.0,2.0
27.0,Male,B.Sc+Cert,3.0,Mid,SME,Tier-1,7.0,0.0,0.0,1.0,73344.0,52.0,2023-09-12,Experience in data cleaning and ETL,2023.0,9.0,1.0
33.0,Male,M.Sc,11.0,Mid,Enterprise,Tier-2,2.0,1.0,0.0,0.0,129807.0,67.0,2024-11-30,Contributed to open-source NLP repo,2024.0,11.0,1.0
32.0,Female,B.Sc,9.0,Mid,Startup,Tier-2,5.0,0.0,1.0,3.0,110448.0,60.0,2023-10-17,Built ML pipeline for preprocessing,2023.0,10.0,1.0
36.0,Male,M.Sc,14.0,Senior,Startup,Remote,6.0,1.0,0.0,6.0,169683.0,62.0,2024-05-14,Experience in data cleaning and ETL,2024.0,5.0,2.0
27.0,Male,M.Sc,7.0,Senior,SME,Tier-2,6.0,0.0,0.0,2.0,143654.0,60.0,2024-08-30,No relevant project mentioned,2024.0,8.0,2.0
28.0,Male,B.Sc,6.0,Mid,Startup,Tier-1,1.0,0.0,0.0,1.0,93264.0,57.0,2024-08-10,Contributed to open-source NLP repo,2024.0,8.0,1.0
24.0,Male,B.Sc+Cert,3.0,Junior,SME,Tier-2,5.0,0.0,0.0,1.0,64324.0,57.2,2023-01-02,No relevant project mentioned,2023.0,1.0,0.0
27.0,Female,M.Sc,3.0,Senior,SME,Remote,7.0,0.0,1.0,6.0,82417.0,49.0,2024-01-18,Built ML pipeline for preprocessing,2024.0,1.0,2.0
32.0,Male,B.Sc+Cert,12.0,Junior,Enterprise,Tier-2,5.0,1.0,1.0,1.0,136536.0,55.0,2024-11-20,Built ML pipeline for preprocessing,2024.0,11.0,0.0
35.0,Female,M.Sc,9.0,Mid,Enterprise,Tier-3,4.0,2.0,0.0,3.0,126325.0,63.0,2023-04-22,Contributed to open-source NLP repo,2023.0,4.0,1.0
24.0,Male,B.Sc,0.0,Junior,Enterprise,Tier-1,6.0,0.0,1.0,2.0,49130.0,60.0,2023-07-23,Worked on microservices deployment,2023.0,7.0,0.0
35.0,Male,B.Sc,17.0,Mid,Startup,Remote,3.0,1.0,0.0,2.0,165394.0,53.0,2023-01-26,Experience in data cleaning and ETL,2023.0,1.0,1.0
38.0,Male,B.Sc,19.0,Mid,Enterprise,Tier-3,2.0,2.0,0.0,0.0,189521.0,49.0,2023-04-18,Contributed to open-source NLP repo,2023.0,4.0,1.0
32.0,Female,B.Sc+Cert,5.0,Junior,Startup,Tier-3,4.6,5.0,1.0,0.0,77161.0,48.0,2024-11-07,Contributed to open-source NLP repo,2024.0,11.0,0.0
41.0,Male,M.Sc,19.6,Senior,SME,Tier-1,3.0,0.0,0.0,2.0,279619.0,60.0,2024-07-20,Built ML pipeline for preprocessing,2024.0,7.0,2.0
25.0,Male,M.Sc,2.0,Junior,Enterprise,Remote,9.0,0.0,0.0,7.0,71489.0,65.0,2023-10-01,Worked on microservices deployment,2023.0,10.0,0.0
23.0,Male,B.Sc,0.0,Senior,Startup,Tier-2,6.0,0.0,1.0,0.0,50820.0,63.0,2024-06-25,Built ML pipeline for preprocessing,2024.0,6.0,2.0
20.0,Female,B.Sc,0.0,Senior,SME,Remote,4.0,1.0,0.0,2.0,64568.0,57.2,2023-01-17,Contributed to open-source NLP repo,2023.0,1.0,2.0
39.0,Male,M.Sc,9.0,Junior,Startup,Tier-1,4.0,0.0,0.0,3.0,141004.0,60.0,2024-04-08,Worked on microservices deployment,2024.0,4.0,0.0
34.0,Female,B.Sc,10.0,Mid,Startup,Tier-1,6.0,1.0,0.0,2.0,145821.0,56.0,2023-10-25,Built ML pipeline for preprocessing,2023.0,10.0,1.0
30.0,Male,B.Sc,6.0,Junior,Enterprise,Tier-1,5.0,2.0,1.0,2.0,104941.0,56.0,2024-08-15,Experience in data cleaning and ETL,2024.0,8.0,0.0
32.0,Male,M.Sc,6.0,Senior,Startup,Tier-2,4.0,2.0,0.0,3.0,84376.0,40.0,2024-01-31,Built ML pipeline for preprocessing,2024.0,1.0,2.0
23.0,Male,B.Sc,0.0,Mid,Startup,Tier-2,6.0,0.0,0.0,2.6,39299.0,77.0,2023-01-27,Experience in data cleaning and ETL,2023.0,1.0,1.0
45.0,Male,B.Sc,22.0,Junior,SME,Tier-2,4.0,1.0,1.0,1.0,184740.0,54.0,2023-07-02,Worked on microservices deployment,2023.0,7.0,0.0
31.0,Male,B.Sc,9.0,Mid,Enterprise,Tier-2,8.0,1.0,1.0,5.0,144604.0,46.0,2024-05-30,No relevant project mentioned,2024.0,5.0,1.0
31.0,Male,B.Sc,9.0,Mid,Startup,Tier-3,4.0,0.0,0.0,2.0,108002.0,53.0,2024-11-05,Built ML pipeline for preprocessing,2024.0,11.0,1.0
34.0,Male,PhD,13.0,Senior,SME,Tier-1,1.0,1.0,0.0,3.0,182065.0,51.0,2024-03-24,Worked on microservices deployment,2024.0,3.0,2.0
33.0,Female,B.Sc,10.0,Junior,Enterprise,Tier-1,3.0,0.0,0.0,0.0,121681.0,69.0,2023-11-28,Built ML pipeline for preprocessing,2023.0,11.0,0.0
31.0,Male,B.Sc,6.0,Mid,Startup,Remote,6.0,0.0,0.0,2.0,92502.0,62.0,2024-08-06,Worked on microservices deployment,2024.0,8.0,1.0
25.0,Female,B.Sc,1.0,Junior,SME,Tier-2,6.0,2.0,1.0,0.0,46442.0,52.0,2024-03-31,Built ML pipeline for preprocessing,2024.0,3.0,0.0
33.0,Male,B.Sc,12.4,Senior,Enterprise,Tier-2,5.0,1.0,0.0,1.0,165105.0,62.0,2024-08-10,Contributed to open-source NLP repo,2024.0,8.0,2.0
41.0,Male,B.Sc,16.0,Junior,SME,Tier-2,7.0,1.0,0.0,0.0,176859.0,60.0,2024-02-24,Built ML pipeline for preprocessing,2024.0,2.0,0.0
38.0,Male,M.Sc,15.0,Mid,Enterprise,Tier-2,4.0,2.0,1.0,5.0,165140.0,72.0,2023-08-28,Built ML pipeline for preprocessing,2023.0,8.0,1.0
40.0,Male,B.Sc,18.0,Junior,Startup,Tier-1,4.4,1.0,0.0,3.0,177474.0,54.0,2024-05-26,Worked on microservices deployment,2024.0,5.0,0.0
27.0,Male,B.Sc,1.0,Mid,Enterprise,Tier-2,4.0,1.0,1.0,4.0,63224.0,56.0,2023-10-17,Experience in data cleaning and ETL,2023.0,10.0,1.0
24.0,Male,B.Sc,0.0,Senior,Enterprise,Remote,6.0,1.0,0.0,1.0,68400.0,63.0,2024-03-14,Built ML pipeline for preprocessing,2024.0,3.0,2.0
29.0,Male,M.Eng,6.6,Senior,Startup,Tier-2,5.0,1.0,0.0,5.0,123619.0,53.0,2024-06-06,Worked on microservices deployment,2024.0,6.0,2.0
30.0,Male,B.Sc+Cert,11.6,Senior,Startup,Tier-1,5.0,5.0,1.0,5.0,150408.0,60.0,2024-07-24,Worked on microservices deployment,2024.0,7.0,2.0
37.0,Female,B.Sc,13.0,Mid,Enterprise,Tier-3,4.0,1.0,0.0,1.0,154283.0,66.0,2023-09-16,Built ML pipeline for preprocessing,2023.0,9.0,1.0
20.0,Female,B.Sc,0.0,Senior,SME,Tier-1,3.0,1.0,0.0,1.0,61139.0,61.0,2024-12-14,Built ML pipeline for preprocessing,2024.0,12.0,2.0
39.0,Male,B.Sc+Cert,17.0,Mid,SME,Tier-1,6.0,2.0,1.0,2.0,182091.0,74.0,2023-09-25,Built ML pipeline for preprocessing,2023.0,9.0,1.0
29.0,Male,B.Sc,4.0,Senior,SME,Remote,2.0,3.0,0.0,0.0,100303.0,68.0,2023-04-23,Experience in data cleaning and ETL,2023.0,4.0,2.0
27.0,Male,M.Eng,7.0,Mid,Enterprise,Tier-1,5.0,1.0,0.0,7.0,157104.0,58.2,2024-08-07,Built ML pipeline for preprocessing,2024.0,8.0,1.0
24.0,Male,B.Sc,0.0,Mid,Enterprise,Remote,2.2,1.0,1.0,1.0,62090.0,57.0,2024-02-09,Contributed to open-source NLP repo,2024.0,2.0,1.0
20.0,Male,B.Sc+Cert,0.0,Junior,Startup,Tier-2,5.0,0.0,1.0,2.0,35567.0,58.0,2024-02-06,No relevant project mentioned,2024.0,2.0,0.0
35.0,Male,M.Sc,12.0,Mid,Startup,Tier-3,8.0,0.0,1.0,3.0,147754.0,69.0,2023-08-24,Worked on microservices deployment,2023.0,8.0,1.0
30.0,Male,B.Sc+Cert,9.4,Junior,Enterprise,Tier-2,4.0,1.0,1.0,1.0,126499.0,57.0,2023-01-06,Worked on microservices deployment,2023.0,1.0,0.0
22.0,Male,M.Sc,0.0,Senior,Enterprise,Tier-1,7.0,0.0,0.0,0.0,107225.0,50.0,2024-08-23,Built ML pipeline for preprocessing,2024.0,8.0,2.0
22.0,Male,B.Sc,0.0,Mid,SME,Tier-2,8.0,3.0,1.0,0.0,50266.0,55.0,2023-04-24,Experience in data cleaning and ETL,2023.0,4.0,1.0
28.0,Female,B.Sc+Cert,7.0,Lead,Enterprise,Remote,11.0,1.0,1.0,2.0,178171.0,58.0,2023-12-31,No relevant project mentioned,2023.0,12.0,3.0
40.0,Female,B.Sc,14.0,Junior,Enterprise,Tier-3,4.0,0.0,0.0,0.0,146930.0,57.0,2023-11-17,Built ML pipeline for preprocessing,2023.0,11.0,0.0
28.0,Male,B.Sc,6.0,Junior,Startup,Tier-2,3.0,1.0,1.0,3.0,69314.0,80.0,2023-11-07,Experience in data cleaning and ETL,2023.0,11.0,0.0
21.0,Female,M.Sc,0.0,Senior,Enterprise,Remote,9.0,1.0,0.0,1.0,96104.0,48.0,2023-06-17,Built ML pipeline for preprocessing,2023.0,6.0,2.0
29.0,Female,M.Sc,9.4,Mid,SME,Tier-1,6.0,0.0,0.0,2.0,115256.0,64.6,2023-02-21,Built ML pipeline for preprocessing,2023.0,2.0,1.0
28.0,Male,B.Sc+Cert,5.0,Mid,Startup,Tier-1,4.0,0.0,0.0,1.0,75401.0,61.0,2023-10-27,Contributed to open-source NLP repo,2023.0,10.0,1.0
20.0,Male,B.Sc,0.0,Senior,SME,Tier-1,6.0,2.0,0.0,0.0,56211.0,60.0,2023-03-03,Built ML pipeline for preprocessing,2023.0,3.0,2.0
30.0,Male,M.Sc,10.0,Mid,Enterprise,Tier-3,6.0,0.4,0.0,3.0,123853.0,52.0,2023-03-25,Built ML pipeline for preprocessing,2023.0,3.0,1.0
29.0,Female,M.Sc,6.0,Junior,Enterprise,Tier-3,2.0,0.0,0.0,0.0,77365.0,61.8,2023-12-19,Built ML pipeline for preprocessing,2023.0,12.0,0.0
34.0,Female,B.Sc,9.0,Senior,Startup,Tier-2,10.0,3.0,1.0,4.0,143664.0,65.0,2024-10-30,Built ML pipeline for preprocessing,2024.0,10.0,2.0
41.0,Male,B.Sc,23.0,Junior,Startup,Remote,5.0,0.0,0.0,0.0,224869.0,38.0,2024-05-17,Built ML pipeline for preprocessing,2024.0,5.0,0.0
37.0,Male,B.Sc,14.0,Senior,SME,Tier-2,5.0,1.0,0.0,2.8,191250.0,64.8,2024-10-20,Worked on microservices deployment,2024.0,10.0,2.0
28.0,Male,B.Sc,7.0,Junior,Enterprise,Tier-1,3.0,2.0,0.0,2.0,103953.0,70.0,2024-04-19,No relevant project mentioned,2024.0,4.0,0.0
23.0,Male,PhD,0.0,Mid,Enterprise,Tier-1,5.0,1.0,1.0,2.0,88170.0,65.0,2024-09-26,Contributed to open-source NLP repo,2024.0,9.0,1.0
45.0,Male,M.Sc,24.0,Junior,SME,Remote,6.0,0.0,0.0,7.0,238031.0,68.0,2024-05-17,Worked on microservices deployment,2024.0,5.0,0.0
30.0,Female,M.Sc,9.0,Mid,SME,Tier-1,7.0,2.0,1.0,1.0,139285.0,60.0,2024-11-24,Worked on microservices deployment,2024.0,11.0,1.0
30.0,Male,PhD,8.0,Junior,Startup,Tier-2,5.6,0.0,1.0,5.0,110622.0,56.0,2023-04-09,Contributed to open-source NLP repo,2023.0,4.0,0.0
30.0,Female,B.Sc,8.0,Senior,SME,Tier-1,1.0,1.4,0.0,0.0,111930.0,59.0,2024-12-02,Contributed to open-source NLP repo,2024.0,12.0,2.0
31.0,Female,M.Eng,9.0,Mid,Startup,Tier-1,6.0,1.0,0.0,1.0,130837.0,59.0,2023-11-02,Built ML pipeline for preprocessing,2023.0,11.0,1.0
29.0,Female,B.Sc,9.0,Junior,Enterprise,Tier-2,10.0,2.0,0.0,0.0,134047.0,62.0,2023-11-11,Worked on microservices deployment,2023.0,11.0,0.0
27.0,Male,B.Sc+Cert,2.6,Mid,Startup,Tier-1,5.0,1.0,0.0,2.0,69693.0,74.0,2024-12-10,Experience in data cleaning and ETL,2024.0,12.0,1.0
27.0,Male,B.Sc,6.0,Mid,SME,Remote,4.0,0.0,0.0,2.0,100538.0,66.0,2024-03-17,Worked on microservices deployment,2024.0,3.0,1.0
30.0,Male,B.Sc+Cert,4.0,Junior,Startup,Tier-2,5.8,1.0,0.0,1.0,72042.0,66.0,2023-09-04,Worked on microservices deployment,2023.0,9.0,0.0
27.0,Male,B.Sc,8.0,Junior,SME,Tier-2,6.0,1.0,1.0,3.0,118918.0,60.0,2023-09-22,Built ML pipeline for preprocessing,2023.0,9.0,0.0
26.0,Male,B.Sc,3.0,Mid,Startup,Tier-3,5.0,1.0,0.0,5.0,55229.0,58.0,2024-07-22,Built ML pipeline for preprocessing,2024.0,7.0,1.0
31.0,Male,M.Sc,8.0,Junior,SME,Tier-2,11.0,0.0,0.0,2.0,115273.0,63.0,2024-02-29,No relevant project mentioned,2024.0,2.0,0.0
28.0,Male,B.Sc,7.0,Junior,Startup,Remote,5.0,1.0,1.0,0.0,91052.0,62.0,2023-02-27,Contributed to open-source NLP repo,2023.0,2.0,0.0
39.0,Male,M.Sc,16.0,Junior,Enterprise,Tier-1,6.0,2.0,0.0,1.0,185321.0,69.0,2024-04-28,Built ML pipeline for preprocessing,2024.0,4.0,0.0
20.0,Male,B.Sc,0.6,Mid,SME,Tier-1,6.0,1.0,0.0,1.0,53968.0,58.0,2023-11-20,Worked on microservices deployment,2023.0,11.0,1.0
37.0,Male,M.Sc,11.0,Mid,Enterprise,Tier-1,2.0,0.0,1.0,0.0,186747.0,61.0,2023-07-05,Worked on microservices deployment,2023.0,7.0,1.0
37.0,Female,B.Sc,11.0,Junior,SME,Remote,7.0,2.0,0.0,1.0,133308.0,59.0,2024-05-13,Contributed to open-source NLP repo,2024.0,5.0,0.0
20.0,Female,B.Sc,0.0,Lead,SME,Remote,3.0,2.0,0.0,0.0,76445.0,59.0,2023-03-03,No relevant project mentioned,2023.0,3.0,3.0
28.0,Male,B.Sc,2.0,Senior,SME,Tier-1,1.0,1.0,0.0,7.0,81066.0,58.4,2024-08-15,No relevant project mentioned,2024.0,8.0,2.0
28.0,Male,B.Sc,3.0,Junior,Enterprise,Tier-2,5.0,0.0,1.0,4.0,67703.0,48.0,2023-09-03,Contributed to open-source NLP repo,2023.0,9.0,0.0
22.0,Male,B.Sc,0.0,Junior,SME,Tier-1,4.0,1.0,0.0,4.2,37724.0,60.0,2024-05-01,Built ML pipeline for preprocessing,2024.0,5.0,0.0
25.0,Male,B.Sc,0.0,Senior,Startup,Tier-1,7.0,2.0,0.0,6.0,63748.0,48.0,2024-01-08,Experience in data cleaning and ETL,2024.0,1.0,2.0
23.0,Male,B.Sc,2.0,Mid,Enterprise,Tier-2,4.0,0.0,1.0,3.0,62791.0,70.0,2024-05-29,Contributed to open-source NLP repo,2024.0,5.0,1.0
41.0,Female,B.Sc,16.0,Junior,Startup,Tier-1,4.0,0.0,0.0,0.0,175937.0,77.0,2023-02-20,No relevant project mentioned,2023.0,2.0,0.0
36.0,Male,M.Sc,12.0,Mid,Enterprise,Tier-2,4.0,1.0,0.0,3.0,174555.0,60.0,2024-09-08,Built ML pipeline for preprocessing,2024.0,9.0,1.0
38.0,Male,B.Sc,15.0,Senior,Startup,Tier-2,2.0,1.0,1.0,0.0,167902.0,42.0,2023-04-09,Built ML pipeline for preprocessing,2023.0,4.0,2.0
34.0,Male,B.Sc,11.0,Junior,SME,Tier-3,6.0,2.0,0.0,0.0,114402.0,53.0,2023-11-19,Built ML pipeline for preprocessing,2023.0,11.0,0.0
23.0,Male,M.Sc,2.0,Senior,Startup,Tier-2,4.2,1.0,0.0,2.8,83615.0,53.0,2024-08-14,Contributed to open-source NLP repo,2024.0,8.0,2.0
27.0,Male,M.Sc,4.0,Mid,Enterprise,Tier-2,7.0,2.0,0.0,0.0,94547.0,75.0,2024-03-16,Contributed to open-source NLP repo,2024.0,3.0,1.0
33.0,Male,B.Sc,12.0,Mid,SME,Tier-2,4.0,0.0,1.0,3.0,134863.0,39.0,2024-02-08,Worked on microservices deployment,2024.0,2.0,1.0
23.0,Male,M.Sc,0.0,Senior,SME,Tier-1,5.0,1.0,1.0,5.0,71551.0,59.0,2024-02-21,Built ML pipeline for preprocessing,2024.0,2.0,2.0
34.0,Male,B.Sc,9.4,Junior,Startup,Tier-3,6.0,1.0,1.0,1.0,131205.0,59.0,2024-11-13,Built ML pipeline for preprocessing,2024.0,11.0,0.0
29.0,Male,B.Sc,8.0,Mid,SME,Tier-1,6.0,0.0,1.0,0.0,104341.0,88.0,2023-06-04,Experience in data cleaning and ETL,2023.0,6.0,1.0
28.0,Male,B.Sc,5.0,Mid,Enterprise,Tier-1,6.0,3.0,1.0,1.0,115123.0,58.0,2024-06-25,No relevant project mentioned,2024.0,6.0,1.0
34.0,Male,M.Sc,10.0,Mid,SME,Tier-2,6.0,0.0,1.0,2.0,138097.0,52.0,2024-09-02,Contributed to open-source NLP repo,2024.0,9.0,1.0
33.0,Female,M.Sc,8.0,Junior,Startup,Remote,4.8,0.4,0.0,1.0,100667.0,70.0,2023-05-26,Experience in data cleaning and ETL,2023.0,5.0,0.0
28.0,Male,B.Sc,7.0,Mid,SME,Tier-1,4.0,1.0,1.0,6.0,104731.0,66.0,2023-08-23,Experience in data cleaning and ETL,2023.0,8.0,1.0
37.0,Male,B.Sc,14.0,Junior,SME,Tier-1,9.0,1.0,1.0,0.0,501270.0,65.0,2024-04-18,No relevant project mentioned,2024.0,4.0,0.0
24.0,Male,PhD,5.0,Junior,Startup,Tier-1,4.0,2.0,1.0,7.0,110068.0,61.0,2024-02-03,Built ML pipeline for preprocessing,2024.0,2.0,0.0
34.0,Male,B.Sc,8.8,Junior,Startup,Tier-1,9.0,1.0,0.0,0.0,110518.0,67.0,2024-09-02,Contributed to open-source NLP repo,2024.0,9.0,0.0
34.0,Male,B.Sc,10.0,Mid,Enterprise,Tier-2,4.0,2.0,0.0,1.0,114257.0,50.0,2024-04-04,Contributed to open-source NLP repo,2024.0,4.0,1.0
28.0,Male,B.Sc+Cert,6.0,Junior,Enterprise,Tier-1,5.0,0.0,1.0,2.2,88246.0,71.0,2024-12-02,Built ML pipeline for preprocessing,2024.0,12.0,0.0
32.0,Female,B.Sc,8.0,Mid,Startup,Tier-3,4.0,3.0,0.0,2.0,103635.0,62.0,2024-03-08,No relevant project mentioned,2024.0,3.0,1.0
22.0,Male,M.Sc,0.0,Junior,Enterprise,Tier-3,6.0,0.0,1.0,0.0,43646.0,71.0,2023-09-14,Contributed to open-source NLP repo,2023.0,9.0,0.0
36.0,Male,M.Sc,11.0,Junior,Startup,Tier-2,5.6,1.0,1.0,5.0,125853.0,65.0,2024-12-15,Worked on microservices deployment,2024.0,12.0,0.0
29.0,Male,B.Sc+Cert,5.0,Junior,SME,Tier-2,3.0,2.0,1.0,3.4,81462.0,62.0,2024-03-14,Worked on microservices deployment,2024.0,3.0,0.0
27.0,Female,B.Sc,7.0,Junior,SME,Tier-1,7.0,1.4,0.0,2.0,94208.0,56.0,2024-06-20,Worked on microservices deployment,2024.0,6.0,0.0
36.0,Male,B.Sc,12.0,Mid,Startup,Tier-1,7.0,2.0,0.0,0.0,176773.0,79.0,2023-06-24,No relevant project mentioned,2023.0,6.0,1.0
26.0,Male,B.Sc,3.0,Mid,SME,Tier-2,4.0,2.0,0.0,1.0,69174.0,70.0,2024-12-13,Worked on microservices deployment,2024.0,12.0,1.0
22.0,Male,B.Sc+Cert,2.0,Lead,Enterprise,Tier-1,6.0,2.0,1.0,0.0,141353.0,56.0,2024-05-05,Contributed to open-source NLP repo,2024.0,5.0,3.0
21.0,Male,M.Sc,0.0,Lead,Enterprise,Tier-2,4.2,1.0,1.0,7.0,100506.0,77.0,2023-10-10,No relevant project mentioned,2023.0,10.0,3.0
34.0,Male,B.Sc,11.0,Mid,Startup,Tier-1,4.4,0.0,0.0,0.0,126468.0,76.0,2024-08-27,Experience in data cleaning and ETL,2024.0,8.0,1.0
22.0,Male,B.Sc+Cert,0.0,Senior,Startup,Tier-1,7.0,1.0,1.0,1.0,62636.0,51.0,2024-07-15,Built ML pipeline for preprocessing,2024.0,7.0,2.0
41.0,Male,B.Sc,22.0,Junior,Enterprise,Tier-1,6.0,0.0,1.0,1.0,229574.0,62.0,2023-08-07,Contributed to open-source NLP repo,2023.0,8.0,0.0
20.0,Male,B.Sc,0.0,Mid,Startup,Tier-1,5.0,1.0,1.0,3.0,41621.0,61.0,2023-06-05,No relevant project mentioned,2023.0,6.0,1.0
40.0,Male,B.Sc,16.0,Mid,SME,Remote,4.0,2.0,0.0,0.0,612816.0,57.0,2023-02-26,Experience in data cleaning and ETL,2023.0,2.0,1.0
31.0,Male,B.Sc,7.0,Junior,Startup,Tier-1,3.0,1.0,0.0,4.0,85155.0,58.0,2024-05-25,Built ML pipeline for preprocessing,2024.0,5.0,0.0
29.0,Female,B.Sc+Cert,7.0,Junior,SME,Remote,7.0,2.0,0.0,1.0,93723.0,60.0,2023-12-04,Built ML pipeline for preprocessing,2023.0,12.0,0.0
27.0,Male,B.Sc,2.0,Junior,Startup,Tier-2,4.0,3.0,0.0,1.0,46381.0,50.0,2024-12-19,Contributed to open-source NLP repo,2024.0,12.0,0.0
32.0,Male,M.Eng,10.0,Mid,Enterprise,Remote,7.0,4.0,1.0,0.0,160764.0,56.0,2023-09-29,Built ML pipeline for preprocessing,2023.0,9.0,1.0
30.0,Male,M.Sc,8.0,Mid,Enterprise,Tier-2,6.0,1.0,0.0,2.0,125988.0,70.0,2024-12-27,Experience in data cleaning and ETL,2024.0,12.0,1.0
37.0,Male,B.Sc,13.0,Mid,Startup,Remote,4.0,0.0,1.0,1.0,153681.0,62.0,2023-07-03,Built ML pipeline for preprocessing,2023.0,7.0,1.0
31.0,Female,PhD,8.0,Mid,Enterprise,Tier-1,7.0,0.0,1.0,0.0,172825.0,57.0,2023-10-18,Built ML pipeline for preprocessing,2023.0,10.0,1.0
31.0,Male,B.Sc,7.0,Mid,SME,Tier-2,3.0,0.0,0.0,0.0,93705.0,62.0,2023-10-29,Built ML pipeline for preprocessing,2023.0,10.0,1.0
28.0,Male,B.Sc,4.0,Senior,Startup,Tier-1,6.0,0.0,1.0,3.0,104062.0,78.0,2024-08-01,Worked on microservices deployment,2024.0,8.0,2.0
30.0,Male,B.Sc,8.0,Junior,Enterprise,Tier-2,4.0,0.0,0.0,0.0,98000.0,54.2,2023-09-04,Contributed to open-source NLP repo,2023.0,9.0,0.0
32.0,Male,B.Sc+Cert,8.0,Senior,SME,Tier-2,5.0,0.0,1.0,0.0,130516.0,59.6,2023-01-16,Contributed to open-source NLP repo,2023.0,1.0,2.0
20.0,Male,B.Sc,0.0,Mid,Startup,Tier-2,4.0,1.0,0.0,2.0,36832.0,49.0,2023-12-01,Built ML pipeline for preprocessing,2023.0,12.0,1.0
22.0,Male,B.Sc,0.0,Mid,Startup,Tier-1,3.0,0.0,1.0,0.0,42252.0,47.0,2023-07-30,Worked on microservices deployment,2023.0,7.0,1.0
34.0,Male,B.Sc,14.2,Mid,Enterprise,Tier-1,5.0,0.4,1.0,1.0,153982.0,54.0,2024-08-08,Experience in data cleaning and ETL,2024.0,8.0,1.0
31.0,Female,B.Sc,4.0,Mid,Enterprise,Tier-2,5.0,0.8,1.0,2.0,80939.0,54.2,2024-01-08,Built ML pipeline for preprocessing,2024.0,1.0,1.0
29.0,Male,M.Sc,10.0,Junior,Enterprise,Tier-2,5.0,0.0,1.0,1.0,139905.0,59.0,2024-02-10,Contributed to open-source NLP repo,2024.0,2.0,0.0
30.0,Female,B.Sc,1.0,Mid,Startup,Tier-1,4.0,1.0,0.0,2.0,56315.0,48.0,2024-06-13,Worked on microservices deployment,2024.0,6.0,1.0
32.0,Female,B.Sc,8.0,Lead,Enterprise,Remote,3.0,2.0,0.0,0.0,154551.0,56.0,2023-01-22,Built ML pipeline for preprocessing,2023.0,1.0,3.0
27.0,Female,B.Sc,6.0,Mid,Startup,Remote,4.0,1.0,0.0,1.0,74258.0,67.0,2024-09-09,Built ML pipeline for preprocessing,2024.0,9.0,1.0
25.0,Male,B.Sc,0.2,Junior,Enterprise,Remote,8.0,1.0,0.0,7.0,51245.0,86.0,2023-04-29,Contributed to open-source NLP repo,2023.0,4.0,0.0
31.0,Male,B.Sc,3.0,Junior,Startup,Tier-3,7.0,2.0,1.0,1.0,58352.0,48.0,2024-06-11,Experience in data cleaning and ETL,2024.0,6.0,0.0
24.0,Female,B.Sc,1.0,Lead,SME,Tier-1,3.0,2.0,0.0,3.0,81964.0,76.0,2023-07-03,Built ML pipeline for preprocessing,2023.0,7.0,3.0
32.0,Male,PhD,10.0,Junior,SME,Remote,4.0,0.0,1.0,2.0,136618.0,52.0,2024-05-29,Experience in data cleaning and ETL,2024.0,5.0,0.0
20.0,Male,B.Sc,0.0,Junior,Enterprise,Tier-2,4.4,0.0,1.0,4.0,38498.0,63.0,2024-05-06,Contributed to open-source NLP repo,2024.0,5.0,0.0
36.0,Female,B.Sc,12.0,Mid,Enterprise,Tier-1,6.0,1.0,0.0,3.0,145783.0,74.0,2024-05-20,Built ML pipeline for preprocessing,2024.0,5.0,1.0
33.0,Female,B.Sc+Cert,12.0,Lead,SME,Tier-3,4.0,0.0,0.0,0.0,150363.0,67.0,2024-09-26,Built ML pipeline for preprocessing,2024.0,9.0,3.0
32.0,Male,B.Sc,9.0,Junior,SME,Tier-1,6.0,1.0,1.0,1.0,131097.0,63.0,2024-03-12,Built ML pipeline for preprocessing,2024.0,3.0,0.0
36.0,Male,M.Sc,11.0,Mid,Enterprise,Tier-2,2.0,1.0,0.0,5.0,149851.0,47.0,2023-04-15,Built ML pipeline for preprocessing,2023.0,4.0,1.0
40.0,Male,PhD,19.0,Mid,Startup,Tier-1,5.0,1.0,0.0,2.0,218689.0,44.0,2023-04-13,Experience in data cleaning and ETL,2023.0,4.0,1.0
36.0,Female,B.Sc,10.0,Junior,Enterprise,Tier-2,7.0,0.0,0.0,0.0,125739.0,61.0,2023-07-27,Worked on microservices deployment,2023.0,7.0,0.0
20.0,Female,B.Sc,0.0,Senior,Enterprise,Tier-2,5.0,3.0,1.0,1.0,72439.0,52.0,2024-10-22,Built ML pipeline for preprocessing,2024.0,10.0,2.0
22.0,Male,M.Sc,0.0,Mid,Startup,Tier-2,3.0,1.0,1.0,1.0,44752.0,53.0,2024-12-05,Contributed to open-source NLP repo,2024.0,12.0,1.0
26.0,Male,B.Sc,3.0,Mid,Startup,Tier-1,5.0,2.0,0.0,3.6,71499.0,71.0,2023-02-16,Experience in data cleaning and ETL,2023.0,2.0,1.0
30.0,Female,B.Sc,7.6,Senior,SME,Tier-2,6.0,0.0,0.0,2.0,108807.0,48.0,2023-10-31,Contributed to open-source NLP repo,2023.0,10.0,2.0
33.0,Male,B.Sc,8.0,Lead,Startup,Tier-2,3.0,0.0,0.0,2.0,96071.0,61.0,2023-06-16,Worked on microservices deployment,2023.0,6.0,3.0
26.0,Male,B.Sc,3.0,Mid,SME,Tier-1,4.4,1.0,0.0,1.0,73881.0,65.4,2024-05-08,Worked on microservices deployment,2024.0,5.0,1.0
31.0,Female,B.Sc,7.0,Junior,Enterprise,Remote,5.0,1.0,1.0,2.2,116166.0,61.0,2023-03-28,Worked on microservices deployment,2023.0,3.0,0.0
25.0,Male,B.Sc,11.8,Senior,SME,Tier-2,4.8,1.0,0.0,0.0,377596.0,44.0,2023-08-14,Built ML pipeline for preprocessing,2023.0,8.0,2.0
26.0,Male,B.Sc,0.0,Mid,Startup,Remote,4.0,2.0,1.0,1.0,44232.0,57.2,2023-04-30,No relevant project mentioned,2023.0,4.0,1.0
22.0,Male,M.Sc,0.0,Senior,SME,Tier-1,4.0,0.0,0.0,0.0,76838.0,50.0,2023-09-05,Worked on microservices deployment,2023.0,9.0,2.0
24.0,Male,B.Sc,0.0,Senior,SME,Tier-1,3.4,1.0,0.0,0.0,62369.0,59.0,2024-05-19,Built ML pipeline for preprocessing,2024.0,5.0,2.0
22.0,Female,B.Sc,1.0,Junior,Enterprise,Tier-1,4.0,0.0,0.0,1.0,55507.0,77.0,2023-12-19,Contributed to open-source NLP repo,2023.0,12.0,0.0
24.0,Male,M.Sc,1.0,Lead,Startup,Tier-2,1.0,0.0,1.0,3.0,76064.0,57.0,2023-05-24,Built ML pipeline for preprocessing,2023.0,5.0,3.0
36.0,Other,B.Sc,12.0,Mid,SME,Tier-1,4.0,1.0,1.0,0.0,147893.0,58.0,2023-12-16,Built ML pipeline for preprocessing,2023.0,12.0,1.0
24.0,Male,B.Sc,3.0,Mid,Enterprise,Tier-2,3.0,3.0,0.0,1.0,85917.0,72.0,2024-05-29,Built ML pipeline for preprocessing,2024.0,5.0,1.0
46.0,Male,B.Sc+Cert,17.0,Junior,SME,Tier-1,6.0,3.0,0.0,4.0,202192.0,54.6,2023-11-13,Experience in data cleaning and ETL,2023.0,11.0,0.0
33.0,Male,B.Sc,12.0,Senior,SME,Tier-1,5.4,0.0,1.0,1.0,168598.0,68.0,2023-01-26,Built ML pipeline for preprocessing,2023.0,1.0,2.0
31.0,Male,B.Sc,10.0,Mid,Startup,Tier-2,6.0,3.0,0.0,1.0,114304.0,57.0,2024-06-13,Experience in data cleaning and ETL,2024.0,6.0,1.0
25.0,Male,B.Sc,3.0,Mid,Enterprise,Remote,8.0,1.0,0.0,5.0,75016.0,54.4,2023-11-18,Built ML pipeline for preprocessing,2023.0,11.0,1.0
34.0,Male,B.Sc,11.0,Senior,SME,Tier-1,6.0,1.0,0.0,3.0,166847.0,55.0,2023-10-23,Built ML pipeline for preprocessing,2023.0,10.0,2.0
27.0,Male,B.Sc+Cert,3.0,Mid,Enterprise,Tier-3,10.0,2.0,0.0,4.0,81498.0,64.0,2023-05-11,Built ML pipeline for preprocessing,2023.0,5.0,1.0
31.0,Male,B.Sc+Cert,9.0,Mid,Enterprise,Tier-3,6.0,0.0,0.0,1.0,125544.0,51.0,2023-01-17,Built ML pipeline for preprocessing,2023.0,1.0,1.0
45.0,Female,B.Sc,25.0,Senior,SME,Tier-2,5.0,1.0,0.0,7.0,255889.0,52.0,2024-08-04,Experience in data cleaning and ETL,2024.0,8.0,2.0
29.0,Male,M.Sc,6.0,Mid,SME,Remote,5.0,1.0,0.0,0.0,97972.0,54.0,2023-07-04,Contributed to open-source NLP repo,2023.0,7.0,1.0
37.0,Female,B.Sc+Cert,14.0,Senior,Startup,Remote,2.0,2.0,0.0,6.0,167530.0,63.0,2023-02-18,Contributed to open-source NLP repo,2023.0,2.0,2.0
26.0,Male,B.Sc+Cert,4.0,Senior,Startup,Tier-1,3.0,1.0,1.0,1.4,97804.0,71.0,2023-03-17,Experience in data cleaning and ETL,2023.0,3.0,2.0
30.0,Male,B.Sc,7.0,Mid,Enterprise,Tier-2,2.0,0.0,0.0,2.0,83259.0,73.0,2024-06-11,Built ML pipeline for preprocessing,2024.0,6.0,1.0
41.0,Male,B.Sc,13.0,Mid,SME,Tier-2,5.0,1.0,0.0,2.0,303872.0,57.0,2023-01-06,Experience in data cleaning and ETL,2023.0,1.0,1.0
26.0,Male,B.Sc,2.6,Junior,SME,Tier-2,1.0,3.0,0.0,4.0,69948.0,64.0,2023-02-03,Contributed to open-source NLP repo,2023.0,2.0,0.0
41.0,Male,B.Sc+Cert,18.0,Mid,Enterprise,Tier-1,5.0,1.0,1.0,1.0,231091.0,49.0,2023-02-28,No relevant project mentioned,2023.0,2.0,1.0
34.0,Female,B.Sc,11.0,Mid,Startup,Remote,4.0,1.0,0.0,2.0,131955.0,50.0,2023-03-08,Contributed to open-source NLP repo,2023.0,3.0,1.0
27.0,Female,M.Sc,4.0,Senior,SME,Tier-3,3.0,1.0,1.0,5.0,85362.0,49.0,2023-09-12,Contributed to open-source NLP repo,2023.0,9.0,2.0
34.0,Male,B.Sc,11.0,Junior,SME,Tier-1,5.0,0.0,1.0,0.0,129920.0,77.0,2024-02-07,Worked on microservices deployment,2024.0,2.0,0.0
36.0,Male,B.Sc,13.0,Junior,SME,Tier-1,1.0,0.0,1.0,5.0,125040.0,60.0,2023-06-06,Built ML pipeline for preprocessing,2023.0,6.0,0.0
34.0,Female,B.Sc,10.0,Junior,Enterprise,Remote,10.0,0.0,0.0,3.0,140384.0,75.0,2023-02-01,Built ML pipeline for preprocessing,2023.0,2.0,0.0
21.0,Male,PhD,5.0,Junior,SME,Tier-1,1.0,0.0,0.0,3.0,100974.0,69.0,2023-01-10,Built ML pipeline for preprocessing,2023.0,1.0,0.0
26.0,Female,B.Sc,4.0,Mid,SME,Tier-2,13.0,1.0,1.0,0.0,84596.0,49.0,2024-12-04,No relevant project mentioned,2024.0,12.0,1.0
29.0,Female,B.Sc,6.0,Junior,SME,Tier-1,5.8,2.0,0.0,0.0,105276.0,65.0,2024-01-10,No relevant project mentioned,2024.0,1.0,0.0
30.0,Female,B.Sc,11.0,Junior,Startup,Tier-1,3.0,0.0,1.0,6.0,128690.0,55.0,2023-12-15,Built ML pipeline for preprocessing,2023.0,12.0,0.0
34.0,Male,B.Sc,9.0,Junior,SME,Tier-1,8.0,0.0,0.0,0.0,105087.0,56.0,2024-08-11,Built ML pipeline for preprocessing,2024.0,8.0,0.0
31.0,Male,B.Sc,7.0,Senior,SME,Tier-1,5.0,1.0,0.0,2.0,140842.0,65.0,2024-06-15,No relevant project mentioned,2024.0,6.0,2.0
22.0,Male,B.Sc,0.0,Senior,Enterprise,Tier-1,5.2,1.0,1.0,4.0,76867.0,36.0,2023-06-05,No relevant project mentioned,2023.0,6.0,2.0
32.0,Male,B.Sc,9.0,Junior,Enterprise,Tier-2,1.0,1.0,1.0,0.0,92339.0,78.0,2023-01-27,No relevant project mentioned,2023.0,1.0,0.0
34.0,Female,B.Sc,8.0,Mid,SME,Tier-2,1.0,0.0,1.0,2.6,122334.0,59.0,2023-06-02,No relevant project mentioned,2023.0,6.0,1.0
33.0,Male,B.Sc,12.0,Mid,SME,Tier-1,7.0,1.0,1.0,0.0,159260.0,55.0,2023-10-12,Worked on microservices deployment,2023.0,10.0,1.0
36.0,Male,B.Sc,13.0,Junior,Startup,Tier-3,5.4,1.0,1.0,3.6,128798.0,66.0,2024-09-19,Built ML pipeline for preprocessing,2024.0,9.0,0.0
35.0,Female,B.Sc+Cert,13.0,Mid,Startup,Tier-2,6.0,1.0,0.0,1.0,147090.0,56.0,2023-09-07,Built ML pipeline for preprocessing,2023.0,9.0,1.0
33.0,Female,B.Sc+Cert,7.8,Junior,SME,Tier-2,6.0,0.0,0.0,2.0,108944.0,65.0,2024-03-04,No relevant project mentioned,2024.0,3.0,0.0
30.0,Female,B.Sc,6.0,Senior,SME,Tier-2,7.0,0.0,0.0,5.0,87448.0,65.0,2024-07-10,Contributed to open-source NLP repo,2024.0,7.0,2.0
20.0,Female,M.Sc,0.2,Junior,Startup,Tier-2,3.0,3.0,1.0,0.0,44415.0,55.0,2023-10-13,Contributed to open-source NLP repo,2023.0,10.0,0.0
33.0,Male,B.Sc,12.0,Lead,SME,Remote,6.0,1.0,0.0,1.0,182142.0,75.0,2024-05-20,Contributed to open-source NLP repo,2024.0,5.0,3.0
31.0,Male,B.Sc,10.0,Junior,Enterprise,Tier-2,5.0,0.0,1.0,1.0,119539.0,57.0,2023-10-21,Worked on microservices deployment,2023.0,10.0,0.0
32.0,Female,M.Eng,9.0,Mid,Startup,Tier-1,1.0,1.0,0.0,1.0,123466.0,69.0,2024-03-19,Contributed to open-source NLP repo,2024.0,3.0,1.0
22.0,Male,B.Sc+Cert,0.0,Senior,Enterprise,Tier-3,6.0,0.0,0.0,2.0,56329.0,65.0,2023-10-15,Contributed to open-source NLP repo,2023.0,10.0,2.0
24.0,Male,B.Sc,0.0,Junior,Startup,Tier-1,2.0,1.0,1.0,5.0,37078.0,72.0,2023-11-02,No relevant project mentioned,2023.0,11.0,0.0
36.0,Male,B.Sc,14.0,Mid,SME,Tier-1,7.0,1.0,0.0,7.0,153065.0,58.0,2023-03-12,Contributed to open-source NLP repo,2023.0,3.0,1.0
30.0,Male,B.Sc+Cert,7.0,Mid,Enterprise,Tier-2,3.0,3.0,0.0,2.0,92880.0,63.0,2023-06-12,Experience in data cleaning and ETL,2023.0,6.0,1.0
34.0,Female,B.Sc,10.0,Mid,SME,Tier-3,6.0,1.0,0.0,3.0,123045.0,55.0,2024-04-25,Worked on microservices deployment,2024.0,4.0,1.0
30.0,Male,B.Sc,6.0,Junior,Enterprise,Tier-1,5.0,2.0,0.0,2.2,104675.0,59.0,2024-08-10,No relevant project mentioned,2024.0,8.0,0.0
30.0,Male,B.Sc,9.2,Junior,Startup,Remote,8.0,1.0,0.0,2.2,134459.0,62.0,2023-12-09,No relevant project mentioned,2023.0,12.0,0.0
36.0,Male,B.Sc,13.0,Mid,SME,Tier-1,3.0,0.0,0.0,0.0,137670.0,47.0,2024-05-31,Built ML pipeline for preprocessing,2024.0,5.0,1.0
27.0,Male,M.Sc,4.0,Mid,SME,Tier-1,3.8,1.0,1.0,4.0,83277.0,48.0,2023-04-17,No relevant project mentioned,2023.0,4.0,1.0
31.0,Male,M.Sc,7.0,Mid,SME,Remote,5.0,1.0,0.0,6.0,109066.0,46.0,2024-09-22,No relevant project mentioned,2024.0,9.0,1.0
27.0,Male,PhD,2.0,Junior,Enterprise,Tier-2,9.0,3.0,0.0,5.0,89393.0,57.0,2024-08-31,Built ML pipeline for preprocessing,2024.0,8.0,0.0
27.0,Female,B.Sc,0.2,Junior,Enterprise,Tier-3,3.0,2.0,0.0,2.0,48335.0,86.0,2024-11-23,Built ML pipeline for preprocessing,2024.0,11.0,0.0
28.0,Male,B.Sc,5.0,Mid,Enterprise,Tier-3,6.4,0.0,0.0,1.0,81617.0,48.0,2024-05-12,Experience in data cleaning and ETL,2024.0,5.0,1.0
31.0,Male,B.Sc,7.0,Mid,Startup,Remote,3.0,3.0,0.0,2.0,94472.0,73.0,2023-01-01,Built ML pipeline for preprocessing,2023.0,1.0,1.0
27.0,Male,B.Sc,7.0,Mid,SME,Tier-1,3.0,1.0,1.0,1.0,104822.0,52.0,2024-08-20,Experience in data cleaning and ETL,2024.0,8.0,1.0
38.0,Male,B.Sc,14.0,Junior,SME,Tier-1,4.0,0.2,1.0,1.0,146354.0,52.0,2024-04-20,Built ML pipeline for preprocessing,2024.0,4.0,0.0
25.0,Male,PhD,6.0,Junior,SME,Tier-3,4.2,0.0,1.0,1.0,100999.0,55.0,2024-03-28,Worked on microservices deployment,2024.0,3.0,0.0
29.0,Female,B.Sc+Cert,1.0,Junior,Enterprise,Tier-2,2.0,1.0,1.0,1.0,45105.0,65.0,2023-03-06,Built ML pipeline for preprocessing,2023.0,3.0,0.0
27.0,Male,B.Sc,6.0,Junior,Startup,Tier-2,4.0,3.0,1.0,1.0,90157.0,71.0,2024-04-29,Built ML pipeline for preprocessing,2024.0,4.0,0.0
39.0,Female,M.Sc,15.0,Junior,SME,Tier-1,3.0,2.0,1.0,0.0,181026.0,58.0,2024-09-06,Built ML pipeline for preprocessing,2024.0,9.0,0.0
31.0,Male,B.Sc,5.0,Mid,SME,Tier-1,4.8,1.0,1.0,1.0,86442.0,80.0,2024-02-26,No relevant project mentioned,2024.0,2.0,1.0
36.0,Male,B.Sc,14.0,Mid,Enterprise,Tier-2,5.8,0.0,1.0,2.0,181411.0,42.0,2024-06-19,Worked on microservices deployment,2024.0,6.0,1.0
21.0,Male,M.Sc,0.0,Mid,Enterprise,Tier-1,4.0,0.0,1.0,0.0,66882.0,55.0,2023-05-31,Contributed to open-source NLP repo,2023.0,5.0,1.0
32.0,Female,B.Sc,10.0,Junior,SME,Tier-1,4.0,2.0,0.0,4.0,132181.0,56.0,2024-01-26,Contributed to open-source NLP repo,2024.0,1.0,0.0
35.0,Male,PhD,10.6,Junior,Startup,Tier-1,4.0,1.0,0.0,2.0,134603.0,51.0,2024-02-19,Built ML pipeline for preprocessing,2024.0,2.0,0.0
30.0,Male,M.Sc,3.8,Mid,SME,Tier-1,9.0,0.0,0.0,4.0,103642.0,66.0,2023-01-07,Built ML pipeline for preprocessing,2023.0,1.0,1.0
36.0,Male,B.Sc,14.0,Senior,SME,Tier-3,11.0,0.0,1.0,0.0,169030.0,67.0,2024-05-30,Built ML pipeline for preprocessing,2024.0,5.0,2.0
27.0,Male,M.Sc,5.0,Mid,Enterprise,Tier-3,4.0,2.0,0.0,4.0,102335.0,66.0,2024-11-24,Built ML pipeline for preprocessing,2024.0,11.0,1.0
38.0,Male,B.Sc,12.0,Mid,SME,Tier-1,4.0,0.0,0.0,6.0,133432.0,59.0,2024-04-10,No relevant project mentioned,2024.0,4.0,1.0
44.0,Male,B.Sc,22.0,Senior,SME,Tier-1,2.0,0.0,0.0,1.0,246269.0,78.0,2023-04-14,Built ML pipeline for preprocessing,2023.0,4.0,2.0
28.0,Male,B.Sc,6.0,Mid,SME,Tier-2,5.0,2.0,1.0,1.0,91974.0,53.0,2024-04-08,Built ML pipeline for preprocessing,2024.0,4.0,1.0
27.0,Male,B.Sc,5.0,Junior,SME,Tier-1,6.0,0.0,0.0,2.0,75278.0,70.0,2024-07-17,Worked on microservices deployment,2024.0,7.0,0.0
39.0,Male,M.Sc,16.0,Mid,Enterprise,Tier-3,3.0,1.0,1.0,2.0,158255.0,54.8,2024-08-16,Contributed to open-source NLP repo,2024.0,8.0,1.0
39.0,Female,B.Sc,15.0,Junior,Startup,Tier-3,4.0,1.0,1.0,0.0,143310.0,67.0,2024-07-13,Contributed to open-source NLP repo,2024.0,7.0,0.0
27.0,Female,M.Sc,1.8,Mid,SME,Remote,2.0,0.0,0.0,6.0,76385.0,61.0,2023-12-17,Built ML pipeline for preprocessing,2023.0,12.0,1.0
27.0,Female,M.Sc,5.0,Mid,Enterprise,Tier-2,6.0,1.0,1.0,2.0,389648.0,63.0,2024-12-29,No relevant project mentioned,2024.0,12.0,1.0
28.0,Male,B.Sc,5.0,Senior,Startup,Tier-1,8.0,1.0,1.0,3.0,98218.0,44.0,2024-01-01,Built ML pipeline for preprocessing,2024.0,1.0,2.0
22.0,Male,M.Eng,0.0,Junior,Enterprise,Tier-2,6.0,0.0,0.0,1.0,50766.0,68.0,2023-07-01,Built ML pipeline for preprocessing,2023.0,7.0,0.0
24.0,Male,B.Sc,5.0,Mid,SME,Tier-1,6.0,1.0,0.0,1.0,88804.0,64.0,2023-08-31,Built ML pipeline for preprocessing,2023.0,8.0,1.0
24.0,Male,B.Sc,2.0,Mid,SME,Tier-1,6.0,0.0,0.0,0.0,67251.0,76.0,2023-08-08,Built ML pipeline for preprocessing,2023.0,8.0,1.0
25.0,Male,B.Sc,3.0,Senior,Startup,Tier-1,5.0,0.0,0.0,1.0,88061.0,61.0,2023-07-27,Built ML pipeline for preprocessing,2023.0,7.0,2.0
30.0,Male,B.Sc,4.0,Senior,SME,Tier-2,2.0,4.0,1.0,7.0,85436.0,55.0,2024-09-30,Built ML pipeline for preprocessing,2024.0,9.0,2.0
31.0,Male,B.Sc,8.0,Lead,SME,Tier-1,4.8,2.0,0.0,3.0,134004.0,55.0,2023-07-01,Built ML pipeline for preprocessing,2023.0,7.0,3.0
39.0,Male,M.Sc,19.0,Junior,Startup,Tier-1,1.0,3.0,1.0,4.0,183729.0,38.0,2024-03-04,Experience in data cleaning and ETL,2024.0,3.0,0.0
24.0,Female,B.Sc,0.0,Mid,SME,Tier-2,5.0,1.0,0.0,6.0,39102.0,63.0,2023-02-04,Contributed to open-source NLP repo,2023.0,2.0,1.0
36.0,Male,B.Sc,13.0,Junior,Startup,Remote,3.0,2.0,1.0,0.0,132511.0,52.0,2024-11-05,Built ML pipeline for preprocessing,2024.0,11.0,0.0
29.0,Male,B.Sc+Cert,5.0,Junior,SME,Tier-1,6.0,0.0,0.0,1.4,96154.0,53.0,2024-02-25,No relevant project mentioned,2024.0,2.0,0.0
30.0,Male,M.Sc,8.0,Senior,Enterprise,Tier-2,3.0,3.0,1.0,6.0,150367.0,61.6,2023-07-22,Worked on microservices deployment,2023.0,7.0,2.0
34.0,Male,B.Sc+Cert,10.0,Lead,Startup,Tier-1,3.0,0.0,0.0,2.0,146464.0,70.0,2023-06-11,Experience in data cleaning and ETL,2023.0,6.0,3.0
23.0,Male,B.Sc,0.0,Junior,Startup,Remote,6.0,0.0,0.0,2.0,33554.0,52.0,2024-02-12,Built ML pipeline for preprocessing,2024.0,2.0,0.0
32.0,Female,M.Sc,7.0,Junior,Enterprise,Tier-1,8.0,0.0,0.0,1.0,116067.0,58.4,2023-12-15,Worked on microservices deployment,2023.0,12.0,0.0
31.0,Female,B.Sc+Cert,10.0,Junior,SME,Remote,4.0,0.0,0.0,4.0,129471.0,59.2,2023-01-04,Built ML pipeline for preprocessing,2023.0,1.0,0.0
33.0,Male,M.Sc,9.6,Senior,Startup,Tier-1,5.0,1.0,0.0,2.0,140461.0,40.0,2023-12-27,Built ML pipeline for preprocessing,2023.0,12.0,2.0
32.0,Female,M.Sc,12.0,Junior,SME,Tier-3,4.0,0.0,0.0,4.0,143302.0,69.0,2024-08-12,Worked on microservices deployment,2024.0,8.0,0.0
45.0,Other,B.Sc,21.0,Junior,Startup,Tier-1,6.0,1.0,0.0,7.0,209511.0,56.0,2024-10-25,Built ML pipeline for preprocessing,2024.0,10.0,0.0
26.0,Female,B.Sc,0.2,Junior,Startup,Tier-1,3.0,0.0,1.0,2.0,44404.0,65.0,2023-12-24,Built ML pipeline for preprocessing,2023.0,12.0,0.0
27.0,Female,B.Sc,4.0,Mid,Enterprise,Tier-1,5.0,1.0,1.0,2.0,96411.0,48.0,2024-09-19,Worked on microservices deployment,2024.0,9.0,1.0
26.0,Male,B.Sc,0.0,Senior,Enterprise,Tier-1,3.0,3.0,1.0,1.0,90513.0,60.2,2023-02-05,Built ML pipeline for preprocessing,2023.0,2.0,2.0
27.0,Male,B.Sc+Cert,5.0,Junior,SME,Tier-3,7.0,0.0,1.0,0.0,85361.0,62.0,2023-12-01,Built ML pipeline for preprocessing,2023.0,12.0,0.0
26.0,Male,B.Sc,2.0,Mid,Startup,Tier-2,4.0,1.0,1.0,3.0,56736.0,52.0,2023-10-18,Built ML pipeline for preprocessing,2023.0,10.0,1.0
37.0,Male,B.Sc+Cert,12.0,Junior,Startup,Tier-2,6.0,1.0,0.0,0.0,127523.0,44.0,2023-10-12,No relevant project mentioned,2023.0,10.0,0.0
39.0,Other,B.Sc+Cert,17.0,Mid,Enterprise,Remote,6.0,4.0,0.0,6.0,220798.0,54.2,2023-02-05,Contributed to open-source NLP repo,2023.0,2.0,1.0
27.0,Male,B.Sc,5.0,Mid,Startup,Tier-2,3.0,1.0,0.0,2.0,71404.0,67.6,2023-11-20,No relevant project mentioned,2023.0,11.0,1.0
25.0,Female,B.Sc,0.0,Junior,SME,Remote,4.0,5.0,0.0,6.0,49878.0,55.0,2024-04-07,Built ML pipeline for preprocessing,2024.0,4.0,0.0
33.0,Female,B.Sc+Cert,10.0,Junior,Startup,Tier-1,11.0,4.0,0.0,1.0,126641.0,43.0,2024-01-30,Worked on microservices deployment,2024.0,1.0,0.0
27.0,Female,B.Sc+Cert,7.0,Senior,SME,Remote,7.0,0.0,0.0,6.0,119800.0,56.0,2024-07-20,Built ML pipeline for preprocessing,2024.0,7.0,2.0
34.0,Other,B.Sc,11.0,Junior,Startup,Tier-1,3.0,0.0,0.0,2.0,127921.0,64.0,2023-02-18,Built ML pipeline for preprocessing,2023.0,2.0,0.0
31.0,Male,B.Sc,8.0,Mid,SME,Tier-2,2.0,1.2,0.0,4.0,84252.0,45.0,2024-04-07,Contributed to open-source NLP repo,2024.0,4.0,1.0
21.0,Male,B.Sc,0.0,Mid,Enterprise,Tier-2,4.0,1.0,1.0,0.0,54027.0,58.0,2023-11-09,Contributed to open-source NLP repo,2023.0,11.0,1.0
39.0,Male,M.Sc,16.0,Junior,SME,Tier-2,11.0,0.4,0.0,2.0,179782.0,36.0,2023-12-21,Contributed to open-source NLP repo,2023.0,12.0,0.0
41.0,Male,B.Sc,18.0,Mid,Startup,Tier-2,7.0,1.0,0.0,2.0,176191.0,58.0,2023-12-09,Experience in data cleaning and ETL,2023.0,12.0,1.0
26.0,Male,M.Sc,5.0,Senior,Enterprise,Tier-1,5.8,1.0,0.0,1.0,135998.0,53.6,2023-02-24,Experience in data cleaning and ETL,2023.0,2.0,2.0
28.0,Male,B.Sc,5.0,Mid,Startup,Remote,4.0,2.0,0.0,1.0,75804.0,55.0,2023-11-08,Experience in data cleaning and ETL,2023.0,11.0,1.0
32.0,Female,B.Sc,3.0,Junior,SME,Remote,6.0,1.0,0.0,5.0,73106.0,77.0,2023-09-17,Contributed to open-source NLP repo,2023.0,9.0,0.0
32.0,Male,B.Sc,10.0,Mid,SME,Remote,8.0,1.0,0.0,0.0,126266.0,69.0,2024-10-03,Experience in data cleaning and ETL,2024.0,10.0,1.0
34.0,Male,B.Sc,15.0,Mid,Startup,Remote,4.0,1.0,0.0,0.0,146609.0,59.0,2023-03-29,Contributed to open-source NLP repo,2023.0,3.0,1.0
42.0,Male,B.Sc,15.0,Mid,SME,Tier-3,7.0,3.0,0.0,1.0,169112.0,73.0,2023-11-16,Worked on microservices deployment,2023.0,11.0,1.0
29.0,Male,B.Sc,7.0,Mid,Enterprise,Remote,9.0,0.0,0.0,5.0,435604.0,48.0,2024-01-25,Worked on microservices deployment,2024.0,1.0,1.0
25.0,Male,B.Sc,5.0,Junior,Enterprise,Remote,5.0,2.0,0.0,2.0,93089.0,49.0,2023-09-27,Built ML pipeline for preprocessing,2023.0,9.0,0.0
22.0,Female,B.Sc,0.2,Mid,SME,Tier-2,6.0,2.0,0.0,1.0,42073.0,59.0,2024-04-04,No relevant project mentioned,2024.0,4.0,1.0
26.0,Male,B.Sc,2.0,Mid,Startup,Tier-3,2.0,4.0,1.0,1.0,47358.0,60.8,2023-12-27,Worked on microservices deployment,2023.0,12.0,1.0
30.0,Female,PhD,9.0,Junior,SME,Remote,4.0,1.0,0.0,4.0,124577.0,53.8,2023-05-06,Built ML pipeline for preprocessing,2023.0,5.0,0.0
41.0,Male,B.Sc,16.0,Mid,SME,Tier-3,4.0,1.0,0.0,0.0,147797.0,60.0,2023-07-04,Experience in data cleaning and ETL,2023.0,7.0,1.0
27.0,Female,B.Sc,8.0,Junior,SME,Tier-2,8.0,0.0,0.0,1.0,98904.0,53.0,2023-12-31,No relevant project mentioned,2023.0,12.0,0.0
31.0,Male,M.Sc,11.0,Junior,SME,Tier-1,5.4,0.0,0.0,0.0,131240.0,55.0,2024-06-25,Contributed to open-source NLP repo,2024.0,6.0,0.0
30.0,Male,PhD,4.0,Lead,SME,Tier-3,9.0,1.0,1.0,1.0,111339.0,58.0,2024-12-20,Worked on microservices deployment,2024.0,12.0,3.0
37.0,Male,B.Sc,13.0,Junior,Startup,Remote,8.0,0.0,0.0,2.0,124759.0,53.0,2023-01-08,Built ML pipeline for preprocessing,2023.0,1.0,0.0
45.0,Female,M.Sc,21.8,Junior,Startup,Tier-1,5.0,4.0,0.0,2.0,256410.0,68.0,2024-10-15,Worked on microservices deployment,2024.0,10.0,0.0
27.0,Male,M.Sc,5.0,Mid,SME,Tier-1,5.0,2.0,0.0,3.0,112773.0,59.0,2024-12-24,Built ML pipeline for preprocessing,2024.0,12.0,1.0
27.0,Male,M.Sc,13.0,Lead,SME,Tier-1,8.0,1.0,1.0,0.0,149222.0,51.8,2024-02-18,Contributed to open-source NLP repo,2024.0,2.0,3.0
36.0,Other,B.Sc,11.0,Lead,Enterprise,Tier-2,9.0,0.0,1.0,1.0,163338.0,51.0,2023-05-12,Worked on microservices deployment,2023.0,5.0,3.0
34.0,Female,M.Sc,17.8,Mid,SME,Tier-1,6.0,1.0,1.0,0.0,202503.0,52.0,2023-12-22,Built ML pipeline for preprocessing,2023.0,12.0,1.0
41.0,Male,B.Sc,16.0,Junior,Enterprise,Tier-2,8.0,1.0,0.0,0.0,172197.0,68.0,2023-11-19,Worked on microservices deployment,2023.0,11.0,0.0
34.0,Female,M.Sc,12.0,Senior,Enterprise,Remote,4.0,2.0,1.0,2.2,185439.0,61.0,2023-04-12,Built ML pipeline for preprocessing,2023.0,4.0,2.0
28.0,Male,M.Sc,6.0,Mid,Enterprise,Tier-2,3.0,0.0,0.0,2.0,108293.0,58.8,2024-04-10,No relevant project mentioned,2024.0,4.0,1.0
34.0,Male,B.Sc,4.0,Mid,Startup,Tier-1,4.0,0.0,1.0,1.0,77807.0,56.0,2024-03-04,No relevant project mentioned,2024.0,3.0,1.0
37.0,Male,M.Eng,16.0,Senior,Enterprise,Remote,6.0,1.0,1.0,3.0,226067.0,75.0,2023-03-16,Built ML pipeline for preprocessing,2023.0,3.0,2.0
35.0,Female,B.Sc,15.0,Mid,Startup,Tier-2,8.0,1.0,1.0,2.0,152721.0,65.0,2023-04-10,No relevant project mentioned,2023.0,4.0,1.0
33.0,Female,M.Eng,11.0,Junior,Startup,Tier-1,5.0,1.0,0.0,0.0,112515.0,56.4,2023-08-24,Built ML pipeline for preprocessing,2023.0,8.0,0.0
36.0,Male,B.Sc,18.0,Senior,SME,Tier-2,6.0,1.0,1.0,1.0,200757.0,59.0,2023-09-26,Built ML pipeline for preprocessing,2023.0,9.0,2.0
37.0,Male,B.Sc,17.0,Mid,Startup,Tier-2,7.0,1.0,0.0,2.0,149108.0,55.0,2024-07-20,Built ML pipeline for preprocessing,2024.0,7.0,1.0
38.0,Male,B.Sc,15.0,Junior,Startup,Tier-3,5.0,0.0,0.0,5.0,138368.0,63.6,2023-09-11,Built ML pipeline for preprocessing,2023.0,9.0,0.0
34.0,Other,B.Sc+Cert,12.0,Junior,Startup,Remote,10.0,0.0,1.0,4.0,131240.0,64.0,2024-12-27,Contributed to open-source NLP repo,2024.0,12.0,0.0
29.0,Other,B.Sc,4.0,Mid,Startup,Tier-1,2.0,2.0,0.0,1.0,70462.0,65.0,2023-11-25,Worked on microservices deployment,2023.0,11.0,1.0
31.0,Male,B.Sc,9.0,Junior,SME,Tier-1,6.0,0.0,0.0,2.0,116630.0,41.0,2023-10-26,Built ML pipeline for preprocessing,2023.0,10.0,0.0
37.0,Female,B.Sc,17.0,Junior,Startup,Tier-1,4.0,0.0,0.0,1.0,165919.0,54.0,2024-01-05,No relevant project mentioned,2024.0,1.0,0.0
25.0,Female,M.Sc,3.0,Mid,SME,Tier-3,8.0,0.0,1.0,2.0,75872.0,62.0,2024-11-01,Contributed to open-source NLP repo,2024.0,11.0,1.0
32.0,Male,B.Sc,11.0,Senior,Enterprise,Tier-3,2.0,0.0,0.0,5.0,116708.0,37.0,2023-09-16,Experience in data cleaning and ETL,2023.0,9.0,2.0
28.0,Male,B.Sc,9.0,Mid,SME,Tier-2,4.0,0.0,0.0,2.0,117846.0,50.0,2023-08-16,Built ML pipeline for preprocessing,2023.0,8.0,1.0
30.0,Male,B.Sc,6.0,Senior,SME,Tier-1,4.0,0.0,1.0,1.0,121231.0,68.0,2024-01-12,Worked on microservices deployment,2024.0,1.0,2.0
38.0,Male,B.Sc,15.0,Senior,Enterprise,Remote,7.0,1.0,0.0,2.0,193373.0,76.0,2023-05-25,No relevant project mentioned,2023.0,5.0,2.0
31.0,Male,B.Sc,8.0,Mid,Startup,Remote,8.0,1.0,0.0,5.0,124841.0,75.0,2023-03-21,Worked on microservices deployment,2023.0,3.0,1.0
30.0,Male,B.Sc,6.0,Junior,SME,Tier-1,5.0,1.0,1.0,0.0,97602.0,54.0,2023-02-08,Worked on microservices deployment,2023.0,2.0,0.0
22.0,Female,M.Sc,0.0,Senior,Enterprise,Tier-3,5.0,0.0,0.0,2.0,65491.0,66.0,2024-12-06,Contributed to open-source NLP repo,2024.0,12.0,2.0
34.0,Male,B.Sc,12.0,Mid,Enterprise,Tier-2,4.0,3.0,0.0,1.0,166849.0,60.8,2024-12-09,Built ML pipeline for preprocessing,2024.0,12.0,1.0
34.0,Male,B.Sc,11.0,Junior,SME,Tier-1,8.0,2.0,0.0,0.0,136110.0,44.0,2023-04-07,Contributed to open-source NLP repo,2023.0,4.0,0.0
43.0,Male,B.Sc,20.0,Junior,Startup,Tier-1,5.0,0.6,1.0,1.0,184299.0,61.0,2023-09-03,Experience in data cleaning and ETL,2023.0,9.0,0.0
28.0,Male,PhD,5.0,Senior,Enterprise,Tier-1,4.0,1.0,1.0,1.0,174685.0,67.0,2023-11-29,No relevant project mentioned,2023.0,11.0,2.0
31.0,Male,B.Sc+Cert,9.0,Junior,Startup,Tier-1,6.0,0.0,1.0,0.0,126681.0,56.0,2024-08-10,No relevant project mentioned,2024.0,8.0,0.0
31.0,Male,M.Eng,12.0,Junior,SME,Tier-2,2.0,1.0,0.0,1.0,119343.0,68.0,2024-02-07,Experience in data cleaning and ETL,2024.0,2.0,0.0
39.0,Male,B.Sc,20.0,Mid,SME,Tier-1,6.2,0.0,0.0,2.0,203064.0,53.0,2023-10-05,Contributed to open-source NLP repo,2023.0,10.0,1.0
29.0,Male,B.Sc,7.0,Senior,SME,Tier-1,7.0,1.0,0.0,1.6,118487.0,41.0,2023-01-08,No relevant project mentioned,2023.0,1.0,2.0
32.0,Male,B.Sc,8.0,Mid,Enterprise,Tier-2,4.0,1.0,1.0,7.0,104793.0,61.0,2023-12-30,Built ML pipeline for preprocessing,2023.0,12.0,1.0
34.0,Male,B.Sc,9.0,Junior,Enterprise,Tier-1,7.0,0.0,0.0,1.0,119637.0,53.0,2024-03-27,Contributed to open-source NLP repo,2024.0,3.0,0.0
31.0,Female,B.Sc,9.0,Junior,Enterprise,Tier-3,3.0,1.0,0.0,2.0,98052.0,55.0,2024-12-11,Experience in data cleaning and ETL,2024.0,12.0,0.0
27.0,Male,M.Sc,2.0,Mid,Startup,Tier-2,7.0,1.0,1.0,1.0,68822.0,52.0,2023-09-09,Experience in data cleaning and ETL,2023.0,9.0,1.0
31.0,Male,B.Sc,8.0,Junior,SME,Tier-2,2.0,1.0,1.0,1.0,104409.0,72.0,2023-01-18,Built ML pipeline for preprocessing,2023.0,1.0,0.0
36.0,Female,M.Eng,12.0,Mid,Enterprise,Remote,3.0,1.0,1.0,2.0,172306.0,50.0,2024-01-25,Built ML pipeline for preprocessing,2024.0,1.0,1.0
24.0,Male,B.Sc,3.0,Junior,SME,Tier-1,5.0,0.0,0.0,2.0,64674.0,47.0,2023-08-30,No relevant project mentioned,2023.0,8.0,0.0
31.0,Male,M.Sc,6.0,Senior,Enterprise,Tier-2,4.0,0.0,0.0,4.0,140865.0,52.0,2023-09-10,Built ML pipeline for preprocessing,2023.0,9.0,2.0
26.0,Female,B.Sc,4.0,Mid,Enterprise,Tier-1,5.0,1.4,0.0,4.0,430108.0,48.0,2023-01-04,Experience in data cleaning and ETL,2023.0,1.0,1.0
37.0,Male,B.Sc,12.0,Junior,SME,Remote,6.0,0.0,1.0,2.0,142832.0,65.0,2024-01-08,No relevant project mentioned,2024.0,1.0,0.0
21.0,Male,M.Sc,0.0,Senior,Startup,Tier-3,4.0,1.0,1.0,0.0,47572.0,59.0,2024-02-29,Worked on microservices deployment,2024.0,2.0,2.0
27.0,Female,B.Sc,3.0,Junior,SME,Tier-1,7.0,0.0,1.0,2.0,70543.0,62.0,2023-06-28,Built ML pipeline for preprocessing,2023.0,6.0,0.0
32.0,Female,B.Sc,10.0,Junior,Enterprise,Tier-2,5.0,3.0,0.0,2.0,125309.0,76.0,2023-01-12,No relevant project mentioned,2023.0,1.0,0.0
39.0,Female,B.Sc,12.0,Senior,SME,Tier-1,7.0,0.0,1.0,0.0,173504.0,57.0,2023-10-20,Worked on microservices deployment,2023.0,10.0,2.0
30.0,Male,M.Sc,8.0,Junior,Enterprise,Remote,7.0,1.0,0.0,0.0,114431.0,63.0,2023-09-16,Contributed to open-source NLP repo,2023.0,9.0,0.0
27.0,Male,M.Sc,9.4,Mid,SME,Tier-1,3.0,0.0,1.0,1.0,126504.0,43.0,2024-03-04,Built ML pipeline for preprocessing,2024.0,3.0,1.0
41.0,Male,B.Sc,19.0,Junior,SME,Tier-3,4.0,0.0,0.0,1.0,179571.0,42.0,2024-08-19,Worked on microservices deployment,2024.0,8.0,0.0
21.0,Male,M.Eng,0.0,Junior,SME,Tier-1,7.0,1.2,0.0,2.0,53396.0,60.0,2023-10-22,Built ML pipeline for preprocessing,2023.0,10.0,0.0
20.0,Male,B.Sc,0.0,Junior,SME,Tier-2,6.0,1.0,0.0,3.0,35472.0,62.0,2023-11-29,Contributed to open-source NLP repo,2023.0,11.0,0.0
33.0,Male,B.Sc,5.0,Mid,Enterprise,Remote,5.0,0.0,0.0,1.0,104966.0,50.0,2023-04-22,Worked on microservices deployment,2023.0,4.0,1.0
27.0,Female,M.Sc,0.0,Mid,Startup,Remote,3.0,1.0,0.0,6.0,58321.0,71.0,2023-07-25,Built ML pipeline for preprocessing,2023.0,7.0,1.0
24.0,Male,M.Sc,2.0,Junior,Startup,Tier-1,6.0,3.0,0.0,0.0,66220.0,48.0,2023-08-10,Contributed to open-source NLP repo,2023.0,8.0,0.0
34.0,Male,PhD,14.0,Junior,Enterprise,Tier-2,6.0,1.0,0.0,0.0,163817.0,51.0,2024-06-13,Built ML pipeline for preprocessing,2024.0,6.0,0.0
31.0,Male,B.Sc,4.0,Senior,Startup,Tier-1,6.0,0.8,0.0,2.0,88717.0,68.0,2023-01-13,Built ML pipeline for preprocessing,2023.0,1.0,2.0
27.0,Male,M.Sc,4.0,Lead,SME,Tier-2,5.0,1.0,1.0,5.0,121433.0,82.0,2023-09-27,Worked on microservices deployment,2023.0,9.0,3.0
22.0,Male,M.Sc,0.0,Mid,Startup,Tier-1,3.0,0.0,0.0,3.0,51578.0,53.0,2024-07-06,Experience in data cleaning and ETL,2024.0,7.0,1.0
35.0,Male,B.Sc+Cert,11.0,Senior,Startup,Tier-1,4.0,1.2,1.0,3.0,152199.0,53.0,2023-02-09,Built ML pipeline for preprocessing,2023.0,2.0,2.0
34.0,Male,B.Sc,9.0,Mid,SME,Tier-2,6.0,1.0,1.0,4.0,116842.0,65.0,2024-05-19,Built ML pipeline for preprocessing,2024.0,5.0,1.0
29.0,Male,M.Sc,4.0,Junior,Enterprise,Tier-1,8.0,1.0,0.0,3.0,108791.0,61.0,2024-08-23,Worked on microservices deployment,2024.0,8.0,0.0
41.0,Female,B.Sc,19.0,Junior,Startup,Tier-2,1.0,2.0,0.0,3.0,181790.0,53.0,2024-09-04,Worked on microservices deployment,2024.0,9.0,0.0
24.0,Female,B.Sc,1.0,Junior,Startup,Tier-1,3.0,0.0,0.0,5.0,42150.0,45.0,2023-08-03,Built ML pipeline for preprocessing,2023.0,8.0,0.0
21.0,Male,B.Sc,0.0,Senior,Startup,Tier-1,4.0,0.0,0.0,3.0,46069.0,61.0,2023-10-31,Contributed to open-source NLP repo,2023.0,10.0,2.0
26.0,Male,B.Sc,0.0,Mid,SME,Tier-3,8.0,2.0,1.0,5.0,42656.0,65.0,2024-06-05,No relevant project mentioned,2024.0,6.0,1.0
30.0,Female,M.Sc,10.0,Mid,Startup,Tier-1,7.0,0.0,0.0,0.0,138901.0,50.0,2024-12-29,Worked on microservices deployment,2024.0,12.0,1.0
31.0,Female,B.Sc+Cert,9.0,Junior,SME,Tier-1,5.0,1.0,0.0,5.0,116667.0,53.0,2023-05-01,Worked on microservices deployment,2023.0,5.0,0.0
29.0,Male,M.Sc,7.0,Mid,Enterprise,Tier-2,5.2,0.0,0.0,1.0,134502.0,70.0,2023-11-06,Built ML pipeline for preprocessing,2023.0,11.0,1.0
32.0,Female,M.Sc,7.0,Senior,SME,Tier-2,7.6,0.0,0.0,1.0,120484.0,83.0,2024-11-05,Built ML pipeline for preprocessing,2024.0,11.0,2.0
22.0,Male,B.Sc,0.0,Senior,Startup,Tier-2,9.0,1.0,1.0,6.0,58837.0,53.0,2024-10-25,Built ML pipeline for preprocessing,2024.0,10.0,2.0
39.0,Female,B.Sc,17.0,Junior,SME,Tier-1,7.0,1.0,0.0,0.0,187011.0,69.0,2023-11-01,No relevant project mentioned,2023.0,11.0,0.0
30.0,Other,B.Sc,9.0,Mid,Enterprise,Tier-1,5.0,1.0,0.0,3.0,125807.0,64.0,2024-03-01,Contributed to open-source NLP repo,2024.0,3.0,1.0
37.0,Male,B.Sc,13.0,Junior,SME,Remote,8.0,0.0,0.0,1.0,141389.0,69.0,2024-04-03,Contributed to open-source NLP repo,2024.0,4.0,0.0
32.0,Female,B.Sc,9.0,Mid,SME,Remote,4.0,0.0,1.0,0.0,117565.0,63.0,2024-08-18,Built ML pipeline for preprocessing,2024.0,8.0,1.0
33.0,Male,B.Sc,8.0,Mid,SME,Tier-1,6.0,1.0,0.0,6.0,128825.0,46.0,2023-07-21,Built ML pipeline for preprocessing,2023.0,7.0,1.0
33.0,Female,B.Sc,8.0,Junior,Startup,Tier-2,4.0,0.0,0.0,0.0,120369.0,63.2,2024-07-15,Worked on microservices deployment,2024.0,7.0,0.0
33.0,Male,B.Sc,10.0,Senior,SME,Tier-1,5.0,1.0,0.0,4.0,143535.0,61.0,2024-10-22,Experience in data cleaning and ETL,2024.0,10.0,2.0
34.0,Female,B.Sc,13.0,Junior,Enterprise,Tier-1,4.0,1.0,0.0,1.0,147920.0,48.0,2024-02-16,Built ML pipeline for preprocessing,2024.0,2.0,0.0
38.0,Male,B.Sc,16.0,Senior,SME,Tier-1,4.0,0.0,1.0,4.0,194807.0,66.0,2023-08-08,Built ML pipeline for preprocessing,2023.0,8.0,2.0
31.0,Male,B.Sc,8.0,Junior,SME,Tier-2,2.0,1.0,0.0,3.0,99747.0,63.0,2023-06-04,Worked on microservices deployment,2023.0,6.0,0.0
34.0,Male,B.Sc+Cert,11.0,Mid,SME,Tier-1,6.0,1.0,1.0,2.0,156565.0,54.0,2024-08-31,Worked on microservices deployment,2024.0,8.0,1.0
29.0,Female,B.Sc+Cert,7.0,Senior,Startup,Remote,8.0,0.0,0.0,6.0,109534.0,48.0,2023-11-20,Experience in data cleaning and ETL,2023.0,11.0,2.0
39.0,Female,M.Sc,16.0,Junior,Startup,Tier-2,5.0,2.0,0.0,1.6,139924.0,46.0,2024-09-02,Worked on microservices deployment,2024.0,9.0,0.0
26.0,Female,B.Sc,4.0,Mid,Enterprise,Tier-1,9.0,0.0,1.0,4.0,102615.0,54.0,2023-12-06,Contributed to open-source NLP repo,2023.0,12.0,1.0
41.0,Female,M.Sc,18.0,Mid,Enterprise,Tier-3,5.0,1.8,0.0,3.0,199237.0,63.0,2024-01-25,No relevant project mentioned,2024.0,1.0,1.0
30.0,Male,M.Eng,6.0,Junior,Enterprise,Tier-1,2.0,0.0,1.0,1.0,111445.0,56.0,2023-07-05,Built ML pipeline for preprocessing,2023.0,7.0,0.0
21.0,Male,M.Sc,3.6,Mid,Enterprise,Tier-2,4.0,1.0,0.0,2.0,78609.0,57.0,2023-05-14,No relevant project mentioned,2023.0,5.0,1.0
31.0,Male,B.Sc,11.0,Mid,SME,Tier-1,5.0,1.2,1.0,2.0,144116.0,51.0,2023-05-27,Built ML pipeline for preprocessing,2023.0,5.0,1.0
26.0,Male,M.Sc,7.0,Senior,Startup,Tier-1,1.0,0.0,0.0,3.0,99877.0,65.0,2023-04-23,Worked on microservices deployment,2023.0,4.0,2.0
35.0,Male,M.Eng,13.0,Senior,SME,Tier-1,5.0,1.0,0.0,2.8,191320.0,78.0,2024-06-12,Worked on microservices deployment,2024.0,6.0,2.0
26.0,Male,M.Sc,4.2,Mid,Startup,Tier-1,4.0,0.0,0.0,0.0,77431.0,68.0,2024-03-08,Built ML pipeline for preprocessing,2024.0,3.0,1.0
27.0,Male,M.Sc,3.0,Mid,Enterprise,Tier-1,4.4,1.0,0.0,0.0,114054.0,62.0,2024-01-22,Contributed to open-source NLP repo,2024.0,1.0,1.0
20.0,Male,B.Sc,0.0,Senior,Enterprise,Tier-1,5.6,2.0,1.0,1.0,84021.0,78.0,2024-01-01,Contributed to open-source NLP repo,2024.0,1.0,2.0
27.0,Male,B.Sc,7.0,Mid,Enterprise,Remote,3.0,0.0,0.0,0.0,102073.0,61.0,2023-02-03,No relevant project mentioned,2023.0,2.0,1.0
20.0,Male,B.Sc,0.0,Junior,SME,Tier-1,5.0,0.0,1.0,2.0,38571.0,61.0,2023-03-03,Worked on microservices deployment,2023.0,3.0,0.0
20.0,Female,M.Sc,0.0,Mid,Startup,Tier-1,4.0,1.0,0.0,1.0,50413.0,65.0,2024-03-19,No relevant project mentioned,2024.0,3.0,1.0
35.0,Female,B.Sc,11.0,Senior,Startup,Remote,4.2,2.0,0.0,5.0,138971.0,52.0,2023-07-15,Built ML pipeline for preprocessing,2023.0,7.0,2.0
35.0,Female,B.Sc,16.0,Mid,SME,Tier-2,3.0,1.0,1.0,3.0,171468.0,66.0,2023-03-28,Experience in data cleaning and ETL,2023.0,3.0,1.0
33.0,Male,B.Sc,9.0,Mid,SME,Tier-2,4.0,1.0,1.0,0.0,105033.0,76.0,2024-09-26,Experience in data cleaning and ETL,2024.0,9.0,1.0
24.0,Male,B.Sc,0.0,Junior,SME,Tier-1,4.0,2.0,0.0,0.0,43221.0,59.0,2023-09-11,Worked on microservices deployment,2023.0,9.0,0.0
30.0,Female,B.Sc,6.0,Lead,Enterprise,Tier-2,4.0,2.0,1.0,3.0,143023.0,74.0,2023-05-07,No relevant project mentioned,2023.0,5.0,3.0
30.0,Male,M.Sc,8.0,Mid,Enterprise,Tier-1,7.0,3.0,1.0,4.0,165831.0,80.0,2023-06-11,Experience in data cleaning and ETL,2023.0,6.0,1.0
23.0,Male,M.Sc,1.0,Mid,Startup,Tier-2,4.0,2.0,1.0,3.0,55229.0,59.4,2023-11-12,Worked on microservices deployment,2023.0,11.0,1.0
39.0,Male,B.Sc,16.0,Junior,Startup,Remote,5.0,2.0,1.0,3.0,165628.0,51.0,2023-06-21,Worked on microservices deployment,2023.0,6.0,0.0
35.0,Male,B.Sc,11.0,Junior,SME,Tier-2,5.0,2.0,1.0,0.0,120656.0,42.0,2024-02-03,Built ML pipeline for preprocessing,2024.0,2.0,0.0
29.0,Male,B.Sc,5.0,Senior,Startup,Tier-1,4.0,0.0,0.0,2.0,83482.0,50.0,2023-11-27,Worked on microservices deployment,2023.0,11.0,2.0
30.0,Male,B.Sc+Cert,12.8,Lead,Enterprise,Tier-2,9.0,1.0,1.0,3.0,168095.0,80.0,2023-12-25,Built ML pipeline for preprocessing,2023.0,12.0,3.0
31.0,Male,B.Sc,4.0,Junior,SME,Tier-2,7.0,1.0,0.0,0.0,58864.0,58.0,2023-09-09,Experience in data cleaning and ETL,2023.0,9.0,0.0
20.0,Male,B.Sc,0.0,Junior,Startup,Tier-2,3.0,1.0,0.0,2.0,23238.0,50.8,2023-01-09,Experience in data cleaning and ETL,2023.0,1.0,0.0
29.0,Male,B.Sc,8.0,Mid,SME,Tier-2,6.0,2.0,0.0,0.0,112170.0,61.0,2023-08-27,Built ML pipeline for preprocessing,2023.0,8.0,1.0
26.0,Female,M.Sc,3.0,Junior,SME,Tier-2,10.0,1.0,1.0,2.0,76844.0,66.0,2023-02-04,Worked on microservices deployment,2023.0,2.0,0.0
24.0,Male,B.Sc+Cert,3.0,Junior,Enterprise,Tier-2,10.0,0.0,0.0,2.0,79355.0,62.6,2024-09-07,Built ML pipeline for preprocessing,2024.0,9.0,0.0
28.0,Male,M.Eng,9.0,Senior,Startup,Remote,4.6,2.0,1.0,2.0,154708.0,60.0,2024-01-18,Experience in data cleaning and ETL,2024.0,1.0,2.0
41.0,Female,M.Sc,21.0,Senior,Enterprise,Tier-3,7.0,0.0,0.0,1.0,239509.0,63.0,2024-10-30,Contributed to open-source NLP repo,2024.0,10.0,2.0
34.0,Male,B.Sc,10.0,Junior,SME,Tier-1,4.0,1.0,0.0,2.0,111316.0,47.0,2024-11-16,Experience in data cleaning and ETL,2024.0,11.0,0.0
27.0,Male,B.Sc,2.0,Mid,Enterprise,Tier-3,7.0,0.0,0.0,7.0,54995.0,47.0,2024-12-10,Experience in data cleaning and ETL,2024.0,12.0,1.0
33.0,Male,B.Sc,10.0,Junior,Startup,Tier-1,2.0,0.0,0.0,2.0,101213.0,46.0,2024-12-23,Built ML pipeline for preprocessing,2024.0,12.0,0.0
38.0,Male,B.Sc,12.0,Junior,SME,Tier-3,5.0,1.0,1.0,3.0,131191.0,50.0,2024-12-30,Worked on microservices deployment,2024.0,12.0,0.0
36.0,Male,B.Sc,10.0,Junior,SME,Tier-1,4.0,3.0,0.0,0.0,116925.0,54.0,2023-07-20,Worked on microservices deployment,2023.0,7.0,0.0
30.0,Female,B.Sc,3.4,Mid,SME,Tier-2,7.0,2.0,1.0,2.0,89577.0,46.0,2023-08-21,Contributed to open-source NLP repo,2023.0,8.0,1.0
26.0,Male,B.Sc,3.0,Junior,Enterprise,Tier-3,4.6,1.0,0.0,0.0,60987.0,51.0,2024-09-19,Experience in data cleaning and ETL,2024.0,9.0,0.0
34.0,Male,B.Sc,13.0,Mid,SME,Tier-1,3.0,2.0,1.0,0.0,173841.0,58.6,2024-05-10,Built ML pipeline for preprocessing,2024.0,5.0,1.0
32.0,Male,M.Sc,10.0,Junior,Enterprise,Tier-3,5.0,0.0,1.0,1.0,116687.0,70.0,2023-03-18,Experience in data cleaning and ETL,2023.0,3.0,0.0
35.0,Male,M.Eng,15.0,Junior,Startup,Tier-2,5.0,1.0,0.0,1.0,157265.0,68.0,2023-08-06,Contributed to open-source NLP repo,2023.0,8.0,0.0
34.0,Male,M.Sc,12.0,Junior,Enterprise,Tier-1,4.0,2.0,0.0,2.0,178039.0,58.0,2024-01-09,Worked on microservices deployment,2024.0,1.0,0.0
36.0,Male,B.Sc,10.0,Senior,Startup,Tier-2,6.0,0.0,0.0,1.6,133903.0,64.0,2023-02-22,Built ML pipeline for preprocessing,2023.0,2.0,2.0
27.0,Male,M.Sc,6.0,Mid,Enterprise,Remote,5.8,0.0,0.0,4.0,107600.0,62.0,2024-08-18,Contributed to open-source NLP repo,2024.0,8.0,1.0
38.0,Male,B.Sc,19.0,Senior,Enterprise,Tier-1,4.0,0.0,0.0,1.0,256571.0,58.0,2023-09-15,Worked on microservices deployment,2023.0,9.0,2.0
31.0,Male,M.Sc,8.0,Mid,SME,Tier-2,5.0,4.0,1.0,3.0,132835.0,64.0,2023-05-12,No relevant project mentioned,2023.0,5.0,1.0
42.0,Male,B.Sc,23.0,Junior,SME,Tier-3,5.0,5.0,1.0,2.0,253800.0,59.4,2024-12-11,No relevant project mentioned,2024.0,12.0,0.0
26.0,Female,PhD,3.0,Mid,SME,Remote,5.0,1.0,0.0,4.0,93039.0,63.4,2024-01-30,Contributed to open-source NLP repo,2024.0,1.0,1.0
40.0,Male,B.Sc,18.0,Junior,Startup,Tier-3,4.0,3.0,1.0,2.6,163784.0,57.4,2024-08-17,Worked on microservices deployment,2024.0,8.0,0.0
31.0,Male,B.Sc,9.0,Mid,SME,Tier-2,2.0,0.0,0.0,0.0,108377.0,50.4,2023-09-06,Built ML pipeline for preprocessing,2023.0,9.0,1.0
26.0,Male,B.Sc+Cert,7.0,Junior,SME,Remote,5.0,1.0,0.0,2.0,86052.0,60.4,2024-02-02,Built ML pipeline for preprocessing,2024.0,2.0,0.0
27.0,Female,B.Sc,5.0,Junior,Enterprise,Tier-3,4.0,0.0,0.0,2.0,76556.0,56.2,2023-03-10,Worked on microservices deployment,2023.0,3.0,0.0
28.0,Male,M.Sc,4.0,Mid,Enterprise,Tier-3,7.0,1.0,0.0,6.0,84136.0,43.0,2024-10-15,Built ML pipeline for preprocessing,2024.0,10.0,1.0
33.0,Male,M.Sc,15.0,Mid,Enterprise,Tier-1,9.0,0.0,0.0,0.0,208081.0,69.0,2024-02-27,Built ML pipeline for preprocessing,2024.0,2.0,1.0
33.0,Female,M.Eng,10.0,Lead,SME,Tier-1,4.0,1.0,0.0,3.0,218883.0,62.0,2024-10-13,Built ML pipeline for preprocessing,2024.0,10.0,3.0
27.0,Female,PhD,3.0,Mid,Enterprise,Tier-2,8.0,0.0,1.0,2.0,101134.0,52.0,2023-12-06,Built ML pipeline for preprocessing,2023.0,12.0,1.0
30.0,Male,PhD,7.0,Mid,SME,Tier-2,5.0,1.0,1.0,1.0,121909.0,53.0,2024-01-09,No relevant project mentioned,2024.0,1.0,1.0
43.0,Male,B.Sc,20.0,Junior,SME,Tier-1,7.0,0.0,1.0,4.0,197339.0,65.0,2023-10-01,Worked on microservices deployment,2023.0,10.0,0.0
40.0,Female,M.Eng,19.0,Lead,SME,Tier-1,2.0,2.4,0.0,4.0,255186.0,54.0,2023-09-14,Worked on microservices deployment,2023.0,9.0,3.0
33.0,Other,M.Sc,7.0,Mid,Enterprise,Tier-2,3.0,3.0,0.0,3.0,119093.0,63.0,2024-05-30,Worked on microservices deployment,2024.0,5.0,1.0
30.0,Female,M.Sc,8.0,Mid,Enterprise,Tier-1,4.0,4.0,0.0,0.0,159599.0,64.0,2023-09-25,Contributed to open-source NLP repo,2023.0,9.0,1.0
31.0,Male,B.Sc,11.0,Junior,SME,Tier-1,10.0,0.0,1.0,1.0,146314.0,59.0,2023-12-23,Experience in data cleaning and ETL,2023.0,12.0,0.0
34.0,Male,B.Sc,12.0,Mid,Enterprise,Tier-1,7.0,1.0,0.0,0.0,174155.0,68.0,2023-11-04,Worked on microservices deployment,2023.0,11.0,1.0
24.0,Male,PhD,0.0,Junior,SME,Tier-3,7.0,4.0,0.0,1.0,51450.0,43.0,2024-08-24,Contributed to open-source NLP repo,2024.0,8.0,0.0
28.0,Female,B.Sc+Cert,4.0,Mid,Enterprise,Tier-2,4.0,1.0,0.0,2.8,83688.0,38.0,2024-06-10,Worked on microservices deployment,2024.0,6.0,1.0
20.0,Male,B.Sc,0.0,Senior,SME,Tier-1,7.0,0.0,1.0,2.0,76278.0,68.0,2024-10-09,Worked on microservices deployment,2024.0,10.0,2.0
32.0,Male,B.Sc,11.0,Lead,Startup,Tier-1,3.0,1.0,0.0,3.0,123501.0,55.0,2024-11-24,Worked on microservices deployment,2024.0,11.0,3.0
34.0,Female,B.Sc,9.0,Mid,SME,Tier-2,5.0,3.0,1.0,2.0,113702.0,64.0,2024-05-05,No relevant project mentioned,2024.0,5.0,1.0
27.0,Male,B.Sc,2.0,Senior,SME,Tier-3,4.4,3.0,0.0,2.0,78973.0,61.0,2024-09-30,Worked on microservices deployment,2024.0,9.0,2.0
39.0,Female,M.Sc,16.0,Junior,SME,Tier-2,2.0,2.0,1.0,2.0,183321.0,54.0,2024-09-29,Built ML pipeline for preprocessing,2024.0,9.0,0.0
23.0,Male,B.Sc,0.0,Senior,SME,Tier-1,5.0,1.0,0.0,1.0,71731.0,56.8,2024-12-07,Contributed to open-source NLP repo,2024.0,12.0,2.0
21.0,Male,B.Sc,0.0,Mid,SME,Tier-2,11.0,0.0,1.0,1.0,50520.0,65.0,2023-07-17,Contributed to open-source NLP repo,2023.0,7.0,1.0
31.0,Male,B.Sc,3.0,Mid,Enterprise,Remote,4.2,0.0,0.0,0.0,76176.0,61.4,2023-12-17,Worked on microservices deployment,2023.0,12.0,1.0
36.0,Female,B.Sc,15.0,Senior,Enterprise,Tier-1,10.0,3.0,0.0,4.0,208944.0,55.0,2023-08-06,Built ML pipeline for preprocessing,2023.0,8.0,2.0
40.0,Male,B.Sc+Cert,17.0,Senior,SME,Tier-2,6.0,1.0,0.0,5.0,209643.0,67.0,2023-01-08,Built ML pipeline for preprocessing,2023.0,1.0,2.0
27.0,Male,M.Sc,2.0,Junior,Enterprise,Tier-1,9.0,0.0,0.0,3.0,77398.0,58.0,2023-08-19,Built ML pipeline for preprocessing,2023.0,8.0,0.0
36.0,Female,B.Sc,14.0,Senior,SME,Tier-1,5.0,2.0,1.0,2.0,165307.0,73.0,2024-12-03,Contributed to open-source NLP repo,2024.0,12.0,2.0
30.0,Male,B.Sc,8.0,Junior,Enterprise,Tier-1,3.0,0.0,1.0,2.0,109900.0,55.0,2023-04-03,Built ML pipeline for preprocessing,2023.0,4.0,0.0
29.0,Male,B.Sc,6.0,Senior,SME,Tier-2,6.0,0.0,1.0,2.0,113363.0,46.0,2024-10-18,Worked on microservices deployment,2024.0,10.0,2.0
35.0,Male,PhD,14.0,Mid,Startup,Tier-1,6.0,1.0,0.0,0.0,162762.0,68.0,2023-01-16,Built ML pipeline for preprocessing,2023.0,1.0,1.0
34.0,Male,B.Sc,14.0,Junior,Startup,Tier-1,3.0,1.0,0.0,1.0,116197.0,67.0,2024-09-16,Built ML pipeline for preprocessing,2024.0,9.0,0.0
21.0,Male,B.Sc,1.0,Mid,Enterprise,Tier-1,7.0,1.0,1.0,7.0,71686.0,56.8,2023-07-15,No relevant project mentioned,2023.0,7.0,1.0
39.0,Male,B.Sc,19.2,Mid,SME,Tier-1,7.0,2.0,1.0,0.0,204760.0,56.0,2024-04-08,Contributed to open-source NLP repo,2024.0,4.0,1.0
38.0,Male,M.Sc,14.0,Mid,Enterprise,Tier-2,1.0,0.0,0.0,2.0,162067.0,67.0,2023-07-24,Built ML pipeline for preprocessing,2023.0,7.0,1.0
26.0,Male,M.Sc,2.0,Junior,SME,Tier-1,4.2,0.0,1.0,5.0,56545.0,52.0,2024-08-02,Contributed to open-source NLP repo,2024.0,8.0,0.0
32.0,Male,M.Sc,8.0,Junior,SME,Tier-1,2.0,2.0,1.0,1.0,123163.0,60.0,2023-05-07,Built ML pipeline for preprocessing,2023.0,5.0,0.0
33.0,Male,B.Sc,12.0,Senior,Startup,Tier-3,5.0,2.0,0.0,2.0,130584.0,56.4,2023-06-09,No relevant project mentioned,2023.0,6.0,2.0
32.0,Male,B.Sc,6.0,Junior,Enterprise,Tier-2,5.8,0.0,0.0,4.0,87347.0,58.0,2024-05-15,Worked on microservices deployment,2024.0,5.0,0.0
27.0,Male,B.Sc,4.0,Mid,Startup,Tier-2,3.8,1.0,0.0,2.0,69327.0,54.0,2024-04-10,No relevant project mentioned,2024.0,4.0,1.0
26.0,Male,M.Sc,4.6,Mid,Enterprise,Tier-1,8.0,1.0,1.0,3.0,90201.0,66.0,2024-05-12,Worked on microservices deployment,2024.0,5.0,1.0
30.0,Male,B.Sc,5.0,Junior,SME,Tier-2,3.0,3.0,0.0,1.0,77974.0,53.2,2024-03-23,Experience in data cleaning and ETL,2024.0,3.0,0.0
37.0,Male,M.Sc,12.0,Mid,Enterprise,Tier-1,5.0,0.0,0.0,3.0,180855.0,62.0,2024-04-08,Built ML pipeline for preprocessing,2024.0,4.0,1.0
33.0,Female,B.Sc+Cert,14.0,Mid,Startup,Tier-1,2.0,1.0,1.0,0.0,156954.0,48.0,2023-12-08,Contributed to open-source NLP repo,2023.0,12.0,1.0
28.0,Male,B.Sc+Cert,3.0,Mid,Startup,Tier-2,5.0,4.0,1.0,0.0,65924.0,56.0,2024-05-22,Built ML pipeline for preprocessing,2024.0,5.0,1.0
35.0,Female,B.Sc,12.0,Mid,SME,Remote,5.0,0.0,1.0,2.8,165186.0,66.0,2024-10-25,Built ML pipeline for preprocessing,2024.0,10.0,1.0
20.0,Female,B.Sc,0.0,Mid,SME,Tier-2,10.0,0.0,0.0,1.0,47767.0,51.0,2023-10-11,Built ML pipeline for preprocessing,2023.0,10.0,1.0
37.0,Male,B.Sc,14.0,Junior,Startup,Tier-1,4.0,0.0,1.0,3.0,131643.0,50.0,2023-05-31,Built ML pipeline for preprocessing,2023.0,5.0,0.0
20.0,Male,M.Sc,0.0,Senior,Enterprise,Remote,4.0,0.0,0.0,1.0,103808.0,63.0,2024-07-28,Built ML pipeline for preprocessing,2024.0,7.0,2.0
28.0,Male,M.Eng,2.0,Junior,Startup,Tier-1,5.0,1.0,0.0,3.0,58776.0,60.0,2024-11-26,Contributed to open-source NLP repo,2024.0,11.0,0.0
23.0,Female,B.Sc,0.0,Lead,SME,Remote,4.0,2.0,0.0,0.0,82771.0,66.0,2023-08-01,Worked on microservices deployment,2023.0,8.0,3.0
22.0,Male,B.Sc,0.0,Mid,Startup,Tier-1,4.0,0.0,1.0,6.0,46516.0,67.0,2024-08-07,No relevant project mentioned,2024.0,8.0,1.0
37.0,Male,M.Eng,15.0,Senior,SME,Tier-1,4.0,0.0,1.0,1.0,210733.0,56.0,2023-11-18,Built ML pipeline for preprocessing,2023.0,11.0,2.0
27.0,Male,B.Sc+Cert,5.0,Mid,SME,Tier-2,2.0,0.0,0.0,3.6,89067.0,56.0,2024-10-27,Worked on microservices deployment,2024.0,10.0,1.0
32.0,Female,B.Sc,12.0,Junior,Startup,Remote,4.0,2.0,0.0,4.0,110869.0,46.0,2023-07-07,No relevant project mentioned,2023.0,7.0,0.0
30.0,Female,M.Sc,6.0,Senior,Enterprise,Remote,5.0,0.0,1.0,6.0,146286.0,58.0,2024-07-25,Built ML pipeline for preprocessing,2024.0,7.0,2.0
33.0,Male,B.Sc,8.0,Junior,SME,Tier-2,6.0,1.0,0.0,5.0,96909.0,66.0,2023-07-02,Experience in data cleaning and ETL,2023.0,7.0,0.0
30.0,Male,B.Sc,8.0,Junior,Enterprise,Tier-2,6.0,0.0,0.0,0.0,124263.0,53.8,2024-01-19,Built ML pipeline for preprocessing,2024.0,1.0,0.0
22.0,Male,B.Sc+Cert,0.0,Junior,Startup,Tier-2,6.0,0.0,0.0,3.0,26553.0,57.0,2023-01-25,Experience in data cleaning and ETL,2023.0,1.0,0.0
36.0,Male,M.Eng,10.0,Lead,SME,Tier-2,5.0,1.0,0.0,2.0,170564.0,69.0,2024-06-20,Worked on microservices deployment,2024.0,6.0,3.0
27.0,Female,M.Sc,2.0,Mid,Startup,Tier-3,6.0,1.0,0.0,3.0,57324.0,53.0,2023-11-10,No relevant project mentioned,2023.0,11.0,1.0
21.0,Male,B.Sc,1.0,Mid,Enterprise,Tier-1,3.0,1.4,1.0,2.0,65881.0,65.0,2023-02-07,Contributed to open-source NLP repo,2023.0,2.0,1.0
27.0,Male,M.Eng,7.0,Mid,SME,Tier-1,4.4,2.0,0.0,1.0,101226.0,73.0,2023-10-29,Built ML pipeline for preprocessing,2023.0,10.0,1.0
39.0,Male,B.Sc,13.0,Mid,Enterprise,Remote,5.0,0.0,1.0,5.0,155762.0,51.0,2024-01-04,No relevant project mentioned,2024.0,1.0,1.0
35.0,Female,B.Sc,15.0,Senior,SME,Remote,4.0,2.0,0.0,5.0,165821.0,69.0,2023-04-10,Contributed to open-source NLP repo,2023.0,4.0,2.0
28.0,Female,B.Sc,1.4,Mid,Enterprise,Tier-1,4.0,0.0,0.0,4.0,62379.0,56.0,2024-01-23,Experience in data cleaning and ETL,2024.0,1.0,1.0
28.0,Male,B.Sc,4.0,Senior,SME,Tier-1,8.0,1.0,1.0,3.0,102388.0,44.0,2024-10-20,Built ML pipeline for preprocessing,2024.0,10.0,2.0
28.0,Female,M.Sc,7.0,Junior,Startup,Remote,4.0,0.0,0.0,3.0,98340.0,71.0,2024-03-21,Experience in data cleaning and ETL,2024.0,3.0,0.0
42.0,Male,M.Sc,22.0,Junior,Startup,Tier-2,4.0,3.0,1.0,0.0,206946.0,60.0,2024-04-14,Contributed to open-source NLP repo,2024.0,4.0,0.0
32.0,Male,B.Sc,5.0,Mid,SME,Tier-2,3.0,1.0,1.0,3.0,67408.0,75.0,2023-02-24,Contributed to open-source NLP repo,2023.0,2.0,1.0
33.0,Male,B.Sc,10.0,Mid,SME,Tier-1,6.0,3.0,1.0,2.0,277650.0,62.0,2024-05-10,Worked on microservices deployment,2024.0,5.0,1.0
36.0,Male,B.Sc,14.0,Mid,Startup,Remote,3.0,0.0,1.0,1.0,154530.0,53.0,2024-08-06,No relevant project mentioned,2024.0,8.0,1.0
31.0,Male,B.Sc,7.0,Mid,Enterprise,Tier-1,4.0,1.0,0.0,4.0,115111.0,70.0,2023-05-07,Experience in data cleaning and ETL,2023.0,5.0,1.0
28.0,Female,M.Sc,6.0,Junior,SME,Tier-1,3.0,2.0,0.0,4.0,99619.0,58.0,2023-11-17,No relevant project mentioned,2023.0,11.0,0.0
29.0,Male,M.Eng,0.0,Mid,SME,Tier-1,4.0,1.0,0.0,6.0,70618.0,44.0,2023-03-09,No relevant project mentioned,2023.0,3.0,1.0
30.0,Male,B.Sc,2.0,Mid,Startup,Remote,3.0,1.0,1.0,1.0,56788.0,55.6,2024-01-31,Experience in data cleaning and ETL,2024.0,1.0,1.0
30.0,Male,B.Sc,10.0,Junior,SME,Tier-3,3.0,1.0,0.0,2.0,114203.0,58.0,2023-06-02,No relevant project mentioned,2023.0,6.0,0.0
34.0,Male,M.Sc,10.0,Mid,Startup,Tier-3,4.0,0.0,1.0,5.0,121155.0,61.0,2023-05-29,Experience in data cleaning and ETL,2023.0,5.0,1.0
30.0,Female,M.Eng,5.0,Junior,Startup,Tier-1,2.0,2.0,0.0,1.0,77867.0,68.0,2024-02-07,No relevant project mentioned,2024.0,2.0,0.0
34.0,Male,B.Sc,11.0,Mid,Enterprise,Remote,9.0,1.0,0.0,4.0,162903.0,46.0,2023-08-14,No relevant project mentioned,2023.0,8.0,1.0
30.0,Male,B.Sc,7.0,Junior,SME,Tier-3,2.0,2.0,0.0,7.0,74943.0,58.0,2024-11-22,Built ML pipeline for preprocessing,2024.0,11.0,0.0
30.0,Female,M.Sc,5.0,Senior,SME,Tier-3,5.0,0.0,0.0,3.0,78056.0,66.0,2023-11-06,No relevant project mentioned,2023.0,11.0,2.0
20.0,Male,B.Sc,0.0,Mid,Startup,Remote,5.0,1.0,0.0,7.0,40824.0,54.0,2024-02-23,Built ML pipeline for preprocessing,2024.0,2.0,1.0
35.0,Male,B.Sc,10.0,Junior,SME,Tier-1,7.0,0.0,0.0,2.0,119464.0,65.0,2024-05-29,Worked on microservices deployment,2024.0,5.0,0.0
32.0,Male,M.Sc,11.0,Mid,Startup,Tier-2,4.6,3.0,0.0,0.0,143001.0,70.0,2023-10-16,Contributed to open-source NLP repo,2023.0,10.0,1.0
36.0,Male,M.Sc,12.0,Senior,SME,Remote,7.0,0.0,0.0,0.0,154209.0,47.0,2023-07-20,No relevant project mentioned,2023.0,7.0,2.0
20.0,Other,M.Sc,0.0,Mid,SME,Tier-3,3.4,1.6,0.0,3.0,43000.0,59.0,2024-06-02,Worked on microservices deployment,2024.0,6.0,1.0
43.0,Female,M.Sc,19.0,Senior,SME,Tier-2,3.0,0.0,0.0,0.0,185512.0,54.0,2024-10-28,Built ML pipeline for preprocessing,2024.0,10.0,2.0
29.0,Male,M.Sc,6.0,Junior,Enterprise,Tier-1,2.0,2.0,1.0,3.0,115129.0,58.0,2023-06-17,Worked on microservices deployment,2023.0,6.0,0.0
37.0,Female,B.Sc,13.0,Senior,SME,Tier-2,5.0,3.0,1.0,0.0,165044.0,64.6,2024-11-05,Contributed to open-source NLP repo,2024.0,11.0,2.0
24.0,Male,B.Sc,0.0,Mid,SME,Tier-2,7.0,2.0,0.0,7.0,48751.0,64.0,2023-12-03,Worked on microservices deployment,2023.0,12.0,1.0
34.0,Male,B.Sc,10.0,Junior,SME,Tier-1,6.0,1.0,0.0,0.0,130551.0,59.6,2023-10-22,Worked on microservices deployment,2023.0,10.0,0.0
24.0,Male,B.Sc,0.0,Mid,Startup,Remote,4.0,2.0,0.0,2.0,43060.0,60.0,2024-01-15,Built ML pipeline for preprocessing,2024.0,1.0,1.0
26.0,Male,M.Sc,6.0,Lead,Enterprise,Tier-1,7.0,1.0,1.0,3.0,162188.0,61.0,2023-01-11,Built ML pipeline for preprocessing,2023.0,1.0,3.0
41.0,Male,B.Sc+Cert,19.0,Senior,SME,Tier-1,4.0,1.0,0.0,4.0,214517.0,49.0,2023-12-23,Built ML pipeline for preprocessing,2023.0,12.0,2.0
29.0,Male,B.Sc+Cert,7.6,Mid,Startup,Tier-2,6.0,0.6,1.0,1.0,105120.0,63.0,2023-05-11,Worked on microservices deployment,2023.0,5.0,1.0
31.0,Female,M.Sc,8.0,Junior,Enterprise,Tier-2,4.0,0.0,0.0,6.0,88997.0,68.0,2023-07-24,Contributed to open-source NLP repo,2023.0,7.0,0.0
35.0,Male,B.Sc,12.0,Mid,Startup,Tier-1,7.0,3.0,0.0,2.0,155535.0,68.0,2024-03-11,Built ML pipeline for preprocessing,2024.0,3.0,1.0
33.0,Male,B.Sc,12.0,Junior,Enterprise,Tier-1,5.0,3.0,1.0,1.0,160793.0,64.0,2023-11-12,Worked on microservices deployment,2023.0,11.0,0.0
31.0,Male,M.Eng,10.0,Junior,Enterprise,Tier-1,4.0,1.0,0.0,2.0,132871.0,45.0,2024-08-26,Built ML pipeline for preprocessing,2024.0,8.0,0.0
32.0,Male,M.Sc,9.0,Mid,SME,Tier-1,4.0,0.0,0.0,3.0,125197.0,59.0,2023-11-10,Built ML pipeline for preprocessing,2023.0,11.0,1.0
44.0,Male,M.Sc,20.0,Senior,Startup,Tier-1,7.0,1.0,1.0,2.0,234659.0,64.0,2024-04-30,No relevant project mentioned,2024.0,4.0,2.0
30.0,Male,M.Sc,5.0,Mid,Startup,Tier-1,4.0,0.0,0.0,3.0,88067.0,63.0,2023-04-21,Experience in data cleaning and ETL,2023.0,4.0,1.0
31.0,Female,M.Sc,8.0,Junior,Startup,Tier-1,6.0,3.0,0.0,1.0,123603.0,73.0,2023-10-17,No relevant project mentioned,2023.0,10.0,0.0
36.0,Male,M.Eng,16.0,Mid,Startup,Tier-2,6.4,2.0,0.0,0.0,168839.0,44.0,2023-09-04,No relevant project mentioned,2023.0,9.0,1.0
37.0,Male,B.Sc,13.0,Senior,SME,Remote,8.0,1.0,1.0,1.0,158155.0,54.0,2024-02-16,Built ML pipeline for preprocessing,2024.0,2.0,2.0
37.0,Male,B.Sc,12.0,Mid,Enterprise,Tier-2,3.0,0.0,1.0,6.0,163834.0,57.4,2024-07-26,Built ML pipeline for preprocessing,2024.0,7.0,1.0
34.0,Male,B.Sc+Cert,13.0,Mid,SME,Tier-3,4.0,3.0,0.0,3.0,135090.0,60.0,2024-03-25,Worked on microservices deployment,2024.0,3.0,1.0
23.0,Male,B.Sc,2.0,Lead,SME,Tier-1,3.0,1.0,1.0,0.0,104090.0,50.0,2024-09-13,No relevant project mentioned,2024.0,9.0,3.0
40.0,Female,M.Sc,17.0,Senior,SME,Tier-3,6.0,0.0,0.0,0.0,190040.0,63.0,2024-02-25,No relevant project mentioned,2024.0,2.0,2.0
23.0,Male,B.Sc,1.0,Junior,Enterprise,Tier-2,6.0,0.0,0.0,2.8,51712.0,54.4,2024-02-04,Built ML pipeline for preprocessing,2024.0,2.0,0.0
32.0,Male,B.Sc+Cert,7.0,Junior,Startup,Tier-2,4.0,2.0,0.0,4.0,96105.0,53.0,2024-03-31,Built ML pipeline for preprocessing,2024.0,3.0,0.0
25.0,Male,B.Sc,2.0,Lead,SME,Tier-1,7.0,1.0,1.0,0.0,89316.0,69.0,2023-05-05,Built ML pipeline for preprocessing,2023.0,5.0,3.0
30.0,Male,M.Sc,10.0,Mid,Enterprise,Tier-1,3.0,0.0,1.0,2.0,158406.0,54.0,2024-12-15,Built ML pipeline for preprocessing,2024.0,12.0,1.0
32.0,Male,B.Sc,12.0,Junior,Enterprise,Tier-2,5.2,0.0,0.0,1.0,134500.0,61.0,2023-09-17,No relevant project mentioned,2023.0,9.0,0.0
32.0,Female,M.Sc,5.0,Mid,Enterprise,Tier-2,4.0,3.0,0.0,3.0,105591.0,54.0,2024-06-18,No relevant project mentioned,2024.0,6.0,1.0
33.0,Male,B.Sc,13.0,Mid,Enterprise,Remote,4.0,0.0,1.0,0.0,175444.0,51.0,2024-12-12,Built ML pipeline for preprocessing,2024.0,12.0,1.0
40.0,Female,B.Sc,21.0,Lead,Startup,Tier-1,5.4,1.0,1.0,1.0,239100.0,59.6,2023-03-21,Built ML pipeline for preprocessing,2023.0,3.0,3.0
33.0,Male,B.Sc,10.0,Junior,SME,Tier-1,3.0,1.0,1.0,3.0,108654.0,71.0,2023-09-29,Built ML pipeline for preprocessing,2023.0,9.0,0.0
29.0,Female,B.Sc+Cert,8.0,Mid,Startup,Tier-2,5.0,1.0,0.0,2.0,99659.0,54.0,2024-07-18,Built ML pipeline for preprocessing,2024.0,7.0,1.0
36.0,Male,B.Sc,16.0,Senior,SME,Remote,3.0,1.0,1.0,4.0,175204.0,58.0,2024-02-22,No relevant project mentioned,2024.0,2.0,2.0
37.0,Male,B.Sc,14.0,Mid,SME,Tier-1,4.0,1.0,1.0,0.0,160022.0,51.0,2024-02-06,Contributed to open-source NLP repo,2024.0,2.0,1.0
23.0,Male,M.Sc,6.0,Junior,SME,Tier-2,7.0,0.0,1.0,0.4,93609.0,55.0,2023-02-22,Built ML pipeline for preprocessing,2023.0,2.0,0.0
34.0,Female,B.Sc,13.0,Senior,Enterprise,Tier-1,6.2,2.0,0.0,0.0,170514.0,75.0,2023-09-29,Built ML pipeline for preprocessing,2023.0,9.0,2.0
34.0,Male,B.Sc+Cert,12.0,Mid,SME,Tier-2,6.0,0.0,1.0,2.0,149742.0,56.8,2023-08-16,Built ML pipeline for preprocessing,2023.0,8.0,1.0
28.0,Male,B.Sc,4.0,Mid,SME,Tier-3,5.0,0.0,1.0,0.0,77478.0,65.0,2024-11-22,No relevant project mentioned,2024.0,11.0,1.0
38.0,Male,M.Sc,17.0,Mid,Startup,Remote,6.0,2.0,0.0,0.0,192125.0,62.0,2024-01-06,No relevant project mentioned,2024.0,1.0,1.0
29.0,Female,B.Sc,2.0,Junior,Enterprise,Tier-1,4.0,1.0,1.0,1.0,72074.0,53.8,2024-12-12,Worked on microservices deployment,2024.0,12.0,0.0
31.0,Male,B.Sc,11.0,Senior,Startup,Tier-1,4.4,1.0,1.0,1.0,132724.0,61.0,2023-07-11,No relevant project mentioned,2023.0,7.0,2.0
29.0,Female,M.Sc,9.0,Mid,Startup,Tier-2,5.0,2.0,0.0,2.0,127336.0,50.0,2023-01-23,Worked on microservices deployment,2023.0,1.0,1.0
30.0,Male,M.Sc,10.0,Mid,Startup,Tier-1,6.0,1.0,1.0,2.0,154818.0,44.0,2024-07-05,Built ML pipeline for preprocessing,2024.0,7.0,1.0
23.0,Male,M.Sc,0.0,Junior,SME,Tier-2,5.0,0.0,0.0,1.0,44269.0,47.0,2023-12-02,Experience in data cleaning and ETL,2023.0,12.0,0.0
21.0,Male,B.Sc,0.0,Mid,Startup,Tier-2,3.0,1.0,0.0,0.0,32605.0,43.0,2023-08-18,Experience in data cleaning and ETL,2023.0,8.0,1.0
40.0,Female,B.Sc,17.0,Senior,Enterprise,Tier-1,8.0,4.0,0.0,1.0,247296.0,41.0,2024-06-13,No relevant project mentioned,2024.0,6.0,2.0
25.0,Male,B.Sc,4.0,Senior,Enterprise,Tier-3,7.0,1.0,0.0,0.0,100733.0,54.6,2024-05-02,No relevant project mentioned,2024.0,5.0,2.0
24.0,Female,PhD,8.0,Senior,Enterprise,Tier-1,6.0,1.0,1.0,0.0,128407.0,67.0,2023-06-13,Built ML pipeline for preprocessing,2023.0,6.0,2.0
20.0,Male,B.Sc,0.0,Mid,Startup,Remote,1.0,3.0,0.0,0.0,41926.0,69.0,2024-02-27,Contributed to open-source NLP repo,2024.0,2.0,1.0
26.0,Male,B.Sc,5.0,Mid,Enterprise,Tier-3,2.0,1.0,1.0,0.0,78701.0,52.0,2023-12-26,No relevant project mentioned,2023.0,12.0,1.0
22.0,Male,B.Sc,0.0,Mid,Enterprise,Tier-3,1.0,4.0,0.0,4.0,39494.0,60.0,2023-06-18,Built ML pipeline for preprocessing,2023.0,6.0,1.0
40.0,Male,M.Sc,18.0,Senior,Enterprise,Tier-1,4.0,0.8,1.0,2.0,242397.0,55.0,2024-05-27,Built ML pipeline for preprocessing,2024.0,5.0,2.0
36.0,Female,B.Sc,12.0,Mid,SME,Remote,1.0,0.0,0.0,2.0,130078.0,53.0,2023-12-14,Built ML pipeline for preprocessing,2023.0,12.0,1.0
26.0,Female,B.Sc+Cert,1.0,Mid,Enterprise,Tier-3,3.0,2.0,0.0,3.0,53619.0,70.0,2023-07-18,Built ML pipeline for preprocessing,2023.0,7.0,1.0
44.0,Female,B.Sc,20.0,Junior,Startup,Tier-1,6.0,2.0,0.0,6.0,158035.0,55.0,2023-07-31,Built ML pipeline for preprocessing,2023.0,7.0,0.0
36.0,Female,B.Sc+Cert,17.0,Junior,Enterprise,Tier-1,2.0,1.0,0.0,1.0,192336.0,70.0,2024-11-12,Worked on microservices deployment,2024.0,11.0,0.0
28.0,Male,B.Sc,3.0,Mid,Startup,Tier-1,7.0,2.0,1.0,1.0,74391.0,60.0,2023-06-01,Built ML pipeline for preprocessing,2023.0,6.0,1.0
20.0,Male,M.Sc,0.0,Lead,SME,Remote,8.0,0.0,1.0,7.0,104309.0,64.0,2024-07-30,Contributed to open-source NLP repo,2024.0,7.0,3.0
44.0,Female,B.Sc+Cert,21.0,Junior,Enterprise,Remote,3.0,2.0,1.0,4.0,211779.0,58.0,2024-06-13,Built ML pipeline for preprocessing,2024.0,6.0,0.0
22.0,Male,B.Sc,0.0,Junior,SME,Remote,7.0,4.0,1.0,2.0,56248.0,59.0,2023-03-31,Contributed to open-source NLP repo,2023.0,3.0,0.0
20.0,Female,B.Sc+Cert,1.0,Junior,Startup,Tier-3,4.0,1.0,1.0,2.0,36285.0,40.0,2023-01-14,No relevant project mentioned,2023.0,1.0,0.0
36.0,Female,B.Sc,11.0,Senior,Enterprise,Tier-2,5.0,1.0,0.0,2.0,153471.0,52.0,2023-01-19,No relevant project mentioned,2023.0,1.0,2.0
45.0,Male,B.Sc+Cert,20.0,Mid,Enterprise,Tier-1,10.0,1.0,0.0,2.0,215673.0,50.0,2023-03-23,Experience in data cleaning and ETL,2023.0,3.0,1.0
38.0,Other,M.Sc,14.0,Junior,Startup,Tier-1,6.0,0.0,1.0,3.0,159830.0,74.0,2024-09-12,Built ML pipeline for preprocessing,2024.0,9.0,0.0
33.0,Male,B.Sc,15.0,Mid,Enterprise,Tier-1,6.0,1.0,0.0,1.0,187752.0,51.0,2024-06-02,Worked on microservices deployment,2024.0,6.0,1.0
34.0,Male,B.Sc,10.0,Mid,SME,Tier-2,2.0,1.0,0.0,4.0,128618.0,55.0,2023-01-02,Experience in data cleaning and ETL,2023.0,1.0,1.0
35.0,Male,B.Sc,13.0,Mid,SME,Remote,4.0,3.0,0.0,5.0,163139.0,48.0,2023-09-20,Built ML pipeline for preprocessing,2023.0,9.0,1.0
35.0,Male,B.Sc,11.0,Mid,Startup,Remote,5.4,1.0,0.0,2.0,127307.0,60.0,2024-06-23,Experience in data cleaning and ETL,2024.0,6.0,1.0
32.0,Male,B.Sc,10.0,Junior,Startup,Tier-1,6.0,1.0,0.0,1.0,127833.0,69.0,2024-05-04,Experience in data cleaning and ETL,2024.0,5.0,0.0
31.0,Male,B.Sc,8.0,Mid,Startup,Tier-2,2.0,1.0,0.0,3.0,86368.0,69.0,2023-12-03,Experience in data cleaning and ETL,2023.0,12.0,1.0
30.0,Female,B.Sc,9.0,Junior,Startup,Tier-2,3.6,1.0,0.0,0.0,101465.0,40.0,2023-10-13,Experience in data cleaning and ETL,2023.0,10.0,0.0
25.0,Female,M.Sc,4.0,Junior,Enterprise,Tier-2,6.0,2.0,0.0,2.6,104201.0,56.0,2023-09-11,Worked on microservices deployment,2023.0,9.0,0.0
28.0,Male,B.Sc,6.0,Mid,SME,Tier-2,4.0,1.0,0.0,3.0,72055.0,53.0,2024-08-19,Worked on microservices deployment,2024.0,8.0,1.0
20.0,Male,B.Sc,0.0,Junior,Enterprise,Tier-1,8.0,0.0,0.0,0.0,55538.0,46.0,2024-04-29,Built ML pipeline for preprocessing,2024.0,4.0,0.0
29.0,Female,M.Sc,7.0,Mid,Enterprise,Remote,5.0,1.0,0.0,2.0,130601.0,63.0,2023-07-20,No relevant project mentioned,2023.0,7.0,1.0
24.0,Male,B.Sc,5.0,Junior,Startup,Tier-3,2.0,0.0,1.0,3.0,61843.0,79.0,2023-10-19,Built ML pipeline for preprocessing,2023.0,10.0,0.0
23.0,Male,B.Sc,0.0,Junior,Enterprise,Tier-3,3.0,1.0,0.0,1.0,35467.0,80.0,2023-10-05,No relevant project mentioned,2023.0,10.0,0.0
31.0,Male,B.Sc,9.0,Senior,Enterprise,Tier-1,7.0,1.0,1.0,0.0,162164.0,58.0,2023-12-01,Worked on microservices deployment,2023.0,12.0,2.0
38.0,Male,B.Sc+Cert,12.0,Mid,SME,Tier-1,4.0,0.0,0.0,2.0,145331.0,61.0,2024-08-12,No relevant project mentioned,2024.0,8.0,1.0
36.0,Male,M.Eng,10.0,Mid,Startup,Tier-1,5.0,0.0,0.0,4.0,127179.0,68.0,2024-02-15,Built ML pipeline for preprocessing,2024.0,2.0,1.0
21.0,Female,B.Sc,1.0,Senior,Enterprise,Tier-3,6.0,1.0,0.0,1.0,60964.0,59.0,2023-07-29,Built ML pipeline for preprocessing,2023.0,7.0,2.0
24.0,Male,M.Sc,2.0,Mid,Enterprise,Remote,11.0,1.0,0.0,3.0,92711.0,67.0,2024-09-29,Experience in data cleaning and ETL,2024.0,9.0,1.0
36.0,Male,B.Sc,15.0,Senior,Enterprise,Tier-2,7.0,1.0,0.0,1.0,183878.0,47.0,2023-01-10,Contributed to open-source NLP repo,2023.0,1.0,2.0
24.0,Male,M.Sc,0.0,Mid,Startup,Tier-3,7.0,1.6,1.0,0.0,39160.0,59.0,2023-08-28,Worked on microservices deployment,2023.0,8.0,1.0
29.0,Male,M.Sc,2.4,Junior,Startup,Tier-2,8.0,1.0,1.0,1.0,76100.0,59.0,2023-06-19,Experience in data cleaning and ETL,2023.0,6.0,0.0
33.0,Male,M.Sc,10.0,Junior,SME,Tier-1,5.0,2.0,0.0,1.0,126712.0,57.8,2024-11-11,Built ML pipeline for preprocessing,2024.0,11.0,0.0
24.0,Female,B.Sc,0.0,Mid,SME,Tier-3,3.8,2.0,0.0,5.0,45773.0,48.0,2024-04-17,Contributed to open-source NLP repo,2024.0,4.0,1.0
31.0,Female,B.Sc,6.0,Junior,Startup,Tier-3,7.0,1.0,1.0,2.0,91544.0,64.6,2024-04-16,No relevant project mentioned,2024.0,4.0,0.0
22.0,Male,B.Sc,2.0,Junior,SME,Tier-1,3.0,1.0,0.0,0.0,58972.0,54.0,2024-11-26,No relevant project mentioned,2024.0,11.0,0.0
26.0,Female,B.Sc+Cert,0.0,Junior,SME,Tier-1,6.0,2.0,1.0,1.0,51001.0,68.0,2023-08-17,Built ML pipeline for preprocessing,2023.0,8.0,0.0
32.0,Female,M.Sc,7.0,Junior,Enterprise,Tier-2,6.4,1.0,1.0,7.0,97341.0,46.0,2024-02-12,No relevant project mentioned,2024.0,2.0,0.0
20.0,Female,M.Eng,1.2,Junior,SME,Tier-1,4.0,0.0,1.0,1.0,53763.0,57.0,2024-02-03,Worked on microservices deployment,2024.0,2.0,0.0
33.0,Male,PhD,12.0,Junior,SME,Remote,5.0,1.0,0.0,1.0,173720.0,60.0,2023-07-22,Contributed to open-source NLP repo,2023.0,7.0,0.0
30.0,Male,B.Sc,7.0,Junior,Enterprise,Tier-2,11.0,1.0,0.0,0.0,95797.0,49.0,2024-11-14,Built ML pipeline for preprocessing,2024.0,11.0,0.0
33.0,Male,M.Sc,12.0,Junior,Enterprise,Tier-1,5.0,5.0,1.0,3.0,139825.0,56.0,2024-08-15,Built ML pipeline for preprocessing,2024.0,8.0,0.0
31.0,Male,M.Sc,9.0,Mid,Startup,Tier-1,3.0,0.0,0.0,1.0,126022.0,65.0,2023-02-18,Built ML pipeline for preprocessing,2023.0,2.0,1.0
38.0,Male,PhD,19.0,Junior,Startup,Remote,5.0,1.0,0.0,2.0,224597.0,62.0,2024-12-27,Experience in data cleaning and ETL,2024.0,12.0,0.0
31.0,Male,PhD,5.0,Senior,Enterprise,Tier-3,7.0,0.0,0.0,2.0,133680.0,61.8,2024-11-19,Built ML pipeline for preprocessing,2024.0,11.0,2.0
27.0,Female,M.Sc,4.0,Senior,SME,Tier-3,9.0,2.0,0.0,0.0,107056.0,64.6,2023-04-05,Experience in data cleaning and ETL,2023.0,4.0,2.0
31.0,Female,B.Sc,5.0,Mid,Enterprise,Tier-1,11.0,0.0,1.0,0.0,99385.0,61.0,2023-04-28,Built ML pipeline for preprocessing,2023.0,4.0,1.0
33.0,Female,M.Sc,12.0,Mid,SME,Remote,5.0,1.0,1.0,6.0,152672.0,74.0,2024-09-01,Contributed to open-source NLP repo,2024.0,9.0,1.0
30.0,Male,B.Sc,6.0,Mid,Startup,Tier-2,7.0,1.0,1.0,5.0,92656.0,64.0,2023-03-15,Built ML pipeline for preprocessing,2023.0,3.0,1.0
30.0,Male,M.Sc,4.0,Junior,SME,Tier-2,3.0,0.6,1.0,2.0,59448.0,67.0,2023-02-06,Contributed to open-source NLP repo,2023.0,2.0,0.0
26.0,Male,B.Sc+Cert,3.0,Senior,SME,Remote,5.0,1.0,0.0,0.0,87905.0,59.0,2023-11-26,No relevant project mentioned,2023.0,11.0,2.0
26.0,Male,B.Sc,3.0,Junior,SME,Tier-1,3.0,1.2,0.0,1.0,60511.0,54.0,2024-03-01,No relevant project mentioned,2024.0,3.0,0.0
22.0,Male,M.Sc,0.0,Senior,Startup,Tier-2,3.2,1.0,0.0,2.0,57856.0,43.0,2023-07-06,No relevant project mentioned,2023.0,7.0,2.0
40.0,Male,B.Sc,19.2,Mid,Enterprise,Tier-1,7.0,1.0,0.0,1.0,205297.0,70.0,2024-01-19,Built ML pipeline for preprocessing,2024.0,1.0,1.0
23.0,Male,B.Sc,0.0,Junior,SME,Tier-2,4.0,3.0,0.0,6.0,38532.0,61.0,2024-04-03,Built ML pipeline for preprocessing,2024.0,4.0,0.0
26.0,Female,B.Sc,8.0,Mid,SME,Tier-1,7.0,1.0,1.0,0.0,110522.0,60.0,2023-11-05,Built ML pipeline for preprocessing,2023.0,11.0,1.0
26.0,Male,M.Sc,4.0,Mid,Enterprise,Remote,4.0,0.0,0.0,3.0,105829.0,47.0,2024-03-01,Worked on microservices deployment,2024.0,3.0,1.0
35.0,Female,B.Sc+Cert,13.0,Junior,SME,Tier-1,3.0,0.0,1.0,1.0,134567.0,62.0,2024-01-27,Experience in data cleaning and ETL,2024.0,1.0,0.0
28.0,Male,B.Sc+Cert,10.0,Mid,Enterprise,Tier-2,6.0,1.0,1.0,2.0,138133.0,64.8,2023-11-27,Built ML pipeline for preprocessing,2023.0,11.0,1.0
37.0,Male,B.Sc,14.0,Mid,Enterprise,Remote,1.0,1.0,0.0,3.0,153039.0,58.4,2024-02-12,Worked on microservices deployment,2024.0,2.0,1.0
26.0,Male,B.Sc+Cert,4.0,Mid,SME,Remote,2.0,1.0,0.0,1.0,83637.0,55.0,2023-11-03,Contributed to open-source NLP repo,2023.0,11.0,1.0
32.0,Male,M.Sc,9.0,Junior,SME,Tier-2,4.8,0.0,1.0,0.0,100799.0,65.0,2023-03-12,Worked on microservices deployment,2023.0,3.0,0.0
25.0,Male,B.Sc,5.0,Junior,Enterprise,Tier-2,6.0,0.0,1.0,2.0,82544.0,59.0,2024-03-19,No relevant project mentioned,2024.0,3.0,0.0
43.0,Male,B.Sc,22.0,Senior,Startup,Tier-1,5.4,1.0,1.0,6.0,239141.0,53.0,2023-05-29,Experience in data cleaning and ETL,2023.0,5.0,2.0
23.0,Male,B.Sc,0.0,Mid,Startup,Tier-1,4.0,1.0,0.0,2.0,44159.0,61.0,2024-03-12,Built ML pipeline for preprocessing,2024.0,3.0,1.0
32.0,Male,B.Sc,10.0,Mid,Enterprise,Tier-2,9.0,1.0,0.0,0.0,152021.0,56.0,2023-09-19,Experience in data cleaning and ETL,2023.0,9.0,1.0
34.0,Male,M.Sc,11.0,Lead,Enterprise,Tier-1,9.0,0.0,0.0,4.0,233407.0,49.0,2024-10-13,Built ML pipeline for preprocessing,2024.0,10.0,3.0
32.0,Female,M.Sc,9.0,Junior,Enterprise,Tier-1,2.0,1.0,0.0,0.0,135747.0,65.0,2023-12-23,Built ML pipeline for preprocessing,2023.0,12.0,0.0
29.0,Male,B.Sc,10.0,Mid,Startup,Tier-1,6.0,1.0,0.0,1.0,105586.0,52.0,2023-11-01,Experience in data cleaning and ETL,2023.0,11.0,1.0
29.0,Female,M.Sc,6.0,Senior,Startup,Tier-2,8.0,1.0,1.0,1.0,116342.0,54.0,2024-06-26,Built ML pipeline for preprocessing,2024.0,6.0,2.0
30.0,Male,B.Sc,8.0,Senior,Startup,Tier-2,7.0,0.0,0.0,1.0,120421.0,64.0,2023-06-04,Built ML pipeline for preprocessing,2023.0,6.0,2.0
29.0,Female,B.Sc,4.0,Junior,SME,Tier-1,6.0,1.0,1.0,1.0,72965.0,61.0,2023-04-26,Contributed to open-source NLP repo,2023.0,4.0,0.0
36.0,Female,M.Sc,16.0,Junior,SME,Tier-1,5.0,1.0,0.0,4.0,196379.0,63.0,2024-12-21,Built ML pipeline for preprocessing,2024.0,12.0,0.0
43.0,Male,B.Sc,17.0,Mid,SME,Tier-2,4.0,1.0,0.0,0.0,189935.0,74.0,2024-09-18,Built ML pipeline for preprocessing,2024.0,9.0,1.0
27.0,Male,M.Eng,2.0,Junior,Startup,Tier-2,7.0,1.0,0.0,2.0,52940.0,60.0,2023-02-20,No relevant project mentioned,2023.0,2.0,0.0
22.0,Female,B.Sc,0.0,Senior,SME,Tier-2,8.0,1.0,0.0,0.0,54097.0,58.0,2023-03-13,No relevant project mentioned,2023.0,3.0,2.0
29.0,Male,M.Sc,2.0,Junior,SME,Tier-3,3.0,0.0,1.0,2.0,46780.0,49.0,2024-10-01,No relevant project mentioned,2024.0,10.0,0.0
45.0,Male,B.Sc,23.0,Junior,Startup,Tier-1,2.0,1.0,0.0,0.0,234735.0,37.0,2023-05-23,Contributed to open-source NLP repo,2023.0,5.0,0.0
25.0,Male,M.Sc,3.0,Junior,Enterprise,Tier-1,3.0,1.0,1.0,1.0,82425.0,62.0,2023-06-16,Built ML pipeline for preprocessing,2023.0,6.0,0.0
40.0,Female,B.Sc,15.0,Mid,Startup,Tier-1,6.0,0.0,1.0,1.0,157728.0,47.0,2023-03-11,Built ML pipeline for preprocessing,2023.0,3.0,1.0
40.0,Female,B.Sc,16.0,Senior,Enterprise,Tier-2,5.2,0.0,1.0,0.0,193011.0,81.0,2024-05-10,Experience in data cleaning and ETL,2024.0,5.0,2.0
27.0,Male,B.Sc,3.0,Mid,Enterprise,Tier-3,8.0,0.0,0.0,1.0,65703.0,65.0,2024-06-03,Built ML pipeline for preprocessing,2024.0,6.0,1.0
33.0,Male,B.Sc,9.0,Senior,SME,Tier-1,5.0,0.0,0.0,2.0,140405.0,55.2,2023-06-12,Worked on microservices deployment,2023.0,6.0,2.0
40.0,Male,M.Eng,16.0,Junior,Startup,Tier-2,4.0,1.0,0.0,1.0,160595.0,51.0,2024-07-28,No relevant project mentioned,2024.0,7.0,0.0
28.0,Male,PhD,6.0,Junior,SME,Tier-2,4.0,1.6,0.0,1.0,103387.0,75.0,2023-10-14,Built ML pipeline for preprocessing,2023.0,10.0,0.0
29.0,Other,B.Sc,6.0,Senior,Enterprise,Remote,3.0,2.0,1.0,1.0,130684.0,59.0,2023-08-22,Worked on microservices deployment,2023.0,8.0,2.0
27.0,Male,B.Sc,5.0,Senior,Startup,Tier-3,6.0,0.0,0.0,2.0,87949.0,59.0,2024-12-30,Contributed to open-source NLP repo,2024.0,12.0,2.0
24.0,Male,M.Sc,3.2,Senior,Enterprise,Tier-2,4.0,1.0,1.0,3.0,78646.0,63.0,2023-12-10,Experience in data cleaning and ETL,2023.0,12.0,2.0
26.0,Male,B.Sc+Cert,5.0,Senior,Enterprise,Tier-2,10.0,1.0,1.0,2.0,106581.0,67.0,2023-09-10,Built ML pipeline for preprocessing,2023.0,9.0,2.0
23.0,Female,B.Sc+Cert,3.0,Mid,Enterprise,Remote,5.4,0.0,1.0,7.0,85446.0,50.0,2024-12-06,Experience in data cleaning and ETL,2024.0,12.0,1.0
30.0,Male,B.Sc,7.0,Junior,SME,Remote,4.0,0.0,0.0,6.0,91653.0,53.0,2023-09-14,Worked on microservices deployment,2023.0,9.0,0.0
25.0,Male,M.Sc,4.0,Senior,Enterprise,Tier-2,5.0,0.0,0.0,0.0,108364.0,66.0,2024-05-20,Built ML pipeline for preprocessing,2024.0,5.0,2.0
31.0,Male,B.Sc,8.0,Junior,Enterprise,Tier-2,3.0,0.0,0.0,1.0,113806.0,64.0,2024-04-15,Worked on microservices deployment,2024.0,4.0,0.0
21.0,Male,PhD,0.0,Mid,SME,Tier-2,5.0,0.0,1.0,2.6,123726.0,61.0,2023-10-16,Worked on microservices deployment,2023.0,10.0,1.0
32.0,Male,B.Sc+Cert,10.0,Mid,Startup,Tier-2,6.0,0.0,0.0,0.0,123098.0,69.0,2024-09-11,Built ML pipeline for preprocessing,2024.0,9.0,1.0
35.0,Male,B.Sc,16.0,Junior,Startup,Tier-2,4.0,1.0,0.0,2.0,161022.0,64.8,2024-07-02,Contributed to open-source NLP repo,2024.0,7.0,0.0
20.0,Male,B.Sc,0.0,Senior,Startup,Tier-1,4.0,1.0,0.0,6.0,51764.0,59.0,2024-05-19,Built ML pipeline for preprocessing,2024.0,5.0,2.0
32.0,Female,B.Sc,8.0,Junior,Enterprise,Remote,5.0,0.0,0.0,3.0,111499.0,56.0,2024-06-06,Worked on microservices deployment,2024.0,6.0,0.0
37.0,Female,B.Sc,14.0,Senior,SME,Tier-2,4.0,0.0,0.0,0.0,161631.0,60.0,2023-03-25,Built ML pipeline for preprocessing,2023.0,3.0,2.0
23.0,Other,M.Eng,1.0,Mid,Enterprise,Tier-3,4.0,2.0,0.0,3.0,70545.0,51.0,2024-12-30,Worked on microservices deployment,2024.0,12.0,1.0
40.0,Male,B.Sc,19.0,Mid,Enterprise,Tier-2,5.0,0.0,1.0,1.0,222875.0,36.0,2024-07-12,Contributed to open-source NLP repo,2024.0,7.0,1.0
33.0,Female,B.Sc,8.0,Mid,SME,Tier-3,4.0,2.0,0.0,6.0,80537.0,56.0,2023-12-11,Experience in data cleaning and ETL,2023.0,12.0,1.0
26.0,Male,B.Sc,2.0,Junior,SME,Tier-1,2.0,1.0,1.0,1.0,49987.0,60.0,2024-01-14,No relevant project mentioned,2024.0,1.0,0.0
30.0,Male,PhD,7.0,Mid,Startup,Tier-2,4.0,0.0,1.0,2.0,108287.0,43.0,2023-05-12,Built ML pipeline for preprocessing,2023.0,5.0,1.0
33.0,Male,M.Sc,9.0,Mid,Enterprise,Tier-2,2.0,2.0,0.0,3.0,143434.0,53.0,2023-07-30,Experience in data cleaning and ETL,2023.0,7.0,1.0
30.0,Male,B.Sc,5.0,Mid,SME,Tier-1,5.0,2.0,1.0,1.0,97632.0,62.0,2024-12-17,Built ML pipeline for preprocessing,2024.0,12.0,1.0
33.0,Male,B.Sc,14.0,Junior,SME,Remote,10.0,0.0,0.0,0.0,159108.0,58.4,2024-08-17,Worked on microservices deployment,2024.0,8.0,0.0
24.0,Male,PhD,0.0,Junior,Startup,Tier-1,1.0,1.0,1.0,0.0,62380.0,51.0,2023-03-18,Contributed to open-source NLP repo,2023.0,3.0,0.0
31.0,Male,M.Eng,7.0,Junior,Enterprise,Tier-2,4.0,1.0,1.0,2.0,104851.0,39.0,2023-05-20,Experience in data cleaning and ETL,2023.0,5.0,0.0
22.0,Male,B.Sc,0.0,Mid,Enterprise,Tier-1,2.0,0.0,1.0,6.0,62122.0,43.0,2023-05-08,Worked on microservices deployment,2023.0,5.0,1.0
29.0,Male,B.Sc,3.0,Junior,SME,Remote,4.0,3.0,0.0,1.0,65652.0,59.0,2023-03-07,Built ML pipeline for preprocessing,2023.0,3.0,0.0
25.0,Male,B.Sc,3.0,Senior,SME,Tier-1,2.0,2.0,0.0,0.0,93534.0,56.2,2024-10-24,Built ML pipeline for preprocessing,2024.0,10.0,2.0
26.0,Male,B.Sc,4.0,Mid,Enterprise,Tier-2,3.0,1.0,1.0,2.0,89848.0,68.0,2024-07-20,Worked on microservices deployment,2024.0,7.0,1.0
37.0,Female,M.Sc,13.0,Senior,Startup,Tier-1,8.0,0.0,1.0,0.0,186405.0,63.0,2023-05-27,Built ML pipeline for preprocessing,2023.0,5.0,2.0
37.0,Female,B.Sc+Cert,13.0,Senior,Startup,Tier-2,5.0,0.0,1.0,2.0,171418.0,59.0,2023-03-08,No relevant project mentioned,2023.0,3.0,2.0
34.0,Male,B.Sc,13.0,Junior,SME,Remote,2.0,1.0,1.0,1.0,156557.0,68.0,2024-04-16,Contributed to open-source NLP repo,2024.0,4.0,0.0
23.0,Male,B.Sc,0.0,Senior,Startup,Tier-1,6.0,0.0,0.0,2.0,71348.0,72.0,2023-05-31,Built ML pipeline for preprocessing,2023.0,5.0,2.0
28.0,Male,B.Sc,3.0,Mid,SME,Tier-2,4.2,0.0,0.0,0.0,61398.0,54.0,2023-01-04,Built ML pipeline for preprocessing,2023.0,1.0,1.0
37.0,Female,M.Sc,14.0,Senior,SME,Tier-1,7.0,0.0,1.0,0.0,202240.0,54.6,2023-01-18,Built ML pipeline for preprocessing,2023.0,1.0,2.0
31.0,Male,M.Sc,7.4,Senior,SME,Tier-2,10.0,3.0,1.0,3.0,117364.0,54.0,2024-06-07,Experience in data cleaning and ETL,2024.0,6.0,2.0
44.0,Male,B.Sc,19.0,Junior,Startup,Tier-2,7.0,1.0,0.0,0.0,176643.0,53.0,2023-09-13,Built ML pipeline for preprocessing,2023.0,9.0,0.0
32.0,Male,B.Sc,10.0,Mid,SME,Tier-2,6.0,1.0,0.0,4.0,113977.0,76.0,2024-05-23,No relevant project mentioned,2024.0,5.0,1.0
31.0,Male,M.Sc,8.0,Mid,SME,Tier-2,4.8,3.0,0.0,3.0,124063.0,69.0,2023-02-04,Built ML pipeline for preprocessing,2023.0,2.0,1.0
28.0,Male,B.Sc,9.0,Mid,SME,Tier-2,4.0,0.0,0.0,0.0,123124.0,65.0,2024-07-08,Experience in data cleaning and ETL,2024.0,7.0,1.0
31.0,Female,B.Sc,3.0,Junior,SME,Tier-1,4.0,1.0,0.0,5.0,67806.0,57.0,2024-08-12,Built ML pipeline for preprocessing,2024.0,8.0,0.0
29.0,Male,B.Sc,3.0,Junior,Enterprise,Tier-2,8.0,0.0,0.0,0.0,65911.0,61.8,2024-05-21,Experience in data cleaning and ETL,2024.0,5.0,0.0
34.0,Male,PhD,13.0,Mid,Startup,Tier-1,8.0,0.0,0.0,4.0,161672.0,63.6,2023-11-19,No relevant project mentioned,2023.0,11.0,1.0
36.0,Female,B.Sc,10.0,Mid,Enterprise,Tier-3,4.0,0.0,0.0,1.0,128308.0,51.0,2024-03-28,No relevant project mentioned,2024.0,3.0,1.0
25.0,Female,M.Eng,1.6,Lead,Startup,Tier-3,3.0,1.0,1.0,0.0,67250.0,55.0,2023-12-25,Built ML pipeline for preprocessing,2023.0,12.0,3.0
22.0,Male,B.Sc,2.0,Senior,SME,Tier-1,6.0,2.0,0.0,6.0,83675.0,56.0,2023-02-21,No relevant project mentioned,2023.0,2.0,2.0
20.0,Male,M.Sc,0.0,Mid,SME,Tier-1,2.0,1.0,0.0,6.0,61477.0,42.0,2024-06-12,Worked on microservices deployment,2024.0,6.0,1.0
33.0,Male,M.Sc,12.0,Junior,SME,Tier-1,2.0,1.0,1.0,2.0,142955.0,45.0,2024-12-23,Contributed to open-source NLP repo,2024.0,12.0,0.0
23.0,Female,B.Sc+Cert,1.6,Junior,Enterprise,Remote,4.0,2.0,1.0,1.0,54816.0,57.0,2023-02-02,No relevant project mentioned,2023.0,2.0,0.0
20.0,Male,B.Sc,0.0,Mid,SME,Tier-3,4.0,3.0,0.0,5.0,37671.0,57.0,2023-11-24,Experience in data cleaning and ETL,2023.0,11.0,1.0
32.0,Female,M.Sc,9.0,Senior,SME,Tier-1,9.0,3.0,1.0,2.0,165007.0,67.0,2024-03-11,Contributed to open-source NLP repo,2024.0,3.0,2.0
45.0,Male,M.Sc,19.0,Mid,Enterprise,Tier-2,5.0,0.0,0.0,1.0,193747.0,53.0,2024-02-23,Built ML pipeline for preprocessing,2024.0,2.0,1.0
30.0,Male,B.Sc,9.0,Mid,Startup,Tier-1,7.0,0.0,0.0,1.0,119250.0,49.0,2023-03-18,No relevant project mentioned,2023.0,3.0,1.0
35.0,Male,B.Sc,15.0,Senior,Startup,Tier-2,5.0,1.0,0.0,4.0,188574.0,58.0,2024-08-02,No relevant project mentioned,2024.0,8.0,2.0
30.0,Male,B.Sc,5.0,Senior,Startup,Tier-3,2.0,0.0,1.0,5.0,78112.0,64.0,2023-02-19,Built ML pipeline for preprocessing,2023.0,2.0,2.0
29.0,Male,B.Sc,4.0,Junior,Startup,Tier-2,7.0,2.0,0.0,6.0,89272.0,58.0,2024-03-17,Experience in data cleaning and ETL,2024.0,3.0,0.0
36.0,Male,B.Sc+Cert,16.0,Junior,SME,Remote,3.0,1.0,0.0,1.0,176777.0,56.0,2024-10-31,Experience in data cleaning and ETL,2024.0,10.0,0.0
28.0,Male,B.Sc,2.0,Junior,SME,Tier-2,9.0,1.0,0.0,3.0,54660.0,59.0,2023-07-17,Contributed to open-source NLP repo,2023.0,7.0,0.0
32.0,Female,B.Sc,8.0,Mid,Startup,Tier-1,6.0,1.0,0.0,0.0,109480.0,62.0,2024-04-07,Worked on microservices deployment,2024.0,4.0,1.0
32.0,Male,M.Sc,11.0,Lead,Startup,Tier-2,4.0,0.0,0.0,3.0,148897.0,52.4,2024-01-12,Experience in data cleaning and ETL,2024.0,1.0,3.0
26.0,Female,B.Sc,8.0,Junior,Enterprise,Tier-2,5.0,2.0,0.0,2.0,115377.0,68.0,2024-06-29,Worked on microservices deployment,2024.0,6.0,0.0
36.0,Male,B.Sc,14.0,Junior,Enterprise,Remote,3.0,1.0,0.0,0.0,160910.0,61.0,2024-03-11,Built ML pipeline for preprocessing,2024.0,3.0,0.0
29.0,Male,B.Sc,7.0,Senior,Enterprise,Tier-1,3.0,0.0,1.0,3.0,144752.0,52.0,2024-12-24,Built ML pipeline for preprocessing,2024.0,12.0,2.0
25.0,Male,B.Sc+Cert,2.0,Mid,Enterprise,Tier-2,4.6,3.0,0.0,0.0,60907.0,57.0,2023-09-29,Experience in data cleaning and ETL,2023.0,9.0,1.0
33.0,Male,B.Sc+Cert,11.0,Lead,Enterprise,Tier-2,2.0,1.0,1.0,1.0,150172.0,58.0,2024-07-29,Built ML pipeline for preprocessing,2024.0,7.0,3.0
25.0,Female,B.Sc+Cert,1.0,Mid,Enterprise,Tier-2,7.0,0.0,0.0,1.0,59920.0,50.0,2023-06-04,No relevant project mentioned,2023.0,6.0,1.0
30.0,Male,B.Sc,11.0,Mid,SME,Tier-1,9.0,2.0,1.0,4.0,161454.0,72.0,2023-11-17,Worked on microservices deployment,2023.0,11.0,1.0
30.0,Male,M.Sc,9.4,Junior,Startup,Remote,4.0,0.0,1.0,1.0,126283.0,74.0,2023-09-26,No relevant project mentioned,2023.0,9.0,0.0
37.0,Male,B.Sc,18.0,Junior,SME,Tier-1,5.0,1.0,1.0,1.2,204636.0,50.0,2024-07-05,Contributed to open-source NLP repo,2024.0,7.0,0.0
33.0,Male,B.Sc,8.0,Mid,Startup,Tier-1,1.0,1.0,1.0,0.0,118630.0,59.0,2023-06-09,Built ML pipeline for preprocessing,2023.0,6.0,1.0
30.0,Male,B.Sc,6.0,Mid,Enterprise,Remote,8.0,1.0,0.0,2.0,116410.0,53.0,2023-11-19,No relevant project mentioned,2023.0,11.0,1.0
35.0,Female,M.Sc,13.0,Junior,SME,Tier-1,2.0,0.0,0.0,0.0,160787.0,71.0,2023-01-14,Worked on microservices deployment,2023.0,1.0,0.0
38.0,Female,B.Sc,13.0,Senior,SME,Tier-1,5.0,2.0,1.0,4.0,136675.0,79.0,2024-01-11,Contributed to open-source NLP repo,2024.0,1.0,2.0
33.0,Male,B.Sc,11.0,Junior,Startup,Tier-2,5.0,0.0,0.0,5.0,113831.0,63.0,2023-04-30,Built ML pipeline for preprocessing,2023.0,4.0,0.0
30.0,Male,B.Sc,7.8,Mid,SME,Tier-1,5.0,0.0,0.0,2.0,129618.0,93.0,2023-11-10,No relevant project mentioned,2023.0,11.0,1.0
22.0,Male,B.Sc,0.0,Junior,SME,Remote,12.0,0.0,1.0,3.0,50793.0,75.0,2023-12-14,Built ML pipeline for preprocessing,2023.0,12.0,0.0
24.0,Male,M.Sc,0.0,Senior,Startup,Tier-2,2.0,1.0,0.0,1.0,53502.0,58.0,2023-02-15,No relevant project mentioned,2023.0,2.0,2.0
28.0,Male,B.Sc,2.0,Junior,SME,Tier-2,2.0,1.0,1.0,1.0,43843.0,62.0,2023-12-12,Contributed to open-source NLP repo,2023.0,12.0,0.0
26.0,Male,M.Sc,1.0,Senior,Startup,Tier-1,6.0,1.0,1.0,0.0,72411.0,69.0,2024-04-13,Contributed to open-source NLP repo,2024.0,4.0,2.0
29.0,Male,B.Sc,8.2,Junior,SME,Tier-1,7.0,2.0,1.0,2.0,116306.0,56.0,2024-01-17,Built ML pipeline for preprocessing,2024.0,1.0,0.0
30.0,Male,M.Eng,7.0,Mid,SME,Tier-2,4.0,0.0,0.0,2.4,130171.0,47.0,2024-09-13,Built ML pipeline for preprocessing,2024.0,9.0,1.0
33.0,Male,M.Sc,7.0,Mid,Enterprise,Tier-2,4.0,0.0,1.0,5.0,122253.0,51.0,2024-01-06,No relevant project mentioned,2024.0,1.0,1.0
30.0,Male,B.Sc,20.0,Junior,SME,Tier-3,6.0,1.0,0.0,5.0,214022.0,54.0,2024-04-03,Worked on microservices deployment,2024.0,4.0,0.0
33.0,Male,B.Sc,10.0,Junior,SME,Tier-1,5.0,2.0,0.0,6.0,109024.0,54.0,2023-08-07,Worked on microservices deployment,2023.0,8.0,0.0
30.0,Male,M.Sc,5.0,Senior,Enterprise,Tier-2,6.0,1.0,1.0,0.0,136177.0,47.0,2023-05-01,Experience in data cleaning and ETL,2023.0,5.0,2.0
20.0,Female,M.Eng,0.0,Senior,SME,Tier-1,4.0,0.0,0.0,0.0,79832.0,54.0,2023-10-16,Built ML pipeline for preprocessing,2023.0,10.0,2.0
24.0,Male,B.Sc,1.0,Junior,SME,Tier-2,6.0,0.0,1.0,1.0,49968.0,61.8,2024-05-26,Built ML pipeline for preprocessing,2024.0,5.0,0.0
29.0,Male,B.Sc,3.0,Junior,SME,Tier-2,5.2,1.0,1.0,3.0,57457.0,65.0,2024-07-11,Contributed to open-source NLP repo,2024.0,7.0,0.0
23.0,Male,B.Sc+Cert,3.0,Junior,Enterprise,Tier-1,4.0,2.0,1.0,1.0,81384.0,52.0,2023-12-04,Built ML pipeline for preprocessing,2023.0,12.0,0.0
34.0,Female,M.Sc,8.0,Junior,SME,Tier-2,3.0,1.0,0.0,5.0,99668.0,43.0,2024-01-16,Built ML pipeline for preprocessing,2024.0,1.0,0.0
39.0,Male,B.Sc,16.0,Lead,SME,Tier-1,5.0,1.0,0.0,3.0,220585.0,57.0,2024-05-20,Built ML pipeline for preprocessing,2024.0,5.0,3.0
37.0,Male,B.Sc,13.0,Mid,Enterprise,Tier-2,6.8,1.0,1.0,2.0,168985.0,62.0,2024-07-19,No relevant project mentioned,2024.0,7.0,1.0
29.0,Male,B.Sc,7.0,Mid,Startup,Tier-2,6.6,0.0,1.0,0.0,87745.0,64.0,2024-01-23,Worked on microservices deployment,2024.0,1.0,1.0
39.0,Female,M.Sc,14.0,Lead,Enterprise,Tier-1,7.0,1.0,1.0,0.0,261332.0,61.0,2024-07-19,No relevant project mentioned,2024.0,7.0,3.0
31.0,Female,B.Sc,11.0,Mid,SME,Remote,9.0,1.0,1.0,1.0,159008.0,52.0,2023-01-04,Contributed to open-source NLP repo,2023.0,1.0,1.0
28.0,Male,PhD,7.0,Mid,SME,Tier-2,1.0,1.0,0.0,7.0,125224.0,55.0,2024-08-14,Built ML pipeline for preprocessing,2024.0,8.0,1.0
26.0,Female,B.Sc,3.0,Junior,Enterprise,Remote,2.0,0.0,0.0,1.0,60967.0,48.0,2023-07-20,Worked on microservices deployment,2023.0,7.0,0.0
28.0,Female,B.Sc,2.0,Mid,Startup,Tier-1,4.0,1.0,0.0,2.0,57192.0,31.0,2023-07-21,Built ML pipeline for preprocessing,2023.0,7.0,1.0
28.0,Female,M.Sc,4.0,Mid,Enterprise,Remote,4.0,1.0,1.0,7.0,103385.0,55.0,2023-09-13,No relevant project mentioned,2023.0,9.0,1.0
31.0,Male,B.Sc+Cert,8.0,Junior,Enterprise,Tier-1,5.2,1.0,0.0,1.0,124571.0,40.0,2023-07-18,No relevant project mentioned,2023.0,7.0,0.0
31.0,Male,M.Eng,8.0,Junior,SME,Tier-2,2.0,0.0,1.0,0.0,108645.0,54.0,2023-03-14,Experience in data cleaning and ETL,2023.0,3.0,0.0
30.0,Male,B.Sc,21.2,Junior,Enterprise,Remote,8.0,2.0,0.0,2.0,327724.0,62.6,2024-11-18,Built ML pipeline for preprocessing,2024.0,11.0,0.0
33.0,Female,M.Sc,7.0,Junior,Startup,Tier-1,8.0,1.0,0.0,2.0,103867.0,75.0,2023-08-07,Contributed to open-source NLP repo,2023.0,8.0,0.0
37.0,Male,M.Sc,11.0,Mid,Enterprise,Tier-1,3.0,0.0,0.0,6.0,183854.0,62.0,2024-03-08,Worked on microservices deployment,2024.0,3.0,1.0
36.0,Male,B.Sc,10.0,Mid,SME,Tier-3,5.0,2.0,1.0,0.0,130629.0,66.0,2024-02-11,Experience in data cleaning and ETL,2024.0,2.0,1.0
21.0,Male,B.Sc,2.0,Mid,SME,Tier-2,4.2,2.0,1.0,1.0,61419.0,55.0,2023-04-03,Worked on microservices deployment,2023.0,4.0,1.0
20.0,Female,B.Sc,0.0,Junior,Startup,Tier-2,5.6,1.0,1.0,1.0,27893.0,52.0,2024-10-25,Experience in data cleaning and ETL,2024.0,10.0,0.0
36.0,Female,B.Sc,12.0,Mid,SME,Tier-1,4.0,1.0,0.0,2.0,140633.0,62.0,2023-03-21,No relevant project mentioned,2023.0,3.0,1.0
22.0,Male,B.Sc+Cert,0.0,Junior,Startup,Tier-2,4.0,0.0,0.0,0.0,28992.0,66.0,2023-07-27,Experience in data cleaning and ETL,2023.0,7.0,0.0
29.0,Female,B.Sc,4.0,Mid,Enterprise,Tier-1,6.0,2.0,1.0,3.0,97483.0,63.0,2023-04-02,Built ML pipeline for preprocessing,2023.0,4.0,1.0
23.0,Male,B.Sc+Cert,0.0,Senior,Enterprise,Remote,6.0,0.0,0.0,2.0,71252.0,71.0,2024-06-15,Built ML pipeline for preprocessing,2024.0,6.0,2.0
20.0,Female,B.Sc,0.0,Junior,Startup,Tier-2,5.0,1.0,0.0,3.0,31406.0,58.0,2023-02-22,Worked on microservices deployment,2023.0,2.0,0.0
33.0,Male,M.Sc,7.8,Senior,Startup,Tier-3,3.8,2.0,0.0,2.0,114995.0,58.0,2023-03-24,Built ML pipeline for preprocessing,2023.0,3.0,2.0
35.0,Male,B.Sc,12.0,Senior,Enterprise,Tier-1,1.0,0.0,0.0,2.0,183725.0,57.0,2023-03-15,Experience in data cleaning and ETL,2023.0,3.0,2.0
27.0,Female,B.Sc,6.0,Junior,SME,Remote,5.0,3.0,0.0,5.0,95436.0,53.0,2024-02-14,Contributed to open-source NLP repo,2024.0,2.0,0.0
20.0,Male,B.Sc,0.0,Junior,Startup,Tier-2,2.0,2.0,0.0,0.0,29370.0,64.0,2024-03-19,Built ML pipeline for preprocessing,2024.0,3.0,0.0
27.0,Female,B.Sc,7.0,Lead,SME,Remote,7.0,1.0,0.0,0.0,138711.0,60.0,2023-05-10,Built ML pipeline for preprocessing,2023.0,5.0,3.0
32.0,Male,M.Sc,8.0,Junior,SME,Tier-1,7.0,1.0,0.0,2.0,115397.0,82.0,2023-07-03,Contributed to open-source NLP repo,2023.0,7.0,0.0
21.0,Male,B.Sc,1.0,Senior,Startup,Tier-3,3.0,0.0,1.0,3.0,45102.0,68.0,2024-07-31,No relevant project mentioned,2024.0,7.0,2.0
31.0,Male,M.Sc,8.0,Mid,Enterprise,Tier-2,10.0,1.0,0.0,1.0,149499.0,56.8,2024-10-26,Built ML pipeline for preprocessing,2024.0,10.0,1.0
30.0,Male,B.Sc,3.0,Junior,SME,Tier-1,8.0,0.0,0.0,2.0,66382.0,38.0,2023-12-31,Built ML pipeline for preprocessing,2023.0,12.0,0.0
33.0,Male,B.Sc,11.0,Junior,Startup,Tier-2,6.0,0.0,1.0,0.0,123895.0,67.0,2023-07-15,Contributed to open-source NLP repo,2023.0,7.0,0.0
31.0,Male,B.Sc,9.0,Mid,Enterprise,Tier-1,2.0,1.0,1.0,0.0,139649.0,51.0,2023-01-15,Built ML pipeline for preprocessing,2023.0,1.0,1.0
24.0,Male,B.Sc+Cert,0.0,Mid,SME,Tier-1,5.8,0.0,0.0,0.0,54504.0,66.0,2023-07-29,Built ML pipeline for preprocessing,2023.0,7.0,1.0
37.0,Male,M.Sc,16.0,Mid,Startup,Tier-1,4.8,1.0,0.0,5.0,184898.0,70.0,2023-05-15,Built ML pipeline for preprocessing,2023.0,5.0,1.0
29.0,Female,B.Sc,5.0,Senior,Startup,Tier-2,5.0,1.0,0.0,2.6,73467.0,76.0,2024-01-19,Built ML pipeline for preprocessing,2024.0,1.0,2.0
30.0,Female,B.Sc,6.0,Senior,Startup,Tier-2,6.0,1.0,1.0,0.0,103969.0,67.0,2024-04-19,No relevant project mentioned,2024.0,4.0,2.0
24.0,Male,B.Sc,0.0,Junior,SME,Tier-2,11.0,0.0,1.0,0.0,46273.0,48.0,2024-08-16,Built ML pipeline for preprocessing,2024.0,8.0,0.0
27.0,Female,PhD,0.0,Senior,Startup,Tier-1,3.0,1.0,0.0,0.0,82235.0,53.0,2024-08-05,Worked on microservices deployment,2024.0,8.0,2.0
25.0,Male,M.Sc,1.0,Senior,SME,Tier-3,7.0,3.0,1.0,1.0,80410.0,77.0,2024-05-18,Experience in data cleaning and ETL,2024.0,5.0,2.0
29.0,Male,B.Sc,6.0,Senior,Startup,Remote,6.0,2.0,0.0,4.0,104791.0,68.0,2024-04-21,Contributed to open-source NLP repo,2024.0,4.0,2.0
40.0,Female,M.Sc,12.4,Mid,SME,Tier-1,11.0,0.0,0.0,1.0,166928.0,57.0,2023-10-24,Built ML pipeline for preprocessing,2023.0,10.0,1.0
22.0,Female,B.Sc,0.0,Senior,Enterprise,Tier-1,5.0,2.0,1.0,0.0,77280.0,53.0,2024-01-17,Built ML pipeline for preprocessing,2024.0,1.0,2.0
20.0,Male,B.Sc+Cert,0.0,Mid,SME,Tier-2,8.0,2.0,0.0,1.0,49343.0,67.0,2024-03-19,Built ML pipeline for preprocessing,2024.0,3.0,1.0
39.0,Female,B.Sc,16.0,Junior,SME,Tier-3,4.0,1.0,0.0,0.0,148767.0,55.0,2024-11-14,No relevant project mentioned,2024.0,11.0,0.0
29.0,Male,M.Sc,7.0,Lead,Enterprise,Tier-2,6.0,2.0,1.0,2.0,165558.0,60.2,2023-05-03,Contributed to open-source NLP repo,2023.0,5.0,3.0
26.0,Other,B.Sc,1.0,Junior,SME,Tier-2,3.0,1.0,0.0,3.0,37063.0,57.0,2023-10-16,Built ML pipeline for preprocessing,2023.0,10.0,0.0
36.0,Male,M.Sc,12.0,Junior,SME,Tier-1,6.0,1.0,0.0,1.0,169169.0,45.0,2023-07-29,Built ML pipeline for preprocessing,2023.0,7.0,0.0
26.0,Male,M.Sc,6.0,Senior,SME,Tier-3,8.0,2.0,0.0,0.0,90506.0,60.2,2024-05-08,Worked on microservices deployment,2024.0,5.0,2.0
41.0,Male,M.Sc,20.0,Junior,Enterprise,Tier-2,2.0,1.0,0.0,1.0,205958.0,53.0,2024-07-29,No relevant project mentioned,2024.0,7.0,0.0
34.0,Male,M.Sc,13.0,Senior,Startup,Tier-1,4.0,0.0,0.0,3.0,160447.0,67.0,2024-01-25,Built ML pipeline for preprocessing,2024.0,1.0,2.0
27.0,Male,B.Sc+Cert,4.0,Mid,SME,Tier-1,3.0,0.0,0.0,0.0,74928.0,47.0,2023-03-04,Built ML pipeline for preprocessing,2023.0,3.0,1.0
43.0,Female,B.Sc,19.0,Junior,SME,Tier-2,4.0,0.0,1.0,0.0,194984.0,55.0,2024-02-13,Experience in data cleaning and ETL,2024.0,2.0,0.0
26.0,Male,B.Sc,1.0,Mid,SME,Tier-2,8.0,2.0,1.0,1.0,54152.0,64.0,2024-06-03,No relevant project mentioned,2024.0,6.0,1.0
34.0,Male,B.Sc,14.0,Senior,Enterprise,Tier-2,8.0,2.0,0.0,1.0,182287.0,48.0,2023-09-02,Built ML pipeline for preprocessing,2023.0,9.0,2.0
32.0,Male,PhD,7.0,Mid,SME,Remote,1.0,1.0,0.0,0.0,112347.0,41.0,2023-06-14,No relevant project mentioned,2023.0,6.0,1.0
38.0,Male,B.Sc,14.0,Senior,Startup,Tier-1,4.0,4.0,1.0,0.0,148677.0,40.0,2023-04-03,No relevant project mentioned,2023.0,4.0,2.0
39.0,Male,M.Sc,15.0,Senior,Enterprise,Remote,7.0,1.0,0.0,0.0,209474.0,52.0,2023-10-11,Experience in data cleaning and ETL,2023.0,10.0,2.0
30.0,Male,M.Sc,3.0,Junior,Startup,Tier-2,6.0,0.0,0.0,1.0,61263.0,59.0,2024-12-11,No relevant project mentioned,2024.0,12.0,0.0
25.0,Male,B.Sc,1.0,Junior,Startup,Tier-2,9.0,3.0,1.0,0.0,94836.0,49.0,2023-05-04,No relevant project mentioned,2023.0,5.0,0.0
33.0,Male,B.Sc,11.0,Senior,SME,Remote,7.0,2.0,1.0,3.0,170660.0,51.0,2024-07-20,Contributed to open-source NLP repo,2024.0,7.0,2.0
26.0,Male,B.Sc,2.0,Mid,Enterprise,Tier-2,10.0,0.0,0.0,2.0,72578.0,63.0,2023-07-09,Built ML pipeline for preprocessing,2023.0,7.0,1.0
42.0,Female,B.Sc,20.0,Junior,Enterprise,Tier-1,6.0,1.0,0.0,1.0,223440.0,52.0,2024-10-16,Built ML pipeline for preprocessing,2024.0,10.0,0.0
31.0,Female,B.Sc,11.0,Senior,Enterprise,Remote,12.0,0.0,0.0,2.0,157415.0,75.0,2023-11-13,No relevant project mentioned,2023.0,11.0,2.0
28.0,Male,B.Sc,3.0,Senior,Startup,Tier-2,8.0,3.0,0.0,3.0,73110.0,83.0,2024-08-31,Built ML pipeline for preprocessing,2024.0,8.0,2.0
31.0,Male,B.Sc+Cert,7.0,Mid,SME,Tier-2,3.0,3.0,0.0,7.0,100548.0,65.0,2023-07-16,Contributed to open-source NLP repo,2023.0,7.0,1.0
22.0,Male,B.Sc+Cert,0.0,Mid,Startup,Remote,3.0,2.0,0.0,4.0,42125.0,62.0,2023-10-12,Experience in data cleaning and ETL,2023.0,10.0,1.0
24.0,Male,B.Sc,6.0,Mid,Enterprise,Tier-2,8.0,0.0,1.0,2.0,84265.0,54.0,2024-08-15,Worked on microservices deployment,2024.0,8.0,1.0
37.0,Male,B.Sc,13.0,Mid,SME,Tier-2,2.0,3.0,1.0,4.0,409293.0,46.0,2023-04-19,Built ML pipeline for preprocessing,2023.0,4.0,1.0
26.0,Male,B.Sc,0.0,Senior,Startup,Tier-3,4.0,1.0,1.0,2.0,42955.0,51.0,2023-07-28,Worked on microservices deployment,2023.0,7.0,2.0
24.0,Male,M.Sc,2.0,Lead,Enterprise,Tier-2,4.0,2.0,1.0,1.0,107841.0,55.0,2023-04-25,Contributed to open-source NLP repo,2023.0,4.0,3.0
33.0,Male,M.Eng,12.0,Mid,SME,Tier-1,5.0,2.0,0.0,1.0,173228.0,65.0,2024-05-20,No relevant project mentioned,2024.0,5.0,1.0
37.0,Male,B.Sc,17.0,Senior,SME,Tier-3,6.0,1.0,0.0,1.0,193995.0,50.0,2023-11-27,Built ML pipeline for preprocessing,2023.0,11.0,2.0
34.0,Female,B.Sc,13.0,Lead,Enterprise,Tier-1,4.0,1.0,0.0,0.0,198536.0,62.0,2023-07-23,Worked on microservices deployment,2023.0,7.0,3.0
36.0,Female,M.Sc,9.0,Junior,Startup,Tier-3,7.0,1.0,0.0,0.0,129664.0,49.0,2024-12-13,Built ML pipeline for preprocessing,2024.0,12.0,0.0
25.0,Male,M.Sc,0.0,Junior,Startup,Remote,7.0,0.0,1.0,0.0,43932.0,59.0,2024-10-28,Experience in data cleaning and ETL,2024.0,10.0,0.0
21.0,Male,B.Sc,0.0,Senior,Startup,Tier-1,6.0,1.0,0.0,6.0,55470.0,52.0,2023-11-11,Contributed to open-source NLP repo,2023.0,11.0,2.0
39.0,Female,M.Sc,17.0,Junior,SME,Tier-1,3.0,2.0,1.0,0.0,186523.0,61.8,2023-09-22,Experience in data cleaning and ETL,2023.0,9.0,0.0
28.0,Female,B.Sc,7.0,Junior,Startup,Tier-1,6.0,2.0,1.0,2.0,106731.0,51.0,2023-10-16,No relevant project mentioned,2023.0,10.0,0.0
28.0,Male,B.Sc,5.0,Junior,SME,Tier-2,4.0,1.0,1.0,5.0,74583.0,62.0,2024-08-04,Built ML pipeline for preprocessing,2024.0,8.0,0.0
38.0,Male,B.Sc,18.0,Mid,Startup,Remote,5.0,1.0,1.0,1.2,205170.0,48.0,2024-11-21,Contributed to open-source NLP repo,2024.0,11.0,1.0
33.0,Male,M.Eng,10.0,Junior,Enterprise,Tier-2,4.0,0.0,0.0,2.0,115360.0,68.0,2024-04-25,No relevant project mentioned,2024.0,4.0,0.0
33.0,Male,B.Sc,10.0,Junior,Startup,Tier-1,5.0,3.0,0.0,3.0,121407.0,62.0,2024-11-10,No relevant project mentioned,2024.0,11.0,0.0
43.0,Male,B.Sc+Cert,20.0,Lead,Startup,Tier-2,6.0,1.0,0.0,1.0,240000.0,54.0,2023-01-06,Built ML pipeline for preprocessing,2023.0,1.0,3.0
26.0,Male,B.Sc,3.0,Mid,Startup,Tier-3,3.0,2.0,1.0,0.0,57811.0,67.0,2024-10-05,Built ML pipeline for preprocessing,2024.0,10.0,1.0
36.0,Male,M.Sc,15.0,Mid,Enterprise,Tier-1,5.0,0.0,0.0,4.0,185062.0,49.0,2023-05-21,Built ML pipeline for preprocessing,2023.0,5.0,1.0
30.0,Male,B.Sc,8.0,Junior,SME,Tier-3,3.0,2.0,0.0,0.8,91075.0,55.0,2023-10-09,No relevant project mentioned,2023.0,10.0,0.0
32.0,Female,B.Sc+Cert,6.8,Mid,Enterprise,Tier-1,3.8,0.0,0.0,4.0,112050.0,70.0,2023-10-17,Built ML pipeline for preprocessing,2023.0,10.0,1.0
39.0,Male,B.Sc+Cert,17.0,Mid,Enterprise,Tier-3,5.0,2.0,0.0,0.0,198084.0,47.0,2023-07-24,Built ML pipeline for preprocessing,2023.0,7.0,1.0
33.0,Male,B.Sc,10.4,Mid,Enterprise,Tier-1,8.0,1.0,0.0,1.6,142912.0,55.0,2024-11-23,No relevant project mentioned,2024.0,11.0,1.0
33.0,Male,B.Sc+Cert,9.0,Junior,Enterprise,Tier-1,4.0,0.8,1.0,2.0,124721.0,55.6,2024-07-12,No relevant project mentioned,2024.0,7.0,0.0
36.0,Male,M.Eng,12.0,Mid,Startup,Remote,4.0,1.0,0.0,7.0,164429.0,87.0,2023-11-28,Built ML pipeline for preprocessing,2023.0,11.0,1.0
28.0,Female,B.Sc,5.0,Senior,Enterprise,Tier-2,6.0,0.6,0.0,1.0,131489.0,60.0,2024-10-09,Built ML pipeline for preprocessing,2024.0,10.0,2.0
25.0,Male,B.Sc,0.0,Mid,Enterprise,Tier-1,1.0,1.0,0.0,6.0,57885.0,63.6,2024-02-07,Experience in data cleaning and ETL,2024.0,2.0,1.0
24.0,Male,M.Eng,1.0,Mid,Enterprise,Remote,4.0,0.0,0.0,1.0,87071.0,55.0,2023-08-21,No relevant project mentioned,2023.0,8.0,1.0
20.0,Female,B.Sc+Cert,0.0,Mid,Startup,Tier-2,3.0,2.0,0.0,3.0,41287.0,58.0,2024-12-14,Built ML pipeline for preprocessing,2024.0,12.0,1.0
42.0,Male,B.Sc,23.0,Mid,SME,Tier-1,4.0,0.0,1.0,2.0,257874.0,58.6,2023-02-01,Built ML pipeline for preprocessing,2023.0,2.0,1.0
23.0,Female,B.Sc,0.0,Senior,Startup,Tier-2,3.6,1.0,1.0,0.0,56613.0,54.0,2023-07-11,Built ML pipeline for preprocessing,2023.0,7.0,2.0
29.0,Male,B.Sc,3.4,Junior,Startup,Remote,7.0,0.0,0.0,3.0,87690.0,63.6,2024-02-11,No relevant project mentioned,2024.0,2.0,0.0
28.0,Male,B.Sc,5.0,Mid,Enterprise,Tier-2,6.0,3.0,1.0,0.0,104563.0,68.0,2024-08-25,Built ML pipeline for preprocessing,2024.0,8.0,1.0
32.0,Male,B.Sc,8.0,Lead,Enterprise,Tier-1,6.0,1.0,1.0,1.0,142540.0,56.0,2024-08-05,Experience in data cleaning and ETL,2024.0,8.0,3.0
35.0,Male,M.Sc,14.0,Senior,SME,Tier-2,4.0,1.0,0.0,4.0,160679.0,38.0,2023-10-25,Worked on microservices deployment,2023.0,10.0,2.0
35.0,Female,M.Sc,15.0,Junior,Enterprise,Tier-2,5.0,1.0,0.0,6.0,177799.0,66.0,2023-02-04,Worked on microservices deployment,2023.0,2.0,0.0
27.0,Female,B.Sc,4.0,Junior,Startup,Tier-3,4.0,0.0,0.0,2.0,56392.0,42.0,2023-08-08,No relevant project mentioned,2023.0,8.0,0.0
29.0,Male,B.Sc+Cert,8.0,Mid,Startup,Tier-1,10.0,1.0,0.0,2.0,107222.0,56.0,2024-12-11,Built ML pipeline for preprocessing,2024.0,12.0,1.0
32.0,Male,B.Sc,7.0,Senior,SME,Tier-2,5.0,2.0,0.0,2.0,107523.0,62.0,2024-09-09,No relevant project mentioned,2024.0,9.0,2.0
29.0,Female,B.Sc,10.0,Mid,SME,Tier-1,6.0,0.0,0.0,4.0,134612.0,59.0,2023-11-28,No relevant project mentioned,2023.0,11.0,1.0
40.0,Female,B.Sc,12.0,Mid,Enterprise,Tier-2,4.4,1.0,1.0,7.0,157045.0,47.0,2023-02-21,Built ML pipeline for preprocessing,2023.0,2.0,1.0
33.0,Male,M.Sc,14.0,Junior,SME,Remote,2.0,0.0,0.0,2.0,150597.0,46.0,2023-01-17,Experience in data cleaning and ETL,2023.0,1.0,0.0
34.0,Male,B.Sc+Cert,6.0,Mid,SME,Tier-1,2.0,0.6,1.0,1.0,91777.0,80.0,2023-01-09,No relevant project mentioned,2023.0,1.0,1.0
34.0,Male,M.Sc,14.0,Mid,SME,Tier-1,3.0,1.0,0.0,2.8,179273.0,64.0,2023-06-29,Built ML pipeline for preprocessing,2023.0,6.0,1.0
37.0,Female,M.Eng,14.0,Lead,Startup,Tier-2,6.0,0.0,0.0,0.0,181741.0,76.0,2023-01-03,Built ML pipeline for preprocessing,2023.0,1.0,3.0
31.0,Male,B.Sc,7.0,Junior,Enterprise,Tier-3,6.0,0.0,0.0,5.0,105879.0,40.0,2023-10-05,No relevant project mentioned,2023.0,10.0,0.0
22.0,Male,B.Sc,4.0,Senior,SME,Tier-1,4.2,1.0,1.0,7.0,110038.0,56.0,2024-11-24,Built ML pipeline for preprocessing,2024.0,11.0,2.0
32.0,Female,B.Sc,6.2,Mid,SME,Tier-2,3.0,1.0,0.0,3.0,88866.0,67.0,2023-06-16,Built ML pipeline for preprocessing,2023.0,6.0,1.0
26.0,Male,B.Sc,3.0,Mid,Enterprise,Remote,8.0,0.0,1.0,6.0,72098.0,41.0,2023-09-08,Built ML pipeline for preprocessing,2023.0,9.0,1.0
27.0,Male,B.Sc,9.0,Senior,SME,Tier-3,3.0,2.0,0.0,1.6,138884.0,70.0,2023-10-01,Worked on microservices deployment,2023.0,10.0,2.0
34.0,Male,M.Sc,13.0,Junior,Enterprise,Tier-3,6.0,1.0,0.0,2.0,157991.0,49.0,2024-08-15,Experience in data cleaning and ETL,2024.0,8.0,0.0
37.0,Male,B.Sc,9.0,Junior,Startup,Tier-1,6.2,0.0,1.0,2.0,104199.0,57.0,2023-01-27,Built ML pipeline for preprocessing,2023.0,1.0,0.0
30.0,Male,M.Sc,10.2,Senior,Startup,Remote,3.0,2.0,1.0,2.0,130486.0,43.0,2023-04-28,Built ML pipeline for preprocessing,2023.0,4.0,2.0
32.0,Male,B.Sc,9.0,Mid,Enterprise,Tier-1,4.8,0.4,0.0,2.0,145292.0,62.0,2023-12-18,Built ML pipeline for preprocessing,2023.0,12.0,1.0
40.0,Male,B.Sc,18.0,Junior,Enterprise,Tier-1,3.4,1.0,0.0,1.0,183824.0,55.0,2023-07-14,Contributed to open-source NLP repo,2023.0,7.0,0.0
31.0,Male,M.Sc,9.0,Mid,SME,Tier-1,3.0,0.0,0.0,2.0,122527.0,47.0,2024-10-14,Worked on microservices deployment,2024.0,10.0,1.0
46.0,Female,B.Sc,23.0,Mid,SME,Tier-2,5.2,1.0,0.0,3.0,237209.0,45.0,2023-09-30,Experience in data cleaning and ETL,2023.0,9.0,1.0
33.0,Female,B.Sc+Cert,7.0,Senior,Enterprise,Remote,5.0,1.0,1.0,4.0,148923.0,51.0,2023-11-13,Built ML pipeline for preprocessing,2023.0,11.0,2.0
20.0,Male,M.Sc,0.0,Junior,Startup,Tier-1,6.0,0.0,0.0,3.0,44720.0,67.0,2024-02-06,Experience in data cleaning and ETL,2024.0,2.0,0.0
35.0,Male,B.Sc,14.0,Senior,Startup,Tier-3,5.0,0.0,1.0,1.0,154705.0,69.0,2024-06-12,Built ML pipeline for preprocessing,2024.0,6.0,2.0
32.0,Male,B.Sc+Cert,8.0,Junior,SME,Tier-3,4.0,1.0,1.0,1.0,108127.0,69.0,2024-11-26,Contributed to open-source NLP repo,2024.0,11.0,0.0
38.0,Male,B.Sc,18.0,Junior,Startup,Tier-2,3.0,2.0,1.0,1.8,174481.0,70.0,2023-02-17,Built ML pipeline for preprocessing,2023.0,2.0,0.0
34.0,Male,B.Sc,10.0,Junior,Startup,Tier-3,6.0,0.0,0.0,1.0,80889.0,49.0,2023-01-16,Contributed to open-source NLP repo,2023.0,1.0,0.0
29.0,Male,M.Sc,6.0,Senior,Enterprise,Tier-1,4.0,2.0,1.0,2.0,159144.0,48.0,2024-04-14,Contributed to open-source NLP repo,2024.0,4.0,2.0
23.0,Male,B.Sc,0.0,Junior,Startup,Tier-1,8.0,0.0,1.0,0.8,44344.0,53.0,2024-12-05,No relevant project mentioned,2024.0,12.0,0.0
29.0,Male,B.Sc,4.0,Senior,Enterprise,Remote,5.0,1.0,1.0,2.0,133970.0,68.0,2023-10-10,Contributed to open-source NLP repo,2023.0,10.0,2.0
25.0,Male,M.Eng,3.0,Mid,SME,Tier-2,8.0,2.0,1.0,1.0,78037.0,43.0,2023-01-14,Built ML pipeline for preprocessing,2023.0,1.0,1.0
27.0,Male,PhD,0.0,Lead,SME,Tier-1,3.0,1.0,0.0,0.0,117516.0,57.0,2023-12-14,No relevant project mentioned,2023.0,12.0,3.0
34.0,Male,B.Sc,10.0,Senior,SME,Tier-2,6.0,1.6,0.0,1.0,130607.0,51.0,2024-01-02,Experience in data cleaning and ETL,2024.0,1.0,2.0
40.0,Male,B.Sc,17.0,Mid,SME,Remote,5.0,1.0,0.0,2.4,163638.0,52.0,2023-08-16,Contributed to open-source NLP repo,2023.0,8.0,1.0
32.0,Male,M.Sc,7.0,Senior,Startup,Tier-2,4.0,1.0,0.0,0.0,106282.0,56.0,2024-09-19,Built ML pipeline for preprocessing,2024.0,9.0,2.0
23.0,Female,B.Sc,2.0,Mid,Startup,Tier-1,6.0,0.0,1.0,1.0,69585.0,70.0,2024-01-08,No relevant project mentioned,2024.0,1.0,1.0
33.0,Female,B.Sc,12.0,Senior,Enterprise,Tier-2,5.6,0.0,0.0,1.0,144418.0,66.0,2024-06-24,No relevant project mentioned,2024.0,6.0,2.0
37.0,Male,B.Sc,16.0,Junior,Startup,Tier-3,4.0,1.0,0.0,1.0,149170.0,47.0,2024-06-23,Built ML pipeline for preprocessing,2024.0,6.0,0.0
26.0,Male,B.Sc,2.0,Junior,Startup,Tier-1,4.0,0.0,0.0,1.0,51598.0,51.0,2024-02-09,Built ML pipeline for preprocessing,2024.0,2.0,0.0
29.0,Male,B.Sc,3.0,Mid,Enterprise,Tier-1,3.0,1.0,0.0,1.0,73357.0,67.0,2024-02-12,Worked on microservices deployment,2024.0,2.0,1.0
30.0,Male,B.Sc+Cert,7.0,Mid,Enterprise,Tier-2,6.2,0.0,0.0,0.0,122365.0,50.0,2024-07-11,Built ML pipeline for preprocessing,2024.0,7.0,1.0
25.0,Male,B.Sc+Cert,2.0,Mid,SME,Tier-2,6.0,1.0,0.0,0.0,61742.0,51.0,2023-03-01,No relevant project mentioned,2023.0,3.0,1.0
34.0,Female,B.Sc,5.8,Mid,Startup,Tier-1,3.6,0.2,1.0,3.0,108242.0,58.8,2024-10-21,Built ML pipeline for preprocessing,2024.0,10.0,1.0
29.0,Male,B.Sc,4.0,Mid,Enterprise,Tier-1,7.0,1.0,0.0,1.0,107769.0,65.0,2023-02-21,Built ML pipeline for preprocessing,2023.0,2.0,1.0
33.0,Female,B.Sc,9.0,Mid,Enterprise,Tier-1,5.0,0.0,0.0,4.8,141848.0,70.0,2023-05-30,Built ML pipeline for preprocessing,2023.0,5.0,1.0
25.0,Male,B.Sc,1.0,Junior,Startup,Tier-1,4.4,2.0,0.0,1.0,47002.0,66.0,2024-10-17,Built ML pipeline for preprocessing,2024.0,10.0,0.0
27.0,Male,B.Sc,6.6,Lead,Startup,Tier-1,1.0,0.0,0.0,7.0,99661.0,54.0,2024-10-22,Experience in data cleaning and ETL,2024.0,10.0,3.0
34.0,Female,M.Sc,10.0,Senior,Enterprise,Tier-2,6.0,2.0,0.0,1.0,167854.0,61.0,2023-06-21,Built ML pipeline for preprocessing,2023.0,6.0,2.0
28.0,Male,B.Sc,6.0,Senior,Enterprise,Tier-2,5.4,4.0,0.0,2.0,116179.0,59.0,2023-11-14,Worked on microservices deployment,2023.0,11.0,2.0
40.0,Male,M.Sc,18.0,Mid,Enterprise,Tier-2,6.0,1.0,0.0,0.0,230442.0,67.0,2024-10-22,Experience in data cleaning and ETL,2024.0,10.0,1.0
28.0,Male,B.Sc,5.0,Mid,Startup,Tier-2,4.0,1.0,0.0,2.0,80607.0,46.0,2024-09-07,No relevant project mentioned,2024.0,9.0,1.0
31.0,Male,M.Sc,9.2,Lead,SME,Tier-1,7.0,0.0,1.0,2.0,130303.0,52.0,2024-05-03,No relevant project mentioned,2024.0,5.0,3.0
36.0,Other,B.Sc,12.0,Senior,SME,Tier-2,7.0,1.0,0.0,0.0,141280.0,59.8,2024-10-12,Built ML pipeline for preprocessing,2024.0,10.0,2.0
21.0,Male,M.Sc,0.0,Senior,Startup,Tier-1,5.4,2.0,0.0,0.0,67626.0,71.0,2024-09-23,Built ML pipeline for preprocessing,2024.0,9.0,2.0
20.0,Other,B.Sc,0.0,Mid,Startup,Tier-1,6.0,0.0,0.0,7.0,41959.0,57.0,2024-07-02,No relevant project mentioned,2024.0,7.0,1.0
21.0,Female,B.Sc,0.0,Mid,Startup,Tier-1,3.0,3.0,1.0,5.0,62058.0,53.0,2024-11-14,Contributed to open-source NLP repo,2024.0,11.0,1.0
38.0,Female,B.Sc+Cert,13.0,Senior,SME,Remote,3.0,1.0,1.0,3.0,184015.0,67.0,2023-05-04,Built ML pipeline for preprocessing,2023.0,5.0,2.0
27.0,Male,B.Sc,9.0,Junior,SME,Tier-1,9.0,0.0,0.0,5.0,110435.0,49.0,2023-10-05,Worked on microservices deployment,2023.0,10.0,0.0
45.0,Male,B.Sc+Cert,24.0,Mid,Enterprise,Remote,6.0,0.0,0.0,0.0,230033.0,42.0,2023-07-31,Experience in data cleaning and ETL,2023.0,7.0,1.0
27.0,Female,M.Sc,8.8,Senior,Enterprise,Tier-1,4.0,1.0,0.0,3.0,128209.0,61.2,2024-12-06,Experience in data cleaning and ETL,2024.0,12.0,2.0
31.0,Male,B.Sc,7.0,Mid,Enterprise,Tier-2,1.0,2.0,1.0,1.0,88549.0,51.0,2024-03-02,No relevant project mentioned,2024.0,3.0,1.0
39.0,Male,B.Sc,17.0,Mid,Enterprise,Tier-3,10.0,0.0,0.0,2.0,193308.0,64.0,2024-04-03,Built ML pipeline for preprocessing,2024.0,4.0,1.0
42.0,Male,B.Sc,19.0,Mid,Startup,Tier-1,1.0,1.0,0.0,3.0,189681.0,84.0,2024-06-16,Contributed to open-source NLP repo,2024.0,6.0,1.0
42.0,Male,M.Sc,22.0,Lead,SME,Tier-1,4.8,1.0,1.0,0.0,272544.0,72.0,2024-10-18,Experience in data cleaning and ETL,2024.0,10.0,3.0
37.0,Male,M.Sc,13.0,Mid,SME,Remote,5.0,0.0,0.0,3.0,163512.0,57.0,2023-10-19,Built ML pipeline for preprocessing,2023.0,10.0,1.0
36.0,Male,B.Sc,15.0,Senior,Startup,Tier-2,6.0,0.0,0.0,1.0,152516.0,69.0,2023-05-22,Built ML pipeline for preprocessing,2023.0,5.0,2.0
34.0,Male,B.Sc,9.0,Mid,Enterprise,Tier-1,2.0,3.0,1.0,1.0,134134.0,46.0,2024-11-07,Worked on microservices deployment,2024.0,11.0,1.0
35.0,Female,M.Eng,18.0,Mid,Startup,Tier-1,2.0,1.0,1.0,5.0,189657.0,65.0,2024-01-23,Experience in data cleaning and ETL,2024.0,1.0,1.0
27.0,Male,B.Sc,3.0,Mid,SME,Remote,2.0,1.0,1.0,5.0,63043.0,59.0,2024-10-07,Built ML pipeline for preprocessing,2024.0,10.0,1.0
25.0,Female,B.Sc,6.0,Mid,SME,Remote,9.0,0.0,1.0,0.0,100746.0,42.0,2023-06-27,Contributed to open-source NLP repo,2023.0,6.0,1.0
30.0,Male,B.Sc+Cert,5.0,Mid,SME,Tier-2,6.0,3.0,1.0,2.0,112876.0,67.0,2023-03-26,Built ML pipeline for preprocessing,2023.0,3.0,1.0
29.0,Female,B.Sc,3.0,Mid,SME,Tier-1,5.0,1.0,1.0,1.0,78856.0,68.0,2023-07-24,Contributed to open-source NLP repo,2023.0,7.0,1.0
27.0,Male,B.Sc,0.0,Junior,SME,Tier-3,5.0,0.0,0.0,0.0,25893.0,52.2,2024-07-03,No relevant project mentioned,2024.0,7.0,0.0
34.0,Female,M.Eng,15.0,Junior,Startup,Tier-1,4.0,3.0,0.0,5.0,169367.0,69.0,2023-12-01,Worked on microservices deployment,2023.0,12.0,0.0
36.0,Male,B.Sc,14.0,Junior,Startup,Tier-2,7.0,2.0,0.0,0.0,133578.0,47.0,2024-01-24,No relevant project mentioned,2024.0,1.0,0.0
31.0,Female,B.Sc,5.0,Senior,Enterprise,Tier-2,7.0,0.6,1.0,0.0,102368.0,71.0,2023-06-15,Contributed to open-source NLP repo,2023.0,6.0,2.0
39.0,Male,B.Sc,16.6,Junior,Startup,Tier-1,5.0,2.0,0.0,0.0,183526.0,66.0,2024-06-19,Contributed to open-source NLP repo,2024.0,6.0,0.0
23.0,Female,B.Sc,3.0,Junior,Startup,Tier-2,6.0,1.0,0.0,1.0,60108.0,58.2,2024-06-13,Built ML pipeline for preprocessing,2024.0,6.0,0.0
29.0,Other,M.Eng,10.0,Junior,SME,Remote,10.0,2.0,0.0,0.0,133291.0,57.0,2024-11-02,No relevant project mentioned,2024.0,11.0,0.0
26.0,Male,B.Sc,1.0,Mid,Startup,Tier-3,2.0,1.0,0.0,2.0,37778.0,71.0,2023-08-10,Built ML pipeline for preprocessing,2023.0,8.0,1.0
20.0,Male,B.Sc,0.4,Junior,SME,Tier-1,3.0,2.0,1.0,1.0,42762.0,59.0,2024-09-05,Built ML pipeline for preprocessing,2024.0,9.0,0.0
30.0,Female,B.Sc,9.0,Mid,SME,Tier-1,7.0,0.2,0.0,1.0,121141.0,62.0,2023-11-24,Built ML pipeline for preprocessing,2023.0,11.0,1.0
29.0,Male,M.Sc,9.0,Junior,Enterprise,Tier-1,10.0,2.0,1.0,0.0,123266.0,64.0,2024-08-23,No relevant project mentioned,2024.0,8.0,0.0
39.0,Female,B.Sc,16.0,Senior,Enterprise,Tier-1,6.0,0.0,0.0,1.0,184738.0,62.0,2024-10-31,No relevant project mentioned,2024.0,10.0,2.0
34.0,Male,M.Sc,11.0,Lead,Startup,Tier-2,1.0,0.0,0.0,1.0,153111.0,52.0,2024-08-22,Built ML pipeline for preprocessing,2024.0,8.0,3.0
24.0,Male,B.Sc,4.0,Lead,SME,Tier-2,3.0,0.0,1.0,1.0,108130.0,53.0,2024-02-18,Built ML pipeline for preprocessing,2024.0,2.0,3.0
41.0,Female,B.Sc,21.0,Mid,Startup,Tier-1,7.0,1.0,0.0,0.0,211564.0,51.0,2023-05-13,No relevant project mentioned,2023.0,5.0,1.0
37.0,Male,B.Sc,16.0,Mid,Startup,Tier-1,1.0,1.0,0.0,2.4,166610.0,43.0,2023-06-28,Built ML pipeline for preprocessing,2023.0,6.0,1.0
33.0,Female,B.Sc,10.0,Mid,SME,Tier-1,8.0,0.0,1.0,1.0,120811.0,55.0,2023-10-16,Built ML pipeline for preprocessing,2023.0,10.0,1.0
29.0,Male,B.Sc+Cert,6.0,Mid,Startup,Tier-2,7.0,0.0,0.0,3.0,82092.0,68.0,2024-09-18,Built ML pipeline for preprocessing,2024.0,9.0,1.0
24.0,Male,B.Sc,0.8,Mid,SME,Tier-2,6.0,1.0,1.0,0.0,47407.0,63.0,2023-12-15,No relevant project mentioned,2023.0,12.0,1.0
28.0,Male,B.Sc,5.0,Junior,Enterprise,Tier-2,4.0,1.0,1.0,1.0,90767.0,50.0,2023-10-14,Worked on microservices deployment,2023.0,10.0,0.0
37.0,Male,B.Sc,16.0,Senior,Enterprise,Tier-3,5.0,0.0,0.0,2.0,182794.0,54.0,2023-12-30,No relevant project mentioned,2023.0,12.0,2.0
41.0,Male,B.Sc,19.0,Junior,Enterprise,Tier-3,6.4,1.0,0.0,6.0,182662.0,63.0,2023-03-24,Built ML pipeline for preprocessing,2023.0,3.0,0.0
39.0,Male,B.Sc,13.0,Mid,Startup,Tier-2,3.0,2.0,0.0,4.0,143098.0,73.0,2023-08-25,Contributed to open-source NLP repo,2023.0,8.0,1.0
27.0,Male,B.Sc,6.0,Mid,SME,Tier-1,2.0,3.0,0.0,5.0,91987.0,69.0,2024-03-13,Experience in data cleaning and ETL,2024.0,3.0,1.0
23.0,Male,B.Sc,5.0,Mid,Startup,Tier-2,3.0,0.0,0.0,4.0,66820.0,56.0,2023-08-27,Experience in data cleaning and ETL,2023.0,8.0,1.0
31.0,Female,M.Sc,6.0,Senior,SME,Tier-1,6.0,1.0,0.0,2.0,129027.0,61.0,2024-03-20,Experience in data cleaning and ETL,2024.0,3.0,2.0
20.0,Male,B.Sc,0.0,Mid,Startup,Tier-1,5.0,0.8,1.0,5.0,44834.0,51.0,2023-03-07,Contributed to open-source NLP repo,2023.0,3.0,1.0
32.0,Male,B.Sc,9.0,Mid,Startup,Remote,3.0,5.0,1.0,2.0,127882.0,57.0,2024-10-21,Contributed to open-source NLP repo,2024.0,10.0,1.0
29.0,Male,B.Sc+Cert,5.0,Mid,SME,Tier-1,6.0,1.0,1.0,1.0,103908.0,66.0,2024-12-16,Built ML pipeline for preprocessing,2024.0,12.0,1.0
27.0,Male,B.Sc,6.0,Junior,Enterprise,Tier-2,6.0,0.0,0.0,1.0,86279.0,55.0,2023-04-24,Worked on microservices deployment,2023.0,4.0,0.0
20.0,Female,B.Sc,0.0,Mid,Enterprise,Tier-2,3.0,1.0,0.0,2.0,51432.0,69.0,2023-07-08,Contributed to open-source NLP repo,2023.0,7.0,1.0
33.0,Male,B.Sc,10.0,Lead,SME,Tier-1,4.0,1.0,0.0,4.0,179844.0,63.0,2024-08-18,Worked on microservices deployment,2024.0,8.0,3.0
27.0,Male,B.Sc,5.0,Lead,SME,Tier-1,4.0,1.0,1.0,0.0,510836.0,41.0,2023-10-03,Worked on microservices deployment,2023.0,10.0,3.0
23.0,Male,M.Sc,0.0,Mid,SME,Tier-2,5.0,0.0,1.0,0.0,57463.0,51.0,2024-09-03,Built ML pipeline for preprocessing,2024.0,9.0,1.0
20.0,Male,B.Sc,1.0,Junior,SME,Tier-1,7.0,1.0,1.0,4.0,54666.0,46.0,2023-10-29,Worked on microservices deployment,2023.0,10.0,0.0
30.0,Female,M.Sc,7.0,Junior,Startup,Tier-1,11.0,1.0,0.0,2.0,115350.0,53.0,2024-12-10,Built ML pipeline for preprocessing,2024.0,12.0,0.0
41.0,Male,B.Sc,17.0,Mid,Enterprise,Remote,10.0,2.0,0.0,4.0,198742.0,64.0,2024-06-29,No relevant project mentioned,2024.0,6.0,1.0
40.0,Female,B.Sc,18.0,Senior,SME,Tier-2,1.0,0.0,0.0,7.0,179483.0,54.2,2024-08-13,No relevant project mentioned,2024.0,8.0,2.0
27.0,Male,M.Sc,4.0,Mid,Startup,Tier-1,5.0,0.0,0.0,1.0,90053.0,59.0,2024-10-04,Contributed to open-source NLP repo,2024.0,10.0,1.0
26.0,Male,B.Sc,4.0,Senior,Startup,Tier-1,2.0,2.0,1.0,0.0,90565.0,59.0,2024-08-06,Contributed to open-source NLP repo,2024.0,8.0,2.0
33.0,Female,M.Sc,7.4,Mid,Startup,Tier-2,2.0,0.0,0.0,1.0,127040.0,76.0,2024-10-12,Contributed to open-source NLP repo,2024.0,10.0,1.0
24.0,Male,B.Sc,1.0,Junior,SME,Tier-1,1.0,1.0,1.0,5.0,44966.0,67.0,2024-11-16,Built ML pipeline for preprocessing,2024.0,11.0,0.0
32.0,Male,M.Sc,7.0,Junior,Enterprise,Tier-1,5.0,0.0,1.0,0.0,122638.0,65.0,2024-04-24,No relevant project mentioned,2024.0,4.0,0.0
35.0,Male,B.Sc,7.0,Junior,SME,Tier-2,3.0,0.0,0.0,3.2,92483.0,57.0,2024-03-01,No relevant project mentioned,2024.0,3.0,0.0
37.0,Male,B.Sc+Cert,14.0,Mid,SME,Tier-1,3.0,2.0,1.0,0.0,164557.0,76.0,2023-01-17,Built ML pipeline for preprocessing,2023.0,1.0,1.0
29.0,Male,B.Sc,1.0,Junior,Enterprise,Tier-2,5.0,0.0,0.0,1.0,50012.0,55.0,2023-02-16,No relevant project mentioned,2023.0,2.0,0.0
29.0,Male,B.Sc+Cert,6.0,Mid,Startup,Tier-2,4.0,1.0,1.0,1.0,100491.0,51.0,2023-01-30,Experience in data cleaning and ETL,2023.0,1.0,1.0
25.0,Male,B.Sc,3.0,Mid,Startup,Tier-1,5.0,1.0,1.0,4.0,68036.0,51.0,2024-01-27,Contributed to open-source NLP repo,2024.0,1.0,1.0
25.0,Male,M.Sc,0.0,Junior,SME,Tier-1,6.0,0.0,0.0,3.0,51961.0,66.0,2023-02-09,Worked on microservices deployment,2023.0,2.0,0.0
29.0,Male,B.Sc,6.0,Junior,Enterprise,Tier-2,4.0,3.0,0.0,4.0,104686.0,76.0,2024-12-11,Built ML pipeline for preprocessing,2024.0,12.0,0.0
32.0,Male,B.Sc+Cert,8.0,Junior,SME,Tier-2,3.0,2.0,1.0,1.0,91738.0,71.0,2024-10-29,Worked on microservices deployment,2024.0,10.0,0.0
35.0,Male,B.Sc,12.0,Mid,SME,Tier-1,7.0,1.0,0.0,2.0,154939.0,59.0,2023-10-11,Built ML pipeline for preprocessing,2023.0,10.0,1.0
25.0,Male,B.Sc,2.0,Mid,Enterprise,Tier-1,2.0,3.0,1.0,2.0,86545.0,64.0,2023-02-28,Built ML pipeline for preprocessing,2023.0,2.0,1.0
39.0,Female,B.Sc,17.0,Junior,Enterprise,Remote,7.0,1.0,0.0,2.0,184203.0,61.8,2023-11-26,Built ML pipeline for preprocessing,2023.0,11.0,0.0
28.0,Male,B.Sc,6.0,Senior,Startup,Tier-1,6.0,2.0,0.0,1.0,125915.0,48.0,2024-12-26,Built ML pipeline for preprocessing,2024.0,12.0,2.0
30.0,Female,B.Sc,6.0,Mid,Enterprise,Remote,5.4,1.0,1.0,3.0,113228.0,52.0,2023-09-20,No relevant project mentioned,2023.0,9.0,1.0
26.0,Male,B.Sc+Cert,3.0,Mid,Startup,Tier-1,4.0,1.0,0.0,2.0,75803.0,59.0,2023-11-20,Built ML pipeline for preprocessing,2023.0,11.0,1.0
20.0,Male,PhD,0.0,Mid,SME,Tier-1,5.0,1.0,0.0,0.0,77962.0,56.0,2023-01-24,Worked on microservices deployment,2023.0,1.0,1.0
35.0,Male,B.Sc,6.8,Senior,Startup,Tier-2,4.0,1.0,1.0,0.0,124495.0,66.0,2023-12-20,Built ML pipeline for preprocessing,2023.0,12.0,2.0
34.0,Male,B.Sc+Cert,13.0,Mid,SME,Tier-1,8.0,1.0,0.0,0.0,165955.0,73.0,2023-02-23,Contributed to open-source NLP repo,2023.0,2.0,1.0
28.0,Male,B.Sc,3.8,Mid,SME,Tier-1,5.0,0.0,0.0,0.0,80316.0,42.0,2024-11-14,Built ML pipeline for preprocessing,2024.0,11.0,1.0
30.0,Male,B.Sc,8.0,Mid,Enterprise,Tier-1,8.0,2.0,0.0,1.0,137978.0,60.0,2023-11-01,Worked on microservices deployment,2023.0,11.0,1.0
33.0,Male,M.Sc,9.8,Senior,SME,Remote,6.0,3.0,1.0,1.0,140582.0,51.0,2023-11-15,Built ML pipeline for preprocessing,2023.0,11.0,2.0
21.0,Female,M.Sc,0.0,Mid,SME,Tier-1,2.0,0.0,0.0,0.0,57604.0,61.0,2024-12-21,Built ML pipeline for preprocessing,2024.0,12.0,1.0
27.0,Male,PhD,8.0,Mid,Startup,Tier-2,2.0,0.0,1.0,2.0,110864.0,48.0,2023-02-14,No relevant project mentioned,2023.0,2.0,1.0
35.0,Male,B.Sc,15.0,Senior,Enterprise,Tier-3,6.0,2.0,0.0,7.0,171604.0,65.0,2023-12-28,No relevant project mentioned,2023.0,12.0,2.0
22.0,Female,M.Sc,0.0,Senior,Enterprise,Tier-3,5.2,1.0,0.0,0.0,70550.0,64.0,2024-04-05,Built ML pipeline for preprocessing,2024.0,4.0,2.0
32.0,Male,B.Sc,12.0,Junior,Startup,Tier-2,6.0,3.0,0.0,1.0,130933.0,60.0,2023-01-07,No relevant project mentioned,2023.0,1.0,0.0
22.0,Male,B.Sc,0.0,Junior,Enterprise,Tier-1,3.0,1.0,1.0,1.0,58922.0,70.0,2023-09-16,Experience in data cleaning and ETL,2023.0,9.0,0.0
33.0,Male,B.Sc,10.0,Junior,SME,Tier-1,2.0,0.0,0.0,2.0,115399.0,69.0,2023-03-29,Worked on microservices deployment,2023.0,3.0,0.0
30.0,Female,PhD,9.0,Senior,SME,Tier-1,7.0,0.0,0.0,2.0,142415.0,61.6,2023-07-08,Contributed to open-source NLP repo,2023.0,7.0,2.0
20.0,Female,M.Eng,0.0,Mid,Enterprise,Tier-1,3.0,0.0,0.0,2.0,73647.0,64.0,2024-03-30,Built ML pipeline for preprocessing,2024.0,3.0,1.0
37.0,Male,M.Sc,16.0,Junior,Startup,Tier-1,6.0,1.0,0.0,3.0,185413.0,58.0,2024-06-25,Built ML pipeline for preprocessing,2024.0,6.0,0.0
26.0,Male,B.Sc,5.0,Junior,Enterprise,Tier-1,5.0,0.0,0.0,4.0,78512.0,49.0,2024-05-31,No relevant project mentioned,2024.0,5.0,0.0
25.0,Female,B.Sc,5.0,Junior,SME,Remote,7.0,1.0,0.0,7.0,78110.0,60.0,2023-12-26,Built ML pipeline for preprocessing,2023.0,12.0,0.0
31.0,Male,B.Sc,9.0,Junior,Startup,Remote,4.0,1.0,0.0,1.0,110579.0,55.0,2024-01-04,Worked on microservices deployment,2024.0,1.0,0.0
37.0,Male,B.Sc,16.0,Junior,Enterprise,Tier-1,9.0,1.0,1.0,7.0,181111.0,67.0,2023-07-19,No relevant project mentioned,2023.0,7.0,0.0
24.0,Male,B.Sc,0.0,Mid,Enterprise,Tier-1,4.0,2.0,0.0,3.0,60586.0,51.0,2023-01-07,No relevant project mentioned,2023.0,1.0,1.0
30.0,Male,M.Sc,7.0,Junior,Startup,Tier-1,7.0,0.0,0.0,3.0,110914.0,78.0,2024-11-09,Worked on microservices deployment,2024.0,11.0,0.0
33.0,Male,B.Sc,9.0,Junior,Startup,Tier-1,4.8,2.0,0.0,2.0,105647.0,73.0,2024-01-21,Contributed to open-source NLP repo,2024.0,1.0,0.0
34.0,Male,B.Sc,13.0,Senior,Enterprise,Tier-1,4.0,0.0,0.0,5.0,165175.0,68.0,2024-11-13,Experience in data cleaning and ETL,2024.0,11.0,2.0
31.0,Male,B.Sc,10.0,Senior,Startup,Remote,1.0,3.0,0.0,6.0,138350.0,57.0,2024-01-31,Built ML pipeline for preprocessing,2024.0,1.0,2.0
28.0,Male,B.Sc,6.0,Junior,Enterprise,Tier-1,7.0,1.0,0.0,0.0,109531.0,54.0,2024-06-23,Worked on microservices deployment,2024.0,6.0,0.0
25.0,Female,B.Sc,0.0,Junior,Enterprise,Tier-1,4.8,2.0,1.0,2.0,52143.0,50.0,2024-09-11,No relevant project mentioned,2024.0,9.0,0.0
31.0,Male,B.Sc+Cert,7.0,Mid,SME,Tier-1,7.0,1.0,0.0,6.0,109141.0,58.0,2023-05-27,Built ML pipeline for preprocessing,2023.0,5.0,1.0
24.0,Male,B.Sc,0.0,Mid,SME,Remote,4.8,1.0,0.0,1.0,58992.0,59.0,2023-10-11,Experience in data cleaning and ETL,2023.0,10.0,1.0
20.0,Male,M.Eng,0.0,Junior,SME,Remote,6.0,0.0,0.0,0.0,45587.0,48.0,2023-04-09,Contributed to open-source NLP repo,2023.0,4.0,0.0
33.0,Male,B.Sc,6.0,Junior,SME,Tier-3,5.0,0.0,1.0,0.0,107719.0,51.0,2024-08-10,Contributed to open-source NLP repo,2024.0,8.0,0.0
35.0,Male,B.Sc,8.0,Junior,Enterprise,Tier-2,5.0,0.0,0.0,2.0,98941.0,54.8,2024-08-26,Built ML pipeline for preprocessing,2024.0,8.0,0.0
20.0,Male,B.Sc,0.0,Mid,Enterprise,Tier-1,3.0,1.0,0.0,3.0,62845.0,64.0,2024-05-21,Built ML pipeline for preprocessing,2024.0,5.0,1.0
24.0,Female,B.Sc+Cert,4.0,Senior,SME,Tier-1,7.0,2.0,0.0,0.0,113552.0,69.0,2024-04-18,No relevant project mentioned,2024.0,4.0,2.0
34.0,Female,M.Sc,14.2,Senior,SME,Tier-2,5.0,2.0,1.0,3.0,167707.0,58.0,2024-12-10,Contributed to open-source NLP repo,2024.0,12.0,2.0
42.0,Male,B.Sc,18.0,Mid,Startup,Tier-3,4.0,0.0,0.0,5.0,177469.0,64.0,2023-05-27,Built ML pipeline for preprocessing,2023.0,5.0,1.0
30.0,Male,B.Sc,8.0,Mid,SME,Tier-1,6.0,1.0,0.0,0.0,114681.0,63.0,2024-07-29,Built ML pipeline for preprocessing,2024.0,7.0,1.0
26.0,Male,B.Sc,1.0,Mid,SME,Tier-1,2.0,0.0,0.0,0.0,50920.0,61.0,2024-05-17,No relevant project mentioned,2024.0,5.0,1.0
29.0,Female,M.Sc,6.8,Mid,SME,Tier-2,6.0,2.0,1.0,4.0,111671.0,62.0,2023-02-19,Built ML pipeline for preprocessing,2023.0,2.0,1.0
38.0,Female,B.Sc+Cert,14.0,Junior,Startup,Tier-1,6.2,1.0,0.0,5.0,163056.0,56.0,2024-06-05,Experience in data cleaning and ETL,2024.0,6.0,0.0
26.0,Male,M.Sc,0.0,Mid,Enterprise,Tier-2,3.0,1.0,1.0,0.0,52647.0,45.0,2023-08-13,No relevant project mentioned,2023.0,8.0,1.0
25.0,Male,B.Sc,4.0,Senior,SME,Tier-1,4.0,1.0,1.0,3.0,89849.0,52.0,2023-03-23,Experience in data cleaning and ETL,2023.0,3.0,2.0
27.0,Female,B.Sc,3.0,Mid,Enterprise,Tier-1,5.0,3.0,0.0,2.0,87170.0,69.0,2023-07-01,Worked on microservices deployment,2023.0,7.0,1.0
24.0,Male,B.Sc,0.0,Senior,Enterprise,Tier-2,4.0,0.0,0.0,0.0,55486.0,60.0,2024-06-05,Worked on microservices deployment,2024.0,6.0,2.0
31.0,Male,B.Sc,12.0,Mid,SME,Remote,8.0,0.0,0.0,4.0,149668.0,63.0,2023-12-26,Contributed to open-source NLP repo,2023.0,12.0,1.0
40.0,Male,B.Sc,17.0,Mid,SME,Tier-1,4.4,0.0,0.0,2.0,163955.0,66.0,2023-08-23,Built ML pipeline for preprocessing,2023.0,8.0,1.0
32.0,Male,M.Sc,9.0,Junior,SME,Tier-1,6.0,2.0,1.0,3.0,142383.0,77.0,2023-11-22,Experience in data cleaning and ETL,2023.0,11.0,0.0
28.0,Female,M.Sc,7.0,Mid,Startup,Tier-1,4.0,1.0,0.0,1.0,127354.0,59.0,2024-04-11,Worked on microservices deployment,2024.0,4.0,1.0
28.0,Female,B.Sc,4.0,Senior,Enterprise,Tier-2,5.8,1.0,0.0,4.0,94341.0,45.0,2024-03-22,Worked on microservices deployment,2024.0,3.0,2.0
21.0,Male,M.Eng,1.0,Mid,Startup,Tier-3,6.0,0.0,0.0,1.0,44473.0,53.0,2024-06-29,Contributed to open-source NLP repo,2024.0,6.0,1.0
35.0,Male,B.Sc,11.0,Junior,SME,Tier-1,3.0,0.0,1.0,1.0,137706.0,51.0,2023-02-12,Worked on microservices deployment,2023.0,2.0,0.0
30.0,Male,B.Sc,9.0,Junior,Startup,Tier-1,5.2,2.0,0.0,1.0,103992.0,66.2,2024-01-17,Worked on microservices deployment,2024.0,1.0,0.0
29.0,Male,B.Sc,4.0,Mid,Enterprise,Remote,7.0,1.0,0.0,0.0,84919.0,51.0,2023-05-13,Built ML pipeline for preprocessing,2023.0,5.0,1.0
49.0,Male,B.Sc,24.0,Mid,SME,Tier-3,6.0,0.0,0.0,5.0,228238.0,55.0,2024-02-07,Worked on microservices deployment,2024.0,2.0,1.0
32.0,Male,B.Sc,7.0,Mid,SME,Tier-2,5.0,1.0,1.0,0.0,88539.0,53.0,2024-09-16,Built ML pipeline for preprocessing,2024.0,9.0,1.0
25.0,Male,B.Sc,5.4,Lead,SME,Tier-1,5.0,0.8,0.0,2.0,94005.0,55.0,2024-01-05,Built ML pipeline for preprocessing,2024.0,1.0,3.0
27.0,Male,B.Sc,6.0,Mid,Enterprise,Tier-1,3.0,0.0,0.0,3.0,99694.0,54.0,2023-02-23,No relevant project mentioned,2023.0,2.0,1.0
37.0,Male,PhD,16.0,Mid,Startup,Tier-3,10.0,1.0,1.0,2.0,181059.0,39.0,2024-10-15,Contributed to open-source NLP repo,2024.0,10.0,1.0
31.0,Male,B.Sc,5.0,Junior,SME,Tier-2,6.0,2.0,0.0,1.0,67732.0,56.0,2024-07-14,Built ML pipeline for preprocessing,2024.0,7.0,0.0
21.0,Male,B.Sc,0.0,Junior,SME,Tier-2,5.0,2.0,0.0,4.0,33702.0,59.0,2023-06-08,Contributed to open-source NLP repo,2023.0,6.0,0.0
36.0,Male,B.Sc,15.0,Mid,Startup,Tier-1,2.0,0.0,1.0,2.0,155154.0,65.0,2023-05-18,Experience in data cleaning and ETL,2023.0,5.0,1.0
26.0,Other,M.Sc,5.0,Senior,Startup,Tier-2,4.6,1.0,0.0,0.0,97793.0,72.0,2024-06-16,No relevant project mentioned,2024.0,6.0,2.0
41.0,Male,B.Sc,17.0,Mid,Startup,Tier-3,7.0,2.0,0.0,1.0,171835.0,68.0,2023-09-11,Worked on microservices deployment,2023.0,9.0,1.0
36.0,Male,M.Eng,7.0,Mid,Startup,Remote,7.0,0.0,0.0,2.0,122436.0,49.0,2023-10-29,Experience in data cleaning and ETL,2023.0,10.0,1.0
27.0,Female,B.Sc,6.0,Junior,SME,Tier-1,1.0,2.0,1.0,3.0,83300.0,57.0,2024-12-15,No relevant project mentioned,2024.0,12.0,0.0
38.0,Other,B.Sc,16.0,Lead,Startup,Tier-2,4.0,1.0,1.0,2.0,199357.0,62.0,2024-09-10,Built ML pipeline for preprocessing,2024.0,9.0,3.0
30.0,Male,M.Sc,9.0,Lead,SME,Tier-2,4.0,0.0,0.0,1.0,163057.0,56.0,2023-03-15,Contributed to open-source NLP repo,2023.0,3.0,3.0
35.0,Female,B.Sc,13.0,Mid,Startup,Remote,7.0,0.0,0.0,2.0,146991.0,70.0,2024-06-15,No relevant project mentioned,2024.0,6.0,1.0
33.0,Male,B.Sc,9.0,Junior,Startup,Tier-3,4.0,0.0,0.0,1.0,95874.0,61.4,2023-10-04,Worked on microservices deployment,2023.0,10.0,0.0
25.0,Male,B.Sc,2.0,Mid,Enterprise,Remote,4.6,3.0,0.0,0.0,77146.0,50.0,2024-02-25,Built ML pipeline for preprocessing,2024.0,2.0,1.0
26.0,Male,M.Sc,0.0,Senior,SME,Remote,5.0,2.0,1.0,6.0,73341.0,55.4,2023-02-26,Contributed to open-source NLP repo,2023.0,2.0,2.0
36.0,Male,B.Sc,16.0,Mid,Startup,Tier-1,3.0,0.0,1.0,1.0,184139.0,72.0,2024-07-22,No relevant project mentioned,2024.0,7.0,1.0
28.0,Male,B.Sc,5.0,Mid,SME,Tier-3,8.0,3.0,0.0,1.0,84181.0,54.0,2023-03-10,Built ML pipeline for preprocessing,2023.0,3.0,1.0
28.0,Male,PhD,8.0,Junior,Startup,Tier-2,5.0,0.0,1.0,5.0,97791.0,47.0,2023-07-17,Worked on microservices deployment,2023.0,7.0,0.0
24.0,Male,B.Sc,1.0,Junior,Startup,Tier-1,7.0,0.0,0.0,0.0,48631.0,69.0,2023-06-01,Contributed to open-source NLP repo,2023.0,6.0,0.0
33.0,Male,M.Eng,10.0,Junior,Startup,Tier-1,7.0,0.0,0.0,2.0,125103.0,44.0,2024-12-20,Experience in data cleaning and ETL,2024.0,12.0,0.0
42.0,Male,M.Sc,19.0,Senior,Enterprise,Tier-1,2.0,0.0,1.0,4.0,251281.0,77.0,2023-07-07,No relevant project mentioned,2023.0,7.0,2.0
24.0,Male,B.Sc,2.0,Mid,Enterprise,Tier-3,2.0,2.0,0.0,1.0,45952.0,82.0,2024-10-24,Contributed to open-source NLP repo,2024.0,10.0,1.0
30.0,Male,B.Sc,7.0,Senior,Enterprise,Tier-1,8.0,1.0,0.0,4.0,138083.0,82.0,2023-02-16,Built ML pipeline for preprocessing,2023.0,2.0,2.0
38.0,Female,B.Sc,15.0,Junior,Enterprise,Remote,3.0,0.0,0.0,3.0,177457.0,40.0,2024-05-14,No relevant project mentioned,2024.0,5.0,0.0
30.0,Female,B.Sc,5.0,Senior,Enterprise,Tier-2,5.0,0.0,0.0,2.0,112960.0,68.0,2024-12-20,Built ML pipeline for preprocessing,2024.0,12.0,2.0
33.0,Female,B.Sc,11.0,Senior,Enterprise,Tier-2,5.0,0.0,0.0,0.0,149730.0,70.0,2023-08-31,Worked on microservices deployment,2023.0,8.0,2.0
24.0,Male,M.Sc,6.0,Junior,SME,Tier-1,2.0,0.0,1.0,7.0,100621.0,46.0,2023-06-29,Experience in data cleaning and ETL,2023.0,6.0,0.0
33.0,Female,B.Sc+Cert,11.0,Senior,SME,Tier-2,4.0,1.0,0.0,2.0,124067.0,34.0,2023-05-21,Built ML pipeline for preprocessing,2023.0,5.0,2.0
29.0,Male,M.Sc,7.0,Junior,Startup,Tier-2,8.0,0.0,0.0,2.0,98730.0,67.0,2024-05-13,Contributed to open-source NLP repo,2024.0,5.0,0.0
36.0,Male,B.Sc,9.0,Junior,SME,Tier-1,14.0,1.0,0.0,5.0,122374.0,47.0,2023-01-08,No relevant project mentioned,2023.0,1.0,0.0
37.0,Male,B.Sc,18.0,Junior,SME,Tier-3,3.4,4.0,1.0,1.0,183792.0,51.8,2023-04-12,Contributed to open-source NLP repo,2023.0,4.0,0.0
46.0,Male,M.Eng,25.0,Senior,Enterprise,Tier-2,7.0,0.0,0.0,2.0,337886.0,61.8,2023-06-09,Built ML pipeline for preprocessing,2023.0,6.0,2.0
33.0,Male,B.Sc,8.0,Senior,SME,Tier-1,4.0,1.0,1.0,5.0,133543.0,62.0,2024-04-14,Built ML pipeline for preprocessing,2024.0,4.0,2.0
32.0,Male,B.Sc,5.4,Junior,SME,Tier-3,3.0,0.0,0.0,1.0,93936.0,65.0,2024-10-18,Experience in data cleaning and ETL,2024.0,10.0,0.0
31.0,Female,M.Sc,8.0,Mid,SME,Tier-1,8.0,0.0,0.0,4.0,131582.0,67.0,2023-01-05,Built ML pipeline for preprocessing,2023.0,1.0,1.0
28.0,Male,B.Sc,5.0,Mid,Startup,Tier-2,6.0,1.0,1.0,1.0,85603.0,65.0,2024-01-14,Contributed to open-source NLP repo,2024.0,1.0,1.0
32.0,Male,B.Sc+Cert,12.0,Senior,SME,Tier-2,4.0,0.8,0.0,3.0,127589.0,57.8,2024-01-16,Built ML pipeline for preprocessing,2024.0,1.0,2.0
28.0,Female,M.Sc,5.0,Junior,SME,Tier-1,5.0,1.0,0.0,2.0,91586.0,60.0,2024-08-28,Built ML pipeline for preprocessing,2024.0,8.0,0.0
31.0,Male,B.Sc,8.0,Mid,SME,Tier-2,4.0,2.0,1.0,0.0,94869.0,59.0,2024-12-29,Built ML pipeline for preprocessing,2024.0,12.0,1.0
38.0,Male,B.Sc+Cert,14.0,Mid,SME,Tier-2,2.0,1.0,0.0,0.0,154457.0,58.0,2024-11-14,Built ML pipeline for preprocessing,2024.0,11.0,1.0
24.0,Male,B.Sc,1.0,Junior,Startup,Tier-2,7.0,1.0,1.0,1.0,48763.0,67.0,2024-10-11,Built ML pipeline for preprocessing,2024.0,10.0,0.0
37.0,Male,B.Sc,13.0,Mid,SME,Tier-1,9.0,1.0,0.0,3.0,178069.0,59.0,2023-10-31,Built ML pipeline for preprocessing,2023.0,10.0,1.0
38.0,Male,B.Sc,15.0,Mid,SME,Tier-1,7.0,0.0,1.0,2.0,176183.0,74.0,2023-06-05,Contributed to open-source NLP repo,2023.0,6.0,1.0
29.0,Male,B.Sc,5.0,Junior,SME,Tier-1,6.0,0.0,1.0,5.0,85676.0,60.0,2023-10-27,Built ML pipeline for preprocessing,2023.0,10.0,0.0
20.0,Male,B.Sc,3.0,Lead,SME,Remote,5.0,2.0,0.0,1.0,102741.0,65.0,2024-11-01,No relevant project mentioned,2024.0,11.0,3.0
26.0,Male,B.Sc,2.0,Junior,Startup,Tier-1,1.0,0.0,0.0,4.0,45736.0,68.0,2023-09-29,Experience in data cleaning and ETL,2023.0,9.0,0.0
38.0,Male,B.Sc,15.0,Lead,Startup,Tier-2,3.0,1.0,0.0,0.0,146044.0,57.0,2023-05-03,Built ML pipeline for preprocessing,2023.0,5.0,3.0
30.0,Male,B.Sc,8.0,Junior,SME,Remote,4.0,4.0,1.0,1.0,111422.0,64.0,2024-05-25,Built ML pipeline for preprocessing,2024.0,5.0,0.0
24.0,Male,M.Sc,4.0,Junior,SME,Tier-3,6.0,2.0,1.0,0.0,70510.0,57.0,2023-10-06,Contributed to open-source NLP repo,2023.0,10.0,0.0
27.0,Female,M.Eng,4.0,Junior,SME,Tier-3,5.0,2.0,0.0,5.0,64666.0,62.0,2024-01-02,Experience in data cleaning and ETL,2024.0,1.0,0.0
35.0,Male,B.Sc,8.0,Senior,Enterprise,Remote,6.0,2.0,0.0,2.0,141165.0,55.0,2024-06-16,Experience in data cleaning and ETL,2024.0,6.0,2.0
33.0,Male,B.Sc,10.0,Senior,Startup,Tier-1,5.0,1.0,0.0,1.0,141963.0,64.0,2024-12-20,Built ML pipeline for preprocessing,2024.0,12.0,2.0
29.0,Male,B.Sc,7.0,Junior,Startup,Tier-1,4.0,2.0,1.0,2.0,82223.0,41.0,2024-09-21,No relevant project mentioned,2024.0,9.0,0.0
28.0,Male,B.Sc,6.0,Junior,SME,Tier-1,2.0,3.0,1.0,2.0,90029.0,66.0,2023-05-03,Built ML pipeline for preprocessing,2023.0,5.0,0.0
28.0,Male,M.Sc,8.8,Mid,SME,Tier-1,7.0,0.0,0.0,4.0,134192.0,51.0,2024-12-13,Built ML pipeline for preprocessing,2024.0,12.0,1.0
24.0,Male,M.Sc,3.0,Mid,SME,Tier-2,8.0,1.0,1.0,2.0,74840.0,48.0,2024-01-21,Worked on microservices deployment,2024.0,1.0,1.0
40.0,Female,B.Sc,20.0,Senior,Enterprise,Tier-1,7.0,3.0,0.0,1.0,249088.0,52.0,2024-02-01,Built ML pipeline for preprocessing,2024.0,2.0,2.0
28.0,Female,B.Sc,3.0,Junior,Enterprise,Tier-3,5.0,0.0,1.0,6.0,54214.0,64.0,2023-10-28,Built ML pipeline for preprocessing,2023.0,10.0,0.0
37.0,Male,B.Sc,13.0,Mid,Startup,Tier-1,4.0,2.0,0.0,6.0,168780.0,76.0,2024-01-29,No relevant project mentioned,2024.0,1.0,1.0
39.0,Female,B.Sc,18.8,Mid,Enterprise,Tier-1,4.0,2.0,1.0,0.0,222550.0,68.0,2024-08-25,Built ML pipeline for preprocessing,2024.0,8.0,1.0
36.0,Male,B.Sc,11.0,Lead,Startup,Tier-2,4.0,0.0,1.0,3.0,134632.0,60.8,2024-08-15,Experience in data cleaning and ETL,2024.0,8.0,3.0
27.0,Male,PhD,0.0,Mid,SME,Tier-1,3.0,0.0,1.0,1.0,77796.0,53.0,2023-08-04,Contributed to open-source NLP repo,2023.0,8.0,1.0
32.0,Male,M.Sc,12.0,Junior,SME,Tier-3,2.0,0.0,1.0,3.0,115284.0,71.0,2023-01-01,Contributed to open-source NLP repo,2023.0,1.0,0.0
30.0,Male,B.Sc,7.0,Junior,SME,Remote,8.0,1.0,0.0,3.4,83448.0,67.0,2023-05-24,No relevant project mentioned,2023.0,5.0,0.0
25.0,Female,M.Sc,3.0,Mid,Startup,Tier-3,2.0,2.0,1.0,1.0,63336.0,81.0,2023-09-07,Worked on microservices deployment,2023.0,9.0,1.0
32.0,Male,B.Sc+Cert,10.0,Mid,SME,Tier-1,3.0,2.0,1.0,7.0,130245.0,52.0,2023-06-20,Worked on microservices deployment,2023.0,6.0,1.0
23.0,Male,M.Sc,1.0,Senior,SME,Remote,10.0,0.0,0.0,1.0,87669.0,60.0,2023-05-14,Worked on microservices deployment,2023.0,5.0,2.0
37.0,Female,B.Sc,17.0,Mid,Startup,Tier-1,3.0,1.0,0.0,2.0,154132.0,56.0,2023-03-17,Worked on microservices deployment,2023.0,3.0,1.0
27.0,Male,B.Sc,0.0,Mid,Startup,Tier-3,3.0,1.0,1.0,4.0,30576.0,51.0,2024-04-24,No relevant project mentioned,2024.0,4.0,1.0
31.0,Male,M.Eng,6.0,Mid,SME,Tier-1,7.0,0.0,0.0,0.0,129495.0,45.0,2024-09-15,Built ML pipeline for preprocessing,2024.0,9.0,1.0
32.0,Male,M.Sc,8.0,Mid,SME,Tier-1,3.0,1.0,0.0,1.0,140850.0,58.0,2023-09-24,Experience in data cleaning and ETL,2023.0,9.0,1.0
28.0,Female,M.Sc,6.0,Junior,SME,Remote,7.0,2.0,1.0,0.0,107034.0,76.0,2024-04-10,Experience in data cleaning and ETL,2024.0,4.0,0.0
34.0,Female,B.Sc+Cert,15.0,Junior,Startup,Tier-1,4.8,0.0,0.0,4.0,186563.0,49.0,2024-03-25,Built ML pipeline for preprocessing,2024.0,3.0,0.0
27.0,Male,B.Sc+Cert,5.0,Mid,Enterprise,Tier-3,4.0,0.0,1.0,4.0,83617.0,56.0,2023-04-06,Worked on microservices deployment,2023.0,4.0,1.0
35.0,Male,B.Sc,12.0,Junior,Startup,Tier-1,5.0,3.0,0.0,0.8,107935.0,63.0,2023-10-03,Built ML pipeline for preprocessing,2023.0,10.0,0.0
22.0,Male,B.Sc,0.0,Junior,Enterprise,Tier-3,4.0,5.0,0.0,0.0,45492.0,54.8,2024-07-03,No relevant project mentioned,2024.0,7.0,0.0
31.0,Female,B.Sc,6.0,Junior,SME,Remote,4.0,1.0,0.0,0.6,77225.0,54.0,2023-11-08,No relevant project mentioned,2023.0,11.0,0.0
42.0,Male,B.Sc,21.0,Junior,SME,Tier-2,5.0,1.0,0.0,3.0,244974.0,52.0,2023-12-13,Built ML pipeline for preprocessing,2023.0,12.0,0.0
24.0,Male,M.Sc,6.0,Junior,Enterprise,Tier-2,3.8,0.0,1.0,2.0,100562.0,67.0,2023-09-24,Worked on microservices deployment,2023.0,9.0,0.0
26.0,Female,M.Sc,3.0,Mid,Startup,Tier-2,4.0,2.0,1.0,1.0,82530.0,67.0,2023-10-01,Built ML pipeline for preprocessing,2023.0,10.0,1.0
33.0,Male,B.Sc,10.0,Mid,Startup,Remote,8.0,0.0,0.0,1.0,120592.0,50.0,2024-08-15,Built ML pipeline for preprocessing,2024.0,8.0,1.0
31.0,Male,M.Sc,8.0,Mid,SME,Tier-1,5.0,2.0,1.0,2.0,126511.0,77.0,2023-04-08,Contributed to open-source NLP repo,2023.0,4.0,1.0
32.0,Male,M.Sc,11.0,Mid,Startup,Tier-2,9.0,1.0,1.0,0.0,149184.0,60.0,2024-07-10,No relevant project mentioned,2024.0,7.0,1.0
33.0,Female,B.Sc,9.0,Lead,SME,Tier-1,3.0,1.0,1.0,0.0,160568.0,62.0,2024-10-27,Worked on microservices deployment,2024.0,10.0,3.0
34.0,Male,B.Sc,14.0,Junior,Startup,Tier-1,2.0,0.0,1.0,0.0,132078.0,53.0,2023-11-11,Worked on microservices deployment,2023.0,11.0,0.0
37.0,Male,B.Sc,14.0,Mid,Enterprise,Tier-1,6.0,0.0,0.0,2.0,173319.0,56.0,2023-05-14,Experience in data cleaning and ETL,2023.0,5.0,1.0
32.0,Male,B.Sc,9.0,Junior,SME,Tier-2,5.0,1.0,0.0,0.0,101499.0,57.0,2024-07-08,Experience in data cleaning and ETL,2024.0,7.0,0.0
29.0,Male,B.Sc,7.0,Mid,Startup,Remote,8.0,1.0,1.0,1.0,104784.0,58.0,2023-04-04,Contributed to open-source NLP repo,2023.0,4.0,1.0
34.0,Male,B.Sc,9.0,Senior,Enterprise,Tier-1,4.0,0.0,1.0,2.0,150780.0,46.0,2023-06-29,No relevant project mentioned,2023.0,6.0,2.0
41.0,Male,B.Sc,22.0,Mid,SME,Tier-2,8.0,0.0,0.0,2.2,222321.0,48.0,2023-09-13,Built ML pipeline for preprocessing,2023.0,9.0,1.0
29.0,Other,M.Sc,9.0,Mid,SME,Tier-2,7.0,2.0,1.0,2.0,132180.0,54.0,2023-01-17,Built ML pipeline for preprocessing,2023.0,1.0,1.0
24.0,Male,M.Sc,0.0,Mid,SME,Tier-2,3.0,0.0,0.0,0.0,46856.0,47.0,2024-09-20,Built ML pipeline for preprocessing,2024.0,9.0,1.0
37.0,Male,M.Eng,9.4,Mid,SME,Remote,6.0,1.0,0.0,1.4,162392.0,69.0,2024-07-11,No relevant project mentioned,2024.0,7.0,1.0
29.0,Male,B.Sc,7.0,Junior,SME,Tier-1,8.0,2.0,0.0,0.0,96938.0,41.0,2024-11-11,Worked on microservices deployment,2024.0,11.0,0.0
20.0,Male,B.Sc,0.0,Mid,SME,Tier-1,7.0,1.0,0.0,1.0,61212.0,54.0,2023-05-21,Built ML pipeline for preprocessing,2023.0,5.0,1.0
35.0,Female,B.Sc+Cert,13.0,Mid,Startup,Tier-1,1.0,2.0,1.0,2.6,152046.0,59.2,2024-01-25,Worked on microservices deployment,2024.0,1.0,1.0
27.0,Male,B.Sc,4.0,Junior,Enterprise,Remote,6.0,0.0,0.0,2.0,80587.0,55.0,2024-12-26,No relevant project mentioned,2024.0,12.0,0.0
29.0,Male,PhD,7.0,Junior,Enterprise,Remote,5.0,1.0,0.0,3.0,118697.0,70.0,2024-11-20,Worked on microservices deployment,2024.0,11.0,0.0
32.0,Male,M.Eng,8.0,Senior,Startup,Tier-1,2.0,2.0,0.0,1.0,130088.0,54.0,2023-02-17,Contributed to open-source NLP repo,2023.0,2.0,2.0
31.0,Male,B.Sc,10.0,Junior,Enterprise,Tier-1,8.0,0.0,0.0,0.0,141309.0,55.0,2024-09-02,Worked on microservices deployment,2024.0,9.0,0.0
34.0,Male,PhD,14.0,Junior,SME,Tier-2,5.0,1.0,0.0,1.0,172101.0,68.0,2023-09-19,No relevant project mentioned,2023.0,9.0,0.0
27.0,Male,B.Sc,7.0,Mid,Startup,Tier-3,2.0,0.0,1.0,1.0,91889.0,59.0,2024-07-23,No relevant project mentioned,2024.0,7.0,1.0
33.0,Female,B.Sc,10.0,Junior,Startup,Tier-2,3.0,0.0,0.0,1.0,90521.0,77.0,2023-09-10,Worked on microservices deployment,2023.0,9.0,0.0
28.0,Female,M.Sc,6.0,Mid,Startup,Remote,6.0,3.0,1.0,0.0,101987.0,68.0,2024-12-03,No relevant project mentioned,2024.0,12.0,1.0
34.0,Male,B.Sc,8.0,Mid,Enterprise,Tier-3,8.0,1.0,0.0,1.0,109917.0,51.0,2024-05-27,Worked on microservices deployment,2024.0,5.0,1.0
34.0,Female,B.Sc+Cert,14.0,Senior,SME,Remote,5.0,1.0,1.0,2.0,169323.0,60.0,2023-06-05,Worked on microservices deployment,2023.0,6.0,2.0
24.0,Male,B.Sc,0.0,Junior,SME,Tier-2,7.0,1.0,0.0,6.0,99165.0,61.0,2024-08-25,Contributed to open-source NLP repo,2024.0,8.0,0.0
37.0,Male,B.Sc,16.0,Mid,Startup,Tier-1,2.0,0.0,0.0,3.0,178196.0,52.0,2023-07-29,Contributed to open-source NLP repo,2023.0,7.0,1.0
27.0,Male,M.Sc,3.0,Senior,SME,Tier-3,5.0,1.0,1.0,4.0,81541.0,44.0,2023-11-20,Built ML pipeline for preprocessing,2023.0,11.0,2.0
35.0,Male,M.Sc,12.0,Junior,SME,Tier-2,4.0,0.0,1.0,1.0,158108.0,63.0,2023-02-10,Built ML pipeline for preprocessing,2023.0,2.0,0.0
32.0,Male,B.Sc,8.0,Junior,Enterprise,Tier-1,5.0,1.0,0.0,0.0,112471.0,50.0,2023-12-28,Built ML pipeline for preprocessing,2023.0,12.0,0.0
41.0,Male,B.Sc,19.0,Senior,Enterprise,Tier-1,5.0,0.0,0.0,1.0,232656.0,61.0,2024-01-07,Experience in data cleaning and ETL,2024.0,1.0,2.0
29.0,Male,M.Eng,7.0,Junior,SME,Tier-2,3.0,1.0,0.0,1.0,92660.0,66.0,2024-02-20,Built ML pipeline for preprocessing,2024.0,2.0,0.0
28.0,Male,B.Sc,1.0,Mid,SME,Tier-2,6.0,1.0,0.0,3.0,57748.0,64.0,2024-09-26,Built ML pipeline for preprocessing,2024.0,9.0,1.0
30.0,Male,M.Eng,6.0,Junior,SME,Tier-2,12.0,0.0,0.0,6.0,95669.0,76.0,2024-12-09,No relevant project mentioned,2024.0,12.0,0.0
28.0,Female,M.Sc,2.0,Junior,Enterprise,Tier-1,6.0,1.2,0.0,4.0,78505.0,52.0,2024-10-23,No relevant project mentioned,2024.0,10.0,0.0
35.0,Male,M.Sc,12.0,Junior,Startup,Tier-2,4.0,1.0,1.0,1.0,124161.0,45.0,2024-01-12,Built ML pipeline for preprocessing,2024.0,1.0,0.0
20.0,Male,M.Sc,0.0,Mid,SME,Tier-1,4.0,0.0,1.0,4.0,66545.0,67.0,2023-11-09,Worked on microservices deployment,2023.0,11.0,1.0
24.0,Male,B.Sc,1.4,Mid,Enterprise,Tier-2,2.0,0.0,0.0,1.0,59682.0,54.6,2023-10-05,Built ML pipeline for preprocessing,2023.0,10.0,1.0
24.0,Male,M.Sc,2.0,Junior,Startup,Tier-2,3.0,0.0,1.0,0.0,47230.0,59.0,2023-11-18,Contributed to open-source NLP repo,2023.0,11.0,0.0
36.0,Female,B.Sc+Cert,16.0,Senior,Startup,Tier-3,7.0,1.0,0.0,1.0,171392.0,59.0,2024-07-08,Worked on microservices deployment,2024.0,7.0,2.0
40.0,Male,B.Sc,16.0,Mid,SME,Tier-3,8.0,1.0,0.0,2.0,177399.0,74.0,2023-02-03,Built ML pipeline for preprocessing,2023.0,2.0,1.0
29.0,Male,B.Sc+Cert,7.0,Lead,Startup,Tier-3,4.0,1.0,1.0,3.0,123779.0,59.0,2023-04-24,Worked on microservices deployment,2023.0,4.0,3.0
29.0,Female,B.Sc,9.6,Lead,SME,Tier-3,5.0,1.0,1.0,1.0,116681.0,50.0,2023-01-02,Built ML pipeline for preprocessing,2023.0,1.0,3.0
30.0,Male,B.Sc,8.0,Senior,SME,Tier-2,1.0,0.0,1.0,0.0,108099.0,63.0,2024-07-24,Built ML pipeline for preprocessing,2024.0,7.0,2.0
37.0,Male,B.Sc,10.0,Senior,SME,Tier-1,4.0,1.0,1.0,0.0,152288.0,59.0,2023-02-05,No relevant project mentioned,2023.0,2.0,2.0
24.0,Male,B.Sc+Cert,0.0,Mid,Startup,Tier-2,5.0,0.0,0.0,0.0,37039.0,74.0,2023-01-08,Contributed to open-source NLP repo,2023.0,1.0,1.0
31.0,Female,B.Sc,7.0,Senior,Enterprise,Tier-2,6.0,0.0,0.0,6.0,119837.0,47.0,2023-06-10,No relevant project mentioned,2023.0,6.0,2.0
36.0,Male,B.Sc+Cert,9.4,Junior,Startup,Tier-2,5.0,0.0,1.0,6.0,145176.0,52.0,2024-03-27,No relevant project mentioned,2024.0,3.0,0.0
33.0,Male,B.Sc+Cert,11.0,Junior,Enterprise,Tier-1,5.0,1.0,0.0,6.0,147449.0,62.4,2024-06-13,Contributed to open-source NLP repo,2024.0,6.0,0.0
31.0,Male,B.Sc,9.0,Senior,Startup,Remote,5.0,1.0,0.0,1.0,128333.0,64.0,2024-07-29,Worked on microservices deployment,2024.0,7.0,2.0
36.0,Male,B.Sc,13.0,Mid,SME,Tier-1,7.0,1.0,0.0,2.4,157455.0,53.0,2024-07-26,No relevant project mentioned,2024.0,7.0,1.0
20.0,Male,M.Sc,0.0,Senior,Startup,Tier-1,6.0,1.0,1.0,7.0,94929.0,68.0,2023-03-24,Experience in data cleaning and ETL,2023.0,3.0,2.0
34.0,Male,B.Sc,12.0,Senior,Startup,Remote,4.0,1.0,1.0,7.0,159198.0,63.0,2023-01-10,Built ML pipeline for preprocessing,2023.0,1.0,2.0
26.0,Male,M.Sc,6.0,Junior,Startup,Tier-3,4.0,0.0,0.0,1.0,62524.0,70.0,2024-03-09,Worked on microservices deployment,2024.0,3.0,0.0
20.0,Female,B.Sc,0.0,Senior,SME,Tier-1,11.0,1.0,1.0,3.0,73230.0,48.0,2024-09-09,No relevant project mentioned,2024.0,9.0,2.0
33.0,Female,B.Sc,10.0,Junior,SME,Remote,7.0,0.0,1.0,1.0,121212.0,60.4,2023-08-21,Built ML pipeline for preprocessing,2023.0,8.0,0.0
38.0,Male,M.Sc,14.0,Junior,Startup,Tier-1,2.0,0.0,0.0,2.4,158150.0,37.0,2023-08-10,Worked on microservices deployment,2023.0,8.0,0.0
29.0,Female,B.Sc,8.0,Mid,Enterprise,Tier-3,7.0,0.0,0.0,0.0,123273.0,49.0,2024-07-04,Experience in data cleaning and ETL,2024.0,7.0,1.0
36.0,Male,B.Sc,12.0,Junior,Startup,Tier-2,5.0,0.0,0.0,5.0,116863.0,79.0,2023-11-17,Built ML pipeline for preprocessing,2023.0,11.0,0.0
40.0,Male,B.Sc,16.0,Mid,SME,Tier-2,6.0,0.0,0.0,0.0,185128.0,61.0,2024-10-06,Built ML pipeline for preprocessing,2024.0,10.0,1.0
38.0,Male,B.Sc,16.0,Mid,Startup,Tier-3,4.0,1.0,1.0,2.0,163826.0,61.0,2023-10-09,Built ML pipeline for preprocessing,2023.0,10.0,1.0
40.0,Female,B.Sc,16.0,Junior,SME,Tier-1,3.0,0.0,1.0,1.0,172629.0,63.0,2023-04-30,Built ML pipeline for preprocessing,2023.0,4.0,0.0
34.0,Female,M.Eng,11.0,Senior,Enterprise,Tier-1,3.0,1.0,0.0,1.0,208143.0,46.0,2023-03-04,Contributed to open-source NLP repo,2023.0,3.0,2.0
30.0,Male,B.Sc,9.0,Mid,SME,Tier-2,10.0,0.4,1.0,1.0,110374.0,57.0,2024-11-16,Built ML pipeline for preprocessing,2024.0,11.0,1.0
20.0,Female,B.Sc,0.0,Junior,Startup,Tier-1,7.0,2.0,0.0,3.0,42129.0,62.0,2024-06-26,No relevant project mentioned,2024.0,6.0,0.0
29.0,Male,M.Sc,3.0,Junior,Startup,Remote,4.0,0.0,0.0,0.0,69404.0,52.0,2023-06-18,Contributed to open-source NLP repo,2023.0,6.0,0.0
25.0,Female,B.Sc,1.0,Senior,Enterprise,Tier-2,7.0,2.0,1.0,3.0,72772.0,58.0,2024-10-13,No relevant project mentioned,2024.0,10.0,2.0
43.0,Female,B.Sc,20.0,Senior,Startup,Tier-1,7.0,1.0,0.0,0.0,218041.0,58.0,2023-09-30,Built ML pipeline for preprocessing,2023.0,9.0,2.0
29.0,Male,B.Sc+Cert,6.0,Junior,SME,Tier-2,4.0,2.0,1.0,0.0,93661.0,62.0,2024-10-19,No relevant project mentioned,2024.0,10.0,0.0
31.0,Female,M.Sc,2.8,Junior,Startup,Tier-1,5.0,2.0,0.0,2.0,79623.0,84.0,2024-12-06,No relevant project mentioned,2024.0,12.0,0.0
33.0,Male,M.Sc,10.0,Senior,Startup,Tier-1,7.0,0.0,0.0,0.0,154319.0,53.0,2024-01-04,No relevant project mentioned,2024.0,1.0,2.0
30.0,Male,M.Sc,8.0,Mid,Startup,Tier-2,8.0,1.0,0.0,7.0,110427.0,59.0,2024-04-16,Worked on microservices deployment,2024.0,4.0,1.0
40.0,Male,B.Sc,16.0,Junior,Enterprise,Remote,4.0,1.0,0.0,4.0,191623.0,60.0,2023-10-22,Built ML pipeline for preprocessing,2023.0,10.0,0.0
26.0,Male,M.Sc,5.0,Mid,Enterprise,Tier-2,1.0,2.0,0.0,3.0,379988.0,56.0,2023-03-15,Experience in data cleaning and ETL,2023.0,3.0,1.0
31.0,Female,B.Sc,11.0,Mid,SME,Tier-1,4.4,2.0,1.0,1.0,144193.0,68.0,2024-04-03,Worked on microservices deployment,2024.0,4.0,1.0
26.0,Male,B.Sc,4.0,Senior,Startup,Tier-2,5.0,0.0,0.0,0.0,70545.0,58.0,2024-10-09,Experience in data cleaning and ETL,2024.0,10.0,2.0
22.0,Male,B.Sc,0.0,Junior,SME,Tier-1,10.0,1.0,0.0,7.0,47147.0,55.0,2024-08-25,Built ML pipeline for preprocessing,2024.0,8.0,0.0
26.0,Female,B.Sc,5.0,Mid,SME,Tier-1,4.8,1.0,0.0,0.0,86416.0,46.0,2024-06-21,Experience in data cleaning and ETL,2024.0,6.0,1.0
30.0,Female,B.Sc,8.0,Junior,SME,Tier-3,4.0,3.0,1.0,4.0,96334.0,70.0,2024-08-10,Experience in data cleaning and ETL,2024.0,8.0,0.0
27.0,Male,B.Sc+Cert,4.0,Lead,Startup,Remote,8.0,4.0,0.0,0.0,100003.0,71.0,2024-06-30,No relevant project mentioned,2024.0,6.0,3.0
26.0,Other,B.Sc,5.0,Senior,Enterprise,Tier-1,3.0,1.0,1.0,1.0,90655.0,41.0,2023-07-26,Built ML pipeline for preprocessing,2023.0,7.0,2.0
22.0,Male,B.Sc,0.0,Mid,SME,Tier-2,3.0,0.0,0.0,3.0,35643.0,53.0,2023-06-14,Built ML pipeline for preprocessing,2023.0,6.0,1.0
30.0,Female,B.Sc,7.0,Mid,Enterprise,Remote,7.0,0.0,0.0,6.0,108998.0,75.0,2023-05-04,Built ML pipeline for preprocessing,2023.0,5.0,1.0
21.0,Male,B.Sc,0.0,Mid,Startup,Tier-1,11.0,2.0,1.0,0.0,56072.0,67.0,2023-09-30,No relevant project mentioned,2023.0,9.0,1.0
35.0,Male,M.Sc,7.2,Senior,Startup,Tier-1,4.0,1.0,0.0,1.0,114129.0,55.0,2024-01-17,Worked on microservices deployment,2024.0,1.0,2.0
30.0,Male,B.Sc,6.0,Junior,Startup,Remote,3.0,1.0,0.0,3.0,79499.0,56.0,2024-04-18,Contributed to open-source NLP repo,2024.0,4.0,0.0
21.0,Male,B.Sc,0.0,Senior,Enterprise,Tier-3,8.0,1.0,0.0,0.0,63200.0,53.0,2023-12-20,No relevant project mentioned,2023.0,12.0,2.0
28.0,Male,B.Sc,7.0,Junior,SME,Tier-1,5.2,2.0,1.0,0.0,104971.0,65.0,2023-04-07,Contributed to open-source NLP repo,2023.0,4.0,0.0
25.0,Male,M.Sc,1.0,Junior,Enterprise,Tier-1,8.0,0.0,0.0,0.0,67193.0,60.0,2023-03-23,Built ML pipeline for preprocessing,2023.0,3.0,0.0
32.0,Male,B.Sc,9.0,Mid,Enterprise,Tier-1,7.0,1.0,0.0,2.0,148209.0,59.0,2024-06-20,Contributed to open-source NLP repo,2024.0,6.0,1.0
38.0,Female,B.Sc,12.4,Senior,SME,Tier-2,4.0,1.0,0.0,3.0,160572.0,54.8,2023-12-27,Contributed to open-source NLP repo,2023.0,12.0,2.0
20.0,Male,B.Sc,0.0,Senior,SME,Tier-3,4.0,1.0,0.0,6.0,44540.0,58.0,2023-03-02,No relevant project mentioned,2023.0,3.0,2.0
31.0,Male,B.Sc,6.0,Mid,Enterprise,Tier-2,3.0,1.6,1.0,1.0,78651.0,55.0,2023-04-04,No relevant project mentioned,2023.0,4.0,1.0
29.0,Male,B.Sc,7.0,Mid,SME,Tier-2,8.0,0.0,0.0,3.0,104792.0,43.0,2023-12-31,Worked on microservices deployment,2023.0,12.0,1.0
34.0,Male,M.Sc,8.0,Senior,SME,Tier-1,5.0,1.0,1.0,0.6,146915.0,54.0,2024-10-14,Built ML pipeline for preprocessing,2024.0,10.0,2.0
31.0,Female,M.Sc,7.0,Junior,SME,Tier-1,5.0,1.0,1.0,0.0,111908.0,76.0,2023-10-23,Experience in data cleaning and ETL,2023.0,10.0,0.0
25.0,Female,M.Eng,6.0,Senior,Enterprise,Tier-1,5.0,2.0,0.0,1.0,154605.0,57.0,2024-11-12,Worked on microservices deployment,2024.0,11.0,2.0
28.0,Male,B.Sc,1.0,Mid,SME,Tier-3,3.0,3.0,1.0,2.0,55956.0,55.0,2023-06-19,Built ML pipeline for preprocessing,2023.0,6.0,1.0
25.0,Male,B.Sc,2.0,Mid,Enterprise,Tier-2,7.0,4.0,0.0,0.0,80564.0,59.8,2023-10-26,Contributed to open-source NLP repo,2023.0,10.0,1.0
36.0,Female,B.Sc,8.0,Junior,Startup,Tier-1,4.0,0.8,1.0,2.0,107631.0,50.0,2024-12-08,Experience in data cleaning and ETL,2024.0,12.0,0.0
30.0,Male,PhD,6.0,Mid,SME,Tier-2,5.0,0.0,0.0,7.0,113750.0,59.8,2024-10-29,Worked on microservices deployment,2024.0,10.0,1.0
41.0,Female,M.Sc,21.0,Junior,Startup,Tier-3,4.0,2.0,1.0,5.0,235806.0,51.0,2024-09-02,Worked on microservices deployment,2024.0,9.0,0.0
30.0,Male,M.Sc,8.0,Junior,Startup,Tier-2,6.4,1.0,0.0,1.0,97396.0,46.0,2023-11-13,No relevant project mentioned,2023.0,11.0,0.0
26.0,Female,B.Sc,1.0,Junior,Enterprise,Tier-1,5.0,1.0,1.0,1.0,54224.0,52.0,2024-10-06,Contributed to open-source NLP repo,2024.0,10.0,0.0
21.0,Male,B.Sc,3.0,Junior,Enterprise,Tier-1,3.0,0.0,1.0,1.0,82572.0,56.0,2024-10-12,Built ML pipeline for preprocessing,2024.0,10.0,0.0
20.0,Male,B.Sc,0.0,Mid,Enterprise,Tier-1,3.0,2.0,0.0,5.0,59836.0,63.0,2023-09-21,Experience in data cleaning and ETL,2023.0,9.0,1.0
20.0,Female,M.Sc,0.0,Senior,Enterprise,Tier-3,4.0,0.0,0.0,7.0,67026.0,41.0,2024-10-22,Built ML pipeline for preprocessing,2024.0,10.0,2.0
32.0,Male,B.Sc+Cert,8.0,Junior,Startup,Tier-2,6.0,0.0,1.0,4.0,102504.0,68.0,2024-04-24,No relevant project mentioned,2024.0,4.0,0.0
33.0,Male,B.Sc+Cert,10.0,Mid,Startup,Tier-3,5.0,1.0,0.0,2.0,107062.0,65.0,2023-09-18,Built ML pipeline for preprocessing,2023.0,9.0,1.0
21.0,Male,B.Sc,1.0,Mid,SME,Remote,4.0,1.0,1.0,0.0,50376.0,59.0,2024-06-29,Experience in data cleaning and ETL,2024.0,6.0,1.0
35.0,Male,B.Sc,11.0,Mid,Enterprise,Remote,4.4,0.0,1.0,6.0,152969.0,64.0,2024-06-04,Built ML pipeline for preprocessing,2024.0,6.0,1.0
27.0,Male,B.Sc+Cert,5.0,Senior,Startup,Tier-1,5.0,2.0,1.0,5.0,116051.0,59.0,2023-02-12,No relevant project mentioned,2023.0,2.0,2.0
31.0,Male,M.Sc,7.0,Mid,Enterprise,Tier-1,2.0,1.0,0.0,4.0,138036.0,62.0,2023-04-06,Worked on microservices deployment,2023.0,4.0,1.0
40.0,Male,B.Sc,14.0,Senior,SME,Tier-2,5.0,0.0,0.0,1.0,168120.0,54.4,2024-01-29,Contributed to open-source NLP repo,2024.0,1.0,2.0
35.0,Male,B.Sc,16.0,Mid,Enterprise,Tier-1,5.0,2.0,1.0,0.6,173718.0,54.0,2024-06-07,Contributed to open-source NLP repo,2024.0,6.0,1.0
28.0,Female,B.Sc,3.8,Mid,SME,Tier-3,3.0,1.0,0.0,0.0,79512.0,49.0,2023-12-21,Worked on microservices deployment,2023.0,12.0,1.0
25.0,Male,B.Sc,2.0,Mid,SME,Remote,5.0,2.0,0.0,6.0,71311.0,70.0,2024-02-06,Built ML pipeline for preprocessing,2024.0,2.0,1.0
20.0,Male,B.Sc,0.0,Senior,Enterprise,Tier-2,5.0,0.0,0.0,6.0,58224.0,59.4,2024-04-15,Worked on microservices deployment,2024.0,4.0,2.0
26.0,Male,M.Sc,2.0,Senior,Enterprise,Tier-1,6.0,1.0,1.0,1.0,124731.0,58.0,2024-10-13,No relevant project mentioned,2024.0,10.0,2.0
29.0,Male,B.Sc,11.0,Mid,Startup,Tier-1,4.0,1.2,0.0,3.0,138114.0,59.0,2023-10-14,No relevant project mentioned,2023.0,10.0,1.0
24.0,Male,B.Sc,1.0,Senior,Enterprise,Tier-1,6.0,2.0,1.0,2.4,97454.0,47.0,2023-10-10,Built ML pipeline for preprocessing,2023.0,10.0,2.0
29.0,Male,B.Sc,7.0,Junior,Enterprise,Tier-3,5.0,1.0,0.0,1.0,83541.0,56.2,2024-06-16,Contributed to open-source NLP repo,2024.0,6.0,0.0
30.0,Male,M.Eng,10.0,Senior,Startup,Tier-1,8.0,0.0,0.0,1.0,152411.0,62.0,2023-09-26,Built ML pipeline for preprocessing,2023.0,9.0,2.0
29.0,Male,M.Sc,7.0,Junior,Startup,Tier-1,5.0,3.0,1.0,1.0,114668.0,49.0,2024-07-10,Built ML pipeline for preprocessing,2024.0,7.0,0.0
26.0,Male,B.Sc,2.0,Junior,SME,Tier-1,2.0,0.0,0.0,1.0,59734.0,57.0,2024-11-17,Contributed to open-source NLP repo,2024.0,11.0,0.0
31.0,Male,B.Sc+Cert,7.0,Junior,SME,Remote,3.0,0.0,0.0,1.0,106725.0,50.0,2023-10-08,Built ML pipeline for preprocessing,2023.0,10.0,0.0
33.0,Male,B.Sc+Cert,15.0,Lead,Enterprise,Tier-2,8.0,2.0,1.0,4.0,190527.0,68.0,2023-03-18,Worked on microservices deployment,2023.0,3.0,3.0
23.0,Male,B.Sc,0.0,Senior,Startup,Remote,9.0,1.0,0.0,1.0,50170.0,58.0,2024-12-10,Experience in data cleaning and ETL,2024.0,12.0,2.0
38.0,Male,B.Sc,18.0,Senior,SME,Tier-3,1.0,2.0,0.0,4.0,182311.0,69.0,2023-12-21,Built ML pipeline for preprocessing,2023.0,12.0,2.0
29.0,Male,M.Sc,7.0,Senior,SME,Tier-2,2.0,1.0,0.0,3.2,113994.0,58.0,2023-09-12,Contributed to open-source NLP repo,2023.0,9.0,2.0
30.0,Female,M.Eng,8.0,Mid,Startup,Tier-1,3.0,2.0,0.0,4.0,139459.0,69.0,2024-10-29,No relevant project mentioned,2024.0,10.0,1.0
34.0,Male,B.Sc+Cert,11.0,Senior,SME,Tier-1,6.0,3.0,1.0,5.0,176828.0,45.0,2024-02-29,Contributed to open-source NLP repo,2024.0,2.0,2.0
31.0,Male,B.Sc+Cert,6.0,Lead,Startup,Tier-2,7.0,1.0,0.0,0.0,112475.0,75.0,2023-01-04,Contributed to open-source NLP repo,2023.0,1.0,3.0
36.0,Male,M.Sc,6.0,Mid,Startup,Remote,6.0,0.0,0.0,1.0,82609.0,48.0,2023-03-25,Built ML pipeline for preprocessing,2023.0,3.0,1.0
32.0,Male,B.Sc,6.0,Junior,SME,Tier-1,8.0,3.0,0.0,0.0,99598.0,63.0,2024-12-09,Built ML pipeline for preprocessing,2024.0,12.0,0.0
26.0,Male,B.Sc,0.0,Mid,Enterprise,Tier-1,5.0,2.0,0.0,1.0,66246.0,75.0,2023-08-02,No relevant project mentioned,2023.0,8.0,1.0
32.0,Male,B.Sc,10.0,Lead,Startup,Tier-2,8.0,0.0,0.0,0.0,135496.0,64.8,2024-10-18,Built ML pipeline for preprocessing,2024.0,10.0,3.0
23.0,Female,B.Sc,0.0,Senior,SME,Tier-1,4.0,1.0,0.0,2.0,64159.0,74.0,2023-02-26,Contributed to open-source NLP repo,2023.0,2.0,2.0
31.0,Male,M.Sc,5.0,Senior,Startup,Tier-2,4.0,0.0,1.0,4.0,110316.0,65.0,2023-06-03,Contributed to open-source NLP repo,2023.0,6.0,2.0
30.0,Female,M.Sc,7.0,Senior,Startup,Tier-1,8.0,1.0,1.0,2.0,142535.0,43.0,2024-09-03,No relevant project mentioned,2024.0,9.0,2.0
29.0,Male,M.Sc,4.0,Senior,SME,Tier-1,6.0,2.0,1.0,1.0,111924.0,60.2,2024-12-12,Built ML pipeline for preprocessing,2024.0,12.0,2.0
29.0,Male,B.Sc,7.0,Senior,Enterprise,Tier-1,11.0,0.0,0.0,0.0,162560.0,48.0,2024-02-05,Experience in data cleaning and ETL,2024.0,2.0,2.0
20.0,Male,M.Sc,0.0,Mid,Startup,Tier-2,2.0,0.0,0.0,0.0,37065.0,60.0,2024-06-03,Experience in data cleaning and ETL,2024.0,6.0,1.0
27.0,Male,B.Sc,6.0,Junior,Enterprise,Tier-2,5.0,0.0,1.0,3.0,101636.0,73.0,2024-06-05,Worked on microservices deployment,2024.0,6.0,0.0
31.0,Male,B.Sc,2.0,Mid,Startup,Tier-1,3.0,1.0,0.0,0.0,54640.0,69.0,2024-09-27,Built ML pipeline for preprocessing,2024.0,9.0,1.0
31.0,Male,M.Sc,7.0,Mid,Enterprise,Remote,8.0,2.0,1.0,6.0,134328.0,71.0,2023-09-27,Worked on microservices deployment,2023.0,9.0,1.0
24.0,Male,M.Sc,2.0,Senior,Enterprise,Tier-1,4.0,0.0,1.0,2.0,96911.0,67.0,2024-06-22,Built ML pipeline for preprocessing,2024.0,6.0,2.0
38.0,Female,PhD,14.0,Mid,SME,Tier-1,7.0,1.0,0.0,2.2,200400.0,62.8,2024-05-26,Built ML pipeline for preprocessing,2024.0,5.0,1.0
25.0,Female,B.Sc,0.0,Junior,Startup,Tier-2,9.0,0.0,0.0,0.0,27649.0,61.0,2024-05-31,Built ML pipeline for preprocessing,2024.0,5.0,0.0
36.0,Male,B.Sc,14.0,Junior,SME,Tier-1,6.0,1.0,0.0,3.6,157368.0,47.0,2024-02-16,Built ML pipeline for preprocessing,2024.0,2.0,0.0
33.0,Male,B.Sc,12.0,Mid,SME,Tier-2,4.0,3.0,0.0,5.0,136213.0,40.0,2024-10-06,Built ML pipeline for preprocessing,2024.0,10.0,1.0
26.0,Male,B.Sc,0.0,Mid,Enterprise,Remote,2.0,2.0,1.0,6.0,56180.0,69.0,2023-12-08,No relevant project mentioned,2023.0,12.0,1.0
41.0,Male,B.Sc,15.0,Junior,SME,Tier-2,7.0,2.0,1.0,0.0,169623.0,70.0,2023-05-20,Contributed to open-source NLP repo,2023.0,5.0,0.0
23.0,Male,M.Sc,0.0,Junior,SME,Tier-2,9.0,0.0,1.0,4.0,51275.0,53.0,2023-09-21,Built ML pipeline for preprocessing,2023.0,9.0,0.0
36.0,Male,B.Sc+Cert,16.0,Mid,Enterprise,Tier-2,4.0,0.0,0.0,1.0,198835.0,50.0,2024-03-24,Worked on microservices deployment,2024.0,3.0,1.0
36.0,Male,B.Sc,13.0,Junior,Enterprise,Tier-1,7.0,1.0,1.0,1.0,144484.0,39.0,2023-08-15,Contributed to open-source NLP repo,2023.0,8.0,0.0
26.0,Male,B.Sc+Cert,6.0,Junior,SME,Tier-2,7.0,1.0,1.0,2.0,88189.0,59.0,2023-03-01,No relevant project mentioned,2023.0,3.0,0.0
38.0,Other,B.Sc,10.0,Mid,Enterprise,Tier-1,4.0,0.0,1.0,7.0,141857.0,65.0,2023-03-21,No relevant project mentioned,2023.0,3.0,1.0
28.0,Male,B.Sc+Cert,1.0,Mid,SME,Remote,3.0,1.0,1.0,0.0,62370.0,55.8,2023-02-24,Worked on microservices deployment,2023.0,2.0,1.0
32.0,Female,B.Sc,11.0,Mid,SME,Tier-1,3.0,1.0,0.0,0.0,143678.0,62.0,2024-08-28,Contributed to open-source NLP repo,2024.0,8.0,1.0
32.0,Male,B.Sc,5.0,Junior,SME,Tier-2,6.0,0.0,0.0,2.0,68626.0,57.0,2024-03-02,Built ML pipeline for preprocessing,2024.0,3.0,0.0
29.0,Male,B.Sc,7.0,Senior,Enterprise,Remote,3.0,1.0,0.0,5.0,137402.0,38.0,2024-07-06,No relevant project mentioned,2024.0,7.0,2.0
35.0,Male,B.Sc+Cert,12.0,Mid,SME,Tier-3,4.0,2.0,0.0,2.0,140140.0,69.0,2024-06-05,Built ML pipeline for preprocessing,2024.0,6.0,1.0
35.0,Male,B.Sc,11.0,Junior,SME,Remote,5.0,1.0,1.0,1.0,147462.0,46.0,2023-08-14,Built ML pipeline for preprocessing,2023.0,8.0,0.0
20.0,Male,B.Sc,0.0,Junior,SME,Tier-2,5.0,1.0,0.0,7.0,35273.0,63.0,2023-04-26,Experience in data cleaning and ETL,2023.0,4.0,0.0
38.0,Male,B.Sc+Cert,12.0,Junior,SME,Tier-1,7.0,0.0,0.0,7.0,120729.0,63.0,2023-12-06,Contributed to open-source NLP repo,2023.0,12.0,0.0
20.0,Male,B.Sc,0.0,Junior,SME,Tier-3,2.0,1.0,0.0,1.0,24287.0,50.8,2023-04-17,Experience in data cleaning and ETL,2023.0,4.0,0.0
36.0,Male,B.Sc,12.0,Junior,Enterprise,Tier-1,3.0,0.0,1.0,4.0,142737.0,61.6,2024-06-02,Worked on microservices deployment,2024.0,6.0,0.0
37.0,Male,B.Sc,13.0,Mid,SME,Tier-1,5.0,0.0,0.0,3.0,143301.0,52.0,2024-06-16,Worked on microservices deployment,2024.0,6.0,1.0
23.0,Male,B.Sc,0.0,Mid,Startup,Tier-3,7.0,1.0,0.0,1.0,31417.0,60.0,2023-11-27,Worked on microservices deployment,2023.0,11.0,1.0
28.0,Male,B.Sc+Cert,7.0,Mid,Enterprise,Tier-2,2.0,3.0,0.0,0.0,128591.0,71.0,2023-04-11,Built ML pipeline for preprocessing,2023.0,4.0,1.0
23.0,Male,M.Sc,4.6,Senior,Enterprise,Remote,2.0,1.0,0.0,2.0,92953.0,75.0,2023-08-03,No relevant project mentioned,2023.0,8.0,2.0
29.0,Male,B.Sc,5.0,Junior,SME,Remote,7.0,0.0,1.0,6.0,77953.0,59.0,2024-07-09,Built ML pipeline for preprocessing,2024.0,7.0,0.0
28.0,Male,PhD,6.0,Senior,Startup,Remote,1.0,0.0,0.0,5.0,117821.0,62.0,2023-08-11,Built ML pipeline for preprocessing,2023.0,8.0,2.0
35.0,Female,B.Sc,11.0,Junior,Enterprise,Tier-1,6.0,0.0,0.0,0.0,122763.0,53.0,2023-07-29,Built ML pipeline for preprocessing,2023.0,7.0,0.0
38.0,Male,B.Sc,13.0,Mid,Enterprise,Tier-2,4.0,0.0,1.0,0.0,152682.0,65.0,2023-12-10,Built ML pipeline for preprocessing,2023.0,12.0,1.0
38.0,Female,B.Sc,16.0,Junior,Startup,Tier-3,4.0,2.0,0.0,5.0,125526.0,58.0,2024-12-26,Worked on microservices deployment,2024.0,12.0,0.0
27.0,Male,B.Sc,4.0,Senior,Startup,Remote,9.0,1.0,1.0,2.0,86319.0,50.0,2024-03-03,Contributed to open-source NLP repo,2024.0,3.0,2.0
29.0,Male,B.Sc,8.0,Mid,SME,Tier-1,6.0,2.0,1.0,1.0,110973.0,51.0,2023-03-06,No relevant project mentioned,2023.0,3.0,1.0
20.0,Male,B.Sc+Cert,1.0,Junior,SME,Tier-1,7.0,2.0,1.0,2.0,58879.0,48.0,2023-09-11,Built ML pipeline for preprocessing,2023.0,9.0,0.0
25.0,Male,M.Sc,3.0,Mid,Startup,Remote,9.0,2.0,0.0,0.0,80688.0,65.0,2024-06-01,No relevant project mentioned,2024.0,6.0,1.0
36.0,Male,B.Sc,14.0,Junior,SME,Tier-1,7.0,1.0,0.0,6.0,172832.0,56.0,2023-10-21,No relevant project mentioned,2023.0,10.0,0.0
40.0,Female,M.Sc,10.0,Senior,SME,Tier-2,6.0,1.0,0.0,4.0,140341.0,45.0,2023-08-09,Worked on microservices deployment,2023.0,8.0,2.0
23.0,Male,M.Sc,0.0,Mid,Enterprise,Tier-1,5.0,0.0,0.0,6.0,90142.0,67.0,2024-03-02,Built ML pipeline for preprocessing,2024.0,3.0,1.0
26.0,Male,B.Sc+Cert,4.0,Junior,SME,Tier-2,5.0,1.0,0.0,0.0,70212.0,60.0,2023-11-09,Built ML pipeline for preprocessing,2023.0,11.0,0.0
30.0,Male,B.Sc+Cert,4.0,Mid,SME,Tier-3,2.0,0.0,0.0,4.0,60364.0,50.0,2024-12-15,Experience in data cleaning and ETL,2024.0,12.0,1.0
32.0,Female,B.Sc,9.0,Junior,Enterprise,Tier-1,3.0,0.0,0.0,2.0,118872.0,63.4,2024-04-08,Worked on microservices deployment,2024.0,4.0,0.0
25.0,Male,M.Sc,1.0,Mid,Startup,Tier-2,6.0,0.0,0.0,1.0,54920.0,57.0,2024-08-04,Contributed to open-source NLP repo,2024.0,8.0,1.0
33.0,Male,M.Sc,13.0,Junior,Startup,Tier-1,6.0,2.0,1.0,2.0,141394.0,64.0,2024-07-30,Built ML pipeline for preprocessing,2024.0,7.0,0.0
27.0,Male,M.Sc,3.0,Mid,Enterprise,Tier-1,4.0,1.0,1.0,6.0,121060.0,61.0,2023-09-09,Contributed to open-source NLP repo,2023.0,9.0,1.0
30.0,Female,B.Sc,6.0,Lead,Startup,Tier-1,6.0,0.0,0.0,3.0,121773.0,50.0,2024-11-25,Worked on microservices deployment,2024.0,11.0,3.0
33.0,Other,B.Sc,8.0,Junior,Enterprise,Tier-3,6.0,0.0,1.0,1.0,91938.0,52.0,2023-04-22,Contributed to open-source NLP repo,2023.0,4.0,0.0
30.0,Male,B.Sc,10.0,Lead,Startup,Tier-1,6.0,0.0,1.0,7.0,145458.0,76.0,2023-10-18,Built ML pipeline for preprocessing,2023.0,10.0,3.0
27.0,Female,B.Sc,7.0,Mid,Startup,Tier-2,1.0,2.0,0.0,1.0,86814.0,44.0,2023-10-07,Contributed to open-source NLP repo,2023.0,10.0,1.0
29.0,Female,B.Sc,10.0,Junior,Enterprise,Tier-2,4.0,2.0,0.0,4.0,132599.0,69.0,2023-10-21,Built ML pipeline for preprocessing,2023.0,10.0,0.0
29.0,Male,M.Sc,2.0,Mid,SME,Tier-2,3.0,1.0,0.0,4.0,59969.0,58.0,2024-05-29,Experience in data cleaning and ETL,2024.0,5.0,1.0
28.0,Male,B.Sc,1.0,Mid,Enterprise,Tier-2,5.0,1.0,1.0,3.0,69523.0,63.8,2023-06-28,No relevant project mentioned,2023.0,6.0,1.0
28.0,Male,M.Sc,7.0,Mid,Startup,Tier-2,11.0,2.0,0.0,0.8,120461.0,58.0,2023-07-08,No relevant project mentioned,2023.0,7.0,1.0
40.0,Female,B.Sc,14.0,Junior,Startup,Tier-1,8.0,0.0,1.0,0.0,172919.0,51.0,2023-06-17,Built ML pipeline for preprocessing,2023.0,6.0,0.0
33.0,Male,B.Sc+Cert,8.0,Junior,Enterprise,Tier-2,4.0,0.0,1.0,7.0,108609.0,44.0,2023-02-23,Built ML pipeline for preprocessing,2023.0,2.0,0.0
28.0,Female,B.Sc,9.0,Senior,SME,Tier-1,6.0,1.0,1.0,2.6,155281.0,65.0,2024-07-31,Contributed to open-source NLP repo,2024.0,7.0,2.0
34.0,Male,B.Sc,9.0,Mid,SME,Remote,4.0,0.0,0.0,2.0,113570.0,67.0,2024-09-18,Built ML pipeline for preprocessing,2024.0,9.0,1.0
28.0,Female,M.Sc,0.0,Mid,Startup,Tier-3,7.0,0.0,0.0,0.0,41993.0,60.6,2023-11-12,Worked on microservices deployment,2023.0,11.0,1.0
37.0,Male,M.Eng,15.0,Junior,SME,Tier-1,2.0,1.0,0.0,0.0,170949.0,72.0,2023-09-28,Built ML pipeline for preprocessing,2023.0,9.0,0.0
32.0,Male,B.Sc,4.0,Senior,Enterprise,Tier-2,2.0,0.6,0.0,2.0,144338.0,48.0,2024-12-26,No relevant project mentioned,2024.0,12.0,2.0
29.0,Female,B.Sc,8.0,Lead,Enterprise,Remote,4.0,1.0,1.0,4.0,159655.0,61.2,2024-03-05,Contributed to open-source NLP repo,2024.0,3.0,3.0
33.0,Female,B.Sc,9.0,Junior,SME,Tier-1,10.0,1.0,1.0,1.0,114316.0,51.0,2024-09-13,Contributed to open-source NLP repo,2024.0,9.0,0.0
21.0,Female,B.Sc+Cert,0.0,Junior,SME,Tier-3,9.0,1.0,1.0,0.0,44348.0,54.6,2023-07-02,Contributed to open-source NLP repo,2023.0,7.0,0.0
23.0,Male,B.Sc,1.0,Senior,SME,Tier-1,5.0,1.0,0.0,2.0,74340.0,64.0,2023-09-17,Built ML pipeline for preprocessing,2023.0,9.0,2.0
23.0,Male,M.Sc,0.0,Senior,SME,Tier-2,2.0,1.0,0.0,3.0,60050.0,70.0,2023-01-24,No relevant project mentioned,2023.0,1.0,2.0
31.0,Male,B.Sc,9.0,Mid,Enterprise,Remote,3.0,1.0,1.0,1.0,123306.0,62.0,2023-04-04,Experience in data cleaning and ETL,2023.0,4.0,1.0
40.0,Male,B.Sc,19.0,Senior,Startup,Tier-2,5.2,1.0,1.0,3.0,187245.0,43.0,2023-09-13,Built ML pipeline for preprocessing,2023.0,9.0,2.0
43.0,Male,B.Sc,19.0,Mid,Startup,Tier-2,6.0,2.0,0.0,0.0,169821.0,61.2,2023-08-02,Worked on microservices deployment,2023.0,8.0,1.0
34.0,Male,B.Sc,10.0,Junior,Enterprise,Remote,8.0,1.0,1.0,1.0,127638.0,60.0,2024-05-10,Contributed to open-source NLP repo,2024.0,5.0,0.0
33.0,Male,M.Sc,8.6,Mid,Startup,Tier-3,3.0,4.0,0.0,2.0,140282.0,63.0,2023-02-09,Worked on microservices deployment,2023.0,2.0,1.0
20.0,Other,B.Sc+Cert,0.0,Mid,Startup,Tier-2,4.0,0.0,0.0,4.0,40971.0,64.0,2024-04-07,Experience in data cleaning and ETL,2024.0,4.0,1.0
27.0,Male,B.Sc,2.0,Lead,SME,Tier-2,3.4,1.0,1.0,1.0,57671.0,83.0,2024-03-11,Built ML pipeline for preprocessing,2024.0,3.0,3.0
25.0,Male,M.Eng,2.0,Junior,Enterprise,Tier-2,5.0,1.0,1.0,1.0,62752.0,62.0,2024-07-02,Experience in data cleaning and ETL,2024.0,7.0,0.0
26.0,Male,B.Sc,0.0,Mid,SME,Tier-3,4.0,0.0,0.0,2.0,35353.0,58.0,2024-12-16,Worked on microservices deployment,2024.0,12.0,1.0
29.0,Male,B.Sc,6.0,Senior,SME,Remote,6.0,4.0,1.0,2.0,116127.0,46.0,2023-07-30,Worked on microservices deployment,2023.0,7.0,2.0
27.0,Male,B.Sc,4.0,Junior,Enterprise,Tier-3,5.0,0.0,1.0,2.0,58720.0,44.0,2023-05-03,Experience in data cleaning and ETL,2023.0,5.0,0.0
20.0,Female,B.Sc+Cert,0.0,Mid,Enterprise,Tier-3,7.0,1.0,0.0,1.0,47616.0,57.0,2024-04-03,Experience in data cleaning and ETL,2024.0,4.0,1.0
34.0,Female,M.Sc,9.0,Senior,Enterprise,Tier-1,4.0,0.0,1.0,3.0,174341.0,53.0,2023-10-13,No relevant project mentioned,2023.0,10.0,2.0
24.0,Female,M.Sc,5.0,Mid,Startup,Tier-3,5.0,0.0,0.0,4.0,82261.0,54.0,2023-10-03,Built ML pipeline for preprocessing,2023.0,10.0,1.0
31.0,Other,M.Eng,8.0,Mid,Startup,Tier-3,6.0,1.0,0.0,0.0,99036.0,53.6,2023-09-01,Built ML pipeline for preprocessing,2023.0,9.0,1.0
42.0,Male,M.Sc,19.0,Senior,SME,Tier-3,5.0,1.0,0.0,1.0,218277.0,66.0,2023-05-23,No relevant project mentioned,2023.0,5.0,2.0
24.0,Male,B.Sc+Cert,6.0,Junior,Startup,Tier-1,8.0,0.0,0.0,3.0,88243.0,54.0,2023-11-16,Built ML pipeline for preprocessing,2023.0,11.0,0.0
20.0,Male,M.Sc,0.0,Lead,Startup,Remote,3.8,3.0,0.0,3.0,78695.0,58.8,2024-01-10,Experience in data cleaning and ETL,2024.0,1.0,3.0
28.0,Male,B.Sc+Cert,3.0,Mid,Startup,Tier-1,3.0,1.0,0.0,4.0,74504.0,56.0,2024-03-08,Built ML pipeline for preprocessing,2024.0,3.0,1.0
37.0,Male,B.Sc,15.0,Mid,SME,Tier-1,2.0,2.0,1.0,3.0,319992.0,69.0,2024-08-01,Built ML pipeline for preprocessing,2024.0,8.0,1.0
42.0,Male,B.Sc,17.0,Mid,SME,Tier-2,5.0,0.0,0.0,2.2,189683.0,83.0,2023-05-02,No relevant project mentioned,2023.0,5.0,1.0
23.0,Male,B.Sc,1.0,Lead,Enterprise,Tier-2,6.0,0.0,0.0,2.0,79783.0,63.8,2023-08-23,Built ML pipeline for preprocessing,2023.0,8.0,3.0
33.0,Male,B.Sc,14.0,Junior,Startup,Tier-1,7.0,0.0,1.0,0.0,144420.0,90.0,2024-03-04,Contributed to open-source NLP repo,2024.0,3.0,0.0
27.0,Male,M.Sc,3.0,Junior,SME,Tier-3,4.2,2.0,0.0,0.0,59008.0,64.0,2023-05-06,Contributed to open-source NLP repo,2023.0,5.0,0.0
29.0,Male,B.Sc,7.0,Junior,Startup,Tier-1,4.8,1.0,0.0,6.0,88805.0,55.0,2024-06-27,No relevant project mentioned,2024.0,6.0,0.0
46.0,Male,M.Sc,24.0,Junior,SME,Tier-1,7.0,3.0,0.0,6.0,199189.0,60.0,2023-07-22,Built ML pipeline for preprocessing,2023.0,7.0,0.0
21.0,Male,B.Sc,0.0,Mid,SME,Tier-1,6.0,3.0,0.0,3.0,57360.0,62.0,2023-09-30,Experience in data cleaning and ETL,2023.0,9.0,1.0
32.0,Male,B.Sc,7.4,Lead,SME,Remote,11.0,2.0,0.0,1.0,118853.0,60.0,2023-06-23,Built ML pipeline for preprocessing,2023.0,6.0,3.0
33.0,Female,B.Sc,10.0,Senior,Enterprise,Tier-1,10.0,0.0,0.0,2.0,165591.0,62.0,2023-08-26,Built ML pipeline for preprocessing,2023.0,8.0,2.0
37.0,Male,B.Sc+Cert,17.0,Junior,Enterprise,Tier-1,7.0,3.0,0.0,3.0,200915.0,50.0,2024-04-06,Worked on microservices deployment,2024.0,4.0,0.0
31.0,Male,B.Sc,9.6,Mid,SME,Tier-2,10.0,1.0,0.0,2.0,129721.0,63.6,2023-04-20,Experience in data cleaning and ETL,2023.0,4.0,1.0
32.0,Female,B.Sc,4.0,Mid,Enterprise,Tier-2,4.0,1.0,0.0,3.0,72972.0,54.0,2024-02-16,Contributed to open-source NLP repo,2024.0,2.0,1.0
28.0,Male,M.Sc,6.0,Junior,SME,Tier-3,6.0,0.0,0.0,0.0,84808.0,44.0,2023-03-12,Contributed to open-source NLP repo,2023.0,3.0,0.0
32.0,Male,M.Sc,10.0,Senior,Enterprise,Remote,4.0,0.0,0.0,1.0,167035.0,76.0,2024-10-17,Experience in data cleaning and ETL,2024.0,10.0,2.0
28.0,Male,B.Sc,3.4,Senior,SME,Tier-3,8.0,1.0,1.0,1.6,94809.0,71.0,2024-12-18,No relevant project mentioned,2024.0,12.0,2.0
34.0,Male,B.Sc,10.0,Senior,SME,Tier-1,8.0,1.0,0.0,6.0,135932.0,77.0,2023-12-23,Worked on microservices deployment,2023.0,12.0,2.0
28.0,Female,B.Sc,4.0,Mid,Enterprise,Tier-2,6.0,1.0,0.0,5.0,84644.0,53.0,2024-02-27,Worked on microservices deployment,2024.0,2.0,1.0
32.0,Female,B.Sc+Cert,11.0,Mid,Startup,Tier-2,9.0,0.0,1.0,3.0,147513.0,60.0,2023-08-29,Experience in data cleaning and ETL,2023.0,8.0,1.0
30.0,Male,B.Sc,4.0,Junior,SME,Tier-1,2.0,0.0,1.0,0.0,69633.0,69.0,2024-08-25,Contributed to open-source NLP repo,2024.0,8.0,0.0
37.0,Male,B.Sc,12.0,Mid,Enterprise,Tier-1,4.0,1.0,0.0,1.0,173187.0,49.0,2024-10-31,Contributed to open-source NLP repo,2024.0,10.0,1.0
30.0,Male,B.Sc,10.0,Mid,Enterprise,Tier-2,2.0,0.8,0.0,0.0,136787.0,56.0,2024-12-19,Experience in data cleaning and ETL,2024.0,12.0,1.0
20.0,Male,B.Sc,0.0,Senior,Startup,Tier-1,5.0,1.0,1.0,2.0,48571.0,62.2,2024-07-22,Built ML pipeline for preprocessing,2024.0,7.0,2.0
38.0,Male,M.Sc,16.0,Senior,SME,Remote,10.0,2.0,1.0,1.0,198638.0,60.0,2024-07-21,No relevant project mentioned,2024.0,7.0,2.0
25.0,Male,B.Sc,2.0,Lead,Enterprise,Tier-3,8.0,2.0,0.0,2.0,69795.0,51.0,2024-11-09,No relevant project mentioned,2024.0,11.0,3.0
26.0,Male,B.Sc,6.0,Senior,Enterprise,Tier-1,2.0,1.0,0.0,7.0,136911.0,56.0,2023-05-07,No relevant project mentioned,2023.0,5.0,2.0
26.0,Male,B.Sc,4.0,Junior,SME,Tier-1,4.0,0.0,1.0,1.0,73283.0,63.0,2024-03-01,No relevant project mentioned,2024.0,3.0,0.0
38.0,Male,B.Sc,14.0,Mid,Enterprise,Remote,4.0,3.0,0.0,1.0,189263.0,60.8,2024-06-13,Worked on microservices deployment,2024.0,6.0,1.0
20.0,Male,B.Sc,0.0,Junior,Enterprise,Tier-1,2.0,1.0,1.0,0.0,195444.0,63.0,2023-03-16,No relevant project mentioned,2023.0,3.0,0.0
49.0,Male,M.Eng,23.0,Junior,Startup,Tier-3,4.6,2.0,0.0,2.0,242657.0,46.0,2023-10-05,Experience in data cleaning and ETL,2023.0,10.0,0.0
36.0,Female,M.Sc,12.0,Mid,Enterprise,Tier-2,5.6,1.0,1.0,2.0,171147.0,64.0,2024-05-08,Built ML pipeline for preprocessing,2024.0,5.0,1.0
31.0,Male,B.Sc+Cert,10.0,Mid,SME,Remote,4.0,0.0,1.0,3.0,129699.0,52.0,2024-01-23,Contributed to open-source NLP repo,2024.0,1.0,1.0
30.0,Male,B.Sc+Cert,4.0,Mid,SME,Tier-3,3.0,1.0,0.0,2.0,74924.0,52.8,2024-06-19,Built ML pipeline for preprocessing,2024.0,6.0,1.0
32.0,Female,M.Sc,10.0,Junior,SME,Tier-1,5.2,1.0,0.0,5.0,126364.0,61.0,2024-04-06,No relevant project mentioned,2024.0,4.0,0.0
33.0,Male,B.Sc,9.0,Junior,SME,Tier-1,4.2,1.0,0.0,1.0,134752.0,62.0,2023-11-04,No relevant project mentioned,2023.0,11.0,0.0
34.0,Male,M.Sc,14.0,Junior,Enterprise,Tier-2,1.0,1.0,0.0,2.0,139614.0,53.0,2024-08-01,No relevant project mentioned,2024.0,8.0,0.0
33.0,Male,M.Eng,10.0,Junior,SME,Remote,7.0,2.0,0.0,3.0,128323.0,62.6,2023-05-03,No relevant project mentioned,2023.0,5.0,0.0
31.0,Male,M.Sc,10.0,Junior,Enterprise,Tier-1,8.0,0.0,0.0,1.0,145363.0,35.0,2023-10-14,Built ML pipeline for preprocessing,2023.0,10.0,0.0
29.0,Male,B.Sc,9.0,Mid,Enterprise,Tier-2,3.0,0.0,0.0,1.0,111468.0,56.0,2023-02-22,Built ML pipeline for preprocessing,2023.0,2.0,1.0
29.0,Male,B.Sc,6.0,Senior,Enterprise,Tier-1,4.0,1.0,1.0,2.0,133276.0,61.0,2024-03-20,Built ML pipeline for preprocessing,2024.0,3.0,2.0
29.0,Male,M.Eng,5.0,Mid,SME,Remote,7.0,1.0,0.0,0.0,102056.0,56.0,2023-05-01,Built ML pipeline for preprocessing,2023.0,5.0,1.0
37.0,Female,M.Sc,15.0,Mid,Startup,Tier-3,6.0,0.0,1.0,5.0,164859.0,56.0,2024-11-28,Built ML pipeline for preprocessing,2024.0,11.0,1.0
34.0,Male,PhD,7.0,Junior,SME,Tier-1,8.0,2.0,1.0,0.0,117372.0,61.0,2024-02-23,Built ML pipeline for preprocessing,2024.0,2.0,0.0
20.0,Male,B.Sc,0.0,Lead,Enterprise,Tier-1,1.0,1.0,0.0,0.0,87829.0,77.0,2023-03-17,Worked on microservices deployment,2023.0,3.0,3.0
34.0,Female,B.Sc,7.0,Junior,Startup,Tier-1,8.0,0.0,0.0,0.4,93386.0,60.0,2023-03-25,Worked on microservices deployment,2023.0,3.0,0.0
31.0,Male,B.Sc,9.0,Senior,Enterprise,Tier-2,9.0,1.0,0.0,2.0,149118.0,53.0,2023-11-03,Built ML pipeline for preprocessing,2023.0,11.0,2.0
30.0,Female,M.Sc,6.0,Senior,Enterprise,Tier-2,4.0,0.0,0.0,1.8,144272.0,59.0,2024-03-20,Experience in data cleaning and ETL,2024.0,3.0,2.0
28.0,Male,B.Sc,4.0,Senior,Enterprise,Tier-1,6.4,0.0,1.0,1.0,94945.0,51.0,2024-10-20,No relevant project mentioned,2024.0,10.0,2.0
37.0,Female,B.Sc,14.0,Junior,SME,Remote,2.0,1.0,0.0,0.0,144092.0,62.2,2023-12-03,Worked on microservices deployment,2023.0,12.0,0.0
36.0,Male,PhD,9.0,Mid,SME,Tier-2,4.0,2.0,1.0,0.0,143627.0,74.0,2024-01-16,Built ML pipeline for preprocessing,2024.0,1.0,1.0
25.0,Female,B.Sc,5.0,Junior,Enterprise,Tier-3,4.0,0.0,1.0,0.0,76986.0,70.0,2024-05-31,No relevant project mentioned,2024.0,5.0,0.0
32.0,Female,M.Eng,8.2,Junior,SME,Tier-1,2.0,0.0,0.0,0.0,108063.0,70.0,2023-04-11,Built ML pipeline for preprocessing,2023.0,4.0,0.0
24.0,Male,B.Sc,6.0,Junior,Enterprise,Tier-1,7.0,0.0,0.0,3.0,92678.0,59.0,2023-04-10,Built ML pipeline for preprocessing,2023.0,4.0,0.0
22.0,Male,M.Eng,0.0,Senior,SME,Tier-2,7.0,0.0,0.0,2.0,68912.0,42.0,2023-06-22,Built ML pipeline for preprocessing,2023.0,6.0,2.0
26.0,Male,M.Sc,3.0,Senior,Enterprise,Tier-2,4.0,0.0,1.0,1.0,127213.0,51.0,2024-03-07,Contributed to open-source NLP repo,2024.0,3.0,2.0
35.0,Male,B.Sc+Cert,10.0,Junior,Enterprise,Tier-2,6.0,0.0,0.0,1.0,132818.0,59.0,2023-04-18,Experience in data cleaning and ETL,2023.0,4.0,0.0
36.0,Male,B.Sc+Cert,13.0,Mid,Startup,Remote,6.0,0.0,1.0,7.0,154154.0,37.0,2023-01-28,Built ML pipeline for preprocessing,2023.0,1.0,1.0
33.0,Male,B.Sc,14.0,Lead,Startup,Tier-2,3.0,1.0,1.0,3.0,132587.0,56.0,2023-09-22,Worked on microservices deployment,2023.0,9.0,3.0
34.0,Male,B.Sc,9.0,Mid,Enterprise,Tier-1,5.0,1.0,0.0,4.0,141884.0,76.0,2023-11-11,Built ML pipeline for preprocessing,2023.0,11.0,1.0
33.0,Male,B.Sc,6.0,Mid,Startup,Remote,11.0,2.0,0.0,0.0,88095.0,70.0,2023-02-07,Built ML pipeline for preprocessing,2023.0,2.0,1.0
26.0,Male,M.Sc,4.0,Mid,SME,Tier-2,7.0,1.0,0.0,0.0,89508.0,56.0,2024-08-27,Built ML pipeline for preprocessing,2024.0,8.0,1.0
33.0,Male,B.Sc+Cert,10.0,Senior,SME,Tier-1,6.0,2.0,0.0,3.0,152354.0,55.0,2023-06-02,Experience in data cleaning and ETL,2023.0,6.0,2.0
35.0,Male,B.Sc,14.0,Mid,Startup,Tier-1,1.0,2.0,0.0,0.0,145795.0,55.0,2023-11-24,Built ML pipeline for preprocessing,2023.0,11.0,1.0
35.0,Male,B.Sc,11.0,Senior,Startup,Tier-3,10.0,2.0,0.0,1.0,147627.0,62.4,2023-02-17,Built ML pipeline for preprocessing,2023.0,2.0,2.0
37.0,Male,B.Sc,13.0,Mid,Enterprise,Tier-3,6.0,1.0,0.0,0.0,130377.0,54.0,2024-10-03,No relevant project mentioned,2024.0,10.0,1.0
34.0,Male,M.Eng,10.0,Junior,SME,Tier-1,6.0,1.0,0.0,0.0,125789.0,67.0,2023-01-06,Worked on microservices deployment,2023.0,1.0,0.0
32.0,Male,B.Sc+Cert,9.0,Junior,SME,Tier-1,3.0,2.0,0.0,2.8,115946.0,59.0,2024-02-18,Contributed to open-source NLP repo,2024.0,2.0,0.0
36.0,Male,B.Sc,17.0,Junior,Enterprise,Tier-3,7.0,1.0,0.0,2.0,199330.0,84.0,2023-03-02,Built ML pipeline for preprocessing,2023.0,3.0,0.0
30.0,Male,B.Sc,5.0,Mid,Startup,Remote,6.0,0.0,1.0,3.0,88626.0,53.0,2024-03-10,Built ML pipeline for preprocessing,2024.0,3.0,1.0
25.0,Female,B.Sc,0.0,Junior,Startup,Tier-1,1.0,1.0,0.0,0.0,32276.0,64.0,2023-12-05,Worked on microservices deployment,2023.0,12.0,0.0
29.0,Male,M.Sc,2.0,Senior,Enterprise,Remote,5.0,1.0,0.0,1.0,103449.0,49.0,2023-09-26,Built ML pipeline for preprocessing,2023.0,9.0,2.0
26.0,Male,B.Sc,1.0,Mid,Enterprise,Tier-1,4.0,1.0,0.0,3.0,69299.0,54.0,2023-01-08,Contributed to open-source NLP repo,2023.0,1.0,1.0
