age,gender,education,experience_years,role_seniority,company_size,location_tier,skills_count,certifications,worked_remote,last_promotion_years_ago,salary_bdt,recent_project_description_length,survey_date,recent_note,survey_year,survey_month,role_seniority_encoded,survey_day,survey_quarter,survey_day_of_week,estimated_joining_date,joining_year,joining_month,joining_day,joining_quarter,joining_day_of_week,tenure_years,tenure_months,tenure_category
33,Male,M.Sc,6.0,Senior,Enterprise,Tier-2,1.0,2.0,1,0.0,145185,57.0,2024-11-15,Worked on microservices deployment,2024,11,2,15,4,Friday,2018-11-15 12:00:00,2018.0,11.0,15.0,4.0,Thursday,7.77,93,6-10 Years
29,Male,M.Sc,9.0,Junior,Enterprise,Remote,5.0,0.0,1,0.0,121262,50.0,2024-03-08,Built ML pipeline for preprocessing,2024,3,0,8,1,Friday,2015-03-08 18:00:00,2015.0,3.0,8.0,1.0,Sunday,11.46,138,11-20 Years
34,Male,B.Sc+Cert,,Lead,Enterprise,Remote,5.0,1.0,1,5.0,184875,50.0,2024-09-01,Experience in data cleaning and ETL,2024,9,3,1,3,Sunday,,,,,,,,,
39,Male,B.Sc,16.0,Mid,Enterprise,Tier-1,5.0,0.0,1,3.0,180105,59.0,2024-01-26,Contributed to open-source NLP repo,2024,1,1,26,1,Friday,2008-01-26 00:00:00,2008.0,1.0,26.0,1.0,Saturday,18.57,223,11-20 Years
29,Female,B.Sc,8.0,Junior,SME,Tier-1,5.0,2.0,0,7.0,114750,,2023-12-08,Built ML pipeline for preprocessing,2023,12,0,8,4,Friday,2015-12-08 00:00:00,2015.0,12.0,8.0,4.0,Tuesday,10.71,129,11-20 Years
29,Female,B.Sc+Cert,7.0,Junior,Startup,Tier-3,5.0,3.0,1,0.0,88150,81.0,2023-09-17,Contributed to open-source NLP repo,2023,9,0,17,3,Sunday,2016-09-16 06:00:00,2016.0,9.0,16.0,3.0,Friday,9.93,119,6-10 Years
39,Male,B.Sc,19.0,Mid,Enterprise,Tier-1,2.0,0.0,0,4.0,210347,62.0,2024-11-15,Built ML pipeline for preprocessing,2024,11,1,15,4,Friday,2005-11-15 06:00:00,2005.0,11.0,15.0,4.0,Tuesday,20.77,249,20+ Years
35,Female,M.Sc,10.0,Mid,Enterprise,Tier-1,6.0,0.0,1,3.0,168940,61.0,2023-06-23,,2023,6,1,23,2,Friday,2013-06-22 12:00:00,2013.0,6.0,22.0,2.0,Saturday,13.17,158,11-20 Years
27,Male,M.Sc,4.0,Junior,Enterprise,Tier-3,5.0,0.0,1,2.0,74069,,2024-12-24,Worked on microservices deployment,2024,12,0,24,4,Tuesday,2020-12-24 00:00:00,2020.0,12.0,24.0,4.0,Thursday,5.66,68,6-10 Years
33,Male,M.Sc,12.0,Junior,SME,Tier-2,7.0,0.0,0,1.0,117598,60.0,2023-07-14,Experience in data cleaning and ETL,2023,7,0,14,3,Friday,2011-07-14 00:00:00,2011.0,7.0,14.0,3.0,Thursday,15.11,181,11-20 Years
27,Male,B.Sc+Cert,7.0,Senior,SME,Tier-2,4.0,2.0,1,1.0,111207,65.0,2024-03-16,Worked on microservices deployment,2024,3,2,16,1,Saturday,2017-03-16 06:00:00,2017.0,3.0,16.0,1.0,Thursday,9.43,113,6-10 Years
27,Male,PhD,1.0,Junior,Startup,Tier-1,9.0,4.0,1,4.0,71583,,2023-09-29,Contributed to open-source NLP repo,2023,9,0,29,3,Friday,2022-09-28 18:00:00,2022.0,9.0,28.0,3.0,Wednesday,3.9,47,3-5 Years
31,Female,M.Sc,4.0,Senior,Enterprise,Tier-2,4.0,0.0,1,3.0,128319,76.0,2023-11-03,No relevant project mentioned,2023,11,2,3,4,Friday,2019-11-03 00:00:00,2019.0,11.0,3.0,4.0,Sunday,6.8,82,6-10 Years
20,Female,B.Sc,0.0,Mid,Startup,Tier-2,2.0,0.0,0,3.0,30883,43.0,2023-11-04,,2023,11,1,4,4,Saturday,2023-11-04 00:00:00,2023.0,11.0,4.0,4.0,Saturday,2.8,34,3-5 Years
20,Male,B.Sc+Cert,0.0,Mid,Startup,Tier-1,5.0,0.0,1,0.0,49709,60.0,2024-10-10,Built ML pipeline for preprocessing,2024,10,1,10,4,Thursday,2024-10-10 00:00:00,2024.0,10.0,10.0,4.0,Thursday,1.87,22,0-2 Years
27,Male,B.Sc,0.0,Junior,SME,Tier-1,5.0,0.0,1,,42206,58.0,2024-08-17,Experience in data cleaning and ETL,2024,8,0,17,3,Saturday,2024-08-17 00:00:00,2024.0,8.0,17.0,3.0,Saturday,2.02,24,3-5 Years
24,Male,,0.0,Junior,SME,Tier-2,6.0,4.0,0,6.0,42325,66.0,2024-07-09,Built ML pipeline for preprocessing,2024,7,0,9,3,Tuesday,2024-07-09 00:00:00,2024.0,7.0,9.0,3.0,Tuesday,2.12,25,3-5 Years
32,Male,B.Sc+Cert,10.0,Senior,Startup,Remote,5.0,0.0,1,1.0,122308,73.0,2023-07-26,Built ML pipeline for preprocessing,2023,7,2,26,3,Wednesday,2013-07-25 12:00:00,2013.0,7.0,25.0,3.0,Thursday,13.08,157,11-20 Years
25,Male,B.Sc,9.0,Junior,Enterprise,Remote,2.0,,1,4.0,110475,51.0,2023-04-27,No relevant project mentioned,2023,4,0,27,2,Thursday,2014-04-26 18:00:00,2014.0,4.0,26.0,2.0,Saturday,12.32,148,11-20 Years
22,Male,B.Sc,0.0,Junior,Enterprise,Tier-1,,1.0,1,1.0,59600,57.0,2023-01-05,Worked on microservices deployment,2023,1,0,5,1,Thursday,2023-01-05 00:00:00,2023.0,1.0,5.0,1.0,Thursday,3.63,44,3-5 Years
39,Female,B.Sc,21.0,Mid,SME,Tier-3,4.0,,0,3.0,201222,59.0,2024-05-13,Built ML pipeline for preprocessing,2024,5,1,13,2,Monday,2003-05-13 18:00:00,2003.0,5.0,13.0,2.0,Tuesday,23.28,279,20+ Years
29,Female,B.Sc+Cert,7.0,Junior,SME,Tier-3,6.0,0.0,1,0.0,89231,,2024-09-17,Built ML pipeline for preprocessing,2024,9,0,17,3,Tuesday,2017-09-17 06:00:00,2017.0,9.0,17.0,3.0,Sunday,8.93,107,6-10 Years
30,Male,B.Sc,8.0,Mid,Enterprise,Tier-3,6.0,1.0,1,0.0,111120,,2023-10-28,Built ML pipeline for preprocessing,2023,10,1,28,4,Saturday,2015-10-28 00:00:00,2015.0,10.0,28.0,4.0,Wednesday,10.82,130,11-20 Years
21,Female,M.Sc,0.0,Senior,Startup,Tier-2,5.0,0.0,1,1.0,60792,53.0,2024-02-29,Worked on microservices deployment,2024,2,2,29,1,Thursday,2024-02-29 00:00:00,2024.0,2.0,29.0,1.0,Thursday,2.48,30,3-5 Years
27,Male,B.Sc,10.0,Mid,Enterprise,Tier-1,6.0,2.0,0,2.0,138325,71.0,2023-03-31,Experience in data cleaning and ETL,2023,3,1,31,1,Friday,2013-03-30 12:00:00,2013.0,3.0,30.0,1.0,Saturday,13.4,161,11-20 Years
31,Male,M.Sc,7.0,Senior,Startup,Tier-3,4.0,0.0,0,1.0,101384,62.0,2023-01-28,Contributed to open-source NLP repo,2023,1,2,28,1,Saturday,2016-01-28 06:00:00,2016.0,1.0,28.0,1.0,Thursday,10.57,127,11-20 Years
23,Male,M.Sc,0.0,Senior,SME,Tier-1,9.0,1.0,0,3.0,72060,51.0,2024-06-27,Experience in data cleaning and ETL,2024,6,2,27,2,Thursday,2024-06-27 00:00:00,2024.0,6.0,27.0,2.0,Thursday,2.15,26,3-5 Years
32,Male,B.Sc,11.0,Junior,SME,Tier-1,4.0,0.0,1,2.0,112714,57.0,2023-08-05,No relevant project mentioned,2023,8,0,5,3,Saturday,2012-08-04 06:00:00,2012.0,8.0,4.0,3.0,Saturday,14.05,169,11-20 Years
26,Female,B.Sc,4.0,Mid,Enterprise,Tier-2,6.0,0.0,0,6.0,80467,77.0,2023-03-12,Worked on microservices deployment,2023,3,1,12,1,Sunday,2019-03-12 00:00:00,2019.0,3.0,12.0,1.0,Tuesday,7.45,89,6-10 Years
28,Male,B.Sc,4.0,Mid,Startup,Remote,7.0,0.0,0,0.0,66454,74.0,2023-01-30,Built ML pipeline for preprocessing,2023,1,1,30,1,Monday,2019-01-30 00:00:00,2019.0,1.0,30.0,1.0,Wednesday,7.56,91,6-10 Years
26,Male,,6.0,Mid,Startup,Tier-1,4.0,1.0,1,,250336,60.0,2023-09-13,,2023,9,1,13,3,Wednesday,2017-09-12 12:00:00,2017.0,9.0,12.0,3.0,Tuesday,8.94,107,6-10 Years
41,Male,M.Sc,19.0,Junior,SME,Tier-2,1.0,2.0,0,5.0,175155,57.0,2024-11-01,No relevant project mentioned,2024,11,0,1,4,Friday,2005-11-01 06:00:00,2005.0,11.0,1.0,4.0,Tuesday,20.8,250,20+ Years
30,Male,B.Sc+Cert,,Lead,SME,Tier-1,4.0,0.0,1,3.0,143629,51.0,2024-01-31,Contributed to open-source NLP repo,2024,1,3,31,1,Wednesday,,,,,,,,,
24,Female,B.Sc,2.0,Mid,SME,Remote,4.0,2.0,0,3.0,67896,72.0,2024-06-04,Built ML pipeline for preprocessing,2024,6,1,4,2,Tuesday,2022-06-04 12:00:00,2022.0,6.0,4.0,2.0,Saturday,4.22,51,3-5 Years
35,Male,M.Sc,,Mid,SME,Tier-2,,1.0,1,0.0,125584,,2023-11-19,Experience in data cleaning and ETL,2023,11,1,19,4,Sunday,,,,,,,,,
23,Male,M.Sc,0.0,Mid,SME,Tier-1,4.0,0.0,0,6.0,58900,64.0,2024-01-05,,2024,1,1,5,1,Friday,2024-01-05 00:00:00,2024.0,1.0,5.0,1.0,Friday,2.63,32,3-5 Years
31,Male,M.Sc,10.0,Mid,Startup,Tier-1,1.0,1.0,0,4.0,126449,69.0,2023-06-05,No relevant project mentioned,2023,6,1,5,2,Monday,2013-06-04 12:00:00,2013.0,6.0,4.0,2.0,Tuesday,13.22,159,11-20 Years
20,Male,B.Sc+Cert,0.0,Senior,Startup,Tier-2,3.0,1.0,0,3.0,48515,63.0,2023-08-02,Built ML pipeline for preprocessing,2023,8,2,2,3,Wednesday,2023-08-02 00:00:00,2023.0,8.0,2.0,3.0,Wednesday,3.06,37,3-5 Years
22,Male,B.Sc,0.0,Mid,SME,Tier-1,12.0,1.0,1,5.0,67152,47.0,2024-10-27,Built ML pipeline for preprocessing,2024,10,1,27,4,Sunday,2024-10-27 00:00:00,2024.0,10.0,27.0,4.0,Sunday,1.82,22,0-2 Years
31,Male,B.Sc,,Junior,SME,Tier-1,,0.0,0,2.0,146464,67.0,2023-03-24,No relevant project mentioned,2023,3,0,24,1,Friday,,,,,,,,,
34,Male,M.Sc,11.0,Junior,Startup,Tier-2,3.0,1.0,0,1.0,130072,62.0,2024-02-09,Contributed to open-source NLP repo,2024,2,0,9,1,Friday,2013-02-08 06:00:00,2013.0,2.0,8.0,1.0,Friday,13.53,162,11-20 Years
31,Female,M.Sc,9.0,Senior,Startup,Tier-2,5.0,1.0,1,2.0,138837,62.0,2024-09-04,Contributed to open-source NLP repo,2024,9,2,4,3,Wednesday,2015-09-04 18:00:00,2015.0,9.0,4.0,3.0,Friday,10.97,132,11-20 Years
29,Female,M.Sc,9.0,Mid,SME,Tier-3,4.0,0.0,0,4.0,116410,47.0,2023-01-10,Experience in data cleaning and ETL,2023,1,1,10,1,Tuesday,2014-01-09 18:00:00,2014.0,1.0,9.0,1.0,Thursday,12.62,151,11-20 Years
28,Female,B.Sc,4.0,Lead,Startup,Tier-1,6.0,1.0,1,3.0,106823,66.0,2023-10-07,Worked on microservices deployment,2023,10,3,7,4,Saturday,2019-10-07 00:00:00,2019.0,10.0,7.0,4.0,Monday,6.88,83,6-10 Years
21,Male,B.Sc,0.0,Junior,SME,Tier-2,5.0,1.0,1,2.0,36290,,2023-10-08,Worked on microservices deployment,2023,10,0,8,4,Sunday,2023-10-08 00:00:00,2023.0,10.0,8.0,4.0,Sunday,2.87,34,3-5 Years
26,Male,B.Sc,6.0,Junior,SME,Tier-2,3.0,3.0,0,0.0,87350,54.0,2024-11-22,Contributed to open-source NLP repo,2024,11,0,22,4,Friday,2018-11-22 12:00:00,2018.0,11.0,22.0,4.0,Thursday,7.75,93,6-10 Years
27,Male,B.Sc,7.0,Junior,Startup,Tier-1,8.0,1.0,1,4.0,96735,,2023-03-31,Contributed to open-source NLP repo,2023,3,0,31,1,Friday,2016-03-30 06:00:00,2016.0,3.0,30.0,1.0,Wednesday,10.4,125,11-20 Years
36,Female,M.Sc,13.0,Mid,Startup,Tier-2,5.0,0.0,0,2.0,155381,57.0,2023-05-09,Built ML pipeline for preprocessing,2023,5,1,9,2,Tuesday,2010-05-08 18:00:00,2010.0,5.0,8.0,2.0,Saturday,16.29,195,11-20 Years
32,Male,M.Sc,11.0,Mid,Enterprise,Tier-1,7.0,,0,0.0,179168,66.0,2023-11-05,Experience in data cleaning and ETL,2023,11,1,5,4,Sunday,2012-11-04 06:00:00,2012.0,11.0,4.0,4.0,Sunday,13.8,166,11-20 Years
20,Male,B.Sc,0.0,Junior,Enterprise,Tier-3,3.0,0.0,0,,31751,75.0,2024-04-29,Contributed to open-source NLP repo,2024,4,0,29,2,Monday,2024-04-29 00:00:00,2024.0,4.0,29.0,2.0,Monday,2.32,28,3-5 Years
32,Male,B.Sc,6.0,Mid,SME,Tier-2,10.0,0.0,1,7.0,92475,64.0,2023-04-17,Contributed to open-source NLP repo,2023,4,1,17,2,Monday,2017-04-16 12:00:00,2017.0,4.0,16.0,2.0,Sunday,9.35,112,6-10 Years
28,Male,B.Sc,0.0,Mid,SME,Tier-2,9.0,0.0,0,1.0,44801,,2024-05-19,Built ML pipeline for preprocessing,2024,5,1,19,2,Sunday,2024-05-19 00:00:00,2024.0,5.0,19.0,2.0,Sunday,2.26,27,3-5 Years
26,Male,B.Sc,1.0,Junior,Enterprise,Tier-1,7.0,0.0,0,0.0,63464,67.0,2023-10-10,Built ML pipeline for preprocessing,2023,10,0,10,4,Tuesday,2022-10-09 18:00:00,2022.0,10.0,9.0,4.0,Sunday,3.87,46,3-5 Years
34,Male,M.Sc,12.0,Mid,Enterprise,Tier-1,4.0,,1,0.0,150913,48.0,2023-04-17,Experience in data cleaning and ETL,2023,4,1,17,2,Monday,2011-04-17 00:00:00,2011.0,4.0,17.0,2.0,Sunday,15.35,184,11-20 Years
36,Female,,14.0,Mid,SME,Tier-2,,0.0,0,0.0,154466,64.0,2023-06-04,Contributed to open-source NLP repo,2023,6,1,4,2,Sunday,2009-06-03 12:00:00,2009.0,6.0,3.0,2.0,Wednesday,17.22,207,11-20 Years
36,Male,B.Sc,13.0,Junior,Startup,Tier-2,,0.0,1,0.0,143176,63.0,2023-08-20,No relevant project mentioned,2023,8,0,20,3,Sunday,2010-08-19 18:00:00,2010.0,8.0,19.0,3.0,Thursday,16.01,192,11-20 Years
25,Male,M.Sc,2.0,Junior,SME,Tier-1,6.0,2.0,0,5.0,73344,41.0,2024-03-24,Built ML pipeline for preprocessing,2024,3,0,24,1,Sunday,2022-03-24 12:00:00,2022.0,3.0,24.0,1.0,Thursday,4.41,53,3-5 Years
28,Male,B.Sc+Cert,6.0,Junior,SME,Tier-1,7.0,1.0,0,0.0,111147,,2024-01-15,Worked on microservices deployment,2024,1,0,15,1,Monday,2018-01-14 12:00:00,2018.0,1.0,14.0,1.0,Sunday,8.6,103,6-10 Years
32,Male,M.Eng,10.0,Mid,SME,Tier-1,6.0,1.0,1,5.0,131675,,2023-11-29,Built ML pipeline for preprocessing,2023,11,1,29,4,Wednesday,2013-11-28 12:00:00,2013.0,11.0,28.0,4.0,Thursday,12.73,153,11-20 Years
36,Male,B.Sc,11.0,Senior,SME,Tier-2,8.0,1.0,0,0.0,392397,66.0,2024-08-18,Built ML pipeline for preprocessing,2024,8,2,18,3,Sunday,2013-08-18 06:00:00,2013.0,8.0,18.0,3.0,Sunday,13.01,156,11-20 Years
27,Female,B.Sc+Cert,6.0,Mid,Enterprise,Tier-1,3.0,0.0,1,5.0,116332,59.0,2023-03-17,,2023,3,1,17,1,Friday,2017-03-16 12:00:00,2017.0,3.0,16.0,1.0,Thursday,9.43,113,6-10 Years
29,Male,B.Sc,5.0,Junior,SME,Tier-2,4.0,0.0,1,1.0,79732,70.0,2023-09-18,Worked on microservices deployment,2023,9,0,18,3,Monday,2018-09-17 18:00:00,2018.0,9.0,17.0,3.0,Monday,7.93,95,6-10 Years
23,Female,B.Sc,0.0,Senior,Startup,Tier-1,3.0,1.0,0,2.0,53444,66.0,2023-12-03,Built ML pipeline for preprocessing,2023,12,2,3,4,Sunday,2023-12-03 00:00:00,2023.0,12.0,3.0,4.0,Sunday,2.72,33,3-5 Years
23,Male,,3.0,Lead,Startup,Tier-2,7.0,0.0,0,0.0,89320,52.0,2023-08-18,Worked on microservices deployment,2023,8,3,18,3,Friday,2020-08-17 06:00:00,2020.0,8.0,17.0,3.0,Monday,6.01,72,6-10 Years
35,Male,B.Sc,9.0,Mid,SME,Tier-1,6.0,0.0,0,1.0,117205,67.0,2023-08-09,Contributed to open-source NLP repo,2023,8,1,9,3,Wednesday,2014-08-08 18:00:00,2014.0,8.0,8.0,3.0,Friday,12.04,144,11-20 Years
38,Female,B.Sc,16.0,Lead,Startup,Tier-2,7.0,1.0,1,0.0,185657,,2024-11-23,Experience in data cleaning and ETL,2024,11,3,23,4,Saturday,2008-11-23 00:00:00,2008.0,11.0,23.0,4.0,Sunday,17.75,213,11-20 Years
30,Male,B.Sc,11.0,Mid,SME,Tier-1,,1.0,0,2.0,148203,68.0,2024-02-02,Built ML pipeline for preprocessing,2024,2,1,2,1,Friday,2013-02-01 06:00:00,2013.0,2.0,1.0,1.0,Friday,13.55,163,11-20 Years
36,Male,,14.0,Mid,SME,Tier-1,4.0,1.0,0,1.0,157882,72.0,2024-12-14,Worked on microservices deployment,2024,12,1,14,4,Saturday,2010-12-14 12:00:00,2010.0,12.0,14.0,4.0,Tuesday,15.69,188,11-20 Years
32,Male,M.Eng,7.0,Mid,SME,Tier-2,,1.0,1,5.0,121826,59.0,2024-02-16,Contributed to open-source NLP repo,2024,2,1,16,1,Friday,2017-02-15 06:00:00,2017.0,2.0,15.0,1.0,Wednesday,9.51,114,6-10 Years
26,Male,B.Sc+Cert,1.0,Mid,Enterprise,Tier-1,5.0,3.0,0,0.0,84510,75.0,2024-09-21,Contributed to open-source NLP repo,2024,9,1,21,3,Saturday,2023-09-21 18:00:00,2023.0,9.0,21.0,3.0,Thursday,2.92,35,3-5 Years
32,Female,B.Sc,6.0,Junior,SME,Tier-1,3.0,2.0,0,1.0,86229,47.0,2024-09-20,Contributed to open-source NLP repo,2024,9,0,20,3,Friday,2018-09-20 12:00:00,2018.0,9.0,20.0,3.0,Thursday,7.92,95,6-10 Years
39,Male,B.Sc+Cert,20.0,Senior,Startup,Tier-3,4.0,0.0,1,0.0,206288,49.0,2024-02-05,Built ML pipeline for preprocessing,2024,2,2,5,1,Monday,2004-02-05 00:00:00,2004.0,2.0,5.0,1.0,Thursday,22.55,271,20+ Years
30,Female,B.Sc+Cert,9.0,Senior,Startup,Remote,6.0,,0,2.0,123057,50.0,2024-12-09,Experience in data cleaning and ETL,2024,12,2,9,4,Monday,2015-12-09 18:00:00,2015.0,12.0,9.0,4.0,Wednesday,10.7,128,11-20 Years
39,Female,M.Sc,16.0,Mid,SME,Tier-1,10.0,0.0,0,0.0,182737,,2024-12-06,Experience in data cleaning and ETL,2024,12,1,6,4,Friday,2008-12-06 00:00:00,2008.0,12.0,6.0,4.0,Saturday,17.71,213,11-20 Years
20,Male,B.Sc,,Junior,Startup,Tier-3,5.0,3.0,0,0.0,29061,79.0,2024-05-12,,2024,5,0,12,2,Sunday,,,,,,,,,
35,Female,M.Sc,10.0,Junior,SME,Tier-2,2.0,0.0,1,3.0,118001,60.0,2024-09-07,Contributed to open-source NLP repo,2024,9,0,7,3,Saturday,2014-09-07 12:00:00,2014.0,9.0,7.0,3.0,Sunday,11.96,144,11-20 Years
31,Male,B.Sc+Cert,6.0,Junior,Startup,Tier-1,7.0,1.0,0,0.0,89997,53.0,2023-06-23,Worked on microservices deployment,2023,6,0,23,2,Friday,2017-06-22 12:00:00,2017.0,6.0,22.0,2.0,Thursday,9.17,110,6-10 Years
28,Female,M.Sc,5.0,Junior,SME,Remote,3.0,,0,3.0,85847,59.0,2023-10-28,Built ML pipeline for preprocessing,2023,10,0,28,4,Saturday,2018-10-27 18:00:00,2018.0,10.0,27.0,4.0,Saturday,7.82,94,6-10 Years
31,Male,B.Sc,11.0,Mid,Enterprise,Tier-3,3.0,0.0,0,0.0,108911,,2023-04-13,Built ML pipeline for preprocessing,2023,4,1,13,2,Thursday,2012-04-12 06:00:00,2012.0,4.0,12.0,2.0,Thursday,14.36,172,11-20 Years
20,Male,B.Sc,1.0,Senior,Startup,Remote,6.0,1.0,1,2.0,67670,69.0,2024-06-04,Worked on microservices deployment,2024,6,2,4,2,Tuesday,2023-06-04 18:00:00,2023.0,6.0,4.0,2.0,Sunday,3.22,39,3-5 Years
29,Male,M.Sc,7.0,Junior,SME,Tier-1,6.0,0.0,0,7.0,92325,58.0,2023-06-13,No relevant project mentioned,2023,6,0,13,2,Tuesday,2016-06-12 06:00:00,2016.0,6.0,12.0,2.0,Sunday,10.19,122,11-20 Years
32,Male,B.Sc,,Junior,SME,Tier-1,6.0,7.0,0,,128716,53.0,2023-01-05,Experience in data cleaning and ETL,2023,1,0,5,1,Thursday,,,,,,,,,
39,Male,B.Sc,15.0,Mid,Enterprise,Tier-2,3.0,0.0,0,1.0,156630,,2024-08-23,Experience in data cleaning and ETL,2024,8,1,23,3,Friday,2009-08-23 06:00:00,2009.0,8.0,23.0,3.0,Sunday,17.0,204,11-20 Years
27,Female,B.Sc,4.0,Junior,SME,Tier-2,7.0,0.0,0,5.0,67580,47.0,2023-06-27,No relevant project mentioned,2023,6,0,27,2,Tuesday,2019-06-27 00:00:00,2019.0,6.0,27.0,2.0,Thursday,7.16,86,6-10 Years
25,Male,M.Eng,2.0,Senior,SME,Tier-1,,1.0,1,2.0,109316,61.0,2023-01-27,No relevant project mentioned,2023,1,2,27,1,Friday,2021-01-26 12:00:00,2021.0,1.0,26.0,1.0,Tuesday,5.57,67,6-10 Years
27,Male,B.Sc+Cert,5.0,Junior,Enterprise,Remote,9.0,1.0,1,2.0,99750,49.0,2024-11-17,Contributed to open-source NLP repo,2024,11,0,17,4,Sunday,2019-11-17 18:00:00,2019.0,11.0,17.0,4.0,Sunday,6.76,81,6-10 Years
35,Female,B.Sc,14.0,Junior,SME,Tier-2,6.0,0.0,0,2.0,151662,58.0,2023-06-10,,2023,6,0,10,2,Saturday,2009-06-09 12:00:00,2009.0,6.0,9.0,2.0,Tuesday,17.2,206,11-20 Years
32,Male,B.Sc+Cert,8.0,Junior,SME,Tier-2,3.0,0.0,0,1.0,104664,54.0,2023-04-25,,2023,4,0,25,2,Tuesday,2015-04-25 00:00:00,2015.0,4.0,25.0,2.0,Saturday,11.33,136,11-20 Years
27,Female,B.Sc,7.0,Junior,Startup,Tier-2,3.0,1.0,0,,88771,77.0,2024-01-13,Worked on microservices deployment,2024,1,0,13,1,Saturday,2017-01-12 06:00:00,2017.0,1.0,12.0,1.0,Thursday,9.61,115,6-10 Years
33,Female,M.Sc,10.0,Mid,Enterprise,Tier-2,4.0,0.0,0,3.0,141035,57.0,2023-04-07,Contributed to open-source NLP repo,2023,4,1,7,2,Friday,2013-04-06 12:00:00,2013.0,4.0,6.0,2.0,Saturday,13.38,161,11-20 Years
31,Female,M.Sc,4.0,Junior,Enterprise,Tier-1,8.0,1.0,1,2.0,108836,63.0,2024-11-08,,2024,11,0,8,4,Friday,2020-11-08 00:00:00,2020.0,11.0,8.0,4.0,Sunday,5.79,69,6-10 Years
36,Female,M.Eng,,Mid,Enterprise,Remote,4.0,0.0,0,6.0,152156,55.0,2023-05-16,Contributed to open-source NLP repo,2023,5,1,16,2,Tuesday,,,,,,,,,
26,Male,B.Sc+Cert,0.0,Mid,Enterprise,Tier-1,5.0,1.0,0,2.0,77212,61.0,2024-01-23,,2024,1,1,23,1,Tuesday,2024-01-23 00:00:00,2024.0,1.0,23.0,1.0,Tuesday,2.58,31,3-5 Years
28,Male,B.Sc,4.0,Junior,Enterprise,Tier-1,10.0,0.0,0,2.0,81911,55.0,2023-06-13,Contributed to open-source NLP repo,2023,6,0,13,2,Tuesday,2019-06-13 00:00:00,2019.0,6.0,13.0,2.0,Thursday,7.2,86,6-10 Years
28,Female,B.Sc+Cert,3.0,Junior,SME,Remote,7.0,1.0,1,7.0,67754,64.0,2024-02-19,Worked on microservices deployment,2024,2,0,19,1,Monday,2021-02-18 06:00:00,2021.0,2.0,18.0,1.0,Thursday,5.51,66,6-10 Years
21,Male,B.Sc,0.0,Mid,Enterprise,Remote,5.0,0.0,1,0.0,49356,48.0,2024-12-14,,2024,12,1,14,4,Saturday,2024-12-14 00:00:00,2024.0,12.0,14.0,4.0,Saturday,1.69,20,0-2 Years
32,Male,M.Sc,8.0,Mid,SME,Tier-3,5.0,2.0,0,0.0,104601,57.0,2024-11-11,Built ML pipeline for preprocessing,2024,11,1,11,4,Monday,2016-11-11 00:00:00,2016.0,11.0,11.0,4.0,Friday,9.78,117,6-10 Years
32,Male,M.Sc,11.0,Senior,SME,Remote,3.0,2.0,0,0.0,158441,66.0,2023-05-16,,2023,5,2,16,2,Tuesday,2012-05-15 06:00:00,2012.0,5.0,15.0,2.0,Tuesday,14.27,171,11-20 Years
30,Female,M.Sc,9.0,Junior,SME,Tier-2,6.0,2.0,1,7.0,117894,61.0,2023-06-07,,2023,6,0,7,2,Wednesday,2014-06-06 18:00:00,2014.0,6.0,6.0,2.0,Friday,12.21,147,11-20 Years
29,Male,B.Sc,7.0,Junior,SME,Remote,4.0,1.0,0,3.0,105294,,2024-02-02,Experience in data cleaning and ETL,2024,2,0,2,1,Friday,2017-02-01 06:00:00,2017.0,2.0,1.0,1.0,Wednesday,9.55,115,6-10 Years
22,Male,B.Sc+Cert,2.0,Junior,Enterprise,Tier-1,,2.0,0,1.0,74323,,2024-01-01,,2024,1,0,1,1,Monday,2021-12-31 12:00:00,2021.0,12.0,31.0,4.0,Friday,4.64,56,3-5 Years
27,Male,B.Sc,8.0,Mid,SME,Tier-3,1.0,3.0,1,0.0,109963,54.0,2023-10-29,Worked on microservices deployment,2023,10,1,29,4,Sunday,2015-10-29 00:00:00,2015.0,10.0,29.0,4.0,Thursday,10.82,130,11-20 Years
28,Male,B.Sc,5.0,Mid,Startup,Tier-2,8.0,0.0,0,,78201,55.0,2023-12-15,Worked on microservices deployment,2023,12,1,15,4,Friday,2018-12-14 18:00:00,2018.0,12.0,14.0,4.0,Friday,7.69,92,6-10 Years
25,Male,M.Sc,3.0,Senior,Startup,Tier-1,1.0,1.0,0,0.0,84084,74.0,2024-01-29,No relevant project mentioned,2024,1,2,29,1,Monday,2021-01-28 06:00:00,2021.0,1.0,28.0,1.0,Thursday,5.56,67,6-10 Years
29,Male,B.Sc,5.0,Mid,Enterprise,Tier-2,4.0,2.0,1,5.0,111207,56.0,2023-11-20,Experience in data cleaning and ETL,2023,11,1,20,4,Monday,2018-11-19 18:00:00,2018.0,11.0,19.0,4.0,Monday,7.76,93,6-10 Years
32,Male,M.Eng,8.0,Junior,SME,Tier-2,7.0,0.0,0,3.0,107168,62.0,2023-02-19,Contributed to open-source NLP repo,2023,2,0,19,1,Sunday,2015-02-19 00:00:00,2015.0,2.0,19.0,1.0,Thursday,11.51,138,11-20 Years
41,Female,B.Sc,21.0,Mid,SME,Tier-2,7.0,1.0,1,6.0,226842,48.0,2023-11-20,Built ML pipeline for preprocessing,2023,11,1,20,4,Monday,2002-11-19 18:00:00,2002.0,11.0,19.0,4.0,Tuesday,23.76,285,20+ Years
31,Male,B.Sc,,Senior,SME,Tier-1,7.0,1.0,0,1.0,128944,50.0,2024-05-28,Built ML pipeline for preprocessing,2024,5,2,28,2,Tuesday,,,,,,,,,
32,Female,M.Eng,7.0,Junior,SME,Tier-3,2.0,0.0,1,2.0,82079,55.0,2024-04-07,No relevant project mentioned,2024,4,0,7,2,Sunday,2017-04-07 06:00:00,2017.0,4.0,7.0,2.0,Friday,9.37,112,6-10 Years
30,Female,B.Sc,3.0,Mid,Startup,Tier-1,7.0,1.0,0,,79272,59.0,2023-03-16,Contributed to open-source NLP repo,2023,3,1,16,1,Thursday,2020-03-15 06:00:00,2020.0,3.0,15.0,1.0,Sunday,6.44,77,6-10 Years
20,Male,B.Sc,0.0,Lead,SME,Tier-2,3.0,1.0,1,5.0,68987,45.0,2024-05-15,Worked on microservices deployment,2024,5,3,15,2,Wednesday,2024-05-15 00:00:00,2024.0,5.0,15.0,2.0,Wednesday,2.27,27,3-5 Years
30,Male,M.Sc,8.0,Mid,Enterprise,Remote,6.0,3.0,0,7.0,138073,64.0,2024-12-27,Contributed to open-source NLP repo,2024,12,1,27,4,Friday,2016-12-27 00:00:00,2016.0,12.0,27.0,4.0,Tuesday,9.65,116,6-10 Years
30,Male,B.Sc,6.0,Mid,SME,Tier-2,4.0,0.0,0,6.0,85805,49.0,2023-07-07,Built ML pipeline for preprocessing,2023,7,1,7,3,Friday,2017-07-06 12:00:00,2017.0,7.0,6.0,3.0,Thursday,9.13,110,6-10 Years
45,Female,M.Sc,22.0,Junior,SME,Tier-1,,1.0,0,2.0,205524,57.0,2023-05-09,Experience in data cleaning and ETL,2023,5,0,9,2,Tuesday,2001-05-08 12:00:00,2001.0,5.0,8.0,2.0,Tuesday,25.29,303,20+ Years
29,Male,B.Sc,7.0,Mid,Startup,Tier-1,2.0,3.0,1,0.0,99141,53.0,2024-05-07,,2024,5,1,7,2,Tuesday,2017-05-07 06:00:00,2017.0,5.0,7.0,2.0,Sunday,9.29,111,6-10 Years
32,Male,M.Eng,10.0,Junior,SME,Tier-2,3.0,1.0,0,2.0,125369,47.0,2023-04-07,No relevant project mentioned,2023,4,0,7,2,Friday,2013-04-06 12:00:00,2013.0,4.0,6.0,2.0,Saturday,13.38,161,11-20 Years
30,Male,M.Eng,9.0,Mid,Startup,Remote,1.0,1.0,1,0.0,122521,49.0,2023-12-31,Built ML pipeline for preprocessing,2023,12,1,31,4,Sunday,2014-12-30 18:00:00,2014.0,12.0,30.0,4.0,Tuesday,11.64,140,11-20 Years
23,Male,M.Sc,0.0,Junior,SME,Remote,8.0,2.0,0,0.0,55768,,2024-05-15,,2024,5,0,15,2,Wednesday,2024-05-15 00:00:00,2024.0,5.0,15.0,2.0,Wednesday,2.27,27,3-5 Years
37,Male,B.Sc,,Senior,SME,Tier-3,,2.0,1,0.0,107524,65.0,2023-06-14,Experience in data cleaning and ETL,2023,6,2,14,2,Wednesday,,,,,,,,,
35,Male,M.Eng,10.0,Senior,Enterprise,Tier-1,5.0,0.0,0,1.0,184933,,2023-06-26,Built ML pipeline for preprocessing,2023,6,2,26,2,Monday,2013-06-25 12:00:00,2013.0,6.0,25.0,2.0,Tuesday,13.16,158,11-20 Years
35,Female,,10.0,Mid,SME,Tier-1,6.0,0.0,0,2.0,152967,53.0,2024-09-20,Contributed to open-source NLP repo,2024,9,1,20,3,Friday,2014-09-20 12:00:00,2014.0,9.0,20.0,3.0,Saturday,11.92,143,11-20 Years
25,Male,M.Sc,4.0,Junior,SME,Tier-1,1.0,0.0,0,1.0,63311,,2024-12-22,Contributed to open-source NLP repo,2024,12,0,22,4,Sunday,2020-12-22 00:00:00,2020.0,12.0,22.0,4.0,Tuesday,5.67,68,6-10 Years
38,Male,B.Sc,13.0,Junior,SME,Tier-1,4.0,1.0,0,,132455,74.0,2023-09-30,Experience in data cleaning and ETL,2023,9,0,30,3,Saturday,2010-09-29 18:00:00,2010.0,9.0,29.0,3.0,Wednesday,15.9,191,11-20 Years
22,Male,B.Sc+Cert,0.0,Senior,SME,Tier-1,,1.0,0,0.0,58393,,2023-11-23,Worked on microservices deployment,2023,11,2,23,4,Thursday,2023-11-23 00:00:00,2023.0,11.0,23.0,4.0,Thursday,2.75,33,3-5 Years
34,Female,M.Sc,8.0,Mid,Startup,Tier-1,1.0,3.0,1,2.0,134124,62.0,2024-02-03,No relevant project mentioned,2024,2,1,3,1,Saturday,2016-02-03 00:00:00,2016.0,2.0,3.0,1.0,Wednesday,10.55,127,11-20 Years
43,Male,B.Sc,17.0,Mid,SME,Tier-2,5.0,0.0,0,3.0,177337,36.0,2024-07-16,Contributed to open-source NLP repo,2024,7,1,16,3,Tuesday,2007-07-16 18:00:00,2007.0,7.0,16.0,3.0,Monday,19.1,229,11-20 Years
24,Female,B.Sc,0.0,Junior,Enterprise,Tier-1,1.0,0.0,1,0.0,46722,62.0,2024-02-15,Worked on microservices deployment,2024,2,0,15,1,Thursday,2024-02-15 00:00:00,2024.0,2.0,15.0,1.0,Thursday,2.52,30,3-5 Years
27,Male,,10.0,Mid,Startup,Tier-2,4.0,1.0,0,4.0,128993,,2023-03-05,,2023,3,1,5,1,Sunday,2013-03-04 12:00:00,2013.0,3.0,4.0,1.0,Monday,13.47,162,11-20 Years
31,Male,B.Sc,7.0,Mid,SME,Remote,7.0,,0,2.0,102483,56.0,2024-03-22,No relevant project mentioned,2024,3,1,22,1,Friday,2017-03-22 06:00:00,2017.0,3.0,22.0,1.0,Wednesday,9.42,113,6-10 Years
27,Male,B.Sc+Cert,5.0,Mid,Enterprise,Tier-2,4.0,3.0,1,2.0,95740,53.0,2023-12-07,Worked on microservices deployment,2023,12,1,7,4,Thursday,2018-12-06 18:00:00,2018.0,12.0,6.0,4.0,Thursday,7.71,93,6-10 Years
21,Male,M.Sc,0.0,Mid,SME,Tier-3,4.0,0.0,0,2.0,41870,56.0,2023-08-17,No relevant project mentioned,2023,8,1,17,3,Thursday,2023-08-17 00:00:00,2023.0,8.0,17.0,3.0,Thursday,3.02,36,3-5 Years
30,Male,M.Sc,10.0,Senior,Enterprise,Tier-3,4.0,1.0,1,2.0,154614,57.0,2024-05-19,Worked on microservices deployment,2024,5,2,19,2,Sunday,2014-05-19 12:00:00,2014.0,5.0,19.0,2.0,Monday,12.26,147,11-20 Years
24,Male,B.Sc,3.0,Junior,SME,Tier-1,1.0,2.0,0,0.0,57119,57.0,2024-09-20,Contributed to open-source NLP repo,2024,9,0,20,3,Friday,2021-09-20 06:00:00,2021.0,9.0,20.0,3.0,Monday,4.92,59,3-5 Years
33,Female,B.Sc,,Junior,SME,Tier-1,6.0,1.0,0,3.0,138188,60.0,2023-09-07,,2023,9,0,7,3,Thursday,,,,,,,,,
24,Male,B.Sc+Cert,1.0,Mid,SME,Tier-1,,3.0,0,,55705,60.0,2023-03-11,No relevant project mentioned,2023,3,1,11,1,Saturday,2022-03-10 18:00:00,2022.0,3.0,10.0,1.0,Thursday,4.45,53,3-5 Years
39,Male,B.Sc,18.0,Junior,Enterprise,Tier-1,4.0,1.0,0,0.0,197835,81.0,2024-05-26,Worked on microservices deployment,2024,5,0,26,2,Sunday,2006-05-26 12:00:00,2006.0,5.0,26.0,2.0,Friday,20.24,243,20+ Years
25,Male,,5.0,Senior,Enterprise,Tier-2,5.0,3.0,0,3.0,141658,57.0,2023-12-11,Contributed to open-source NLP repo,2023,12,2,11,4,Monday,2018-12-10 18:00:00,2018.0,12.0,10.0,4.0,Monday,7.7,92,6-10 Years
28,Male,B.Sc,4.0,Mid,Startup,Remote,8.0,0.0,0,3.0,74818,49.0,2024-06-30,,2024,6,1,30,2,Sunday,2020-06-30 00:00:00,2020.0,6.0,30.0,2.0,Tuesday,6.15,74,6-10 Years
35,Male,B.Sc,11.0,Senior,SME,Remote,3.0,0.0,0,0.0,119158,63.0,2023-09-30,No relevant project mentioned,2023,9,2,30,3,Saturday,2012-09-29 06:00:00,2012.0,9.0,29.0,3.0,Saturday,13.89,167,11-20 Years
23,Male,B.Sc,0.0,Mid,Startup,Tier-1,4.0,0.0,0,4.0,46100,,2024-07-09,Worked on microservices deployment,2024,7,1,9,3,Tuesday,2024-07-09 00:00:00,2024.0,7.0,9.0,3.0,Tuesday,2.12,25,3-5 Years
31,Male,B.Sc,8.0,Junior,Startup,Remote,2.0,1.0,1,1.0,92689,51.0,2023-12-11,,2023,12,0,11,4,Monday,2015-12-11 00:00:00,2015.0,12.0,11.0,4.0,Friday,10.7,128,11-20 Years
38,Male,PhD,14.0,Junior,SME,Tier-1,3.0,1.0,0,0.0,182065,50.0,2024-04-04,Experience in data cleaning and ETL,2024,4,0,4,2,Thursday,2010-04-04 12:00:00,2010.0,4.0,4.0,2.0,Sunday,16.38,197,11-20 Years
20,Male,B.Sc,0.0,Senior,SME,Tier-3,2.0,1.0,1,3.0,45599,50.0,2023-04-17,Built ML pipeline for preprocessing,2023,4,2,17,2,Monday,2023-04-17 00:00:00,2023.0,4.0,17.0,2.0,Monday,3.35,40,3-5 Years
31,Male,B.Sc,,Junior,Startup,Tier-1,6.0,1.0,0,2.0,101069,75.0,2024-05-02,No relevant project mentioned,2024,5,0,2,2,Thursday,,,,,,,,,
32,Male,B.Sc,9.0,Mid,Startup,Tier-1,5.0,,1,0.0,99733,65.0,2023-02-13,Built ML pipeline for preprocessing,2023,2,1,13,1,Monday,2014-02-12 18:00:00,2014.0,2.0,12.0,1.0,Wednesday,12.52,150,11-20 Years
35,Male,B.Sc,8.0,Senior,SME,Tier-1,2.0,0.0,0,5.0,127541,57.0,2024-05-16,No relevant project mentioned,2024,5,2,16,2,Thursday,2016-05-16 00:00:00,2016.0,5.0,16.0,2.0,Monday,10.27,123,11-20 Years
23,Female,B.Sc,0.0,Junior,Enterprise,Remote,1.0,1.0,0,5.0,43103,63.0,2024-02-29,No relevant project mentioned,2024,2,0,29,1,Thursday,2024-02-29 00:00:00,2024.0,2.0,29.0,1.0,Thursday,2.48,30,3-5 Years
22,Male,B.Sc+Cert,1.0,Junior,Enterprise,Tier-1,4.0,3.0,0,4.0,56675,68.0,2023-02-18,,2023,2,0,18,1,Saturday,2022-02-17 18:00:00,2022.0,2.0,17.0,1.0,Thursday,4.51,54,3-5 Years
33,Male,B.Sc,10.0,Mid,Startup,Tier-1,4.0,0.0,0,1.0,137437,79.0,2023-03-01,Worked on microservices deployment,2023,3,1,1,1,Wednesday,2013-02-28 12:00:00,2013.0,2.0,28.0,1.0,Thursday,13.48,162,11-20 Years
32,Male,B.Sc,9.0,Senior,Enterprise,Remote,8.0,1.0,1,4.0,145705,,2023-09-15,Experience in data cleaning and ETL,2023,9,2,15,3,Friday,2014-09-14 18:00:00,2014.0,9.0,14.0,3.0,Sunday,11.94,143,11-20 Years
32,Female,B.Sc,10.0,Junior,SME,Remote,4.0,0.0,0,4.0,131482,58.0,2024-07-30,No relevant project mentioned,2024,7,0,30,3,Tuesday,2014-07-30 12:00:00,2014.0,7.0,30.0,3.0,Wednesday,12.06,145,11-20 Years
32,Female,PhD,10.0,Senior,Enterprise,Tier-1,,0.0,1,7.0,211557,54.0,2023-04-24,No relevant project mentioned,2023,4,2,24,2,Monday,2013-04-23 12:00:00,2013.0,4.0,23.0,2.0,Tuesday,13.33,160,11-20 Years
26,Male,B.Sc,,Mid,SME,Tier-3,6.0,1.0,1,6.0,48371,48.0,2023-12-15,Built ML pipeline for preprocessing,2023,12,1,15,4,Friday,,,,,,,,,
31,Female,B.Sc,11.0,Lead,SME,Tier-1,4.0,2.0,0,1.0,172151,57.0,2024-02-02,Contributed to open-source NLP repo,2024,2,3,2,1,Friday,2013-02-01 06:00:00,2013.0,2.0,1.0,1.0,Friday,13.55,163,11-20 Years
32,Male,M.Sc,10.0,Junior,Enterprise,Tier-1,,0.0,0,0.0,154266,65.0,2024-11-04,Contributed to open-source NLP repo,2024,11,0,4,4,Monday,2014-11-04 12:00:00,2014.0,11.0,4.0,4.0,Tuesday,11.8,142,11-20 Years
26,Male,M.Sc,1.0,Junior,Startup,Tier-2,5.0,0.0,1,1.0,51174,50.0,2024-04-14,,2024,4,0,14,2,Sunday,2023-04-14 18:00:00,2023.0,4.0,14.0,2.0,Friday,3.36,40,3-5 Years
41,Female,B.Sc,19.0,Senior,Enterprise,Tier-2,5.0,1.0,0,2.0,199298,76.0,2024-11-06,Experience in data cleaning and ETL,2024,11,2,6,4,Wednesday,2005-11-06 06:00:00,2005.0,11.0,6.0,4.0,Sunday,20.79,249,20+ Years
33,Female,B.Sc,8.0,Senior,Enterprise,Tier-2,5.0,2.0,1,,126726,64.0,2023-01-15,Worked on microservices deployment,2023,1,2,15,1,Sunday,2015-01-15 00:00:00,2015.0,1.0,15.0,1.0,Thursday,11.6,139,11-20 Years
23,Male,M.Sc,0.0,Mid,Enterprise,Tier-2,4.0,0.0,1,3.0,72002,58.0,2024-07-02,No relevant project mentioned,2024,7,1,2,3,Tuesday,2024-07-02 00:00:00,2024.0,7.0,2.0,3.0,Tuesday,2.14,26,3-5 Years
34,Male,B.Sc,9.0,Mid,SME,Tier-2,,1.0,1,4.0,110156,69.0,2023-05-18,Contributed to open-source NLP repo,2023,5,1,18,2,Thursday,2014-05-17 18:00:00,2014.0,5.0,17.0,2.0,Saturday,12.27,147,11-20 Years
24,Male,M.Eng,3.0,Senior,Startup,Tier-3,2.0,0.0,1,1.0,70835,56.0,2023-09-22,No relevant project mentioned,2023,9,2,22,3,Friday,2020-09-21 06:00:00,2020.0,9.0,21.0,3.0,Monday,5.92,71,6-10 Years
35,Male,M.Sc,12.0,Junior,SME,Tier-3,5.0,0.0,1,0.0,125763,62.0,2024-07-11,Built ML pipeline for preprocessing,2024,7,0,11,3,Thursday,2012-07-11 00:00:00,2012.0,7.0,11.0,3.0,Wednesday,14.12,169,11-20 Years
37,Female,B.Sc,15.0,Mid,Enterprise,Tier-2,4.0,2.0,1,0.0,185031,46.0,2024-09-09,Built ML pipeline for preprocessing,2024,9,1,9,3,Monday,2009-09-09 06:00:00,2009.0,9.0,9.0,3.0,Wednesday,16.95,203,11-20 Years
25,Male,B.Sc,0.0,Senior,SME,Tier-1,9.0,1.0,0,2.0,56139,64.0,2023-03-22,Contributed to open-source NLP repo,2023,3,2,22,1,Wednesday,2023-03-22 00:00:00,2023.0,3.0,22.0,1.0,Wednesday,3.42,41,3-5 Years
36,Male,B.Sc,,Mid,SME,Tier-2,2.0,1.0,0,4.0,142638,59.0,2023-10-30,Worked on microservices deployment,2023,10,1,30,4,Monday,,,,,,,,,
32,Male,M.Sc,,Junior,SME,Tier-3,7.0,1.0,1,5.0,106529,62.0,2023-10-01,Experience in data cleaning and ETL,2023,10,0,1,4,Sunday,,,,,,,,,
35,Male,B.Sc,,Senior,SME,Tier-2,,1.0,1,2.0,167026,61.0,2023-04-23,Experience in data cleaning and ETL,2023,4,2,23,2,Sunday,,,,,,,,,
41,Male,B.Sc,17.0,Junior,Startup,Tier-2,4.0,1.0,0,6.0,153838,69.0,2024-02-13,Built ML pipeline for preprocessing,2024,2,0,13,1,Tuesday,2007-02-12 18:00:00,2007.0,2.0,12.0,1.0,Monday,19.52,234,11-20 Years
29,Male,M.Sc,6.0,Junior,SME,Tier-1,7.0,0.0,0,0.0,71711,43.0,2024-12-20,Built ML pipeline for preprocessing,2024,12,0,20,4,Friday,2018-12-20 12:00:00,2018.0,12.0,20.0,4.0,Thursday,7.67,92,6-10 Years
25,Female,PhD,2.0,Lead,Enterprise,Tier-2,6.0,0.0,0,,131807,54.0,2023-12-31,,2023,12,3,31,4,Sunday,2021-12-30 12:00:00,2021.0,12.0,30.0,4.0,Thursday,4.64,56,3-5 Years
25,Female,B.Sc,2.0,Mid,Startup,Tier-1,5.0,2.0,1,0.0,68810,65.0,2023-08-29,,2023,8,1,29,3,Tuesday,2021-08-28 12:00:00,2021.0,8.0,28.0,3.0,Saturday,4.98,60,3-5 Years
25,Male,,0.0,Senior,Enterprise,Remote,4.0,2.0,0,0.0,78770,54.0,2023-03-30,Experience in data cleaning and ETL,2023,3,2,30,1,Thursday,2023-03-30 00:00:00,2023.0,3.0,30.0,1.0,Thursday,3.4,41,3-5 Years
30,Female,B.Sc,7.0,Senior,SME,Tier-2,,2.0,1,6.0,118033,69.0,2024-11-25,Built ML pipeline for preprocessing,2024,11,2,25,4,Monday,2017-11-25 06:00:00,2017.0,11.0,25.0,4.0,Saturday,8.74,105,6-10 Years
32,Female,B.Sc,13.0,Junior,SME,Tier-1,4.0,1.0,1,4.0,144791,50.0,2023-09-29,No relevant project mentioned,2023,9,0,29,3,Friday,2010-09-28 18:00:00,2010.0,9.0,28.0,3.0,Tuesday,15.9,191,11-20 Years
32,Female,B.Sc,10.0,Junior,SME,Tier-2,4.0,1.0,0,0.0,110738,44.0,2023-09-12,Built ML pipeline for preprocessing,2023,9,0,12,3,Tuesday,2013-09-11 12:00:00,2013.0,9.0,11.0,3.0,Wednesday,12.94,155,11-20 Years
35,Male,B.Sc,11.0,Junior,Startup,Tier-3,3.0,2.0,1,1.0,131527,44.0,2024-05-03,No relevant project mentioned,2024,5,0,3,2,Friday,2013-05-03 06:00:00,2013.0,5.0,3.0,2.0,Friday,13.3,160,11-20 Years
30,Male,B.Sc,9.0,Junior,SME,Tier-1,5.0,1.0,1,0.0,110159,45.0,2023-09-02,Contributed to open-source NLP repo,2023,9,0,2,3,Saturday,2014-09-01 18:00:00,2014.0,9.0,1.0,3.0,Monday,11.97,144,11-20 Years
39,Male,B.Sc,18.0,Mid,Enterprise,Tier-2,3.0,4.0,1,0.0,211922,57.0,2023-04-09,No relevant project mentioned,2023,4,1,9,2,Sunday,2005-04-08 12:00:00,2005.0,4.0,8.0,2.0,Friday,21.37,256,20+ Years
28,Male,B.Sc+Cert,7.0,Mid,SME,Tier-2,3.0,,0,3.0,103459,52.0,2024-07-24,Built ML pipeline for preprocessing,2024,7,1,24,3,Wednesday,2017-07-24 06:00:00,2017.0,7.0,24.0,3.0,Monday,9.08,109,6-10 Years
46,Male,M.Eng,19.0,Mid,SME,Tier-3,,3.0,0,2.0,237357,58.0,2023-03-14,Built ML pipeline for preprocessing,2023,3,1,14,1,Tuesday,2004-03-13 06:00:00,2004.0,3.0,13.0,1.0,Saturday,22.44,269,20+ Years
34,Male,M.Sc,12.0,Junior,Startup,Tier-1,5.0,2.0,1,1.0,164659,49.0,2024-09-15,Contributed to open-source NLP repo,2024,9,0,15,3,Sunday,2012-09-15 00:00:00,2012.0,9.0,15.0,3.0,Saturday,13.94,167,11-20 Years
25,Male,B.Sc,1.0,Mid,Enterprise,Tier-2,5.0,0.0,0,0.0,59399,44.0,2024-11-07,Experience in data cleaning and ETL,2024,11,1,7,4,Thursday,2023-11-07 18:00:00,2023.0,11.0,7.0,4.0,Tuesday,2.79,33,3-5 Years
24,Female,B.Sc,0.0,Mid,SME,Remote,4.0,3.0,0,1.0,52628,69.0,2023-10-15,No relevant project mentioned,2023,10,1,15,4,Sunday,2023-10-15 00:00:00,2023.0,10.0,15.0,4.0,Sunday,2.86,34,3-5 Years
33,Male,B.Sc,9.0,Mid,SME,Remote,4.0,0.0,1,1.0,130793,69.0,2023-07-30,Contributed to open-source NLP repo,2023,7,1,30,3,Sunday,2014-07-29 18:00:00,2014.0,7.0,29.0,3.0,Tuesday,12.07,145,11-20 Years
29,Male,M.Sc,3.0,Junior,Startup,Tier-2,6.0,1.0,1,4.0,61474,56.0,2024-06-17,No relevant project mentioned,2024,6,0,17,2,Monday,2021-06-17 06:00:00,2021.0,6.0,17.0,2.0,Thursday,5.18,62,6-10 Years
34,Female,B.Sc+Cert,10.0,Mid,Enterprise,Remote,10.0,1.0,0,7.0,168428,65.0,2023-03-24,No relevant project mentioned,2023,3,1,24,1,Friday,2013-03-23 12:00:00,2013.0,3.0,23.0,1.0,Saturday,13.42,161,11-20 Years
33,Female,B.Sc,9.0,Junior,SME,Tier-2,,1.0,0,0.0,109725,49.0,2023-08-30,Built ML pipeline for preprocessing,2023,8,0,30,3,Wednesday,2014-08-29 18:00:00,2014.0,8.0,29.0,3.0,Friday,11.98,144,11-20 Years
30,Female,B.Sc,7.0,Mid,SME,Tier-2,1.0,0.0,1,1.0,99675,51.0,2023-01-12,Built ML pipeline for preprocessing,2023,1,1,12,1,Thursday,2016-01-12 06:00:00,2016.0,1.0,12.0,1.0,Tuesday,10.61,127,11-20 Years
25,Other,B.Sc,4.0,Mid,SME,Tier-2,7.0,0.0,1,1.0,79968,60.0,2024-05-31,Contributed to open-source NLP repo,2024,5,1,31,2,Friday,2020-05-31 00:00:00,2020.0,5.0,31.0,2.0,Sunday,6.23,75,6-10 Years
21,Male,B.Sc,0.0,Junior,Enterprise,Tier-1,,2.0,0,0.0,47723,72.0,2023-04-26,Worked on microservices deployment,2023,4,0,26,2,Wednesday,2023-04-26 00:00:00,2023.0,4.0,26.0,2.0,Wednesday,3.33,40,3-5 Years
27,Female,B.Sc,6.0,Mid,Startup,Tier-2,6.0,1.0,0,0.0,83185,36.0,2023-12-13,Contributed to open-source NLP repo,2023,12,1,13,4,Wednesday,2017-12-12 12:00:00,2017.0,12.0,12.0,4.0,Tuesday,8.69,104,6-10 Years
35,Male,M.Sc,10.0,Junior,Enterprise,Tier-2,4.0,1.0,1,5.0,124235,55.0,2023-01-20,No relevant project mentioned,2023,1,0,20,1,Friday,2013-01-19 12:00:00,2013.0,1.0,19.0,1.0,Saturday,13.59,163,11-20 Years
31,Male,M.Sc,8.0,Junior,SME,Tier-3,7.0,2.0,0,4.0,106313,65.0,2024-12-01,Worked on microservices deployment,2024,12,0,1,4,Sunday,2016-12-01 00:00:00,2016.0,12.0,1.0,4.0,Thursday,9.72,117,6-10 Years
23,Male,B.Sc,0.0,Junior,SME,Tier-3,5.0,1.0,0,0.0,25973,44.0,2023-05-16,Worked on microservices deployment,2023,5,0,16,2,Tuesday,2023-05-16 00:00:00,2023.0,5.0,16.0,2.0,Tuesday,3.27,39,3-5 Years
31,Male,B.Sc,9.0,Senior,SME,Tier-2,2.0,0.0,0,1.0,109843,63.0,2024-03-21,Experience in data cleaning and ETL,2024,3,2,21,1,Thursday,2015-03-21 18:00:00,2015.0,3.0,21.0,1.0,Saturday,11.42,137,11-20 Years
32,Male,,10.0,Mid,Enterprise,Tier-1,1.0,0.0,0,1.0,162581,48.0,2024-03-13,,2024,3,1,13,1,Wednesday,2014-03-13 12:00:00,2014.0,3.0,13.0,1.0,Thursday,12.44,149,11-20 Years
25,Male,B.Sc,3.0,Lead,SME,Tier-1,,0.0,0,0.0,108533,55.0,2024-07-23,Built ML pipeline for preprocessing,2024,7,3,23,3,Tuesday,2021-07-23 06:00:00,2021.0,7.0,23.0,3.0,Friday,5.08,61,6-10 Years
31,Female,B.Sc,8.0,Mid,Enterprise,Tier-1,3.0,2.0,1,2.0,144248,60.0,2023-06-22,Contributed to open-source NLP repo,2023,6,1,22,2,Thursday,2015-06-22 00:00:00,2015.0,6.0,22.0,2.0,Monday,11.17,134,11-20 Years
30,Male,B.Sc,4.0,Mid,Startup,Tier-2,6.0,2.0,0,2.0,77515,70.0,2024-12-05,Worked on microservices deployment,2024,12,1,5,4,Thursday,2020-12-05 00:00:00,2020.0,12.0,5.0,4.0,Saturday,5.71,69,6-10 Years
23,Male,B.Sc,0.0,Mid,Enterprise,Tier-1,2.0,1.0,1,1.0,61418,51.0,2024-05-31,Built ML pipeline for preprocessing,2024,5,1,31,2,Friday,2024-05-31 00:00:00,2024.0,5.0,31.0,2.0,Friday,2.23,27,3-5 Years
32,Female,B.Sc,13.0,Junior,Startup,Tier-2,4.0,1.0,1,5.0,155512,42.0,2023-06-08,No relevant project mentioned,2023,6,0,8,2,Thursday,2010-06-07 18:00:00,2010.0,6.0,7.0,2.0,Monday,16.21,195,11-20 Years
33,Male,M.Eng,11.0,Junior,SME,Tier-1,8.0,1.0,1,2.0,151933,78.0,2024-02-09,Experience in data cleaning and ETL,2024,2,0,9,1,Friday,2013-02-08 06:00:00,2013.0,2.0,8.0,1.0,Friday,13.53,162,11-20 Years
36,Male,B.Sc,13.0,Junior,SME,Tier-3,,1.0,0,1.0,142070,59.0,2024-05-26,Built ML pipeline for preprocessing,2024,5,0,26,2,Sunday,2011-05-26 18:00:00,2011.0,5.0,26.0,2.0,Thursday,15.24,183,11-20 Years
36,Male,B.Sc,11.0,Mid,SME,Remote,3.0,1.0,1,1.0,115085,68.0,2024-10-13,,2024,10,1,13,4,Sunday,2013-10-13 06:00:00,2013.0,10.0,13.0,4.0,Sunday,12.86,154,11-20 Years
22,Male,,,Junior,SME,Tier-2,3.0,2.0,1,0.0,41536,55.0,2023-01-04,No relevant project mentioned,2023,1,0,4,1,Wednesday,,,,,,,,,
24,Male,B.Sc,1.0,Junior,SME,Tier-1,5.0,1.0,0,2.0,53757,52.0,2024-08-09,No relevant project mentioned,2024,8,0,9,3,Friday,2023-08-09 18:00:00,2023.0,8.0,9.0,3.0,Wednesday,3.04,36,3-5 Years
33,Female,B.Sc+Cert,13.0,Junior,Startup,Tier-2,5.0,,0,2.0,143334,76.0,2023-04-14,Experience in data cleaning and ETL,2023,4,0,14,2,Friday,2010-04-13 18:00:00,2010.0,4.0,13.0,2.0,Tuesday,16.36,196,11-20 Years
33,Male,B.Sc+Cert,9.0,Mid,SME,Tier-1,5.0,2.0,0,5.0,148725,61.0,2024-01-08,No relevant project mentioned,2024,1,1,8,1,Monday,2015-01-07 18:00:00,2015.0,1.0,7.0,1.0,Wednesday,11.62,139,11-20 Years
33,Male,B.Sc,12.0,Mid,Startup,Tier-1,6.0,1.0,0,5.0,161056,72.0,2024-10-10,Built ML pipeline for preprocessing,2024,10,1,10,4,Thursday,2012-10-10 00:00:00,2012.0,10.0,10.0,4.0,Wednesday,13.87,166,11-20 Years
53,Female,M.Sc,29.0,Senior,SME,Tier-1,2.0,0.0,0,4.0,295552,59.0,2023-10-09,Worked on microservices deployment,2023,10,2,9,4,Monday,1994-10-08 18:00:00,1994.0,10.0,8.0,4.0,Saturday,31.87,382,20+ Years
33,Female,B.Sc,12.0,Junior,Startup,Tier-1,,1.0,0,2.0,149398,,2023-10-10,Built ML pipeline for preprocessing,2023,10,0,10,4,Tuesday,2011-10-10 00:00:00,2011.0,10.0,10.0,4.0,Monday,14.87,178,11-20 Years
37,Male,PhD,15.0,Junior,Startup,Tier-1,8.0,1.0,0,3.0,162534,58.0,2024-04-21,Built ML pipeline for preprocessing,2024,4,0,21,2,Sunday,2009-04-21 06:00:00,2009.0,4.0,21.0,2.0,Tuesday,17.34,208,11-20 Years
36,Male,B.Sc,13.0,Mid,Startup,Tier-1,6.0,0.0,0,4.0,128848,42.0,2023-08-23,Worked on microservices deployment,2023,8,1,23,3,Wednesday,2010-08-22 18:00:00,2010.0,8.0,22.0,3.0,Sunday,16.0,192,11-20 Years
34,Male,PhD,9.0,Senior,SME,Tier-1,8.0,1.0,1,0.0,182535,64.0,2024-12-02,Built ML pipeline for preprocessing,2024,12,2,2,4,Monday,2015-12-02 18:00:00,2015.0,12.0,2.0,4.0,Wednesday,10.72,129,11-20 Years
28,Male,M.Sc,5.0,Junior,Enterprise,Tier-2,2.0,0.0,1,1.0,93707,75.0,2023-06-27,Built ML pipeline for preprocessing,2023,6,0,27,2,Tuesday,2018-06-26 18:00:00,2018.0,6.0,26.0,2.0,Tuesday,8.16,98,6-10 Years
35,Male,B.Sc,11.0,Mid,Enterprise,Remote,5.0,1.0,1,0.0,151707,57.0,2023-12-04,Experience in data cleaning and ETL,2023,12,1,4,4,Monday,2012-12-03 06:00:00,2012.0,12.0,3.0,4.0,Monday,13.72,165,11-20 Years
25,Male,B.Sc,1.0,Mid,Startup,Remote,8.0,0.0,0,,53932,69.0,2024-05-16,Built ML pipeline for preprocessing,2024,5,1,16,2,Thursday,2023-05-16 18:00:00,2023.0,5.0,16.0,2.0,Tuesday,3.27,39,3-5 Years
29,Female,PhD,5.0,Junior,SME,Tier-1,4.0,0.0,0,4.0,93974,44.0,2023-08-10,Experience in data cleaning and ETL,2023,8,0,10,3,Thursday,2018-08-09 18:00:00,2018.0,8.0,9.0,3.0,Thursday,8.04,96,6-10 Years
27,Male,B.Sc+Cert,8.0,Junior,SME,Tier-2,2.0,1.0,1,0.0,108626,44.0,2024-03-31,Built ML pipeline for preprocessing,2024,3,0,31,1,Sunday,2016-03-31 00:00:00,2016.0,3.0,31.0,1.0,Thursday,10.4,125,11-20 Years
30,Male,B.Sc,10.0,Junior,SME,Remote,4.0,1.0,1,3.0,114817,55.0,2024-12-26,No relevant project mentioned,2024,12,0,26,4,Thursday,2014-12-26 12:00:00,2014.0,12.0,26.0,4.0,Friday,11.66,140,11-20 Years
44,Male,M.Sc,24.0,Senior,SME,Tier-1,2.0,0.0,0,1.0,319998,68.0,2024-12-25,,2024,12,2,25,4,Wednesday,2000-12-25 00:00:00,2000.0,12.0,25.0,4.0,Monday,25.66,308,20+ Years
20,Male,B.Sc,0.0,Mid,Startup,Tier-3,2.0,1.0,0,5.0,29704,,2023-12-25,Worked on microservices deployment,2023,12,1,25,4,Monday,2023-12-25 00:00:00,2023.0,12.0,25.0,4.0,Monday,2.66,32,3-5 Years
34,Male,B.Sc,10.0,Mid,SME,Tier-2,4.0,1.0,1,2.0,139782,59.0,2024-02-14,Contributed to open-source NLP repo,2024,2,1,14,1,Wednesday,2014-02-13 12:00:00,2014.0,2.0,13.0,1.0,Thursday,12.52,150,11-20 Years
20,Male,B.Sc,0.0,Mid,SME,Remote,4.0,1.0,0,7.0,41240,,2024-08-27,Built ML pipeline for preprocessing,2024,8,1,27,3,Tuesday,2024-08-27 00:00:00,2024.0,8.0,27.0,3.0,Tuesday,1.99,24,0-2 Years
27,Female,B.Sc,6.0,Mid,Startup,Remote,4.0,1.0,0,,84362,53.0,2024-07-11,Built ML pipeline for preprocessing,2024,7,1,11,3,Thursday,2018-07-11 12:00:00,2018.0,7.0,11.0,3.0,Wednesday,8.11,97,6-10 Years
37,Male,M.Eng,17.0,Mid,SME,Tier-2,10.0,3.0,0,6.0,198958,58.0,2024-04-06,No relevant project mentioned,2024,4,1,6,2,Saturday,2007-04-06 18:00:00,2007.0,4.0,6.0,2.0,Friday,19.38,233,11-20 Years
30,Male,B.Sc,,Junior,SME,Tier-2,6.0,0.0,1,1.0,105764,64.0,2023-07-10,Contributed to open-source NLP repo,2023,7,0,10,3,Monday,,,,,,,,,
24,Male,M.Eng,1.0,Junior,Startup,Tier-1,7.0,1.0,0,2.0,63459,48.0,2023-05-25,Experience in data cleaning and ETL,2023,5,0,25,2,Thursday,2022-05-24 18:00:00,2022.0,5.0,24.0,2.0,Tuesday,4.25,51,3-5 Years
26,Male,B.Sc,0.0,Junior,SME,Tier-1,,1.0,1,0.0,39981,71.0,2023-12-10,Experience in data cleaning and ETL,2023,12,0,10,4,Sunday,2023-12-10 00:00:00,2023.0,12.0,10.0,4.0,Sunday,2.7,32,3-5 Years
34,Male,B.Sc,8.0,Mid,Enterprise,Tier-2,9.0,2.0,0,3.0,107003,70.0,2024-09-07,No relevant project mentioned,2024,9,1,7,3,Saturday,2016-09-07 00:00:00,2016.0,9.0,7.0,3.0,Wednesday,9.96,120,6-10 Years
26,Male,B.Sc,4.0,Junior,Enterprise,Tier-1,6.0,1.0,0,7.0,79894,46.0,2024-07-29,Experience in data cleaning and ETL,2024,7,0,29,3,Monday,2020-07-29 00:00:00,2020.0,7.0,29.0,3.0,Wednesday,6.07,73,6-10 Years
31,Male,B.Sc,7.0,Mid,SME,Tier-1,6.0,0.0,0,4.0,97275,63.0,2023-06-06,Worked on microservices deployment,2023,6,1,6,2,Tuesday,2016-06-05 06:00:00,2016.0,6.0,5.0,2.0,Sunday,10.21,123,11-20 Years
30,Male,B.Sc,5.0,Junior,SME,Tier-1,4.0,0.0,0,2.0,83074,53.0,2023-11-04,Worked on microservices deployment,2023,11,0,4,4,Saturday,2018-11-03 18:00:00,2018.0,11.0,3.0,4.0,Saturday,7.8,94,6-10 Years
26,Female,B.Sc,3.0,Senior,SME,Remote,6.0,0.0,1,1.0,89337,73.0,2023-05-08,Built ML pipeline for preprocessing,2023,5,2,8,2,Monday,2020-05-07 06:00:00,2020.0,5.0,7.0,2.0,Thursday,6.29,75,6-10 Years
43,Other,M.Sc,21.0,Junior,SME,Tier-1,3.0,0.0,1,1.0,229589,73.0,2023-01-24,Built ML pipeline for preprocessing,2023,1,0,24,1,Tuesday,2002-01-23 18:00:00,2002.0,1.0,23.0,1.0,Wednesday,24.58,295,20+ Years
34,Female,B.Sc,11.0,Junior,Startup,Tier-1,9.0,2.0,0,,141062,54.0,2023-05-05,No relevant project mentioned,2023,5,0,5,2,Friday,2012-05-04 06:00:00,2012.0,5.0,4.0,2.0,Friday,14.3,172,11-20 Years
20,Female,B.Sc,0.0,Senior,SME,Tier-2,4.0,3.0,0,1.0,65467,43.0,2023-06-24,No relevant project mentioned,2023,6,2,24,2,Saturday,2023-06-24 00:00:00,2023.0,6.0,24.0,2.0,Saturday,3.16,38,3-5 Years
31,Male,B.Sc,7.0,Mid,SME,Tier-2,7.0,0.0,0,,113050,76.0,2023-04-11,Built ML pipeline for preprocessing,2023,4,1,11,2,Tuesday,2016-04-10 06:00:00,2016.0,4.0,10.0,2.0,Sunday,10.37,124,11-20 Years
26,Female,B.Sc+Cert,1.0,Lead,SME,Tier-1,3.0,2.0,1,5.0,96332,54.0,2023-02-20,Built ML pipeline for preprocessing,2023,2,3,20,1,Monday,2022-02-19 18:00:00,2022.0,2.0,19.0,1.0,Saturday,4.5,54,3-5 Years
35,Male,B.Sc+Cert,14.0,Junior,Enterprise,Remote,10.0,1.0,0,6.0,195742,75.0,2023-09-15,Worked on microservices deployment,2023,9,0,15,3,Friday,2009-09-14 12:00:00,2009.0,9.0,14.0,3.0,Monday,16.94,203,11-20 Years
25,Female,B.Sc,3.0,Junior,Enterprise,Tier-2,,1.0,0,1.0,61597,58.0,2024-10-22,,2024,10,0,22,4,Tuesday,2021-10-22 06:00:00,2021.0,10.0,22.0,4.0,Friday,4.83,58,3-5 Years
29,Other,B.Sc,11.0,Mid,Startup,Tier-2,7.0,1.0,0,2.0,128066,,2023-06-17,Built ML pipeline for preprocessing,2023,6,1,17,2,Saturday,2012-06-16 06:00:00,2012.0,6.0,16.0,2.0,Saturday,14.18,170,11-20 Years
33,Female,B.Sc,12.0,Senior,Startup,Tier-1,7.0,0.0,0,2.0,152865,,2023-04-15,Built ML pipeline for preprocessing,2023,4,2,15,2,Saturday,2011-04-15 00:00:00,2011.0,4.0,15.0,2.0,Friday,15.36,184,11-20 Years
35,Other,B.Sc+Cert,15.0,Junior,Startup,Tier-2,4.0,0.0,0,3.0,156923,,2024-08-03,Built ML pipeline for preprocessing,2024,8,0,3,3,Saturday,2009-08-03 06:00:00,2009.0,8.0,3.0,3.0,Monday,17.05,205,11-20 Years
23,Male,B.Sc,0.0,Senior,Enterprise,Tier-3,5.0,2.0,0,0.0,47552,52.0,2023-02-04,,2023,2,2,4,1,Saturday,2023-02-04 00:00:00,2023.0,2.0,4.0,1.0,Saturday,3.55,43,3-5 Years
28,Male,B.Sc,,Mid,Enterprise,Tier-1,5.0,2.0,0,4.0,64729,64.0,2024-03-03,Worked on microservices deployment,2024,3,1,3,1,Sunday,,,,,,,,,
27,Male,B.Sc,,Senior,Enterprise,Tier-1,8.0,1.0,1,1.0,128977,69.0,2024-11-05,Built ML pipeline for preprocessing,2024,11,2,5,4,Tuesday,,,,,,,,,
26,Male,B.Sc,3.0,Mid,SME,Tier-1,7.0,0.0,1,2.0,68421,74.0,2023-12-05,,2023,12,1,5,4,Tuesday,2020-12-04 06:00:00,2020.0,12.0,4.0,4.0,Friday,5.71,69,6-10 Years
41,Male,B.Sc,18.0,Junior,Enterprise,Remote,7.0,2.0,0,4.0,167476,49.0,2024-12-20,No relevant project mentioned,2024,12,0,20,4,Friday,2006-12-20 12:00:00,2006.0,12.0,20.0,4.0,Wednesday,19.67,236,11-20 Years
32,Male,M.Sc,9.0,Senior,SME,Tier-1,3.0,1.0,0,7.0,141825,55.0,2023-06-02,No relevant project mentioned,2023,6,2,2,2,Friday,2014-06-01 18:00:00,2014.0,6.0,1.0,2.0,Sunday,12.22,147,11-20 Years
22,Other,B.Sc,0.0,Senior,Enterprise,Remote,4.0,0.0,1,4.0,67311,51.0,2024-05-20,Experience in data cleaning and ETL,2024,5,2,20,2,Monday,2024-05-20 00:00:00,2024.0,5.0,20.0,2.0,Monday,2.26,27,3-5 Years
36,Male,M.Sc,13.0,Mid,Enterprise,Tier-1,3.0,3.0,1,0.0,188224,66.0,2023-03-21,Built ML pipeline for preprocessing,2023,3,1,21,1,Tuesday,2010-03-20 18:00:00,2010.0,3.0,20.0,1.0,Saturday,16.42,197,11-20 Years
43,Female,B.Sc,22.0,Junior,SME,Tier-2,,0.0,0,1.0,206181,58.0,2023-01-31,Worked on microservices deployment,2023,1,0,31,1,Tuesday,2001-01-30 12:00:00,2001.0,1.0,30.0,1.0,Tuesday,25.56,307,20+ Years
36,Female,B.Sc,11.0,Junior,SME,Tier-2,6.0,1.0,0,0.0,135209,62.0,2023-08-13,Built ML pipeline for preprocessing,2023,8,0,13,3,Sunday,2012-08-12 06:00:00,2012.0,8.0,12.0,3.0,Sunday,14.03,168,11-20 Years
21,Female,B.Sc+Cert,0.0,Mid,Enterprise,Tier-1,,1.0,1,6.0,70063,64.0,2023-07-28,,2023,7,1,28,3,Friday,2023-07-28 00:00:00,2023.0,7.0,28.0,3.0,Friday,3.07,37,3-5 Years
27,Female,B.Sc,3.0,Junior,SME,Tier-2,7.0,2.0,0,1.0,60985,,2023-06-29,Built ML pipeline for preprocessing,2023,6,0,29,2,Thursday,2020-06-28 06:00:00,2020.0,6.0,28.0,2.0,Sunday,6.15,74,6-10 Years
38,Male,M.Eng,13.0,Mid,Startup,Tier-1,1.0,0.0,0,6.0,166735,55.0,2024-02-23,,2024,2,1,23,1,Friday,2011-02-22 18:00:00,2011.0,2.0,22.0,1.0,Tuesday,15.5,186,11-20 Years
26,Female,B.Sc,0.0,Junior,Startup,Tier-1,2.0,2.0,1,6.0,31707,,2024-05-11,No relevant project mentioned,2024,5,0,11,2,Saturday,2024-05-11 00:00:00,2024.0,5.0,11.0,2.0,Saturday,2.28,27,3-5 Years
33,Female,B.Sc,11.0,Mid,SME,Tier-3,6.0,0.0,0,,140772,50.0,2023-11-01,,2023,11,1,1,4,Wednesday,2012-10-31 06:00:00,2012.0,10.0,31.0,4.0,Wednesday,13.81,166,11-20 Years
35,Male,B.Sc+Cert,14.0,Junior,SME,Tier-1,4.0,1.0,1,0.0,139423,63.0,2024-10-17,Built ML pipeline for preprocessing,2024,10,0,17,4,Thursday,2010-10-17 12:00:00,2010.0,10.0,17.0,4.0,Sunday,15.85,190,11-20 Years
24,Male,B.Sc,0.0,Mid,Startup,Tier-2,9.0,0.0,1,0.0,45863,54.0,2023-11-10,Contributed to open-source NLP repo,2023,11,1,10,4,Friday,2023-11-10 00:00:00,2023.0,11.0,10.0,4.0,Friday,2.78,33,3-5 Years
30,Female,B.Sc+Cert,6.0,Mid,Startup,Tier-1,5.0,0.0,0,4.0,100391,50.0,2023-11-30,Built ML pipeline for preprocessing,2023,11,1,30,4,Thursday,2017-11-29 12:00:00,2017.0,11.0,29.0,4.0,Wednesday,8.73,105,6-10 Years
20,Male,B.Sc,0.0,Mid,SME,Tier-1,5.0,1.0,1,4.0,61527,45.0,2023-03-05,Built ML pipeline for preprocessing,2023,3,1,5,1,Sunday,2023-03-05 00:00:00,2023.0,3.0,5.0,1.0,Sunday,3.47,42,3-5 Years
24,Male,B.Sc+Cert,0.0,Mid,SME,Tier-2,2.0,1.0,0,6.0,39743,52.0,2023-11-04,Built ML pipeline for preprocessing,2023,11,1,4,4,Saturday,2023-11-04 00:00:00,2023.0,11.0,4.0,4.0,Saturday,2.8,34,3-5 Years
28,Male,B.Sc,4.0,Junior,Startup,Tier-2,5.0,0.0,1,0.0,63212,52.0,2023-02-09,Experience in data cleaning and ETL,2023,2,0,9,1,Thursday,2019-02-09 00:00:00,2019.0,2.0,9.0,1.0,Saturday,7.53,90,6-10 Years
23,Male,B.Sc,0.0,Mid,Startup,Tier-1,,2.0,1,3.0,45938,61.0,2023-08-31,Contributed to open-source NLP repo,2023,8,1,31,3,Thursday,2023-08-31 00:00:00,2023.0,8.0,31.0,3.0,Thursday,2.98,36,3-5 Years
40,Male,M.Sc,20.0,Senior,Startup,Tier-2,5.0,1.0,0,,215558,57.0,2023-12-27,Contributed to open-source NLP repo,2023,12,2,27,4,Wednesday,2003-12-27 00:00:00,2003.0,12.0,27.0,4.0,Saturday,22.66,272,20+ Years
21,Female,B.Sc+Cert,0.0,Mid,Startup,Tier-1,5.0,,0,1.0,45663,63.0,2023-09-02,Built ML pipeline for preprocessing,2023,9,1,2,3,Saturday,2023-09-02 00:00:00,2023.0,9.0,2.0,3.0,Saturday,2.97,36,3-5 Years
27,Male,B.Sc+Cert,7.0,Senior,Enterprise,Remote,5.0,3.0,0,2.0,155293,39.0,2024-08-31,Worked on microservices deployment,2024,8,2,31,3,Saturday,2017-08-31 06:00:00,2017.0,8.0,31.0,3.0,Thursday,8.97,108,6-10 Years
31,Male,M.Eng,10.0,Mid,Startup,Tier-1,9.0,5.0,1,2.0,159517,58.0,2023-05-25,Built ML pipeline for preprocessing,2023,5,1,25,2,Thursday,2013-05-24 12:00:00,2013.0,5.0,24.0,2.0,Friday,13.25,159,11-20 Years
39,Male,,20.0,Senior,Enterprise,Tier-1,3.0,0.0,0,1.0,241483,62.0,2024-07-21,Worked on microservices deployment,2024,7,2,21,3,Sunday,2004-07-21 00:00:00,2004.0,7.0,21.0,3.0,Wednesday,22.09,265,20+ Years
21,Male,B.Sc,,Junior,SME,Tier-3,,0.0,0,,23910,45.0,2023-01-30,No relevant project mentioned,2023,1,0,30,1,Monday,,,,,,,,,
37,Female,B.Sc,15.0,Mid,Enterprise,Tier-1,3.0,3.0,1,2.0,180324,60.0,2024-09-11,Built ML pipeline for preprocessing,2024,9,1,11,3,Wednesday,2009-09-11 06:00:00,2009.0,9.0,11.0,3.0,Friday,16.94,203,11-20 Years
30,Male,B.Sc,6.0,Mid,Startup,Tier-1,3.0,1.0,0,,88279,64.0,2024-12-26,Experience in data cleaning and ETL,2024,12,1,26,4,Thursday,2018-12-26 12:00:00,2018.0,12.0,26.0,4.0,Wednesday,7.66,92,6-10 Years
24,Male,B.Sc,0.0,Junior,Startup,Tier-1,4.0,3.0,0,1.0,39055,68.0,2024-03-03,Experience in data cleaning and ETL,2024,3,0,3,1,Sunday,2024-03-03 00:00:00,2024.0,3.0,3.0,1.0,Sunday,2.47,30,3-5 Years
33,Male,B.Sc,13.0,Mid,Startup,Remote,3.0,0.0,1,1.0,165297,,2024-01-17,No relevant project mentioned,2024,1,1,17,1,Wednesday,2011-01-16 18:00:00,2011.0,1.0,16.0,1.0,Sunday,15.6,187,11-20 Years
31,Male,B.Sc,7.0,Junior,Startup,Remote,,0.0,1,6.0,90416,74.0,2024-03-28,Experience in data cleaning and ETL,2024,3,0,28,1,Thursday,2017-03-28 06:00:00,2017.0,3.0,28.0,1.0,Tuesday,9.4,113,6-10 Years
26,Female,B.Sc,4.0,Mid,SME,Tier-3,2.0,0.0,0,5.0,57305,59.0,2024-09-07,Experience in data cleaning and ETL,2024,9,1,7,3,Saturday,2020-09-07 00:00:00,2020.0,9.0,7.0,3.0,Monday,5.96,72,6-10 Years
30,Female,M.Sc,6.0,Mid,Startup,Tier-2,4.0,1.0,0,4.0,111171,65.0,2023-06-30,No relevant project mentioned,2023,6,1,30,2,Friday,2017-06-29 12:00:00,2017.0,6.0,29.0,2.0,Thursday,9.15,110,6-10 Years
28,Male,B.Sc,6.0,Mid,Startup,Tier-2,7.0,1.0,1,0.0,97448,53.0,2024-05-12,,2024,5,1,12,2,Sunday,2018-05-12 12:00:00,2018.0,5.0,12.0,2.0,Saturday,8.28,99,6-10 Years
31,Male,B.Sc,9.0,Lead,Enterprise,Tier-2,1.0,1.0,0,0.0,159293,74.0,2024-09-30,Experience in data cleaning and ETL,2024,9,3,30,3,Monday,2015-09-30 18:00:00,2015.0,9.0,30.0,3.0,Wednesday,10.89,131,11-20 Years
34,Male,B.Sc,13.0,Mid,SME,Tier-1,6.0,2.0,0,,156135,67.0,2023-07-17,No relevant project mentioned,2023,7,1,17,3,Monday,2010-07-16 18:00:00,2010.0,7.0,16.0,3.0,Friday,16.1,193,11-20 Years
40,Male,M.Sc,16.0,Mid,Startup,Remote,4.0,0.0,0,0.0,186218,67.0,2023-12-09,Worked on microservices deployment,2023,12,1,9,4,Saturday,2007-12-09 00:00:00,2007.0,12.0,9.0,4.0,Sunday,18.7,224,11-20 Years
23,Male,,0.0,Junior,Startup,Tier-1,5.0,1.0,0,2.0,45481,58.0,2023-02-02,Built ML pipeline for preprocessing,2023,2,0,2,1,Thursday,2023-02-02 00:00:00,2023.0,2.0,2.0,1.0,Thursday,3.55,43,3-5 Years
43,Male,M.Sc,22.0,Senior,Startup,Tier-1,2.0,1.0,0,0.0,215934,69.0,2023-11-30,Contributed to open-source NLP repo,2023,11,2,30,4,Thursday,2001-11-29 12:00:00,2001.0,11.0,29.0,4.0,Thursday,24.73,297,20+ Years
20,Male,,0.0,Mid,Enterprise,Remote,10.0,0.0,1,1.0,66064,62.0,2023-08-22,Contributed to open-source NLP repo,2023,8,1,22,3,Tuesday,2023-08-22 00:00:00,2023.0,8.0,22.0,3.0,Tuesday,3.0,36,3-5 Years
29,Male,B.Sc,,Mid,Enterprise,Tier-3,4.0,,0,5.0,79075,52.0,2024-07-01,Built ML pipeline for preprocessing,2024,7,1,1,3,Monday,,,,,,,,,
34,Female,B.Sc,11.0,Junior,Enterprise,Tier-1,6.0,1.0,1,5.0,145591,45.0,2024-06-13,,2024,6,0,13,2,Thursday,2013-06-13 06:00:00,2013.0,6.0,13.0,2.0,Thursday,13.19,158,11-20 Years
32,Other,B.Sc,7.0,Mid,Enterprise,Tier-1,7.0,2.0,0,7.0,126851,49.0,2024-03-03,Worked on microservices deployment,2024,3,1,3,1,Sunday,2017-03-03 06:00:00,2017.0,3.0,3.0,1.0,Friday,9.47,114,6-10 Years
26,Male,B.Sc,2.0,Junior,SME,Tier-2,3.0,0.0,0,6.0,42643,80.0,2023-09-23,,2023,9,0,23,3,Saturday,2021-09-22 12:00:00,2021.0,9.0,22.0,3.0,Wednesday,4.91,59,3-5 Years
29,Female,,7.0,Mid,Startup,Tier-2,3.0,0.0,0,3.0,89030,64.0,2023-10-22,Contributed to open-source NLP repo,2023,10,1,22,4,Sunday,2016-10-21 06:00:00,2016.0,10.0,21.0,4.0,Friday,9.83,118,6-10 Years
27,Male,B.Sc,1.0,Senior,SME,Tier-2,9.0,1.0,1,1.0,71946,46.0,2024-03-15,No relevant project mentioned,2024,3,2,15,1,Friday,2023-03-15 18:00:00,2023.0,3.0,15.0,1.0,Wednesday,3.44,41,3-5 Years
26,Male,B.Sc+Cert,5.0,Mid,Enterprise,Tier-1,7.0,3.0,0,0.0,109767,55.0,2024-07-14,No relevant project mentioned,2024,7,1,14,3,Sunday,2019-07-14 18:00:00,2019.0,7.0,14.0,3.0,Sunday,7.11,85,6-10 Years
35,Female,,7.0,Mid,Enterprise,Remote,6.0,1.0,0,2.0,123171,74.0,2024-07-23,,2024,7,1,23,3,Tuesday,2017-07-23 06:00:00,2017.0,7.0,23.0,3.0,Sunday,9.08,109,6-10 Years
32,Female,B.Sc,9.0,Mid,SME,Tier-1,10.0,0.0,1,0.0,143981,63.0,2023-11-28,Built ML pipeline for preprocessing,2023,11,1,28,4,Tuesday,2014-11-27 18:00:00,2014.0,11.0,27.0,4.0,Thursday,11.73,141,11-20 Years
26,Female,B.Sc,1.0,Mid,SME,Tier-2,7.0,2.0,1,5.0,61609,68.0,2023-05-31,,2023,5,1,31,2,Wednesday,2022-05-30 18:00:00,2022.0,5.0,30.0,2.0,Monday,4.23,51,3-5 Years
35,Male,B.Sc,10.0,Mid,Enterprise,Tier-2,3.0,1.0,0,2.0,125314,62.0,2024-10-08,Built ML pipeline for preprocessing,2024,10,1,8,4,Tuesday,2014-10-08 12:00:00,2014.0,10.0,8.0,4.0,Wednesday,11.87,142,11-20 Years
32,Male,B.Sc,8.0,Mid,Startup,Tier-1,9.0,1.0,0,3.0,126360,65.0,2023-10-28,Contributed to open-source NLP repo,2023,10,1,28,4,Saturday,2015-10-28 00:00:00,2015.0,10.0,28.0,4.0,Wednesday,10.82,130,11-20 Years
35,Female,B.Sc+Cert,15.0,Junior,Enterprise,Tier-1,2.0,0.0,1,3.0,181936,68.0,2023-12-11,Experience in data cleaning and ETL,2023,12,0,11,4,Monday,2008-12-10 06:00:00,2008.0,12.0,10.0,4.0,Wednesday,17.7,212,11-20 Years
34,Male,B.Sc,8.0,Junior,Startup,Remote,8.0,2.0,1,1.0,104171,67.0,2023-11-07,,2023,11,0,7,4,Tuesday,2015-11-07 00:00:00,2015.0,11.0,7.0,4.0,Saturday,10.79,129,11-20 Years
25,Male,M.Sc,2.0,Mid,SME,Remote,3.0,3.0,1,3.0,75387,64.0,2024-09-27,Worked on microservices deployment,2024,9,1,27,3,Friday,2022-09-27 12:00:00,2022.0,9.0,27.0,3.0,Tuesday,3.9,47,3-5 Years
27,Male,B.Sc,8.0,Mid,Startup,Tier-1,3.0,2.0,0,,113346,57.0,2023-07-02,Contributed to open-source NLP repo,2023,7,1,2,3,Sunday,2015-07-02 00:00:00,2015.0,7.0,2.0,3.0,Thursday,11.14,134,11-20 Years
34,Male,PhD,8.0,Junior,SME,Remote,5.0,1.0,0,3.0,130419,75.0,2024-12-17,No relevant project mentioned,2024,12,0,17,4,Tuesday,2016-12-17 00:00:00,2016.0,12.0,17.0,4.0,Saturday,9.68,116,6-10 Years
34,Male,B.Sc,13.0,Mid,SME,Tier-1,3.0,0.0,1,4.0,168277,49.0,2023-05-27,Built ML pipeline for preprocessing,2023,5,1,27,2,Saturday,2010-05-26 18:00:00,2010.0,5.0,26.0,2.0,Wednesday,16.24,195,11-20 Years
30,Male,,,Junior,SME,Tier-2,5.0,1.0,0,1.0,86379,59.0,2024-09-12,Worked on microservices deployment,2024,9,0,12,3,Thursday,,,,,,,,,
31,Female,B.Sc,9.0,Junior,Enterprise,Tier-1,6.0,0.0,1,6.0,120812,60.0,2023-05-30,Built ML pipeline for preprocessing,2023,5,0,30,2,Tuesday,2014-05-29 18:00:00,2014.0,5.0,29.0,2.0,Thursday,12.23,147,11-20 Years
38,Male,M.Sc,19.0,Mid,SME,Remote,7.0,1.0,1,1.0,225922,64.0,2023-09-24,Contributed to open-source NLP repo,2023,9,1,24,3,Sunday,2004-09-23 06:00:00,2004.0,9.0,23.0,3.0,Thursday,21.91,263,20+ Years
26,Male,B.Sc,3.0,Mid,Enterprise,Tier-1,7.0,1.0,0,5.0,82871,57.0,2024-05-04,,2024,5,1,4,2,Saturday,2021-05-04 06:00:00,2021.0,5.0,4.0,2.0,Tuesday,5.3,64,6-10 Years
33,Male,B.Sc,11.0,Mid,Startup,Tier-2,6.0,1.0,0,,128719,45.0,2023-05-11,Experience in data cleaning and ETL,2023,5,1,11,2,Thursday,2012-05-10 06:00:00,2012.0,5.0,10.0,2.0,Thursday,14.28,171,11-20 Years
29,Male,B.Sc+Cert,8.0,Mid,Enterprise,Tier-3,3.0,2.0,0,0.0,126065,81.0,2023-05-27,No relevant project mentioned,2023,5,1,27,2,Saturday,2015-05-27 00:00:00,2015.0,5.0,27.0,2.0,Wednesday,11.24,135,11-20 Years
29,Male,B.Sc+Cert,6.0,Lead,Startup,Tier-1,7.0,0.0,0,6.0,114153,53.0,2024-08-25,Contributed to open-source NLP repo,2024,8,3,25,3,Sunday,2018-08-25 12:00:00,2018.0,8.0,25.0,3.0,Saturday,7.99,96,6-10 Years
37,Male,B.Sc+Cert,11.0,Mid,Startup,Tier-2,3.0,1.0,0,7.0,119522,,2024-01-10,Built ML pipeline for preprocessing,2024,1,1,10,1,Wednesday,2013-01-09 06:00:00,2013.0,1.0,9.0,1.0,Wednesday,13.62,163,11-20 Years
35,Female,M.Sc,11.0,Junior,Startup,Tier-1,5.0,1.0,1,,145655,71.0,2024-04-29,Experience in data cleaning and ETL,2024,4,0,29,2,Monday,2013-04-29 06:00:00,2013.0,4.0,29.0,2.0,Monday,13.31,160,11-20 Years
35,Male,,11.0,Mid,SME,Tier-2,5.0,2.0,0,4.0,134213,34.0,2024-05-18,,2024,5,1,18,2,Saturday,2013-05-18 06:00:00,2013.0,5.0,18.0,2.0,Saturday,13.26,159,11-20 Years
38,Female,B.Sc,14.0,Junior,Enterprise,Tier-1,1.0,1.0,0,6.0,176501,59.0,2024-05-18,No relevant project mentioned,2024,5,0,18,2,Saturday,2010-05-18 12:00:00,2010.0,5.0,18.0,2.0,Tuesday,16.26,195,11-20 Years
30,Male,,5.0,Senior,Startup,Tier-2,1.0,1.0,0,0.0,86894,58.0,2023-08-07,Contributed to open-source NLP repo,2023,8,2,7,3,Monday,2018-08-06 18:00:00,2018.0,8.0,6.0,3.0,Monday,8.04,96,6-10 Years
34,Male,B.Sc,5.0,Junior,SME,Remote,4.0,1.0,0,6.0,83054,,2024-05-09,Built ML pipeline for preprocessing,2024,5,0,9,2,Thursday,2019-05-09 18:00:00,2019.0,5.0,9.0,2.0,Thursday,7.29,87,6-10 Years
28,Male,M.Sc,4.0,Mid,Enterprise,Tier-1,4.0,2.0,0,2.0,121955,49.0,2024-06-29,,2024,6,1,29,2,Saturday,2020-06-29 00:00:00,2020.0,6.0,29.0,2.0,Monday,6.15,74,6-10 Years
32,Male,B.Sc,10.0,Junior,SME,Tier-1,4.0,1.0,1,4.0,110641,54.0,2023-01-11,No relevant project mentioned,2023,1,0,11,1,Wednesday,2013-01-10 12:00:00,2013.0,1.0,10.0,1.0,Thursday,13.61,163,11-20 Years
29,Female,B.Sc,3.0,Senior,Enterprise,Tier-2,3.0,2.0,1,2.0,82852,67.0,2023-09-18,Built ML pipeline for preprocessing,2023,9,2,18,3,Monday,2020-09-17 06:00:00,2020.0,9.0,17.0,3.0,Thursday,5.93,71,6-10 Years
31,Male,M.Sc,6.0,Junior,Startup,Tier-3,9.0,0.0,0,2.0,90881,53.0,2023-03-12,No relevant project mentioned,2023,3,0,12,1,Sunday,2017-03-11 12:00:00,2017.0,3.0,11.0,1.0,Saturday,9.45,113,6-10 Years
34,Male,M.Eng,17.0,Lead,Enterprise,Remote,2.0,2.0,0,5.0,247544,53.0,2023-06-13,Worked on microservices deployment,2023,6,3,13,2,Tuesday,2006-06-12 18:00:00,2006.0,6.0,12.0,2.0,Monday,20.19,242,20+ Years
25,Female,B.Sc,3.0,Junior,Startup,Tier-1,11.0,1.0,0,,66811,70.0,2023-09-18,Experience in data cleaning and ETL,2023,9,0,18,3,Monday,2020-09-17 06:00:00,2020.0,9.0,17.0,3.0,Thursday,5.93,71,6-10 Years
43,Female,B.Sc,,Junior,Enterprise,Tier-1,4.0,2.0,0,2.0,256550,,2024-11-26,,2024,11,0,26,4,Tuesday,,,,,,,,,
24,Female,B.Sc,0.0,Junior,SME,Tier-3,6.0,,0,2.0,29149,57.0,2024-10-06,Built ML pipeline for preprocessing,2024,10,0,6,4,Sunday,2024-10-06 00:00:00,2024.0,10.0,6.0,4.0,Sunday,1.88,23,0-2 Years
23,Male,B.Sc,0.0,Senior,SME,Tier-3,3.0,2.0,1,2.0,51411,68.0,2024-02-15,Contributed to open-source NLP repo,2024,2,2,15,1,Thursday,2024-02-15 00:00:00,2024.0,2.0,15.0,1.0,Thursday,2.52,30,3-5 Years
37,Female,B.Sc,12.0,Senior,Startup,Tier-2,4.0,2.0,1,1.0,151920,54.0,2024-02-20,Worked on microservices deployment,2024,2,2,20,1,Tuesday,2012-02-20 00:00:00,2012.0,2.0,20.0,1.0,Monday,14.51,174,11-20 Years
35,Male,M.Sc,14.0,Junior,Startup,Tier-1,3.0,1.0,1,0.0,154516,68.0,2023-12-11,Worked on microservices deployment,2023,12,0,11,4,Monday,2009-12-10 12:00:00,2009.0,12.0,10.0,4.0,Thursday,16.7,200,11-20 Years
34,Male,M.Sc,12.0,Junior,Startup,Tier-1,2.0,1.0,1,1.0,138738,58.0,2023-08-22,Contributed to open-source NLP repo,2023,8,0,22,3,Tuesday,2011-08-22 00:00:00,2011.0,8.0,22.0,3.0,Monday,15.0,180,11-20 Years
34,Male,M.Sc,12.0,Mid,SME,Tier-1,5.0,3.0,0,1.0,168190,40.0,2023-01-15,Contributed to open-source NLP repo,2023,1,1,15,1,Sunday,2011-01-15 00:00:00,2011.0,1.0,15.0,1.0,Saturday,15.6,187,11-20 Years
30,Male,B.Sc,7.0,Junior,Startup,Remote,2.0,2.0,0,1.0,90127,69.0,2024-09-08,Built ML pipeline for preprocessing,2024,9,0,8,3,Sunday,2017-09-08 06:00:00,2017.0,9.0,8.0,3.0,Friday,8.95,107,6-10 Years
25,Male,M.Eng,3.0,Junior,Enterprise,Tier-1,5.0,1.0,0,2.0,94410,60.0,2023-12-20,Built ML pipeline for preprocessing,2023,12,0,20,4,Wednesday,2020-12-19 06:00:00,2020.0,12.0,19.0,4.0,Saturday,5.67,68,6-10 Years
30,Male,B.Sc,9.0,Junior,Startup,Tier-2,7.0,1.0,1,,108822,59.0,2024-04-27,,2024,4,0,27,2,Saturday,2015-04-27 18:00:00,2015.0,4.0,27.0,2.0,Monday,11.32,136,11-20 Years
26,Female,B.Sc,4.0,Junior,Enterprise,Tier-2,,2.0,0,0.0,76876,62.0,2024-03-13,Experience in data cleaning and ETL,2024,3,0,13,1,Wednesday,2020-03-13 00:00:00,2020.0,3.0,13.0,1.0,Friday,6.44,77,6-10 Years
36,Male,M.Eng,13.0,Junior,Startup,Tier-1,,1.0,1,0.0,150599,70.0,2023-01-20,,2023,1,0,20,1,Friday,2010-01-19 18:00:00,2010.0,1.0,19.0,1.0,Tuesday,16.59,199,11-20 Years
29,Male,B.Sc,9.0,Junior,Startup,Tier-1,3.0,0.0,0,3.0,100019,56.0,2024-04-16,Contributed to open-source NLP repo,2024,4,0,16,2,Tuesday,2015-04-16 18:00:00,2015.0,4.0,16.0,2.0,Thursday,11.35,136,11-20 Years
25,Male,B.Sc,4.0,Mid,Enterprise,Tier-2,7.0,1.0,1,2.0,99636,69.0,2023-06-11,Worked on microservices deployment,2023,6,1,11,2,Sunday,2019-06-11 00:00:00,2019.0,6.0,11.0,2.0,Tuesday,7.2,86,6-10 Years
28,Female,B.Sc+Cert,4.0,Senior,Enterprise,Tier-1,6.0,2.0,0,1.0,113236,69.0,2024-09-30,Contributed to open-source NLP repo,2024,9,2,30,3,Monday,2020-09-30 00:00:00,2020.0,9.0,30.0,3.0,Wednesday,5.89,71,6-10 Years
32,Male,B.Sc,10.0,Junior,SME,Tier-1,5.0,0.0,0,0.0,107540,51.0,2023-02-03,Built ML pipeline for preprocessing,2023,2,0,3,1,Friday,2013-02-02 12:00:00,2013.0,2.0,2.0,1.0,Saturday,13.55,163,11-20 Years
27,Male,M.Sc,2.0,Mid,Startup,Tier-1,5.0,1.0,1,1.0,79620,65.0,2023-04-25,Worked on microservices deployment,2023,4,1,25,2,Tuesday,2021-04-24 12:00:00,2021.0,4.0,24.0,2.0,Saturday,5.33,64,6-10 Years
25,Female,B.Sc,3.0,Junior,SME,Tier-3,6.0,1.0,0,4.0,56910,65.0,2024-03-05,Worked on microservices deployment,2024,3,0,5,1,Tuesday,2021-03-05 06:00:00,2021.0,3.0,5.0,1.0,Friday,5.46,66,6-10 Years
31,Female,M.Sc,8.0,Mid,SME,Remote,4.0,0.0,1,2.0,142731,66.0,2023-01-21,Contributed to open-source NLP repo,2023,1,1,21,1,Saturday,2015-01-21 00:00:00,2015.0,1.0,21.0,1.0,Wednesday,11.59,139,11-20 Years
31,Male,B.Sc,8.0,Junior,SME,Tier-2,5.0,0.0,0,0.0,95757,83.0,2023-06-16,Worked on microservices deployment,2023,6,0,16,2,Friday,2015-06-16 00:00:00,2015.0,6.0,16.0,2.0,Tuesday,11.19,134,11-20 Years
27,Male,B.Sc,4.0,Mid,SME,Tier-3,3.0,0.0,1,1.0,66525,52.0,2023-10-23,Built ML pipeline for preprocessing,2023,10,1,23,4,Monday,2019-10-23 00:00:00,2019.0,10.0,23.0,4.0,Wednesday,6.83,82,6-10 Years
27,Female,M.Sc,9.0,Junior,SME,Tier-2,4.0,1.0,0,7.0,105666,49.0,2023-06-21,Worked on microservices deployment,2023,6,0,21,2,Wednesday,2014-06-20 18:00:00,2014.0,6.0,20.0,2.0,Friday,12.17,146,11-20 Years
31,Male,B.Sc,3.0,Senior,Startup,Tier-2,5.0,1.0,0,,69959,54.0,2023-06-13,Built ML pipeline for preprocessing,2023,6,2,13,2,Tuesday,2020-06-12 06:00:00,2020.0,6.0,12.0,2.0,Friday,6.19,74,6-10 Years
21,Male,B.Sc,0.0,Junior,Enterprise,Remote,3.0,1.0,1,1.0,39706,53.0,2023-08-05,Contributed to open-source NLP repo,2023,8,0,5,3,Saturday,2023-08-05 00:00:00,2023.0,8.0,5.0,3.0,Saturday,3.05,37,3-5 Years
22,Female,B.Sc,0.0,Mid,Enterprise,Tier-2,6.0,0.0,0,5.0,42534,,2023-07-18,No relevant project mentioned,2023,7,1,18,3,Tuesday,2023-07-18 00:00:00,2023.0,7.0,18.0,3.0,Tuesday,3.1,37,3-5 Years
26,Male,B.Sc,6.0,Lead,Startup,Tier-1,4.0,0.0,0,1.0,109427,48.0,2023-02-19,No relevant project mentioned,2023,2,3,19,1,Sunday,2017-02-18 12:00:00,2017.0,2.0,18.0,1.0,Saturday,9.51,114,6-10 Years
29,Male,B.Sc,7.0,Mid,SME,Remote,,,1,,107367,53.0,2024-05-12,,2024,5,1,12,2,Sunday,2017-05-12 06:00:00,2017.0,5.0,12.0,2.0,Friday,9.28,111,6-10 Years
32,Male,B.Sc,9.0,Mid,Startup,Tier-3,3.0,1.0,1,0.0,99116,52.0,2024-03-17,Experience in data cleaning and ETL,2024,3,1,17,1,Sunday,2015-03-17 18:00:00,2015.0,3.0,17.0,1.0,Tuesday,11.43,137,11-20 Years
39,Male,,19.0,Senior,Enterprise,Tier-1,1.0,2.0,0,0.0,224830,46.0,2023-11-26,Built ML pipeline for preprocessing,2023,11,2,26,4,Sunday,2004-11-25 06:00:00,2004.0,11.0,25.0,4.0,Thursday,21.74,261,20+ Years
35,Male,B.Sc,,Junior,SME,Remote,8.0,1.0,0,2.0,128031,48.0,2023-11-26,,2023,11,0,26,4,Sunday,,,,,,,,,
29,Female,B.Sc,6.0,Junior,Startup,Tier-1,4.0,,1,0.0,92236,65.0,2023-10-21,Experience in data cleaning and ETL,2023,10,0,21,4,Saturday,2017-10-20 12:00:00,2017.0,10.0,20.0,4.0,Friday,8.84,106,6-10 Years
30,Male,B.Sc,7.0,Lead,Startup,Tier-1,4.0,1.0,1,0.0,120137,,2023-10-07,Contributed to open-source NLP repo,2023,10,3,7,4,Saturday,2016-10-06 06:00:00,2016.0,10.0,6.0,4.0,Thursday,9.88,119,6-10 Years
24,Male,B.Sc,0.0,Junior,Startup,Tier-2,7.0,0.0,1,6.0,37834,52.0,2023-12-30,Built ML pipeline for preprocessing,2023,12,0,30,4,Saturday,2023-12-30 00:00:00,2023.0,12.0,30.0,4.0,Saturday,2.65,32,3-5 Years
30,Male,B.Sc+Cert,10.0,Senior,SME,Tier-1,4.0,0.0,0,0.0,146814,62.0,2024-07-24,Experience in data cleaning and ETL,2024,7,2,24,3,Wednesday,2014-07-24 12:00:00,2014.0,7.0,24.0,3.0,Thursday,12.08,145,11-20 Years
28,Male,B.Sc,7.0,Junior,Enterprise,Tier-2,4.0,0.0,0,3.0,85910,69.0,2023-06-22,,2023,6,0,22,2,Thursday,2016-06-21 06:00:00,2016.0,6.0,21.0,2.0,Tuesday,10.17,122,11-20 Years
32,Female,B.Sc+Cert,10.0,Mid,Startup,Tier-1,9.0,0.0,0,1.0,106706,53.0,2023-06-03,,2023,6,1,3,2,Saturday,2013-06-02 12:00:00,2013.0,6.0,2.0,2.0,Sunday,13.22,159,11-20 Years
25,Male,B.Sc,0.0,Mid,Startup,Tier-1,9.0,2.0,0,6.0,46170,65.0,2024-05-06,Built ML pipeline for preprocessing,2024,5,1,6,2,Monday,2024-05-06 00:00:00,2024.0,5.0,6.0,2.0,Monday,2.3,28,3-5 Years
33,Male,,12.0,Lead,SME,Tier-2,9.0,2.0,0,7.0,185359,58.0,2024-08-17,Experience in data cleaning and ETL,2024,8,3,17,3,Saturday,2012-08-17 00:00:00,2012.0,8.0,17.0,3.0,Friday,14.02,168,11-20 Years
39,Male,B.Sc,20.0,Mid,Startup,Tier-2,3.0,1.0,0,1.0,157282,59.0,2023-09-24,Contributed to open-source NLP repo,2023,9,1,24,3,Sunday,2003-09-24 00:00:00,2003.0,9.0,24.0,3.0,Wednesday,22.91,275,20+ Years
29,Male,B.Sc+Cert,5.0,Junior,SME,Tier-1,6.0,2.0,0,2.0,82570,38.0,2024-10-01,No relevant project mentioned,2024,10,0,1,4,Tuesday,2019-10-01 18:00:00,2019.0,10.0,1.0,4.0,Tuesday,6.89,83,6-10 Years
32,Male,M.Sc,7.0,Mid,SME,Remote,8.0,0.0,0,4.0,111349,53.0,2024-11-28,Built ML pipeline for preprocessing,2024,11,1,28,4,Thursday,2017-11-28 06:00:00,2017.0,11.0,28.0,4.0,Tuesday,8.73,105,6-10 Years
34,Female,B.Sc,11.0,Junior,SME,Tier-2,5.0,1.0,1,0.0,117974,60.0,2024-02-22,Built ML pipeline for preprocessing,2024,2,0,22,1,Thursday,2013-02-21 06:00:00,2013.0,2.0,21.0,1.0,Thursday,13.5,162,11-20 Years
28,Female,B.Sc,2.0,Senior,Enterprise,Tier-1,7.0,3.0,1,3.0,99900,62.0,2023-09-29,,2023,9,2,29,3,Friday,2021-09-28 12:00:00,2021.0,9.0,28.0,3.0,Tuesday,4.9,59,3-5 Years
31,Male,B.Sc,6.0,Senior,Enterprise,Tier-1,9.0,1.0,0,5.0,127278,61.0,2024-03-18,,2024,3,2,18,1,Monday,2018-03-18 12:00:00,2018.0,3.0,18.0,1.0,Sunday,8.43,101,6-10 Years
30,Male,B.Sc+Cert,6.0,Mid,SME,Tier-3,2.0,2.0,1,0.0,82743,54.0,2024-05-27,No relevant project mentioned,2024,5,1,27,2,Monday,2018-05-27 12:00:00,2018.0,5.0,27.0,2.0,Sunday,8.24,99,6-10 Years
31,Female,B.Sc,7.0,Senior,Enterprise,Tier-2,7.0,1.0,1,4.0,140258,41.0,2024-02-16,Contributed to open-source NLP repo,2024,2,2,16,1,Friday,2017-02-15 06:00:00,2017.0,2.0,15.0,1.0,Wednesday,9.51,114,6-10 Years
25,Female,B.Sc,1.0,Junior,Enterprise,Tier-1,7.0,1.0,0,0.0,57420,46.0,2023-01-15,No relevant project mentioned,2023,1,0,15,1,Sunday,2022-01-14 18:00:00,2022.0,1.0,14.0,1.0,Friday,4.6,55,3-5 Years
30,Male,,11.0,Mid,Startup,Tier-1,2.0,1.0,0,,110344,,2023-03-21,No relevant project mentioned,2023,3,1,21,1,Tuesday,2012-03-20 06:00:00,2012.0,3.0,20.0,1.0,Tuesday,14.42,173,11-20 Years
33,Male,B.Sc,15.0,Mid,Startup,Tier-2,5.0,2.0,0,1.0,137839,70.0,2024-11-16,No relevant project mentioned,2024,11,1,16,4,Saturday,2009-11-16 06:00:00,2009.0,11.0,16.0,4.0,Monday,16.76,201,11-20 Years
39,Male,B.Sc+Cert,18.0,Mid,Startup,Tier-1,10.0,0.0,0,2.0,205480,,2024-06-27,,2024,6,1,27,2,Thursday,2006-06-27 12:00:00,2006.0,6.0,27.0,2.0,Tuesday,20.15,242,20+ Years
36,Female,M.Sc,13.0,Junior,SME,Tier-2,5.0,0.0,0,1.0,149521,,2024-07-04,Built ML pipeline for preprocessing,2024,7,0,4,3,Thursday,2011-07-04 18:00:00,2011.0,7.0,4.0,3.0,Monday,15.13,182,11-20 Years
43,Female,M.Sc,21.0,Senior,Enterprise,Remote,,2.0,0,1.0,252215,60.0,2024-12-05,No relevant project mentioned,2024,12,2,5,4,Thursday,2003-12-05 18:00:00,2003.0,12.0,5.0,4.0,Friday,22.71,273,20+ Years
25,Male,B.Sc+Cert,0.0,Junior,SME,Tier-1,,1.0,0,3.0,37755,,2023-08-28,Experience in data cleaning and ETL,2023,8,0,28,3,Monday,2023-08-28 00:00:00,2023.0,8.0,28.0,3.0,Monday,2.99,36,3-5 Years
35,Male,B.Sc,14.0,Mid,SME,Remote,3.0,1.0,0,,165513,66.0,2024-08-07,Contributed to open-source NLP repo,2024,8,1,7,3,Wednesday,2010-08-07 12:00:00,2010.0,8.0,7.0,3.0,Saturday,16.04,192,11-20 Years
31,Female,B.Sc,9.0,Junior,SME,Remote,5.0,2.0,0,1.0,97780,67.0,2024-08-27,Experience in data cleaning and ETL,2024,8,0,27,3,Tuesday,2015-08-27 18:00:00,2015.0,8.0,27.0,3.0,Thursday,10.99,132,11-20 Years
43,Female,B.Sc,18.0,Senior,Startup,Remote,4.0,0.0,0,1.0,197018,,2023-03-30,Worked on microservices deployment,2023,3,2,30,1,Thursday,2005-03-29 12:00:00,2005.0,3.0,29.0,1.0,Tuesday,21.4,257,20+ Years
25,Other,B.Sc,5.0,Junior,SME,Remote,5.0,0.0,0,0.0,73391,54.0,2023-09-11,Built ML pipeline for preprocessing,2023,9,0,11,3,Monday,2018-09-10 18:00:00,2018.0,9.0,10.0,3.0,Monday,7.95,95,6-10 Years
25,Female,M.Sc,3.0,Mid,Startup,Tier-3,6.0,1.0,0,2.0,66163,61.0,2023-05-19,Contributed to open-source NLP repo,2023,5,1,19,2,Friday,2020-05-18 06:00:00,2020.0,5.0,18.0,2.0,Monday,6.26,75,6-10 Years
26,Male,B.Sc+Cert,5.0,Junior,Startup,Tier-2,5.0,0.0,0,0.0,67355,51.0,2024-12-10,,2024,12,0,10,4,Tuesday,2019-12-10 18:00:00,2019.0,12.0,10.0,4.0,Tuesday,6.7,80,6-10 Years
20,Male,B.Sc,0.0,Mid,Enterprise,Tier-2,4.0,1.0,1,4.0,58857,72.0,2023-10-17,Built ML pipeline for preprocessing,2023,10,1,17,4,Tuesday,2023-10-17 00:00:00,2023.0,10.0,17.0,4.0,Tuesday,2.85,34,3-5 Years
27,Male,B.Sc,6.0,Junior,Enterprise,Tier-2,4.0,0.0,1,2.0,75694,68.0,2023-11-02,Built ML pipeline for preprocessing,2023,11,0,2,4,Thursday,2017-11-01 12:00:00,2017.0,11.0,1.0,4.0,Wednesday,8.8,106,6-10 Years
25,Male,B.Sc+Cert,3.0,Mid,Enterprise,Remote,7.0,2.0,0,4.0,94168,74.0,2023-06-21,Contributed to open-source NLP repo,2023,6,1,21,2,Wednesday,2020-06-20 06:00:00,2020.0,6.0,20.0,2.0,Saturday,6.17,74,6-10 Years
31,Male,B.Sc,11.0,Junior,Enterprise,Tier-1,3.0,3.0,1,0.0,138651,64.0,2024-06-09,,2024,6,0,9,2,Sunday,2013-06-09 06:00:00,2013.0,6.0,9.0,2.0,Sunday,13.2,158,11-20 Years
32,Female,B.Sc,7.0,Senior,Enterprise,Tier-1,4.0,1.0,1,3.0,129474,52.0,2023-11-24,Worked on microservices deployment,2023,11,2,24,4,Friday,2016-11-23 06:00:00,2016.0,11.0,23.0,4.0,Wednesday,9.74,117,6-10 Years
41,Male,B.Sc,19.0,Junior,SME,Tier-1,6.0,1.0,0,1.0,214361,74.0,2023-06-02,Experience in data cleaning and ETL,2023,6,0,2,2,Friday,2004-06-01 06:00:00,2004.0,6.0,1.0,2.0,Tuesday,22.22,267,20+ Years
36,Female,B.Sc+Cert,16.0,Junior,SME,Tier-3,3.0,0.0,0,0.0,142712,45.0,2024-12-08,No relevant project mentioned,2024,12,0,8,4,Sunday,2008-12-08 00:00:00,2008.0,12.0,8.0,4.0,Monday,17.71,213,11-20 Years
27,Male,M.Sc,3.0,Mid,SME,Tier-3,4.0,2.0,0,3.0,70602,65.0,2023-06-27,No relevant project mentioned,2023,6,1,27,2,Tuesday,2020-06-26 06:00:00,2020.0,6.0,26.0,2.0,Friday,6.15,74,6-10 Years
25,Female,M.Sc,5.0,Junior,SME,Tier-2,,0.0,0,3.0,77469,76.0,2024-08-29,,2024,8,0,29,3,Thursday,2019-08-29 18:00:00,2019.0,8.0,29.0,3.0,Thursday,6.98,84,6-10 Years
33,Male,M.Eng,14.0,Junior,SME,Tier-1,7.0,0.0,0,1.0,149445,44.0,2024-02-20,Built ML pipeline for preprocessing,2024,2,0,20,1,Tuesday,2010-02-19 12:00:00,2010.0,2.0,19.0,1.0,Friday,16.5,198,11-20 Years
22,Male,B.Sc,0.0,Senior,Enterprise,Tier-2,7.0,1.0,0,5.0,70892,64.0,2023-11-07,Experience in data cleaning and ETL,2023,11,2,7,4,Tuesday,2023-11-07 00:00:00,2023.0,11.0,7.0,4.0,Tuesday,2.79,33,3-5 Years
41,Male,B.Sc,,Lead,Startup,Tier-1,5.0,0.0,1,3.0,240004,60.0,2024-08-12,,2024,8,3,12,3,Monday,,,,,,,,,
37,Male,M.Eng,15.0,Mid,SME,Tier-2,3.0,0.0,0,1.0,191951,53.0,2023-09-01,Experience in data cleaning and ETL,2023,9,1,1,3,Friday,2008-08-31 06:00:00,2008.0,8.0,31.0,3.0,Sunday,17.97,216,11-20 Years
27,Female,B.Sc,1.0,Junior,SME,Tier-1,4.0,2.0,0,0.0,52001,36.0,2024-02-13,Contributed to open-source NLP repo,2024,2,0,13,1,Tuesday,2023-02-12 18:00:00,2023.0,2.0,12.0,1.0,Sunday,3.52,42,3-5 Years
20,Female,M.Sc,0.0,Junior,Startup,Remote,7.0,0.0,0,1.0,40154,60.0,2023-08-08,Built ML pipeline for preprocessing,2023,8,0,8,3,Tuesday,2023-08-08 00:00:00,2023.0,8.0,8.0,3.0,Tuesday,3.04,36,3-5 Years
38,Male,B.Sc+Cert,13.0,Mid,Enterprise,Tier-2,5.0,1.0,1,1.0,172782,70.0,2024-12-19,Contributed to open-source NLP repo,2024,12,1,19,4,Thursday,2011-12-19 18:00:00,2011.0,12.0,19.0,4.0,Monday,14.67,176,11-20 Years
29,Male,M.Sc,9.0,Junior,Startup,Tier-2,4.0,3.0,0,0.0,120027,61.0,2024-03-11,,2024,3,0,11,1,Monday,2015-03-11 18:00:00,2015.0,3.0,11.0,1.0,Wednesday,11.45,137,11-20 Years
37,Male,M.Sc,11.0,Senior,SME,Tier-3,4.0,1.0,0,1.0,143573,,2023-07-03,Experience in data cleaning and ETL,2023,7,2,3,3,Monday,2012-07-02 06:00:00,2012.0,7.0,2.0,3.0,Monday,14.14,170,11-20 Years
20,Male,M.Eng,1.0,Junior,Startup,Tier-2,,3.0,0,0.0,41169,,2024-09-18,Built ML pipeline for preprocessing,2024,9,0,18,3,Wednesday,2023-09-18 18:00:00,2023.0,9.0,18.0,3.0,Monday,2.93,35,3-5 Years
26,Female,M.Eng,3.0,Lead,Enterprise,Tier-1,1.0,0.0,0,1.0,131272,59.0,2023-05-04,Built ML pipeline for preprocessing,2023,5,3,4,2,Thursday,2020-05-03 06:00:00,2020.0,5.0,3.0,2.0,Sunday,6.3,76,6-10 Years
30,Female,B.Sc,6.0,Mid,SME,Tier-2,6.0,0.0,0,0.0,92812,73.0,2023-08-26,Built ML pipeline for preprocessing,2023,8,1,26,3,Saturday,2017-08-25 12:00:00,2017.0,8.0,25.0,3.0,Friday,8.99,108,6-10 Years
30,Male,B.Sc,,Senior,SME,Remote,,0.0,1,1.0,133377,,2024-09-11,Built ML pipeline for preprocessing,2024,9,2,11,3,Wednesday,,,,,,,,,
27,Female,,6.0,Junior,Enterprise,Tier-2,2.0,1.0,0,0.0,82244,48.0,2024-02-10,Contributed to open-source NLP repo,2024,2,0,10,1,Saturday,2018-02-09 12:00:00,2018.0,2.0,9.0,1.0,Friday,8.53,102,6-10 Years
34,Male,M.Sc,11.0,Senior,SME,Tier-2,6.0,0.0,0,,156917,69.0,2024-07-12,No relevant project mentioned,2024,7,2,12,3,Friday,2013-07-12 06:00:00,2013.0,7.0,12.0,3.0,Friday,13.11,157,11-20 Years
24,Female,B.Sc,1.0,Junior,Startup,Remote,4.0,1.0,0,2.0,35137,73.0,2023-07-17,,2023,7,0,17,3,Monday,2022-07-16 18:00:00,2022.0,7.0,16.0,3.0,Saturday,4.1,49,3-5 Years
29,Male,M.Sc,8.0,Mid,Startup,Tier-3,4.0,1.0,1,3.0,102727,41.0,2024-07-16,Worked on microservices deployment,2024,7,1,16,3,Tuesday,2016-07-16 00:00:00,2016.0,7.0,16.0,3.0,Saturday,10.1,121,11-20 Years
31,Female,B.Sc,8.0,Senior,Enterprise,Tier-2,6.0,1.0,0,7.0,125825,53.0,2024-12-06,Built ML pipeline for preprocessing,2024,12,2,6,4,Friday,2016-12-06 00:00:00,2016.0,12.0,6.0,4.0,Tuesday,9.71,117,6-10 Years
33,Female,M.Sc,9.0,Junior,SME,Tier-3,5.0,2.0,1,0.0,95312,69.0,2024-08-04,Contributed to open-source NLP repo,2024,8,0,4,3,Sunday,2015-08-04 18:00:00,2015.0,8.0,4.0,3.0,Tuesday,11.05,133,11-20 Years
34,Male,B.Sc,,Mid,Startup,Remote,2.0,2.0,0,1.0,111674,35.0,2023-03-28,No relevant project mentioned,2023,3,1,28,1,Tuesday,,,,,,,,,
23,Female,M.Sc,0.0,Mid,Startup,Remote,5.0,1.0,0,3.0,44118,60.0,2023-03-16,Contributed to open-source NLP repo,2023,3,1,16,1,Thursday,2023-03-16 00:00:00,2023.0,3.0,16.0,1.0,Thursday,3.44,41,3-5 Years
21,Male,B.Sc,,Junior,Startup,Remote,3.0,0.0,1,0.0,33814,78.0,2024-12-05,Built ML pipeline for preprocessing,2024,12,0,5,4,Thursday,,,,,,,,,
38,Male,B.Sc,17.0,Mid,SME,Tier-2,2.0,0.0,0,0.0,177345,,2023-11-29,Experience in data cleaning and ETL,2023,11,1,29,4,Wednesday,2006-11-28 18:00:00,2006.0,11.0,28.0,4.0,Tuesday,19.73,237,11-20 Years
32,Male,,10.0,Junior,Startup,Tier-1,4.0,0.0,0,0.0,106770,66.0,2024-03-06,Built ML pipeline for preprocessing,2024,3,0,6,1,Wednesday,2014-03-06 12:00:00,2014.0,3.0,6.0,1.0,Thursday,12.46,150,11-20 Years
26,Female,M.Sc,2.0,Mid,Startup,Tier-1,,1.0,0,1.0,64411,39.0,2024-01-05,Contributed to open-source NLP repo,2024,1,1,5,1,Friday,2022-01-04 12:00:00,2022.0,1.0,4.0,1.0,Tuesday,4.63,56,3-5 Years
39,Female,B.Sc,15.0,Mid,SME,Tier-1,2.0,0.0,0,1.0,147588,68.0,2023-02-13,Experience in data cleaning and ETL,2023,2,1,13,1,Monday,2008-02-13 06:00:00,2008.0,2.0,13.0,1.0,Wednesday,18.52,222,11-20 Years
31,Female,B.Sc,9.0,Mid,SME,Remote,6.0,1.0,0,7.0,115623,39.0,2023-10-24,Experience in data cleaning and ETL,2023,10,1,24,4,Tuesday,2014-10-23 18:00:00,2014.0,10.0,23.0,4.0,Thursday,11.83,142,11-20 Years
37,Female,B.Sc+Cert,15.0,Junior,SME,Remote,6.0,2.0,0,1.0,174348,55.0,2024-04-10,No relevant project mentioned,2024,4,0,10,2,Wednesday,2009-04-10 06:00:00,2009.0,4.0,10.0,2.0,Friday,17.37,208,11-20 Years
30,Male,M.Sc,8.0,Senior,SME,Tier-2,4.0,0.0,0,3.0,123701,61.0,2023-09-07,Worked on microservices deployment,2023,9,2,7,3,Thursday,2015-09-07 00:00:00,2015.0,9.0,7.0,3.0,Monday,10.96,132,11-20 Years
42,Female,B.Sc+Cert,18.0,Senior,SME,Tier-2,6.0,0.0,0,2.0,197807,60.0,2024-02-26,No relevant project mentioned,2024,2,2,26,1,Monday,2006-02-25 12:00:00,2006.0,2.0,25.0,1.0,Saturday,20.49,246,20+ Years
41,Male,B.Sc,18.0,Mid,SME,Tier-1,2.0,1.0,0,1.0,175096,55.0,2024-04-17,Contributed to open-source NLP repo,2024,4,1,17,2,Wednesday,2006-04-17 12:00:00,2006.0,4.0,17.0,2.0,Monday,20.35,244,20+ Years
29,Male,B.Sc,6.0,Mid,Enterprise,Tier-2,,1.0,0,0.0,92601,61.0,2023-09-30,Built ML pipeline for preprocessing,2023,9,1,30,3,Saturday,2017-09-29 12:00:00,2017.0,9.0,29.0,3.0,Friday,8.9,107,6-10 Years
36,Male,B.Sc+Cert,13.0,Mid,Startup,Tier-3,,1.0,1,5.0,133484,68.0,2023-06-22,Experience in data cleaning and ETL,2023,6,1,22,2,Thursday,2010-06-21 18:00:00,2010.0,6.0,21.0,2.0,Monday,16.17,194,11-20 Years
34,Female,B.Sc,12.0,Mid,SME,Tier-2,4.0,0.0,0,0.0,136462,63.0,2023-08-24,,2023,8,1,24,3,Thursday,2011-08-24 00:00:00,2011.0,8.0,24.0,3.0,Wednesday,15.0,180,11-20 Years
38,Female,M.Sc,17.0,Mid,SME,Tier-1,5.0,1.0,1,,200915,,2023-02-15,Experience in data cleaning and ETL,2023,2,1,15,1,Wednesday,2006-02-14 18:00:00,2006.0,2.0,14.0,1.0,Tuesday,20.52,246,20+ Years
24,Male,B.Sc,0.0,Junior,Startup,Tier-2,4.0,0.0,0,0.0,27762,47.0,2024-01-27,Worked on microservices deployment,2024,1,0,27,1,Saturday,2024-01-27 00:00:00,2024.0,1.0,27.0,1.0,Saturday,2.57,31,3-5 Years
34,Male,B.Sc,11.0,Mid,Enterprise,Tier-1,6.0,1.0,0,0.0,159754,55.0,2024-10-16,Built ML pipeline for preprocessing,2024,10,1,16,4,Wednesday,2013-10-16 06:00:00,2013.0,10.0,16.0,4.0,Wednesday,12.85,154,11-20 Years
36,Female,B.Sc,13.0,Junior,Startup,Remote,4.0,0.0,1,0.0,153528,,2023-08-21,Worked on microservices deployment,2023,8,0,21,3,Monday,2010-08-20 18:00:00,2010.0,8.0,20.0,3.0,Friday,16.01,192,11-20 Years
20,Male,B.Sc,0.0,Junior,SME,Tier-1,5.0,4.0,0,2.0,48437,48.0,2024-02-21,Experience in data cleaning and ETL,2024,2,0,21,1,Wednesday,2024-02-21 00:00:00,2024.0,2.0,21.0,1.0,Wednesday,2.5,30,3-5 Years
23,Female,B.Sc,6.0,Mid,SME,Remote,6.0,1.0,0,0.0,99439,48.0,2023-09-23,Worked on microservices deployment,2023,9,1,23,3,Saturday,2017-09-22 12:00:00,2017.0,9.0,22.0,3.0,Friday,8.91,107,6-10 Years
20,Female,B.Sc,0.0,Mid,Startup,Tier-1,3.0,1.0,0,1.0,40244,62.0,2023-07-09,No relevant project mentioned,2023,7,1,9,3,Sunday,2023-07-09 00:00:00,2023.0,7.0,9.0,3.0,Sunday,3.12,37,3-5 Years
28,Male,,6.0,Mid,SME,Tier-1,,0.0,0,4.0,137790,31.0,2023-07-02,Contributed to open-source NLP repo,2023,7,1,2,3,Sunday,2017-07-01 12:00:00,2017.0,7.0,1.0,3.0,Saturday,9.14,110,6-10 Years
34,Male,B.Sc,13.0,Mid,SME,Tier-2,8.0,1.0,0,4.0,144278,69.0,2023-12-23,No relevant project mentioned,2023,12,1,23,4,Saturday,2010-12-22 18:00:00,2010.0,12.0,22.0,4.0,Wednesday,15.67,188,11-20 Years
39,Female,M.Sc,15.0,Senior,Enterprise,Tier-3,4.0,,0,2.0,195451,48.0,2024-12-03,,2024,12,2,3,4,Tuesday,2009-12-03 06:00:00,2009.0,12.0,3.0,4.0,Thursday,16.72,201,11-20 Years
30,Female,M.Eng,10.0,Mid,Enterprise,Tier-2,7.0,1.0,0,2.0,142467,,2023-05-19,,2023,5,1,19,2,Friday,2013-05-18 12:00:00,2013.0,5.0,18.0,2.0,Saturday,13.26,159,11-20 Years
40,Male,M.Sc,17.0,Mid,Startup,Tier-1,4.0,0.0,1,0.0,188911,41.0,2024-06-30,Built ML pipeline for preprocessing,2024,6,1,30,2,Sunday,2007-06-30 18:00:00,2007.0,6.0,30.0,2.0,Saturday,19.15,230,11-20 Years
22,Female,B.Sc,0.0,Junior,SME,Tier-1,5.0,0.0,0,3.0,39663,56.0,2024-05-19,Built ML pipeline for preprocessing,2024,5,0,19,2,Sunday,2024-05-19 00:00:00,2024.0,5.0,19.0,2.0,Sunday,2.26,27,3-5 Years
20,Male,M.Sc,,Junior,Enterprise,Tier-2,2.0,,0,2.0,38220,35.0,2024-04-26,Experience in data cleaning and ETL,2024,4,0,26,2,Friday,,,,,,,,,
30,Male,M.Sc,6.0,Junior,Startup,Tier-1,9.0,2.0,1,2.0,103822,68.0,2023-12-18,No relevant project mentioned,2023,12,0,18,4,Monday,2017-12-17 12:00:00,2017.0,12.0,17.0,4.0,Sunday,8.68,104,6-10 Years
32,Female,M.Sc,10.0,Mid,SME,Tier-1,1.0,2.0,0,3.0,141073,62.0,2023-12-08,No relevant project mentioned,2023,12,1,8,4,Friday,2013-12-07 12:00:00,2013.0,12.0,7.0,4.0,Saturday,12.71,153,11-20 Years
30,Female,M.Sc,4.0,Senior,Enterprise,Tier-2,5.0,1.0,0,2.0,106842,49.0,2024-10-05,Built ML pipeline for preprocessing,2024,10,2,5,4,Saturday,2020-10-05 00:00:00,2020.0,10.0,5.0,4.0,Monday,5.88,71,6-10 Years
20,Male,PhD,0.0,Junior,SME,Tier-1,4.0,1.0,1,2.0,58452,67.0,2023-03-14,Experience in data cleaning and ETL,2023,3,0,14,1,Tuesday,2023-03-14 00:00:00,2023.0,3.0,14.0,1.0,Tuesday,3.44,41,3-5 Years
29,Female,M.Sc,5.0,Mid,Startup,Tier-1,3.0,1.0,0,2.0,88157,60.0,2023-06-12,Worked on microservices deployment,2023,6,1,12,2,Monday,2018-06-11 18:00:00,2018.0,6.0,11.0,2.0,Monday,8.2,98,6-10 Years
22,Male,B.Sc,0.0,Junior,SME,Tier-1,7.0,2.0,1,2.0,44834,66.0,2023-08-11,Built ML pipeline for preprocessing,2023,8,0,11,3,Friday,2023-08-11 00:00:00,2023.0,8.0,11.0,3.0,Friday,3.03,36,3-5 Years
34,Male,M.Sc,12.0,Junior,SME,Remote,4.0,2.0,0,,138043,44.0,2023-07-04,No relevant project mentioned,2023,7,0,4,3,Tuesday,2011-07-04 00:00:00,2011.0,7.0,4.0,3.0,Monday,15.14,182,11-20 Years
32,Male,B.Sc,7.0,Senior,Enterprise,Tier-1,3.0,3.0,0,1.0,129663,57.0,2023-04-05,,2023,4,2,5,2,Wednesday,2016-04-04 06:00:00,2016.0,4.0,4.0,2.0,Monday,10.38,125,11-20 Years
24,Female,B.Sc+Cert,2.0,Mid,Startup,Remote,6.0,0.0,0,0.0,57307,74.0,2024-11-14,Contributed to open-source NLP repo,2024,11,1,14,4,Thursday,2022-11-14 12:00:00,2022.0,11.0,14.0,4.0,Monday,3.77,45,3-5 Years
27,Male,B.Sc,2.0,Junior,Enterprise,Tier-1,4.0,2.0,0,,70870,71.0,2023-11-05,Built ML pipeline for preprocessing,2023,11,0,5,4,Sunday,2021-11-04 12:00:00,2021.0,11.0,4.0,4.0,Thursday,4.8,58,3-5 Years
24,Male,B.Sc,0.0,Mid,SME,Tier-3,3.0,2.0,1,6.0,35867,63.0,2023-05-28,Worked on microservices deployment,2023,5,1,28,2,Sunday,2023-05-28 00:00:00,2023.0,5.0,28.0,2.0,Sunday,3.24,39,3-5 Years
30,Male,M.Eng,8.0,Mid,Startup,Tier-1,6.0,1.0,1,1.0,119489,74.0,2023-11-15,Worked on microservices deployment,2023,11,1,15,4,Wednesday,2015-11-15 00:00:00,2015.0,11.0,15.0,4.0,Sunday,10.77,129,11-20 Years
36,Female,M.Sc,15.0,Mid,SME,Tier-2,6.0,1.0,1,4.0,178466,49.0,2023-06-28,Built ML pipeline for preprocessing,2023,6,1,28,2,Wednesday,2008-06-27 06:00:00,2008.0,6.0,27.0,2.0,Friday,18.15,218,11-20 Years
24,Male,,3.0,Junior,SME,Tier-3,3.0,1.0,0,1.0,47185,75.0,2024-10-15,Contributed to open-source NLP repo,2024,10,0,15,4,Tuesday,2021-10-15 06:00:00,2021.0,10.0,15.0,4.0,Friday,4.85,58,3-5 Years
33,Female,B.Sc,10.0,Mid,Startup,Tier-3,6.0,1.0,1,2.0,122648,,2023-10-18,No relevant project mentioned,2023,10,1,18,4,Wednesday,2013-10-17 12:00:00,2013.0,10.0,17.0,4.0,Thursday,12.85,154,11-20 Years
27,Male,B.Sc+Cert,3.0,Junior,Startup,Tier-3,6.0,2.0,1,5.0,53523,41.0,2024-09-13,,2024,9,0,13,3,Friday,2021-09-13 06:00:00,2021.0,9.0,13.0,3.0,Monday,4.94,59,3-5 Years
25,Male,B.Sc,2.0,Senior,Enterprise,Tier-3,2.0,0.0,0,4.0,64991,49.0,2024-05-11,Experience in data cleaning and ETL,2024,5,2,11,2,Saturday,2022-05-11 12:00:00,2022.0,5.0,11.0,2.0,Wednesday,4.28,51,3-5 Years
29,Male,,7.0,Mid,Enterprise,Tier-1,8.0,1.0,1,5.0,141761,76.0,2023-10-28,Worked on microservices deployment,2023,10,1,28,4,Saturday,2016-10-27 06:00:00,2016.0,10.0,27.0,4.0,Thursday,9.82,118,6-10 Years
24,Female,B.Sc,0.0,Mid,SME,Tier-2,3.0,1.0,1,0.0,39543,67.0,2023-06-10,Built ML pipeline for preprocessing,2023,6,1,10,2,Saturday,2023-06-10 00:00:00,2023.0,6.0,10.0,2.0,Saturday,3.2,38,3-5 Years
27,Female,M.Sc,6.0,Junior,Startup,Tier-2,10.0,1.0,1,0.0,87612,58.0,2023-03-02,Worked on microservices deployment,2023,3,0,2,1,Thursday,2017-03-01 12:00:00,2017.0,3.0,1.0,1.0,Wednesday,9.48,114,6-10 Years
23,Male,M.Eng,0.0,Junior,Enterprise,Remote,4.0,1.0,0,1.0,55354,69.0,2023-03-13,Contributed to open-source NLP repo,2023,3,0,13,1,Monday,2023-03-13 00:00:00,2023.0,3.0,13.0,1.0,Monday,3.45,41,3-5 Years
42,Male,B.Sc,21.0,Junior,SME,Tier-1,,1.0,1,4.0,211724,69.0,2024-03-12,Worked on microservices deployment,2024,3,0,12,1,Tuesday,2003-03-12 18:00:00,2003.0,3.0,12.0,1.0,Wednesday,23.45,281,20+ Years
30,Male,B.Sc,9.0,Lead,Startup,Remote,3.0,0.0,0,4.0,129239,82.0,2024-04-26,,2024,4,3,26,2,Friday,2015-04-26 18:00:00,2015.0,4.0,26.0,2.0,Sunday,11.32,136,11-20 Years
26,Male,B.Sc,7.0,Junior,Enterprise,Tier-2,8.0,3.0,1,0.0,107452,59.0,2023-04-25,Worked on microservices deployment,2023,4,0,25,2,Tuesday,2016-04-24 06:00:00,2016.0,4.0,24.0,2.0,Sunday,10.33,124,11-20 Years
31,Male,M.Sc,8.0,Junior,Startup,Tier-2,7.0,0.0,0,0.0,105090,,2023-07-25,Contributed to open-source NLP repo,2023,7,0,25,3,Tuesday,2015-07-25 00:00:00,2015.0,7.0,25.0,3.0,Saturday,11.08,133,11-20 Years
29,Male,B.Sc,7.0,Lead,SME,Tier-1,8.0,,1,4.0,140385,53.0,2023-11-30,Built ML pipeline for preprocessing,2023,11,3,30,4,Thursday,2016-11-29 06:00:00,2016.0,11.0,29.0,4.0,Tuesday,9.73,117,6-10 Years
29,Male,M.Sc,4.0,Mid,SME,Tier-2,3.0,0.0,0,2.0,70812,39.0,2023-11-02,Built ML pipeline for preprocessing,2023,11,1,2,4,Thursday,2019-11-02 00:00:00,2019.0,11.0,2.0,4.0,Saturday,6.81,82,6-10 Years
34,Male,B.Sc,12.0,Senior,SME,Tier-3,6.0,0.0,0,2.0,154175,63.0,2024-07-07,Contributed to open-source NLP repo,2024,7,2,7,3,Sunday,2012-07-07 00:00:00,2012.0,7.0,7.0,3.0,Saturday,14.13,170,11-20 Years
35,Male,B.Sc,15.0,Junior,Startup,Tier-2,6.0,2.0,0,4.0,158487,59.0,2024-06-15,Built ML pipeline for preprocessing,2024,6,0,15,2,Saturday,2009-06-15 06:00:00,2009.0,6.0,15.0,2.0,Monday,17.19,206,11-20 Years
27,Female,B.Sc,6.0,Mid,SME,Remote,7.0,0.0,0,0.0,85678,,2024-08-26,Worked on microservices deployment,2024,8,1,26,3,Monday,2018-08-26 12:00:00,2018.0,8.0,26.0,3.0,Sunday,7.99,96,6-10 Years
27,Male,,5.0,Mid,Enterprise,Tier-3,3.0,,1,0.0,82466,67.0,2024-08-02,No relevant project mentioned,2024,8,1,2,3,Friday,2019-08-02 18:00:00,2019.0,8.0,2.0,3.0,Friday,7.06,85,6-10 Years
28,Male,M.Sc,4.0,Senior,SME,Tier-2,8.0,1.0,1,5.0,111538,59.0,2023-05-15,No relevant project mentioned,2023,5,2,15,2,Monday,2019-05-15 00:00:00,2019.0,5.0,15.0,2.0,Wednesday,7.27,87,6-10 Years
20,Female,B.Sc+Cert,0.0,Junior,SME,Remote,8.0,3.0,0,0.0,45068,81.0,2024-07-31,Worked on microservices deployment,2024,7,0,31,3,Wednesday,2024-07-31 00:00:00,2024.0,7.0,31.0,3.0,Wednesday,2.06,25,3-5 Years
21,Male,M.Sc,,Mid,Startup,Tier-2,5.0,0.0,0,0.0,46373,61.0,2023-05-31,,2023,5,1,31,2,Wednesday,,,,,,,,,
38,Male,B.Sc,14.0,Senior,Enterprise,Tier-2,11.0,2.0,0,1.0,170945,,2024-07-01,Built ML pipeline for preprocessing,2024,7,2,1,3,Monday,2010-07-01 12:00:00,2010.0,7.0,1.0,3.0,Thursday,16.14,194,11-20 Years
40,Male,B.Sc+Cert,13.0,Mid,Enterprise,Tier-1,2.0,1.0,0,1.0,174252,61.0,2023-05-20,Experience in data cleaning and ETL,2023,5,1,20,2,Saturday,2010-05-19 18:00:00,2010.0,5.0,19.0,2.0,Wednesday,16.26,195,11-20 Years
29,Male,M.Sc,5.0,Mid,Enterprise,Tier-1,3.0,0.0,1,0.0,93485,53.0,2024-02-11,No relevant project mentioned,2024,2,1,11,1,Sunday,2019-02-10 18:00:00,2019.0,2.0,10.0,1.0,Sunday,7.53,90,6-10 Years
33,Male,B.Sc+Cert,9.0,Junior,SME,Tier-2,4.0,0.0,1,3.0,117053,63.0,2024-05-04,Contributed to open-source NLP repo,2024,5,0,4,2,Saturday,2015-05-04 18:00:00,2015.0,5.0,4.0,2.0,Monday,11.3,136,11-20 Years
32,Male,B.Sc,8.0,Junior,Enterprise,Remote,4.0,1.0,0,7.0,91954,55.0,2023-07-24,Worked on microservices deployment,2023,7,0,24,3,Monday,2015-07-24 00:00:00,2015.0,7.0,24.0,3.0,Friday,11.08,133,11-20 Years
48,Female,B.Sc,23.0,Mid,Startup,Tier-1,8.0,0.0,0,0.0,251917,54.0,2023-10-22,,2023,10,1,22,4,Sunday,2000-10-21 06:00:00,2000.0,10.0,21.0,4.0,Saturday,25.83,310,20+ Years
37,Male,B.Sc,12.0,Mid,SME,Tier-1,4.0,3.0,1,4.0,139167,62.0,2024-08-04,Worked on microservices deployment,2024,8,1,4,3,Sunday,2012-08-04 00:00:00,2012.0,8.0,4.0,3.0,Saturday,14.05,169,11-20 Years
29,Male,M.Sc,5.0,Lead,SME,Tier-2,9.0,1.0,0,0.0,147637,69.0,2024-11-01,Contributed to open-source NLP repo,2024,11,3,1,4,Friday,2019-11-01 18:00:00,2019.0,11.0,1.0,4.0,Friday,6.81,82,6-10 Years
24,Male,B.Sc,0.0,Mid,SME,Tier-1,8.0,0.0,0,0.0,53719,53.0,2023-07-03,No relevant project mentioned,2023,7,1,3,3,Monday,2023-07-03 00:00:00,2023.0,7.0,3.0,3.0,Monday,3.14,38,3-5 Years
20,Male,B.Sc,0.0,Mid,Enterprise,Tier-3,4.0,1.0,0,2.0,45308,55.0,2023-01-18,,2023,1,1,18,1,Wednesday,2023-01-18 00:00:00,2023.0,1.0,18.0,1.0,Wednesday,3.59,43,3-5 Years
31,Male,B.Sc,10.0,Senior,SME,Tier-3,7.0,1.0,0,7.0,125224,45.0,2024-01-18,Experience in data cleaning and ETL,2024,1,2,18,1,Thursday,2014-01-17 12:00:00,2014.0,1.0,17.0,1.0,Friday,12.59,151,11-20 Years
25,Female,M.Sc,2.0,Junior,Startup,Tier-1,2.0,1.0,0,6.0,49884,73.0,2024-07-24,No relevant project mentioned,2024,7,0,24,3,Wednesday,2022-07-24 12:00:00,2022.0,7.0,24.0,3.0,Sunday,4.08,49,3-5 Years
21,Male,M.Sc,,Mid,SME,Remote,6.0,0.0,1,0.0,56345,79.0,2024-09-12,Worked on microservices deployment,2024,9,1,12,3,Thursday,,,,,,,,,
26,Male,B.Sc,4.0,Junior,SME,Tier-2,7.0,1.0,0,0.0,71365,71.0,2024-10-04,Contributed to open-source NLP repo,2024,10,0,4,4,Friday,2020-10-04 00:00:00,2020.0,10.0,4.0,4.0,Sunday,5.88,71,6-10 Years
24,Male,B.Sc,,Junior,SME,Tier-2,5.0,4.0,1,6.0,63326,51.0,2024-06-25,,2024,6,0,25,2,Tuesday,,,,,,,,,
40,Male,M.Sc,,Senior,Startup,Tier-1,,1.0,0,0.0,233649,50.0,2024-05-22,No relevant project mentioned,2024,5,2,22,2,Wednesday,,,,,,,,,
35,Other,B.Sc+Cert,11.0,Mid,Startup,Tier-2,5.0,1.0,1,3.0,131380,70.0,2023-07-11,No relevant project mentioned,2023,7,1,11,3,Tuesday,2012-07-10 06:00:00,2012.0,7.0,10.0,3.0,Tuesday,14.12,169,11-20 Years
30,Male,M.Sc,7.0,Mid,SME,Remote,6.0,1.0,0,,124659,52.0,2023-07-17,Built ML pipeline for preprocessing,2023,7,1,17,3,Monday,2016-07-16 06:00:00,2016.0,7.0,16.0,3.0,Saturday,10.1,121,11-20 Years
39,Male,B.Sc+Cert,18.0,Mid,Enterprise,Tier-1,3.0,0.0,0,2.0,211269,59.0,2023-08-30,No relevant project mentioned,2023,8,1,30,3,Wednesday,2005-08-29 12:00:00,2005.0,8.0,29.0,3.0,Monday,20.98,252,20+ Years
30,Male,M.Sc,7.0,Mid,Enterprise,Tier-1,5.0,2.0,0,2.0,134437,44.0,2023-04-01,No relevant project mentioned,2023,4,1,1,2,Saturday,2016-03-31 06:00:00,2016.0,3.0,31.0,1.0,Thursday,10.39,125,11-20 Years
25,Female,M.Sc,1.0,Junior,Enterprise,Tier-1,5.0,1.0,1,2.0,73940,56.0,2023-01-02,Contributed to open-source NLP repo,2023,1,0,2,1,Monday,2022-01-01 18:00:00,2022.0,1.0,1.0,1.0,Saturday,4.64,56,3-5 Years
39,Male,,12.0,Mid,Enterprise,Tier-1,,1.0,1,4.0,151958,,2024-08-31,,2024,8,1,31,3,Saturday,2012-08-31 00:00:00,2012.0,8.0,31.0,3.0,Friday,13.98,168,11-20 Years
33,Male,M.Sc,11.0,Mid,Startup,Tier-1,7.0,3.0,1,0.0,153576,47.0,2024-04-09,Worked on microservices deployment,2024,4,1,9,2,Tuesday,2013-04-09 06:00:00,2013.0,4.0,9.0,2.0,Tuesday,13.37,160,11-20 Years
24,Female,M.Sc,0.0,Senior,Enterprise,Tier-1,5.0,1.0,0,1.0,103717,64.0,2023-10-12,Contributed to open-source NLP repo,2023,10,2,12,4,Thursday,2023-10-12 00:00:00,2023.0,10.0,12.0,4.0,Thursday,2.86,34,3-5 Years
29,Female,M.Sc,4.0,Junior,SME,Remote,6.0,0.0,0,1.0,77780,54.0,2023-01-04,Worked on microservices deployment,2023,1,0,4,1,Wednesday,2019-01-04 00:00:00,2019.0,1.0,4.0,1.0,Friday,7.63,92,6-10 Years
25,Male,B.Sc,6.0,Junior,Enterprise,Tier-3,3.0,0.0,0,0.0,75591,70.0,2023-08-26,No relevant project mentioned,2023,8,0,26,3,Saturday,2017-08-25 12:00:00,2017.0,8.0,25.0,3.0,Friday,8.99,108,6-10 Years
22,Male,B.Sc,0.0,Mid,SME,Tier-1,5.0,1.0,0,,49477,56.0,2024-07-05,Contributed to open-source NLP repo,2024,7,1,5,3,Friday,2024-07-05 00:00:00,2024.0,7.0,5.0,3.0,Friday,2.13,26,3-5 Years
36,Male,B.Sc,11.0,Senior,Enterprise,Tier-3,4.0,1.0,0,,137559,65.0,2024-03-14,,2024,3,2,14,1,Thursday,2013-03-14 06:00:00,2013.0,3.0,14.0,1.0,Thursday,13.44,161,11-20 Years
41,Male,B.Sc,18.0,Mid,SME,Tier-1,2.0,0.0,1,0.0,194747,63.0,2024-01-25,Built ML pipeline for preprocessing,2024,1,1,25,1,Thursday,2006-01-24 12:00:00,2006.0,1.0,24.0,1.0,Tuesday,20.57,247,20+ Years
22,Male,B.Sc,4.0,Mid,Startup,Tier-2,5.0,2.0,0,6.0,67831,58.0,2023-11-25,Contributed to open-source NLP repo,2023,11,1,25,4,Saturday,2019-11-25 00:00:00,2019.0,11.0,25.0,4.0,Monday,6.74,81,6-10 Years
33,Male,M.Eng,10.0,Lead,SME,Tier-1,6.0,0.0,1,2.0,197931,66.0,2023-08-29,,2023,8,3,29,3,Tuesday,2013-08-28 12:00:00,2013.0,8.0,28.0,3.0,Wednesday,12.98,156,11-20 Years
26,Male,B.Sc,0.0,Lead,Startup,Tier-1,3.0,0.0,0,2.0,56662,39.0,2024-09-06,No relevant project mentioned,2024,9,3,6,3,Friday,2024-09-06 00:00:00,2024.0,9.0,6.0,3.0,Friday,1.96,24,0-2 Years
27,Male,B.Sc,5.0,Mid,Enterprise,Remote,,3.0,0,3.0,103627,59.0,2024-05-09,Built ML pipeline for preprocessing,2024,5,1,9,2,Thursday,2019-05-09 18:00:00,2019.0,5.0,9.0,2.0,Thursday,7.29,87,6-10 Years
26,Male,B.Sc,4.0,Mid,SME,Tier-1,6.0,3.0,0,3.0,95773,67.0,2023-03-02,Built ML pipeline for preprocessing,2023,3,1,2,1,Thursday,2019-03-02 00:00:00,2019.0,3.0,2.0,1.0,Saturday,7.48,90,6-10 Years
25,Female,M.Sc,3.0,Junior,SME,Tier-3,4.0,2.0,0,2.0,69482,,2023-03-03,Built ML pipeline for preprocessing,2023,3,0,3,1,Friday,2020-03-02 06:00:00,2020.0,3.0,2.0,1.0,Monday,6.47,78,6-10 Years
30,Male,B.Sc,8.0,Senior,Enterprise,Tier-2,5.0,1.0,1,1.0,130274,58.0,2024-03-27,Built ML pipeline for preprocessing,2024,3,2,27,1,Wednesday,2016-03-27 00:00:00,2016.0,3.0,27.0,1.0,Sunday,10.41,125,11-20 Years
25,Male,B.Sc,1.0,Mid,SME,Tier-1,3.0,3.0,1,1.0,67603,60.0,2023-10-04,Contributed to open-source NLP repo,2023,10,1,4,4,Wednesday,2022-10-03 18:00:00,2022.0,10.0,3.0,4.0,Monday,3.89,47,3-5 Years
32,Male,M.Sc,13.0,Lead,SME,Tier-3,3.0,1.0,1,0.0,177239,77.0,2023-06-08,Contributed to open-source NLP repo,2023,6,3,8,2,Thursday,2010-06-07 18:00:00,2010.0,6.0,7.0,2.0,Monday,16.21,195,11-20 Years
30,Female,B.Sc,3.0,Junior,Startup,Tier-2,4.0,0.0,1,5.0,58167,68.0,2023-08-27,Built ML pipeline for preprocessing,2023,8,0,27,3,Sunday,2020-08-26 06:00:00,2020.0,8.0,26.0,3.0,Wednesday,5.99,72,6-10 Years
29,Male,B.Sc+Cert,4.0,Mid,SME,Tier-1,3.0,1.0,0,3.0,83962,55.0,2023-02-12,Contributed to open-source NLP repo,2023,2,1,12,1,Sunday,2019-02-12 00:00:00,2019.0,2.0,12.0,1.0,Tuesday,7.53,90,6-10 Years
25,Male,B.Sc+Cert,0.0,Mid,Enterprise,Tier-1,5.0,2.0,0,2.0,72806,75.0,2024-02-17,Contributed to open-source NLP repo,2024,2,1,17,1,Saturday,2024-02-17 00:00:00,2024.0,2.0,17.0,1.0,Saturday,2.51,30,3-5 Years
27,Male,B.Sc,6.0,Mid,Enterprise,Tier-1,7.0,2.0,1,1.0,97494,46.0,2024-03-14,Contributed to open-source NLP repo,2024,3,1,14,1,Thursday,2018-03-14 12:00:00,2018.0,3.0,14.0,1.0,Wednesday,8.44,101,6-10 Years
35,Male,B.Sc,14.0,Junior,Enterprise,Remote,5.0,0.0,0,2.0,167728,70.0,2023-11-10,Contributed to open-source NLP repo,2023,11,0,10,4,Friday,2009-11-09 12:00:00,2009.0,11.0,9.0,4.0,Monday,16.78,201,11-20 Years
33,Male,M.Sc,9.0,Mid,Startup,Tier-2,6.0,3.0,0,2.0,123556,52.0,2023-06-01,Worked on microservices deployment,2023,6,1,1,2,Thursday,2014-05-31 18:00:00,2014.0,5.0,31.0,2.0,Saturday,12.23,147,11-20 Years
24,Male,B.Sc,0.0,Senior,Startup,Tier-1,1.0,0.0,0,1.0,46058,,2023-03-21,Contributed to open-source NLP repo,2023,3,2,21,1,Tuesday,2023-03-21 00:00:00,2023.0,3.0,21.0,1.0,Tuesday,3.43,41,3-5 Years
31,Male,B.Sc,,Mid,Startup,Remote,,1.0,0,1.0,111240,77.0,2023-05-17,No relevant project mentioned,2023,5,1,17,2,Wednesday,,,,,,,,,
35,Female,B.Sc,14.0,Junior,Enterprise,Tier-1,7.0,3.0,1,5.0,190681,65.0,2024-12-25,Built ML pipeline for preprocessing,2024,12,0,25,4,Wednesday,2010-12-25 12:00:00,2010.0,12.0,25.0,4.0,Saturday,15.66,188,11-20 Years
20,Male,B.Sc+Cert,0.0,Mid,Startup,Tier-1,10.0,1.0,0,2.0,49867,66.0,2024-03-25,No relevant project mentioned,2024,3,1,25,1,Monday,2024-03-25 00:00:00,2024.0,3.0,25.0,1.0,Monday,2.41,29,3-5 Years
33,Male,B.Sc,10.0,Junior,Startup,Tier-1,4.0,1.0,0,0.0,106517,59.0,2024-01-21,Contributed to open-source NLP repo,2024,1,0,21,1,Sunday,2014-01-20 12:00:00,2014.0,1.0,20.0,1.0,Monday,12.59,151,11-20 Years
26,Female,M.Sc,3.0,Junior,SME,Tier-2,6.0,0.0,0,1.0,56943,,2024-11-07,Built ML pipeline for preprocessing,2024,11,0,7,4,Thursday,2021-11-07 06:00:00,2021.0,11.0,7.0,4.0,Sunday,4.79,57,3-5 Years
33,Male,M.Sc,11.0,Mid,SME,Tier-1,6.0,1.0,0,1.0,142891,68.0,2024-01-18,Worked on microservices deployment,2024,1,1,18,1,Thursday,2013-01-17 06:00:00,2013.0,1.0,17.0,1.0,Thursday,13.59,163,11-20 Years
25,Male,B.Sc,1.0,Senior,Enterprise,Tier-2,6.0,2.0,1,3.0,72279,61.0,2023-06-14,Built ML pipeline for preprocessing,2023,6,2,14,2,Wednesday,2022-06-13 18:00:00,2022.0,6.0,13.0,2.0,Monday,4.19,50,3-5 Years
20,Male,B.Sc,0.0,Mid,SME,Remote,8.0,1.0,0,3.0,49774,52.0,2024-12-09,No relevant project mentioned,2024,12,1,9,4,Monday,2024-12-09 00:00:00,2024.0,12.0,9.0,4.0,Monday,1.7,20,0-2 Years
20,Male,PhD,0.0,Mid,SME,Tier-1,4.0,1.0,0,1.0,76941,57.0,2023-10-29,Built ML pipeline for preprocessing,2023,10,1,29,4,Sunday,2023-10-29 00:00:00,2023.0,10.0,29.0,4.0,Sunday,2.82,34,3-5 Years
30,Female,B.Sc,6.0,Junior,SME,Tier-1,9.0,2.0,0,6.0,85529,49.0,2023-02-17,No relevant project mentioned,2023,2,0,17,1,Friday,2017-02-16 12:00:00,2017.0,2.0,16.0,1.0,Thursday,9.51,114,6-10 Years
32,Female,M.Sc,7.0,Mid,Enterprise,Tier-1,3.0,,0,5.0,135882,60.0,2023-05-07,Contributed to open-source NLP repo,2023,5,1,7,2,Sunday,2016-05-06 06:00:00,2016.0,5.0,6.0,2.0,Friday,10.29,123,11-20 Years
25,Male,B.Sc,0.0,Junior,SME,Tier-2,7.0,,0,5.0,37528,66.0,2024-01-03,,2024,1,0,3,1,Wednesday,2024-01-03 00:00:00,2024.0,1.0,3.0,1.0,Wednesday,2.64,32,3-5 Years
34,Male,B.Sc,12.0,Lead,SME,Remote,6.0,1.0,1,1.0,177331,69.0,2024-10-09,,2024,10,3,9,4,Wednesday,2012-10-09 00:00:00,2012.0,10.0,9.0,4.0,Tuesday,13.87,166,11-20 Years
20,Female,B.Sc,,Senior,SME,Tier-1,,0.0,0,,59795,46.0,2023-02-01,,2023,2,2,1,1,Wednesday,,,,,,,,,
30,Female,B.Sc,8.0,Mid,Startup,Tier-1,4.0,1.0,0,1.0,123667,66.0,2024-05-21,Contributed to open-source NLP repo,2024,5,1,21,2,Tuesday,2016-05-21 00:00:00,2016.0,5.0,21.0,2.0,Saturday,10.26,123,11-20 Years
23,Female,B.Sc,1.0,Mid,Enterprise,Tier-1,5.0,1.0,1,1.0,77306,54.0,2024-09-04,Worked on microservices deployment,2024,9,1,4,3,Wednesday,2023-09-04 18:00:00,2023.0,9.0,4.0,3.0,Monday,2.97,36,3-5 Years
26,Male,M.Eng,5.0,Senior,Startup,Tier-1,3.0,1.0,1,5.0,100737,52.0,2023-03-18,,2023,3,2,18,1,Saturday,2018-03-17 18:00:00,2018.0,3.0,17.0,1.0,Saturday,8.43,101,6-10 Years
30,Male,B.Sc,7.0,Mid,Enterprise,Tier-2,6.0,2.0,0,0.0,96037,55.0,2024-12-07,Experience in data cleaning and ETL,2024,12,1,7,4,Saturday,2017-12-07 06:00:00,2017.0,12.0,7.0,4.0,Thursday,8.71,105,6-10 Years
25,Female,B.Sc,1.0,Junior,Startup,Tier-1,4.0,0.0,0,4.0,38154,54.0,2023-07-20,Worked on microservices deployment,2023,7,0,20,3,Thursday,2022-07-19 18:00:00,2022.0,7.0,19.0,3.0,Tuesday,4.09,49,3-5 Years
28,Male,B.Sc,5.0,Junior,Enterprise,Tier-1,3.0,1.0,0,2.0,88215,69.0,2023-03-09,No relevant project mentioned,2023,3,0,9,1,Thursday,2018-03-08 18:00:00,2018.0,3.0,8.0,1.0,Thursday,8.46,102,6-10 Years
36,Male,M.Sc,9.0,Mid,Enterprise,Tier-2,1.0,2.0,0,0.0,148322,56.0,2023-01-28,Contributed to open-source NLP repo,2023,1,1,28,1,Saturday,2014-01-27 18:00:00,2014.0,1.0,27.0,1.0,Monday,12.57,151,11-20 Years
27,Male,B.Sc,4.0,Senior,SME,Tier-1,2.0,1.0,0,2.0,88443,56.0,2024-02-04,Worked on microservices deployment,2024,2,2,4,1,Sunday,2020-02-04 00:00:00,2020.0,2.0,4.0,1.0,Tuesday,6.55,79,6-10 Years
35,Male,M.Sc,,Junior,SME,Tier-2,4.0,2.0,0,0.0,100837,44.0,2023-02-26,Experience in data cleaning and ETL,2023,2,0,26,1,Sunday,,,,,,,,,
23,Male,B.Sc,1.0,Junior,SME,Tier-1,5.0,1.0,0,0.0,50738,49.0,2023-07-22,,2023,7,0,22,3,Saturday,2022-07-21 18:00:00,2022.0,7.0,21.0,3.0,Thursday,4.09,49,3-5 Years
33,Male,,,Mid,SME,Remote,8.0,0.0,1,4.0,111238,51.0,2024-07-20,Contributed to open-source NLP repo,2024,7,1,20,3,Saturday,,,,,,,,,
39,Female,B.Sc,15.0,Senior,Startup,Tier-1,,0.0,1,3.0,181751,,2023-03-24,Built ML pipeline for preprocessing,2023,3,2,24,1,Friday,2008-03-23 06:00:00,2008.0,3.0,23.0,1.0,Sunday,18.41,221,11-20 Years
20,Male,M.Eng,0.0,Junior,SME,Remote,2.0,2.0,0,0.0,46279,,2024-09-09,Contributed to open-source NLP repo,2024,9,0,9,3,Monday,2024-09-09 00:00:00,2024.0,9.0,9.0,3.0,Monday,1.95,23,0-2 Years
25,Female,B.Sc,,Junior,Enterprise,Tier-1,,,0,6.0,43433,49.0,2023-09-08,Contributed to open-source NLP repo,2023,9,0,8,3,Friday,,,,,,,,,
33,Male,B.Sc,7.0,Mid,Startup,Tier-3,3.0,,0,0.0,91963,52.0,2023-12-08,,2023,12,1,8,4,Friday,2016-12-07 06:00:00,2016.0,12.0,7.0,4.0,Wednesday,9.71,117,6-10 Years
29,Male,,4.0,Mid,Enterprise,Tier-1,5.0,1.0,0,1.0,99047,49.0,2024-02-27,No relevant project mentioned,2024,2,1,27,1,Tuesday,2020-02-27 00:00:00,2020.0,2.0,27.0,1.0,Thursday,6.49,78,6-10 Years
32,Female,M.Eng,7.0,Junior,SME,Tier-2,6.0,0.0,0,0.0,100526,61.0,2024-03-14,Worked on microservices deployment,2024,3,0,14,1,Thursday,2017-03-14 06:00:00,2017.0,3.0,14.0,1.0,Tuesday,9.44,113,6-10 Years
26,Male,B.Sc,,Junior,SME,Tier-1,6.0,1.0,1,0.0,44523,73.0,2024-02-18,,2024,2,0,18,1,Sunday,,,,,,,,,
31,Male,B.Sc,8.0,Mid,Enterprise,Tier-2,4.0,1.0,0,0.0,111385,53.0,2023-05-13,Built ML pipeline for preprocessing,2023,5,1,13,2,Saturday,2015-05-13 00:00:00,2015.0,5.0,13.0,2.0,Wednesday,11.28,135,11-20 Years
29,Male,B.Sc,8.0,Mid,SME,Tier-2,5.0,2.0,0,4.0,115795,62.0,2024-03-04,Built ML pipeline for preprocessing,2024,3,1,4,1,Monday,2016-03-04 00:00:00,2016.0,3.0,4.0,1.0,Friday,10.47,126,11-20 Years
37,Male,B.Sc,15.0,Lead,SME,Tier-2,4.0,0.0,0,7.0,168607,62.0,2024-12-04,Contributed to open-source NLP repo,2024,12,3,4,4,Wednesday,2009-12-04 06:00:00,2009.0,12.0,4.0,4.0,Friday,16.71,201,11-20 Years
32,Female,M.Sc,9.0,Mid,Enterprise,Tier-2,5.0,0.0,1,5.0,134251,53.0,2024-06-27,Worked on microservices deployment,2024,6,1,27,2,Thursday,2015-06-27 18:00:00,2015.0,6.0,27.0,2.0,Saturday,11.15,134,11-20 Years
32,Female,M.Sc,6.0,Junior,Enterprise,Tier-1,,2.0,1,2.0,118667,64.0,2024-09-01,Contributed to open-source NLP repo,2024,9,0,1,3,Sunday,2018-09-01 12:00:00,2018.0,9.0,1.0,3.0,Saturday,7.97,96,6-10 Years
28,Male,B.Sc,6.0,Mid,Startup,Tier-1,5.0,1.0,1,3.0,97114,52.0,2023-09-25,Worked on microservices deployment,2023,9,1,25,3,Monday,2017-09-24 12:00:00,2017.0,9.0,24.0,3.0,Sunday,8.91,107,6-10 Years
27,Male,,5.0,Mid,SME,Tier-2,9.0,1.0,0,2.0,84250,44.0,2023-04-17,Built ML pipeline for preprocessing,2023,4,1,17,2,Monday,2018-04-16 18:00:00,2018.0,4.0,16.0,2.0,Monday,8.35,100,6-10 Years
27,Male,B.Sc,4.0,Junior,SME,Tier-1,,1.0,1,1.0,77903,42.0,2023-03-07,Experience in data cleaning and ETL,2023,3,0,7,1,Tuesday,2019-03-07 00:00:00,2019.0,3.0,7.0,1.0,Thursday,7.46,90,6-10 Years
32,Female,B.Sc,13.0,Senior,Startup,Tier-1,8.0,0.0,1,3.0,169181,,2023-02-21,Experience in data cleaning and ETL,2023,2,2,21,1,Tuesday,2010-02-20 18:00:00,2010.0,2.0,20.0,1.0,Saturday,16.5,198,11-20 Years
27,Male,B.Sc,5.0,Senior,Startup,Tier-1,2.0,0.0,0,7.0,83395,72.0,2024-12-11,Experience in data cleaning and ETL,2024,12,2,11,4,Wednesday,2019-12-11 18:00:00,2019.0,12.0,11.0,4.0,Wednesday,6.7,80,6-10 Years
32,Male,M.Sc,8.0,Junior,SME,Tier-1,3.0,1.0,0,,106113,55.0,2023-10-15,Contributed to open-source NLP repo,2023,10,0,15,4,Sunday,2015-10-15 00:00:00,2015.0,10.0,15.0,4.0,Thursday,10.86,130,11-20 Years
42,Male,B.Sc+Cert,19.0,Junior,SME,Tier-2,2.0,0.0,1,1.0,188976,,2023-08-20,Contributed to open-source NLP repo,2023,8,0,20,3,Sunday,2004-08-19 06:00:00,2004.0,8.0,19.0,3.0,Thursday,22.01,264,20+ Years
35,Male,PhD,,Junior,Enterprise,Tier-2,2.0,0.0,1,1.0,190110,61.0,2023-06-12,No relevant project mentioned,2023,6,0,12,2,Monday,,,,,,,,,
28,Male,B.Sc+Cert,5.0,Junior,Enterprise,Remote,4.0,2.0,1,1.0,100494,66.0,2023-08-29,Worked on microservices deployment,2023,8,0,29,3,Tuesday,2018-08-28 18:00:00,2018.0,8.0,28.0,3.0,Tuesday,7.98,96,6-10 Years
37,Female,M.Sc,,Mid,SME,Tier-1,4.0,1.0,0,2.0,159960,55.0,2024-01-25,Experience in data cleaning and ETL,2024,1,1,25,1,Thursday,,,,,,,,,
28,Male,M.Sc,4.0,Mid,Startup,Remote,7.0,1.0,1,2.0,82002,64.0,2023-01-22,Contributed to open-source NLP repo,2023,1,1,22,1,Sunday,2019-01-22 00:00:00,2019.0,1.0,22.0,1.0,Tuesday,7.58,91,6-10 Years
20,Male,B.Sc,2.0,Lead,Startup,Tier-2,4.0,0.0,0,0.0,67090,,2024-12-29,,2024,12,3,29,4,Sunday,2022-12-29 12:00:00,2022.0,12.0,29.0,4.0,Thursday,3.65,44,3-5 Years
24,Female,M.Sc,0.0,Junior,SME,Remote,7.0,1.0,0,1.0,55462,71.0,2024-11-17,No relevant project mentioned,2024,11,0,17,4,Sunday,2024-11-17 00:00:00,2024.0,11.0,17.0,4.0,Sunday,1.76,21,0-2 Years
20,Female,B.Sc,0.0,Mid,SME,Tier-3,7.0,0.0,1,2.0,39428,51.0,2024-05-07,,2024,5,1,7,2,Tuesday,2024-05-07 00:00:00,2024.0,5.0,7.0,2.0,Tuesday,2.29,27,3-5 Years
28,Male,B.Sc,2.0,Senior,Startup,Tier-2,8.0,0.0,1,2.0,66958,,2024-11-14,Experience in data cleaning and ETL,2024,11,2,14,4,Thursday,2022-11-14 12:00:00,2022.0,11.0,14.0,4.0,Monday,3.77,45,3-5 Years
30,Male,M.Sc,7.0,Mid,SME,Tier-1,5.0,0.0,1,5.0,113743,41.0,2024-06-04,Built ML pipeline for preprocessing,2024,6,1,4,2,Tuesday,2017-06-04 06:00:00,2017.0,6.0,4.0,2.0,Sunday,9.22,111,6-10 Years
40,Male,B.Sc,14.0,Junior,Enterprise,Tier-1,5.0,0.0,1,1.0,163300,,2023-12-28,Contributed to open-source NLP repo,2023,12,0,28,4,Thursday,2009-12-27 12:00:00,2009.0,12.0,27.0,4.0,Sunday,16.65,200,11-20 Years
32,Male,,,Junior,Enterprise,Tier-1,2.0,2.0,1,,101370,,2023-02-28,Built ML pipeline for preprocessing,2023,2,0,28,1,Tuesday,,,,,,,,,
29,Male,B.Sc+Cert,,Junior,Enterprise,Remote,3.0,0.0,0,1.0,61212,76.0,2024-04-29,,2024,4,0,29,2,Monday,,,,,,,,,
35,Male,B.Sc,,Lead,SME,Remote,2.0,0.0,1,0.0,192614,52.0,2024-09-20,Built ML pipeline for preprocessing,2024,9,3,20,3,Friday,,,,,,,,,
20,Male,B.Sc,0.0,Senior,Startup,Tier-3,4.0,2.0,1,1.0,43181,,2023-04-11,Experience in data cleaning and ETL,2023,4,2,11,2,Tuesday,2023-04-11 00:00:00,2023.0,4.0,11.0,2.0,Tuesday,3.37,40,3-5 Years
31,Female,B.Sc+Cert,9.0,Senior,Startup,Remote,5.0,1.0,0,1.0,122506,52.0,2023-12-06,Contributed to open-source NLP repo,2023,12,2,6,4,Wednesday,2014-12-05 18:00:00,2014.0,12.0,5.0,4.0,Friday,11.71,141,11-20 Years
35,Male,M.Sc,12.0,Senior,Enterprise,Remote,,0.0,0,3.0,189574,65.0,2024-04-30,Contributed to open-source NLP repo,2024,4,2,30,2,Tuesday,2012-04-30 00:00:00,2012.0,4.0,30.0,2.0,Monday,14.31,172,11-20 Years
21,Male,B.Sc,0.0,Mid,SME,Tier-2,,1.0,0,1.0,35792,65.0,2024-11-19,Contributed to open-source NLP repo,2024,11,1,19,4,Tuesday,2024-11-19 00:00:00,2024.0,11.0,19.0,4.0,Tuesday,1.76,21,0-2 Years
37,Male,B.Sc,17.0,Senior,SME,Tier-2,5.0,0.0,1,5.0,184591,73.0,2023-01-16,Contributed to open-source NLP repo,2023,1,2,16,1,Monday,2006-01-15 18:00:00,2006.0,1.0,15.0,1.0,Sunday,20.6,247,20+ Years
32,Female,B.Sc,8.0,Lead,Startup,Tier-2,8.0,1.0,1,1.0,120501,61.0,2024-05-12,Contributed to open-source NLP repo,2024,5,3,12,2,Sunday,2016-05-12 00:00:00,2016.0,5.0,12.0,2.0,Thursday,10.28,123,11-20 Years
28,Female,B.Sc+Cert,5.0,Mid,SME,Tier-2,6.0,1.0,1,0.0,89322,52.0,2023-05-01,,2023,5,1,1,2,Monday,2018-04-30 18:00:00,2018.0,4.0,30.0,2.0,Monday,8.31,100,6-10 Years
34,Female,M.Sc,12.0,Junior,Startup,Tier-1,6.0,1.0,0,0.0,138147,71.0,2023-08-02,Worked on microservices deployment,2023,8,0,2,3,Wednesday,2011-08-02 00:00:00,2011.0,8.0,2.0,3.0,Tuesday,15.06,181,11-20 Years
44,Female,B.Sc,22.0,Mid,Startup,Tier-2,,0.0,1,,249467,64.0,2023-11-26,Worked on microservices deployment,2023,11,1,26,4,Sunday,2001-11-25 12:00:00,2001.0,11.0,25.0,4.0,Sunday,24.74,297,20+ Years
31,Female,B.Sc,8.0,Junior,SME,Tier-2,5.0,1.0,1,1.0,93667,51.0,2023-03-25,Contributed to open-source NLP repo,2023,3,0,25,1,Saturday,2015-03-25 00:00:00,2015.0,3.0,25.0,1.0,Wednesday,11.41,137,11-20 Years
31,Male,B.Sc,10.0,Junior,SME,Tier-2,4.0,2.0,0,1.0,115155,,2023-06-30,No relevant project mentioned,2023,6,0,30,2,Friday,2013-06-29 12:00:00,2013.0,6.0,29.0,2.0,Saturday,13.15,158,11-20 Years
27,Male,B.Sc+Cert,2.0,Senior,Startup,Remote,4.0,4.0,1,0.0,96066,,2024-01-21,Contributed to open-source NLP repo,2024,1,2,21,1,Sunday,2022-01-20 12:00:00,2022.0,1.0,20.0,1.0,Thursday,4.59,55,3-5 Years
25,Male,B.Sc,1.0,Senior,Startup,Tier-1,1.0,1.0,0,3.0,61674,50.0,2023-11-19,Experience in data cleaning and ETL,2023,11,2,19,4,Sunday,2022-11-18 18:00:00,2022.0,11.0,18.0,4.0,Friday,3.76,45,3-5 Years
35,Female,M.Sc,10.0,Junior,Enterprise,Tier-1,8.0,2.0,1,3.0,150723,65.0,2024-07-07,,2024,7,0,7,3,Sunday,2014-07-07 12:00:00,2014.0,7.0,7.0,3.0,Monday,12.13,146,11-20 Years
25,Female,B.Sc,0.0,Mid,SME,Tier-3,,2.0,1,1.0,43761,57.0,2024-03-23,,2024,3,1,23,1,Saturday,2024-03-23 00:00:00,2024.0,3.0,23.0,1.0,Saturday,2.42,29,3-5 Years
30,Male,M.Sc,8.0,Senior,SME,Tier-2,7.0,1.0,1,3.0,142590,73.0,2023-03-14,No relevant project mentioned,2023,3,2,14,1,Tuesday,2015-03-14 00:00:00,2015.0,3.0,14.0,1.0,Saturday,11.44,137,11-20 Years
27,Male,B.Sc+Cert,3.0,Mid,SME,Tier-1,7.0,0.0,0,1.0,73344,52.0,2023-09-12,Experience in data cleaning and ETL,2023,9,1,12,3,Tuesday,2020-09-11 06:00:00,2020.0,9.0,11.0,3.0,Friday,5.94,71,6-10 Years
33,Male,M.Sc,11.0,Mid,Enterprise,Tier-2,2.0,1.0,0,0.0,129807,67.0,2024-11-30,Contributed to open-source NLP repo,2024,11,1,30,4,Saturday,2013-11-30 06:00:00,2013.0,11.0,30.0,4.0,Saturday,12.73,153,11-20 Years
32,Female,B.Sc,9.0,Mid,Startup,Tier-2,5.0,0.0,1,3.0,110448,60.0,2023-10-17,Built ML pipeline for preprocessing,2023,10,1,17,4,Tuesday,2014-10-16 18:00:00,2014.0,10.0,16.0,4.0,Thursday,11.85,142,11-20 Years
36,Male,M.Sc,14.0,Senior,Startup,Remote,6.0,1.0,0,6.0,169683,62.0,2024-05-14,Experience in data cleaning and ETL,2024,5,2,14,2,Tuesday,2010-05-14 12:00:00,2010.0,5.0,14.0,2.0,Friday,16.27,195,11-20 Years
27,Male,M.Sc,7.0,Senior,SME,Tier-2,6.0,0.0,0,2.0,143654,60.0,2024-08-30,No relevant project mentioned,2024,8,2,30,3,Friday,2017-08-30 06:00:00,2017.0,8.0,30.0,3.0,Wednesday,8.98,108,6-10 Years
28,Male,B.Sc,6.0,Mid,Startup,Tier-1,1.0,0.0,0,1.0,93264,57.0,2024-08-10,Contributed to open-source NLP repo,2024,8,1,10,3,Saturday,2018-08-10 12:00:00,2018.0,8.0,10.0,3.0,Friday,8.03,96,6-10 Years
24,Male,B.Sc+Cert,3.0,Junior,SME,Tier-2,5.0,0.0,0,1.0,64324,,2023-01-02,No relevant project mentioned,2023,1,0,2,1,Monday,2020-01-02 06:00:00,2020.0,1.0,2.0,1.0,Thursday,6.64,80,6-10 Years
27,Female,M.Sc,3.0,Senior,SME,Remote,7.0,0.0,1,6.0,82417,49.0,2024-01-18,Built ML pipeline for preprocessing,2024,1,2,18,1,Thursday,2021-01-17 06:00:00,2021.0,1.0,17.0,1.0,Sunday,5.59,67,6-10 Years
32,Male,B.Sc+Cert,12.0,Junior,Enterprise,Tier-2,5.0,1.0,1,1.0,136536,55.0,2024-11-20,,2024,11,0,20,4,Wednesday,2012-11-20 00:00:00,2012.0,11.0,20.0,4.0,Tuesday,13.75,165,11-20 Years
35,Female,M.Sc,9.0,Mid,Enterprise,Tier-3,4.0,2.0,0,3.0,126325,63.0,2023-04-22,Contributed to open-source NLP repo,2023,4,1,22,2,Saturday,2014-04-21 18:00:00,2014.0,4.0,21.0,2.0,Monday,12.34,148,11-20 Years
24,Male,B.Sc,0.0,Junior,Enterprise,Tier-1,6.0,0.0,1,2.0,49130,60.0,2023-07-23,Worked on microservices deployment,2023,7,0,23,3,Sunday,2023-07-23 00:00:00,2023.0,7.0,23.0,3.0,Sunday,3.09,37,3-5 Years
35,Male,B.Sc,17.0,Mid,Startup,Remote,3.0,1.0,0,2.0,165394,53.0,2023-01-26,Experience in data cleaning and ETL,2023,1,1,26,1,Thursday,2006-01-25 18:00:00,2006.0,1.0,25.0,1.0,Wednesday,20.57,247,20+ Years
38,Male,B.Sc,19.0,Mid,Enterprise,Tier-3,2.0,2.0,0,0.0,189521,49.0,2023-04-18,Contributed to open-source NLP repo,2023,4,1,18,2,Tuesday,2004-04-17 06:00:00,2004.0,4.0,17.0,2.0,Saturday,22.35,268,20+ Years
32,Female,B.Sc+Cert,5.0,Junior,Startup,Tier-3,,5.0,1,0.0,77161,48.0,2024-11-07,Contributed to open-source NLP repo,2024,11,0,7,4,Thursday,2019-11-07 18:00:00,2019.0,11.0,7.0,4.0,Thursday,6.79,81,6-10 Years
41,Male,M.Sc,,Senior,SME,Tier-1,3.0,0.0,0,2.0,279619,60.0,2024-07-20,Built ML pipeline for preprocessing,2024,7,2,20,3,Saturday,,,,,,,,,
25,Male,M.Sc,2.0,Junior,Enterprise,Remote,9.0,0.0,0,7.0,71489,65.0,2023-10-01,Worked on microservices deployment,2023,10,0,1,4,Sunday,2021-09-30 12:00:00,2021.0,9.0,30.0,3.0,Thursday,4.89,59,3-5 Years
23,Male,B.Sc,0.0,Senior,Startup,Tier-2,6.0,0.0,1,0.0,50820,63.0,2024-06-25,Built ML pipeline for preprocessing,2024,6,2,25,2,Tuesday,2024-06-25 00:00:00,2024.0,6.0,25.0,2.0,Tuesday,2.16,26,3-5 Years
20,Female,B.Sc,0.0,Senior,SME,Remote,4.0,1.0,0,2.0,64568,,2023-01-17,Contributed to open-source NLP repo,2023,1,2,17,1,Tuesday,2023-01-17 00:00:00,2023.0,1.0,17.0,1.0,Tuesday,3.6,43,3-5 Years
39,Male,M.Sc,,Junior,Startup,Tier-1,4.0,0.0,0,3.0,141004,60.0,2024-04-08,Worked on microservices deployment,2024,4,0,8,2,Monday,,,,,,,,,
34,Female,B.Sc,10.0,Mid,Startup,Tier-1,6.0,1.0,0,2.0,145821,56.0,2023-10-25,Built ML pipeline for preprocessing,2023,10,1,25,4,Wednesday,2013-10-24 12:00:00,2013.0,10.0,24.0,4.0,Thursday,12.83,154,11-20 Years
30,Male,B.Sc,6.0,Junior,Enterprise,Tier-1,5.0,2.0,1,2.0,104941,56.0,2024-08-15,Experience in data cleaning and ETL,2024,8,0,15,3,Thursday,2018-08-15 12:00:00,2018.0,8.0,15.0,3.0,Wednesday,8.02,96,6-10 Years
32,Male,M.Sc,6.0,Senior,Startup,Tier-2,4.0,2.0,0,3.0,84376,40.0,2024-01-31,Built ML pipeline for preprocessing,2024,1,2,31,1,Wednesday,2018-01-30 12:00:00,2018.0,1.0,30.0,1.0,Tuesday,8.56,103,6-10 Years
23,Male,B.Sc,,Mid,Startup,Tier-2,6.0,0.0,0,,39299,77.0,2023-01-27,Experience in data cleaning and ETL,2023,1,1,27,1,Friday,,,,,,,,,
45,Male,B.Sc,22.0,Junior,SME,Tier-2,4.0,1.0,1,1.0,184740,54.0,2023-07-02,Worked on microservices deployment,2023,7,0,2,3,Sunday,2001-07-01 12:00:00,2001.0,7.0,1.0,3.0,Sunday,25.14,302,20+ Years
31,Male,B.Sc,9.0,Mid,Enterprise,Tier-2,8.0,1.0,1,5.0,144604,46.0,2024-05-30,No relevant project mentioned,2024,5,1,30,2,Thursday,2015-05-30 18:00:00,2015.0,5.0,30.0,2.0,Saturday,11.23,135,11-20 Years
31,Male,B.Sc,9.0,Mid,Startup,Tier-3,4.0,0.0,0,2.0,108002,53.0,2024-11-05,,2024,11,1,5,4,Tuesday,2015-11-05 18:00:00,2015.0,11.0,5.0,4.0,Thursday,10.8,130,11-20 Years
34,Male,PhD,13.0,Senior,SME,Tier-1,1.0,1.0,0,3.0,182065,51.0,2024-03-24,Worked on microservices deployment,2024,3,2,24,1,Sunday,2011-03-24 18:00:00,2011.0,3.0,24.0,1.0,Thursday,15.41,185,11-20 Years
33,Female,,10.0,Junior,Enterprise,Tier-1,3.0,0.0,0,0.0,121681,69.0,2023-11-28,,2023,11,0,28,4,Tuesday,2013-11-27 12:00:00,2013.0,11.0,27.0,4.0,Wednesday,12.73,153,11-20 Years
31,Male,B.Sc,6.0,Mid,Startup,Remote,6.0,0.0,0,2.0,92502,62.0,2024-08-06,Worked on microservices deployment,2024,8,1,6,3,Tuesday,2018-08-06 12:00:00,2018.0,8.0,6.0,3.0,Monday,8.04,96,6-10 Years
25,Female,B.Sc,1.0,Junior,SME,Tier-2,6.0,2.0,1,0.0,46442,52.0,2024-03-31,Built ML pipeline for preprocessing,2024,3,0,31,1,Sunday,2023-03-31 18:00:00,2023.0,3.0,31.0,1.0,Friday,3.39,41,3-5 Years
33,Male,,,Senior,Enterprise,Tier-2,5.0,1.0,0,1.0,165105,62.0,2024-08-10,Contributed to open-source NLP repo,2024,8,2,10,3,Saturday,,,,,,,,,
41,Male,B.Sc,16.0,Junior,SME,Tier-2,7.0,1.0,0,0.0,176859,60.0,2024-02-24,Built ML pipeline for preprocessing,2024,2,0,24,1,Saturday,2008-02-24 00:00:00,2008.0,2.0,24.0,1.0,Sunday,18.49,222,11-20 Years
38,Male,M.Sc,15.0,Mid,Enterprise,Tier-2,4.0,2.0,1,5.0,165140,72.0,2023-08-28,Built ML pipeline for preprocessing,2023,8,1,28,3,Monday,2008-08-27 06:00:00,2008.0,8.0,27.0,3.0,Wednesday,17.98,216,11-20 Years
40,Male,B.Sc,18.0,Junior,Startup,Tier-1,,1.0,0,3.0,177474,54.0,2024-05-26,Worked on microservices deployment,2024,5,0,26,2,Sunday,2006-05-26 12:00:00,2006.0,5.0,26.0,2.0,Friday,20.24,243,20+ Years
27,Male,B.Sc,1.0,Mid,Enterprise,Tier-2,4.0,1.0,1,4.0,63224,56.0,2023-10-17,Experience in data cleaning and ETL,2023,10,1,17,4,Tuesday,2022-10-16 18:00:00,2022.0,10.0,16.0,4.0,Sunday,3.85,46,3-5 Years
24,Male,B.Sc,0.0,Senior,Enterprise,Remote,6.0,1.0,0,1.0,68400,63.0,2024-03-14,Built ML pipeline for preprocessing,2024,3,2,14,1,Thursday,2024-03-14 00:00:00,2024.0,3.0,14.0,1.0,Thursday,2.44,29,3-5 Years
29,Male,M.Eng,,Senior,Startup,Tier-2,,1.0,0,5.0,123619,53.0,2024-06-06,Worked on microservices deployment,2024,6,2,6,2,Thursday,,,,,,,,,
30,Male,B.Sc+Cert,,Senior,Startup,Tier-1,5.0,5.0,1,5.0,150408,60.0,2024-07-24,Worked on microservices deployment,2024,7,2,24,3,Wednesday,,,,,,,,,
37,Female,B.Sc,13.0,Mid,Enterprise,Tier-3,4.0,1.0,0,1.0,154283,66.0,2023-09-16,Built ML pipeline for preprocessing,2023,9,1,16,3,Saturday,2010-09-15 18:00:00,2010.0,9.0,15.0,3.0,Wednesday,15.93,191,11-20 Years
20,Female,B.Sc,0.0,Senior,SME,Tier-1,3.0,1.0,0,1.0,61139,61.0,2024-12-14,Built ML pipeline for preprocessing,2024,12,2,14,4,Saturday,2024-12-14 00:00:00,2024.0,12.0,14.0,4.0,Saturday,1.69,20,0-2 Years
39,Male,B.Sc+Cert,17.0,Mid,SME,Tier-1,6.0,2.0,1,2.0,182091,74.0,2023-09-25,,2023,9,1,25,3,Monday,2006-09-24 18:00:00,2006.0,9.0,24.0,3.0,Sunday,19.91,239,11-20 Years
29,Male,B.Sc,4.0,Senior,SME,Remote,2.0,3.0,0,0.0,100303,68.0,2023-04-23,Experience in data cleaning and ETL,2023,4,2,23,2,Sunday,2019-04-23 00:00:00,2019.0,4.0,23.0,2.0,Tuesday,7.33,88,6-10 Years
27,Male,M.Eng,7.0,Mid,Enterprise,Tier-1,5.0,1.0,0,7.0,157104,,2024-08-07,,2024,8,1,7,3,Wednesday,2017-08-07 06:00:00,2017.0,8.0,7.0,3.0,Monday,9.04,108,6-10 Years
24,Male,B.Sc,0.0,Mid,Enterprise,Remote,,1.0,1,1.0,62090,,2024-02-09,Contributed to open-source NLP repo,2024,2,1,9,1,Friday,2024-02-09 00:00:00,2024.0,2.0,9.0,1.0,Friday,2.54,30,3-5 Years
20,Male,B.Sc+Cert,0.0,Junior,Startup,Tier-2,5.0,0.0,1,2.0,35567,58.0,2024-02-06,No relevant project mentioned,2024,2,0,6,1,Tuesday,2024-02-06 00:00:00,2024.0,2.0,6.0,1.0,Tuesday,2.54,30,3-5 Years
35,Male,M.Sc,,Mid,Startup,Tier-3,8.0,0.0,1,3.0,147754,69.0,2023-08-24,Worked on microservices deployment,2023,8,1,24,3,Thursday,,,,,,,,,
30,Male,B.Sc+Cert,,Junior,Enterprise,Tier-2,4.0,1.0,1,1.0,126499,57.0,2023-01-06,Worked on microservices deployment,2023,1,0,6,1,Friday,,,,,,,,,
22,Male,M.Sc,0.0,Senior,Enterprise,Tier-1,7.0,0.0,0,0.0,107225,50.0,2024-08-23,,2024,8,2,23,3,Friday,2024-08-23 00:00:00,2024.0,8.0,23.0,3.0,Friday,2.0,24,0-2 Years
22,Male,B.Sc,0.0,Mid,SME,Tier-2,8.0,3.0,1,0.0,50266,55.0,2023-04-24,Experience in data cleaning and ETL,2023,4,1,24,2,Monday,2023-04-24 00:00:00,2023.0,4.0,24.0,2.0,Monday,3.33,40,3-5 Years
28,Female,B.Sc+Cert,7.0,Lead,Enterprise,Remote,11.0,,1,2.0,178171,,2023-12-31,No relevant project mentioned,2023,12,3,31,4,Sunday,2016-12-30 06:00:00,2016.0,12.0,30.0,4.0,Friday,9.64,116,6-10 Years
40,Female,B.Sc,14.0,Junior,Enterprise,Tier-3,4.0,0.0,0,0.0,146930,57.0,2023-11-17,,2023,11,0,17,4,Friday,2009-11-16 12:00:00,2009.0,11.0,16.0,4.0,Monday,16.76,201,11-20 Years
28,Male,B.Sc,6.0,Junior,Startup,Tier-2,3.0,1.0,1,3.0,69314,80.0,2023-11-07,Experience in data cleaning and ETL,2023,11,0,7,4,Tuesday,2017-11-06 12:00:00,2017.0,11.0,6.0,4.0,Monday,8.79,105,6-10 Years
21,Female,M.Sc,0.0,Senior,Enterprise,Remote,9.0,1.0,0,1.0,96104,48.0,2023-06-17,,2023,6,2,17,2,Saturday,2023-06-17 00:00:00,2023.0,6.0,17.0,2.0,Saturday,3.18,38,3-5 Years
29,Female,M.Sc,,Mid,SME,Tier-1,6.0,0.0,0,,115256,,2023-02-21,Built ML pipeline for preprocessing,2023,2,1,21,1,Tuesday,,,,,,,,,
28,Male,B.Sc+Cert,5.0,Mid,Startup,Tier-1,4.0,0.0,0,1.0,75401,61.0,2023-10-27,Contributed to open-source NLP repo,2023,10,1,27,4,Friday,2018-10-26 18:00:00,2018.0,10.0,26.0,4.0,Friday,7.82,94,6-10 Years
20,Male,,0.0,Senior,SME,Tier-1,6.0,2.0,0,0.0,56211,60.0,2023-03-03,,2023,3,2,3,1,Friday,2023-03-03 00:00:00,2023.0,3.0,3.0,1.0,Friday,3.47,42,3-5 Years
30,Male,M.Sc,10.0,Mid,Enterprise,Tier-3,6.0,,0,3.0,123853,52.0,2023-03-25,Built ML pipeline for preprocessing,2023,3,1,25,1,Saturday,2013-03-24 12:00:00,2013.0,3.0,24.0,1.0,Sunday,13.41,161,11-20 Years
29,Female,M.Sc,6.0,Junior,Enterprise,Tier-3,2.0,0.0,0,0.0,77365,,2023-12-19,,2023,12,0,19,4,Tuesday,2017-12-18 12:00:00,2017.0,12.0,18.0,4.0,Monday,8.68,104,6-10 Years
34,Female,B.Sc,9.0,Senior,Startup,Tier-2,10.0,3.0,1,4.0,143664,65.0,2024-10-30,,2024,10,2,30,4,Wednesday,2015-10-30 18:00:00,2015.0,10.0,30.0,4.0,Friday,10.81,130,11-20 Years
41,Male,B.Sc,23.0,Junior,Startup,Remote,5.0,0.0,0,0.0,224869,38.0,2024-05-17,Built ML pipeline for preprocessing,2024,5,0,17,2,Friday,2001-05-17 06:00:00,2001.0,5.0,17.0,2.0,Thursday,25.26,303,20+ Years
37,Male,B.Sc,14.0,Senior,SME,Tier-2,5.0,1.0,0,,191250,,2024-10-20,Worked on microservices deployment,2024,10,2,20,4,Sunday,2010-10-20 12:00:00,2010.0,10.0,20.0,4.0,Wednesday,15.84,190,11-20 Years
28,Male,B.Sc,7.0,Junior,Enterprise,Tier-1,3.0,2.0,0,2.0,103953,70.0,2024-04-19,No relevant project mentioned,2024,4,0,19,2,Friday,2017-04-19 06:00:00,2017.0,4.0,19.0,2.0,Wednesday,9.34,112,6-10 Years
23,Male,PhD,0.0,Mid,Enterprise,Tier-1,5.0,1.0,1,2.0,88170,65.0,2024-09-26,Contributed to open-source NLP repo,2024,9,1,26,3,Thursday,2024-09-26 00:00:00,2024.0,9.0,26.0,3.0,Thursday,1.91,23,0-2 Years
45,Male,M.Sc,24.0,Junior,SME,Remote,6.0,0.0,0,7.0,238031,68.0,2024-05-17,Worked on microservices deployment,2024,5,0,17,2,Friday,2000-05-17 00:00:00,2000.0,5.0,17.0,2.0,Wednesday,26.27,315,20+ Years
30,Female,M.Sc,9.0,Mid,SME,Tier-1,7.0,2.0,1,1.0,139285,60.0,2024-11-24,Worked on microservices deployment,2024,11,1,24,4,Sunday,2015-11-24 18:00:00,2015.0,11.0,24.0,4.0,Tuesday,10.74,129,11-20 Years
30,Male,PhD,8.0,Junior,Startup,Tier-2,,0.0,1,5.0,110622,,2023-04-09,Contributed to open-source NLP repo,2023,4,0,9,2,Sunday,2015-04-09 00:00:00,2015.0,4.0,9.0,2.0,Thursday,11.37,136,11-20 Years
30,Female,,8.0,Senior,SME,Tier-1,1.0,,0,0.0,111930,59.0,2024-12-02,Contributed to open-source NLP repo,2024,12,2,2,4,Monday,2016-12-02 00:00:00,2016.0,12.0,2.0,4.0,Friday,9.72,117,6-10 Years
31,Female,M.Eng,9.0,Mid,Startup,Tier-1,6.0,1.0,0,1.0,130837,59.0,2023-11-02,Built ML pipeline for preprocessing,2023,11,1,2,4,Thursday,2014-11-01 18:00:00,2014.0,11.0,1.0,4.0,Saturday,11.81,142,11-20 Years
29,Female,B.Sc,9.0,Junior,Enterprise,Tier-2,10.0,2.0,0,0.0,134047,62.0,2023-11-11,Worked on microservices deployment,2023,11,0,11,4,Saturday,2014-11-10 18:00:00,2014.0,11.0,10.0,4.0,Monday,11.78,141,11-20 Years
27,Male,B.Sc+Cert,,Mid,Startup,Tier-1,,1.0,0,2.0,69693,74.0,2024-12-10,Experience in data cleaning and ETL,2024,12,1,10,4,Tuesday,,,,,,,,,
27,Male,B.Sc,6.0,Mid,SME,Remote,4.0,0.0,0,2.0,100538,66.0,2024-03-17,Worked on microservices deployment,2024,3,1,17,1,Sunday,2018-03-17 12:00:00,2018.0,3.0,17.0,1.0,Saturday,8.43,101,6-10 Years
30,Male,B.Sc+Cert,4.0,Junior,Startup,Tier-2,,1.0,0,1.0,72042,66.0,2023-09-04,Worked on microservices deployment,2023,9,0,4,3,Monday,2019-09-04 00:00:00,2019.0,9.0,4.0,3.0,Wednesday,6.97,84,6-10 Years
27,Male,B.Sc,,Junior,SME,Tier-2,6.0,1.0,1,3.0,118918,60.0,2023-09-22,,2023,9,0,22,3,Friday,,,,,,,,,
26,Male,B.Sc,3.0,Mid,Startup,Tier-3,5.0,1.0,0,5.0,55229,58.0,2024-07-22,Built ML pipeline for preprocessing,2024,7,1,22,3,Monday,2021-07-22 06:00:00,2021.0,7.0,22.0,3.0,Thursday,5.08,61,6-10 Years
31,Male,M.Sc,8.0,Junior,SME,Tier-2,11.0,0.0,0,,115273,63.0,2024-02-29,No relevant project mentioned,2024,2,0,29,1,Thursday,2016-02-29 00:00:00,2016.0,2.0,29.0,1.0,Monday,10.48,126,11-20 Years
28,Male,B.Sc,7.0,Junior,Startup,Remote,5.0,1.0,1,0.0,91052,62.0,2023-02-27,Contributed to open-source NLP repo,2023,2,0,27,1,Monday,2016-02-27 06:00:00,2016.0,2.0,27.0,1.0,Saturday,10.48,126,11-20 Years
39,Male,M.Sc,16.0,Junior,Enterprise,Tier-1,6.0,2.0,0,1.0,185321,69.0,2024-04-28,Built ML pipeline for preprocessing,2024,4,0,28,2,Sunday,2008-04-28 00:00:00,2008.0,4.0,28.0,2.0,Monday,18.32,220,11-20 Years
20,Male,,,Mid,SME,Tier-1,6.0,1.0,0,1.0,53968,,2023-11-20,Worked on microservices deployment,2023,11,1,20,4,Monday,,,,,,,,,
37,Male,M.Sc,11.0,Mid,Enterprise,Tier-1,2.0,0.0,1,0.0,186747,61.0,2023-07-05,Worked on microservices deployment,2023,7,1,5,3,Wednesday,2012-07-04 06:00:00,2012.0,7.0,4.0,3.0,Wednesday,14.13,170,11-20 Years
37,Female,,11.0,Junior,SME,Remote,7.0,2.0,0,1.0,133308,,2024-05-13,Contributed to open-source NLP repo,2024,5,0,13,2,Monday,2013-05-13 06:00:00,2013.0,5.0,13.0,2.0,Monday,13.28,159,11-20 Years
20,Female,B.Sc,0.0,Lead,SME,Remote,3.0,2.0,0,0.0,76445,,2023-03-03,No relevant project mentioned,2023,3,3,3,1,Friday,2023-03-03 00:00:00,2023.0,3.0,3.0,1.0,Friday,3.47,42,3-5 Years
28,Male,B.Sc,2.0,Senior,SME,Tier-1,1.0,1.0,0,7.0,81066,,2024-08-15,No relevant project mentioned,2024,8,2,15,3,Thursday,2022-08-15 12:00:00,2022.0,8.0,15.0,3.0,Monday,4.02,48,3-5 Years
28,Male,,3.0,Junior,Enterprise,Tier-2,5.0,0.0,1,4.0,67703,48.0,2023-09-03,Contributed to open-source NLP repo,2023,9,0,3,3,Sunday,2020-09-02 06:00:00,2020.0,9.0,2.0,3.0,Wednesday,5.97,72,6-10 Years
22,Male,B.Sc,0.0,Junior,SME,Tier-1,4.0,,0,,37724,,2024-05-01,Built ML pipeline for preprocessing,2024,5,0,1,2,Wednesday,2024-05-01 00:00:00,2024.0,5.0,1.0,2.0,Wednesday,2.31,28,3-5 Years
25,Male,B.Sc,0.0,Senior,Startup,Tier-1,7.0,2.0,0,6.0,63748,48.0,2024-01-08,Experience in data cleaning and ETL,2024,1,2,8,1,Monday,2024-01-08 00:00:00,2024.0,1.0,8.0,1.0,Monday,2.62,31,3-5 Years
23,Male,B.Sc,2.0,Mid,Enterprise,Tier-2,4.0,0.0,1,3.0,62791,70.0,2024-05-29,Contributed to open-source NLP repo,2024,5,1,29,2,Wednesday,2022-05-29 12:00:00,2022.0,5.0,29.0,2.0,Sunday,4.23,51,3-5 Years
41,Female,B.Sc,16.0,Junior,Startup,Tier-1,4.0,0.0,0,0.0,175937,77.0,2023-02-20,No relevant project mentioned,2023,2,0,20,1,Monday,2007-02-20 00:00:00,2007.0,2.0,20.0,1.0,Tuesday,19.5,234,11-20 Years
36,Male,M.Sc,12.0,Mid,Enterprise,Tier-2,4.0,1.0,0,3.0,174555,60.0,2024-09-08,Built ML pipeline for preprocessing,2024,9,1,8,3,Sunday,2012-09-08 00:00:00,2012.0,9.0,8.0,3.0,Saturday,13.95,167,11-20 Years
38,Male,,15.0,Senior,Startup,Tier-2,2.0,1.0,1,0.0,167902,42.0,2023-04-09,,2023,4,2,9,2,Sunday,2008-04-08 06:00:00,2008.0,4.0,8.0,2.0,Tuesday,18.37,220,11-20 Years
34,Male,B.Sc,11.0,Junior,SME,Tier-3,6.0,2.0,0,0.0,114402,53.0,2023-11-19,,2023,11,0,19,4,Sunday,2012-11-18 06:00:00,2012.0,11.0,18.0,4.0,Sunday,13.76,165,11-20 Years
23,Male,M.Sc,2.0,Senior,Startup,Tier-2,,1.0,0,,83615,53.0,2024-08-14,Contributed to open-source NLP repo,2024,8,2,14,3,Wednesday,2022-08-14 12:00:00,2022.0,8.0,14.0,3.0,Sunday,4.02,48,3-5 Years
27,Male,M.Sc,4.0,Mid,Enterprise,Tier-2,7.0,2.0,0,0.0,94547,75.0,2024-03-16,Contributed to open-source NLP repo,2024,3,1,16,1,Saturday,2020-03-16 00:00:00,2020.0,3.0,16.0,1.0,Monday,6.44,77,6-10 Years
33,Male,B.Sc,12.0,Mid,SME,Tier-2,4.0,0.0,1,3.0,134863,39.0,2024-02-08,Worked on microservices deployment,2024,2,1,8,1,Thursday,2012-02-08 00:00:00,2012.0,2.0,8.0,1.0,Wednesday,14.54,174,11-20 Years
23,Male,M.Sc,0.0,Senior,SME,Tier-1,5.0,1.0,1,5.0,71551,59.0,2024-02-21,Built ML pipeline for preprocessing,2024,2,2,21,1,Wednesday,2024-02-21 00:00:00,2024.0,2.0,21.0,1.0,Wednesday,2.5,30,3-5 Years
34,Male,B.Sc,,Junior,Startup,Tier-3,6.0,1.0,1,1.0,131205,59.0,2024-11-13,,2024,11,0,13,4,Wednesday,,,,,,,,,
29,Male,B.Sc,8.0,Mid,SME,Tier-1,6.0,0.0,1,0.0,104341,88.0,2023-06-04,Experience in data cleaning and ETL,2023,6,1,4,2,Sunday,2015-06-04 00:00:00,2015.0,6.0,4.0,2.0,Thursday,11.22,135,11-20 Years
28,Male,B.Sc,5.0,Mid,Enterprise,Tier-1,6.0,3.0,1,1.0,115123,58.0,2024-06-25,No relevant project mentioned,2024,6,1,25,2,Tuesday,2019-06-25 18:00:00,2019.0,6.0,25.0,2.0,Tuesday,7.16,86,6-10 Years
34,Male,M.Sc,10.0,Mid,SME,Tier-2,6.0,0.0,1,2.0,138097,52.0,2024-09-02,Contributed to open-source NLP repo,2024,9,1,2,3,Monday,2014-09-02 12:00:00,2014.0,9.0,2.0,3.0,Tuesday,11.97,144,11-20 Years
33,Female,M.Sc,8.0,Junior,Startup,Remote,,,0,1.0,100667,70.0,2023-05-26,Experience in data cleaning and ETL,2023,5,0,26,2,Friday,2015-05-26 00:00:00,2015.0,5.0,26.0,2.0,Tuesday,11.24,135,11-20 Years
28,Male,,7.0,Mid,SME,Tier-1,4.0,1.0,1,6.0,104731,66.0,2023-08-23,Experience in data cleaning and ETL,2023,8,1,23,3,Wednesday,2016-08-22 06:00:00,2016.0,8.0,22.0,3.0,Monday,10.0,120,6-10 Years
37,Male,B.Sc,14.0,Junior,SME,Tier-1,9.0,1.0,1,0.0,501270,65.0,2024-04-18,No relevant project mentioned,2024,4,0,18,2,Thursday,2010-04-18 12:00:00,2010.0,4.0,18.0,2.0,Sunday,16.34,196,11-20 Years
24,Male,PhD,5.0,Junior,Startup,Tier-1,4.0,2.0,1,7.0,110068,61.0,2024-02-03,,2024,2,0,3,1,Saturday,2019-02-02 18:00:00,2019.0,2.0,2.0,1.0,Saturday,7.55,91,6-10 Years
34,Male,B.Sc,,Junior,Startup,Tier-1,9.0,1.0,0,0.0,110518,67.0,2024-09-02,Contributed to open-source NLP repo,2024,9,0,2,3,Monday,,,,,,,,,
34,Male,B.Sc,10.0,Mid,Enterprise,Tier-2,4.0,2.0,0,1.0,114257,50.0,2024-04-04,Contributed to open-source NLP repo,2024,4,1,4,2,Thursday,2014-04-04 12:00:00,2014.0,4.0,4.0,2.0,Friday,12.38,149,11-20 Years
28,Male,B.Sc+Cert,6.0,Junior,Enterprise,Tier-1,5.0,0.0,1,,88246,71.0,2024-12-02,,2024,12,0,2,4,Monday,2018-12-02 12:00:00,2018.0,12.0,2.0,4.0,Sunday,7.72,93,6-10 Years
32,Female,,8.0,Mid,Startup,Tier-3,4.0,3.0,0,2.0,103635,62.0,2024-03-08,No relevant project mentioned,2024,3,1,8,1,Friday,2016-03-08 00:00:00,2016.0,3.0,8.0,1.0,Tuesday,10.46,126,11-20 Years
22,Male,M.Sc,0.0,Junior,Enterprise,Tier-3,6.0,0.0,1,0.0,43646,71.0,2023-09-14,Contributed to open-source NLP repo,2023,9,0,14,3,Thursday,2023-09-14 00:00:00,2023.0,9.0,14.0,3.0,Thursday,2.94,35,3-5 Years
36,Male,M.Sc,11.0,Junior,Startup,Tier-2,,1.0,1,5.0,125853,65.0,2024-12-15,Worked on microservices deployment,2024,12,0,15,4,Sunday,2013-12-15 06:00:00,2013.0,12.0,15.0,4.0,Sunday,12.68,152,11-20 Years
29,Male,B.Sc+Cert,5.0,Junior,SME,Tier-2,3.0,2.0,1,,81462,62.0,2024-03-14,Worked on microservices deployment,2024,3,0,14,1,Thursday,2019-03-14 18:00:00,2019.0,3.0,14.0,1.0,Thursday,7.44,89,6-10 Years
27,Female,B.Sc,7.0,Junior,SME,Tier-1,7.0,,0,2.0,94208,56.0,2024-06-20,Worked on microservices deployment,2024,6,0,20,2,Thursday,2017-06-20 06:00:00,2017.0,6.0,20.0,2.0,Tuesday,9.17,110,6-10 Years
36,Male,B.Sc,12.0,Mid,Startup,Tier-1,7.0,2.0,0,0.0,176773,79.0,2023-06-24,No relevant project mentioned,2023,6,1,24,2,Saturday,2011-06-24 00:00:00,2011.0,6.0,24.0,2.0,Friday,15.16,182,11-20 Years
26,Male,B.Sc,3.0,Mid,SME,Tier-2,4.0,2.0,0,1.0,69174,70.0,2024-12-13,Worked on microservices deployment,2024,12,1,13,4,Friday,2021-12-13 06:00:00,2021.0,12.0,13.0,4.0,Monday,4.69,56,3-5 Years
22,Male,B.Sc+Cert,2.0,Lead,Enterprise,Tier-1,6.0,2.0,1,0.0,141353,56.0,2024-05-05,Contributed to open-source NLP repo,2024,5,3,5,2,Sunday,2022-05-05 12:00:00,2022.0,5.0,5.0,2.0,Thursday,4.3,52,3-5 Years
21,Male,M.Sc,0.0,Lead,Enterprise,Tier-2,,1.0,1,7.0,100506,77.0,2023-10-10,No relevant project mentioned,2023,10,3,10,4,Tuesday,2023-10-10 00:00:00,2023.0,10.0,10.0,4.0,Tuesday,2.87,34,3-5 Years
34,Male,B.Sc,11.0,Mid,Startup,Tier-1,,0.0,0,0.0,126468,76.0,2024-08-27,Experience in data cleaning and ETL,2024,8,1,27,3,Tuesday,2013-08-27 06:00:00,2013.0,8.0,27.0,3.0,Tuesday,12.99,156,11-20 Years
22,Male,B.Sc+Cert,0.0,Senior,Startup,Tier-1,7.0,1.0,1,1.0,62636,51.0,2024-07-15,Built ML pipeline for preprocessing,2024,7,2,15,3,Monday,2024-07-15 00:00:00,2024.0,7.0,15.0,3.0,Monday,2.11,25,3-5 Years
41,Male,B.Sc,22.0,Junior,Enterprise,Tier-1,6.0,0.0,1,1.0,229574,62.0,2023-08-07,Contributed to open-source NLP repo,2023,8,0,7,3,Monday,2001-08-06 12:00:00,2001.0,8.0,6.0,3.0,Monday,25.04,300,20+ Years
20,Male,B.Sc,,Mid,Startup,Tier-1,5.0,1.0,1,3.0,41621,61.0,2023-06-05,No relevant project mentioned,2023,6,1,5,2,Monday,,,,,,,,,
40,Male,B.Sc,16.0,Mid,SME,Remote,4.0,2.0,0,0.0,612816,57.0,2023-02-26,Experience in data cleaning and ETL,2023,2,1,26,1,Sunday,2007-02-26 00:00:00,2007.0,2.0,26.0,1.0,Monday,19.49,234,11-20 Years
31,Male,B.Sc,7.0,Junior,Startup,Tier-1,3.0,1.0,0,4.0,85155,58.0,2024-05-25,Built ML pipeline for preprocessing,2024,5,0,25,2,Saturday,2017-05-25 06:00:00,2017.0,5.0,25.0,2.0,Thursday,9.24,111,6-10 Years
29,Female,B.Sc+Cert,7.0,Junior,SME,Remote,7.0,2.0,0,1.0,93723,60.0,2023-12-04,Built ML pipeline for preprocessing,2023,12,0,4,4,Monday,2016-12-03 06:00:00,2016.0,12.0,3.0,4.0,Saturday,9.72,117,6-10 Years
27,Male,B.Sc,2.0,Junior,Startup,Tier-2,4.0,3.0,0,1.0,46381,50.0,2024-12-19,Contributed to open-source NLP repo,2024,12,0,19,4,Thursday,2022-12-19 12:00:00,2022.0,12.0,19.0,4.0,Monday,3.67,44,3-5 Years
32,Male,M.Eng,10.0,Mid,Enterprise,Remote,7.0,4.0,1,0.0,160764,56.0,2023-09-29,,2023,9,1,29,3,Friday,2013-09-28 12:00:00,2013.0,9.0,28.0,3.0,Saturday,12.9,155,11-20 Years
30,Male,M.Sc,8.0,Mid,Enterprise,Tier-2,6.0,1.0,0,2.0,125988,70.0,2024-12-27,Experience in data cleaning and ETL,2024,12,1,27,4,Friday,2016-12-27 00:00:00,2016.0,12.0,27.0,4.0,Tuesday,9.65,116,6-10 Years
37,Male,B.Sc,13.0,Mid,Startup,Remote,4.0,0.0,1,1.0,153681,62.0,2023-07-03,Built ML pipeline for preprocessing,2023,7,1,3,3,Monday,2010-07-02 18:00:00,2010.0,7.0,2.0,3.0,Friday,16.14,194,11-20 Years
31,Female,PhD,8.0,Mid,Enterprise,Tier-1,7.0,0.0,1,0.0,172825,57.0,2023-10-18,Built ML pipeline for preprocessing,2023,10,1,18,4,Wednesday,2015-10-18 00:00:00,2015.0,10.0,18.0,4.0,Sunday,10.85,130,11-20 Years
31,Male,B.Sc,7.0,Mid,SME,Tier-2,3.0,0.0,0,0.0,93705,62.0,2023-10-29,Built ML pipeline for preprocessing,2023,10,1,29,4,Sunday,2016-10-28 06:00:00,2016.0,10.0,28.0,4.0,Friday,9.82,118,6-10 Years
28,Male,B.Sc,4.0,Senior,Startup,Tier-1,6.0,0.0,1,3.0,104062,78.0,2024-08-01,Worked on microservices deployment,2024,8,2,1,3,Thursday,2020-08-01 00:00:00,2020.0,8.0,1.0,3.0,Saturday,6.06,73,6-10 Years
30,Male,B.Sc,8.0,Junior,Enterprise,Tier-2,4.0,0.0,0,0.0,98000,,2023-09-04,Contributed to open-source NLP repo,2023,9,0,4,3,Monday,2015-09-04 00:00:00,2015.0,9.0,4.0,3.0,Friday,10.97,132,11-20 Years
32,Male,B.Sc+Cert,8.0,Senior,SME,Tier-2,5.0,0.0,1,0.0,130516,,2023-01-16,Contributed to open-source NLP repo,2023,1,2,16,1,Monday,2015-01-16 00:00:00,2015.0,1.0,16.0,1.0,Friday,11.6,139,11-20 Years
20,Male,,0.0,Mid,Startup,Tier-2,4.0,1.0,0,2.0,36832,49.0,2023-12-01,Built ML pipeline for preprocessing,2023,12,1,1,4,Friday,2023-12-01 00:00:00,2023.0,12.0,1.0,4.0,Friday,2.73,33,3-5 Years
22,Male,B.Sc,0.0,Mid,Startup,Tier-1,3.0,0.0,1,0.0,42252,47.0,2023-07-30,Worked on microservices deployment,2023,7,1,30,3,Sunday,2023-07-30 00:00:00,2023.0,7.0,30.0,3.0,Sunday,3.07,37,3-5 Years
34,Male,B.Sc,,Mid,Enterprise,Tier-1,5.0,,1,1.0,153982,54.0,2024-08-08,Experience in data cleaning and ETL,2024,8,1,8,3,Thursday,,,,,,,,,
31,Female,B.Sc,4.0,Mid,Enterprise,Tier-2,5.0,,1,2.0,80939,,2024-01-08,Built ML pipeline for preprocessing,2024,1,1,8,1,Monday,2020-01-08 00:00:00,2020.0,1.0,8.0,1.0,Wednesday,6.62,79,6-10 Years
29,Male,M.Sc,10.0,Junior,Enterprise,Tier-2,5.0,0.0,1,1.0,139905,59.0,2024-02-10,Contributed to open-source NLP repo,2024,2,0,10,1,Saturday,2014-02-09 12:00:00,2014.0,2.0,9.0,1.0,Sunday,12.53,150,11-20 Years
30,Female,B.Sc,1.0,Mid,Startup,Tier-1,4.0,1.0,0,,56315,48.0,2024-06-13,Worked on microservices deployment,2024,6,1,13,2,Thursday,2023-06-13 18:00:00,2023.0,6.0,13.0,2.0,Tuesday,3.19,38,3-5 Years
32,Female,B.Sc,8.0,Lead,Enterprise,Remote,3.0,2.0,0,0.0,154551,56.0,2023-01-22,Built ML pipeline for preprocessing,2023,1,3,22,1,Sunday,2015-01-22 00:00:00,2015.0,1.0,22.0,1.0,Thursday,11.58,139,11-20 Years
27,Female,B.Sc,6.0,Mid,Startup,Remote,4.0,1.0,0,1.0,74258,67.0,2024-09-09,Built ML pipeline for preprocessing,2024,9,1,9,3,Monday,2018-09-09 12:00:00,2018.0,9.0,9.0,3.0,Sunday,7.95,95,6-10 Years
25,Male,B.Sc,,Junior,Enterprise,Remote,8.0,1.0,0,7.0,51245,86.0,2023-04-29,Contributed to open-source NLP repo,2023,4,0,29,2,Saturday,,,,,,,,,
31,Male,,3.0,Junior,Startup,Tier-3,7.0,2.0,1,1.0,58352,48.0,2024-06-11,Experience in data cleaning and ETL,2024,6,0,11,2,Tuesday,2021-06-11 06:00:00,2021.0,6.0,11.0,2.0,Friday,5.2,62,6-10 Years
24,Female,B.Sc,1.0,Lead,SME,Tier-1,3.0,2.0,0,3.0,81964,76.0,2023-07-03,Built ML pipeline for preprocessing,2023,7,3,3,3,Monday,2022-07-02 18:00:00,2022.0,7.0,2.0,3.0,Saturday,4.14,50,3-5 Years
32,Male,PhD,10.0,Junior,SME,Remote,4.0,0.0,1,2.0,136618,52.0,2024-05-29,Experience in data cleaning and ETL,2024,5,0,29,2,Wednesday,2014-05-29 12:00:00,2014.0,5.0,29.0,2.0,Thursday,12.23,147,11-20 Years
20,Male,B.Sc,0.0,Junior,Enterprise,Tier-2,,0.0,1,4.0,38498,63.0,2024-05-06,Contributed to open-source NLP repo,2024,5,0,6,2,Monday,2024-05-06 00:00:00,2024.0,5.0,6.0,2.0,Monday,2.3,28,3-5 Years
36,Female,B.Sc,12.0,Mid,Enterprise,Tier-1,6.0,1.0,0,3.0,145783,74.0,2024-05-20,Built ML pipeline for preprocessing,2024,5,1,20,2,Monday,2012-05-20 00:00:00,2012.0,5.0,20.0,2.0,Sunday,14.26,171,11-20 Years
33,Female,B.Sc+Cert,12.0,Lead,SME,Tier-3,4.0,0.0,0,0.0,150363,67.0,2024-09-26,Built ML pipeline for preprocessing,2024,9,3,26,3,Thursday,2012-09-26 00:00:00,2012.0,9.0,26.0,3.0,Wednesday,13.91,167,11-20 Years
32,Male,B.Sc,9.0,Junior,SME,Tier-1,6.0,1.0,1,1.0,131097,63.0,2024-03-12,,2024,3,0,12,1,Tuesday,2015-03-12 18:00:00,2015.0,3.0,12.0,1.0,Thursday,11.45,137,11-20 Years
36,Male,M.Sc,11.0,Mid,Enterprise,Tier-2,2.0,1.0,0,5.0,149851,47.0,2023-04-15,,2023,4,1,15,2,Saturday,2012-04-14 06:00:00,2012.0,4.0,14.0,2.0,Saturday,14.35,172,11-20 Years
40,Male,PhD,19.0,Mid,Startup,Tier-1,5.0,1.0,0,2.0,218689,44.0,2023-04-13,Experience in data cleaning and ETL,2023,4,1,13,2,Thursday,2004-04-12 06:00:00,2004.0,4.0,12.0,2.0,Monday,22.36,268,20+ Years
36,Female,B.Sc,10.0,Junior,Enterprise,Tier-2,7.0,0.0,0,0.0,125739,61.0,2023-07-27,Worked on microservices deployment,2023,7,0,27,3,Thursday,2013-07-26 12:00:00,2013.0,7.0,26.0,3.0,Friday,13.07,157,11-20 Years
20,Female,B.Sc,0.0,Senior,Enterprise,Tier-2,5.0,3.0,1,1.0,72439,52.0,2024-10-22,,2024,10,2,22,4,Tuesday,2024-10-22 00:00:00,2024.0,10.0,22.0,4.0,Tuesday,1.83,22,0-2 Years
22,Male,M.Sc,0.0,Mid,Startup,Tier-2,3.0,1.0,1,1.0,44752,53.0,2024-12-05,Contributed to open-source NLP repo,2024,12,1,5,4,Thursday,2024-12-05 00:00:00,2024.0,12.0,5.0,4.0,Thursday,1.71,21,0-2 Years
26,Male,B.Sc,3.0,Mid,Startup,Tier-1,5.0,2.0,0,,71499,71.0,2023-02-16,Experience in data cleaning and ETL,2023,2,1,16,1,Thursday,2020-02-16 06:00:00,2020.0,2.0,16.0,1.0,Sunday,6.51,78,6-10 Years
30,Female,B.Sc,,Senior,SME,Tier-2,6.0,0.0,0,2.0,108807,48.0,2023-10-31,Contributed to open-source NLP repo,2023,10,2,31,4,Tuesday,,,,,,,,,
33,Male,B.Sc,8.0,Lead,Startup,Tier-2,3.0,0.0,0,2.0,96071,61.0,2023-06-16,Worked on microservices deployment,2023,6,3,16,2,Friday,2015-06-16 00:00:00,2015.0,6.0,16.0,2.0,Tuesday,11.19,134,11-20 Years
26,Male,B.Sc,3.0,Mid,SME,Tier-1,,1.0,0,1.0,73881,,2024-05-08,Worked on microservices deployment,2024,5,1,8,2,Wednesday,2021-05-08 06:00:00,2021.0,5.0,8.0,2.0,Saturday,5.29,63,6-10 Years
31,Female,,7.0,Junior,Enterprise,Remote,5.0,1.0,1,,116166,61.0,2023-03-28,Worked on microservices deployment,2023,3,0,28,1,Tuesday,2016-03-27 06:00:00,2016.0,3.0,27.0,1.0,Sunday,10.4,125,11-20 Years
25,Male,B.Sc,,Senior,SME,Tier-2,,1.0,0,0.0,377596,44.0,2023-08-14,Built ML pipeline for preprocessing,2023,8,2,14,3,Monday,,,,,,,,,
26,Male,B.Sc,0.0,Mid,Startup,Remote,4.0,2.0,1,1.0,44232,,2023-04-30,No relevant project mentioned,2023,4,1,30,2,Sunday,2023-04-30 00:00:00,2023.0,4.0,30.0,2.0,Sunday,3.32,40,3-5 Years
22,Male,M.Sc,0.0,Senior,SME,Tier-1,4.0,0.0,0,0.0,76838,50.0,2023-09-05,Worked on microservices deployment,2023,9,2,5,3,Tuesday,2023-09-05 00:00:00,2023.0,9.0,5.0,3.0,Tuesday,2.97,36,3-5 Years
24,Male,B.Sc,0.0,Senior,SME,Tier-1,,1.0,0,0.0,62369,59.0,2024-05-19,Built ML pipeline for preprocessing,2024,5,2,19,2,Sunday,2024-05-19 00:00:00,2024.0,5.0,19.0,2.0,Sunday,2.26,27,3-5 Years
22,Female,B.Sc,1.0,Junior,Enterprise,Tier-1,4.0,0.0,0,1.0,55507,77.0,2023-12-19,Contributed to open-source NLP repo,2023,12,0,19,4,Tuesday,2022-12-18 18:00:00,2022.0,12.0,18.0,4.0,Sunday,3.68,44,3-5 Years
24,Male,M.Sc,1.0,Lead,Startup,Tier-2,1.0,0.0,1,3.0,76064,57.0,2023-05-24,Built ML pipeline for preprocessing,2023,5,3,24,2,Wednesday,2022-05-23 18:00:00,2022.0,5.0,23.0,2.0,Monday,4.25,51,3-5 Years
36,Other,B.Sc,,Mid,SME,Tier-1,4.0,1.0,1,0.0,147893,58.0,2023-12-16,Built ML pipeline for preprocessing,2023,12,1,16,4,Saturday,,,,,,,,,
24,Male,,3.0,Mid,Enterprise,Tier-2,3.0,3.0,0,1.0,85917,72.0,2024-05-29,Built ML pipeline for preprocessing,2024,5,1,29,2,Wednesday,2021-05-29 06:00:00,2021.0,5.0,29.0,2.0,Saturday,5.23,63,6-10 Years
46,Male,B.Sc+Cert,17.0,Junior,SME,Tier-1,6.0,3.0,0,4.0,202192,,2023-11-13,Experience in data cleaning and ETL,2023,11,0,13,4,Monday,2006-11-12 18:00:00,2006.0,11.0,12.0,4.0,Sunday,19.78,237,11-20 Years
33,Male,B.Sc,12.0,Senior,SME,Tier-1,,0.0,1,1.0,168598,68.0,2023-01-26,,2023,1,2,26,1,Thursday,2011-01-26 00:00:00,2011.0,1.0,26.0,1.0,Wednesday,15.57,187,11-20 Years
31,Male,B.Sc,10.0,Mid,Startup,Tier-2,6.0,3.0,0,1.0,114304,57.0,2024-06-13,Experience in data cleaning and ETL,2024,6,1,13,2,Thursday,2014-06-13 12:00:00,2014.0,6.0,13.0,2.0,Friday,12.19,146,11-20 Years
25,Male,B.Sc,3.0,Mid,Enterprise,Remote,8.0,1.0,0,5.0,75016,,2023-11-18,Built ML pipeline for preprocessing,2023,11,1,18,4,Saturday,2020-11-17 06:00:00,2020.0,11.0,17.0,4.0,Tuesday,5.76,69,6-10 Years
34,Male,B.Sc,11.0,Senior,SME,Tier-1,6.0,1.0,0,3.0,166847,55.0,2023-10-23,Built ML pipeline for preprocessing,2023,10,2,23,4,Monday,2012-10-22 06:00:00,2012.0,10.0,22.0,4.0,Monday,13.83,166,11-20 Years
27,Male,B.Sc+Cert,3.0,Mid,Enterprise,Tier-3,10.0,2.0,0,4.0,81498,64.0,2023-05-11,,2023,5,1,11,2,Thursday,2020-05-10 06:00:00,2020.0,5.0,10.0,2.0,Sunday,6.28,75,6-10 Years
31,Male,B.Sc+Cert,9.0,Mid,Enterprise,Tier-3,6.0,0.0,0,1.0,125544,51.0,2023-01-17,Built ML pipeline for preprocessing,2023,1,1,17,1,Tuesday,2014-01-16 18:00:00,2014.0,1.0,16.0,1.0,Thursday,12.6,151,11-20 Years
45,Female,B.Sc,25.0,Senior,SME,Tier-2,5.0,1.0,0,7.0,255889,52.0,2024-08-04,Experience in data cleaning and ETL,2024,8,2,4,3,Sunday,1999-08-04 18:00:00,1999.0,8.0,4.0,3.0,Wednesday,27.05,325,20+ Years
29,Male,M.Sc,6.0,Mid,SME,Remote,5.0,1.0,0,0.0,97972,54.0,2023-07-04,Contributed to open-source NLP repo,2023,7,1,4,3,Tuesday,2017-07-03 12:00:00,2017.0,7.0,3.0,3.0,Monday,9.14,110,6-10 Years
37,Female,B.Sc+Cert,14.0,Senior,Startup,Remote,2.0,2.0,0,6.0,167530,63.0,2023-02-18,Contributed to open-source NLP repo,2023,2,2,18,1,Saturday,2009-02-17 12:00:00,2009.0,2.0,17.0,1.0,Tuesday,17.51,210,11-20 Years
26,Male,B.Sc+Cert,4.0,Senior,Startup,Tier-1,3.0,1.0,1,,97804,71.0,2023-03-17,Experience in data cleaning and ETL,2023,3,2,17,1,Friday,2019-03-17 00:00:00,2019.0,3.0,17.0,1.0,Sunday,7.44,89,6-10 Years
30,Male,B.Sc,7.0,Mid,Enterprise,Tier-2,2.0,0.0,0,2.0,83259,73.0,2024-06-11,Built ML pipeline for preprocessing,2024,6,1,11,2,Tuesday,2017-06-11 06:00:00,2017.0,6.0,11.0,2.0,Sunday,9.2,110,6-10 Years
41,Male,B.Sc,13.0,Mid,SME,Tier-2,5.0,1.0,0,2.0,303872,57.0,2023-01-06,Experience in data cleaning and ETL,2023,1,1,6,1,Friday,2010-01-05 18:00:00,2010.0,1.0,5.0,1.0,Tuesday,16.63,200,11-20 Years
26,Male,B.Sc,,Junior,SME,Tier-2,1.0,3.0,0,4.0,69948,64.0,2023-02-03,Contributed to open-source NLP repo,2023,2,0,3,1,Friday,,,,,,,,,
41,Male,B.Sc+Cert,18.0,Mid,Enterprise,Tier-1,5.0,1.0,1,1.0,231091,49.0,2023-02-28,No relevant project mentioned,2023,2,1,28,1,Tuesday,2005-02-27 12:00:00,2005.0,2.0,27.0,1.0,Sunday,21.48,258,20+ Years
34,Female,B.Sc,11.0,Mid,Startup,Remote,4.0,1.0,0,2.0,131955,50.0,2023-03-08,Contributed to open-source NLP repo,2023,3,1,8,1,Wednesday,2012-03-07 06:00:00,2012.0,3.0,7.0,1.0,Wednesday,14.46,174,11-20 Years
27,Female,M.Sc,4.0,Senior,SME,Tier-3,3.0,1.0,1,5.0,85362,49.0,2023-09-12,Contributed to open-source NLP repo,2023,9,2,12,3,Tuesday,2019-09-12 00:00:00,2019.0,9.0,12.0,3.0,Thursday,6.95,83,6-10 Years
34,Male,B.Sc,11.0,Junior,SME,Tier-1,5.0,0.0,1,0.0,129920,77.0,2024-02-07,Worked on microservices deployment,2024,2,0,7,1,Wednesday,2013-02-06 06:00:00,2013.0,2.0,6.0,1.0,Wednesday,13.54,162,11-20 Years
36,Male,B.Sc,13.0,Junior,SME,Tier-1,1.0,0.0,1,5.0,125040,60.0,2023-06-06,,2023,6,0,6,2,Tuesday,2010-06-05 18:00:00,2010.0,6.0,5.0,2.0,Saturday,16.21,195,11-20 Years
34,Female,B.Sc,10.0,Junior,Enterprise,Remote,10.0,0.0,0,3.0,140384,75.0,2023-02-01,,2023,2,0,1,1,Wednesday,2013-01-31 12:00:00,2013.0,1.0,31.0,1.0,Thursday,13.56,163,11-20 Years
21,Male,PhD,5.0,Junior,SME,Tier-1,1.0,0.0,0,3.0,100974,69.0,2023-01-10,,2023,1,0,10,1,Tuesday,2018-01-09 18:00:00,2018.0,1.0,9.0,1.0,Tuesday,8.62,103,6-10 Years
26,Female,B.Sc,4.0,Mid,SME,Tier-2,13.0,1.0,1,0.0,84596,49.0,2024-12-04,No relevant project mentioned,2024,12,1,4,4,Wednesday,2020-12-04 00:00:00,2020.0,12.0,4.0,4.0,Friday,5.72,69,6-10 Years
29,Female,,6.0,Junior,SME,Tier-1,,2.0,0,0.0,105276,65.0,2024-01-10,No relevant project mentioned,2024,1,0,10,1,Wednesday,2018-01-09 12:00:00,2018.0,1.0,9.0,1.0,Tuesday,8.62,103,6-10 Years
30,Female,B.Sc,11.0,Junior,Startup,Tier-1,3.0,0.0,1,6.0,128690,55.0,2023-12-15,,2023,12,0,15,4,Friday,2012-12-14 06:00:00,2012.0,12.0,14.0,4.0,Friday,13.69,164,11-20 Years
34,Male,B.Sc,9.0,Junior,SME,Tier-1,8.0,0.0,0,0.0,105087,56.0,2024-08-11,Built ML pipeline for preprocessing,2024,8,0,11,3,Sunday,2015-08-11 18:00:00,2015.0,8.0,11.0,3.0,Tuesday,11.03,132,11-20 Years
31,Male,B.Sc,7.0,Senior,SME,Tier-1,5.0,1.0,0,2.0,140842,65.0,2024-06-15,No relevant project mentioned,2024,6,2,15,2,Saturday,2017-06-15 06:00:00,2017.0,6.0,15.0,2.0,Thursday,9.19,110,6-10 Years
22,Male,B.Sc,0.0,Senior,Enterprise,Tier-1,,1.0,1,4.0,76867,36.0,2023-06-05,No relevant project mentioned,2023,6,2,5,2,Monday,2023-06-05 00:00:00,2023.0,6.0,5.0,2.0,Monday,3.22,39,3-5 Years
32,Male,B.Sc,9.0,Junior,Enterprise,Tier-2,1.0,1.0,1,0.0,92339,78.0,2023-01-27,No relevant project mentioned,2023,1,0,27,1,Friday,2014-01-26 18:00:00,2014.0,1.0,26.0,1.0,Sunday,12.57,151,11-20 Years
34,Female,B.Sc,,Mid,SME,Tier-2,1.0,0.0,1,,122334,59.0,2023-06-02,No relevant project mentioned,2023,6,1,2,2,Friday,,,,,,,,,
33,Male,B.Sc,12.0,Mid,SME,Tier-1,7.0,,1,0.0,159260,55.0,2023-10-12,Worked on microservices deployment,2023,10,1,12,4,Thursday,2011-10-12 00:00:00,2011.0,10.0,12.0,4.0,Wednesday,14.86,178,11-20 Years
36,Male,B.Sc,13.0,Junior,Startup,Tier-3,,1.0,1,,128798,66.0,2024-09-19,Built ML pipeline for preprocessing,2024,9,0,19,3,Thursday,2011-09-19 18:00:00,2011.0,9.0,19.0,3.0,Monday,14.92,179,11-20 Years
35,Female,B.Sc+Cert,13.0,Mid,Startup,Tier-2,6.0,1.0,0,1.0,147090,56.0,2023-09-07,,2023,9,1,7,3,Thursday,2010-09-06 18:00:00,2010.0,9.0,6.0,3.0,Monday,15.96,192,11-20 Years
33,Female,B.Sc+Cert,,Junior,SME,Tier-2,6.0,0.0,0,2.0,108944,65.0,2024-03-04,No relevant project mentioned,2024,3,0,4,1,Monday,,,,,,,,,
30,Female,B.Sc,6.0,Senior,SME,Tier-2,7.0,0.0,0,5.0,87448,65.0,2024-07-10,Contributed to open-source NLP repo,2024,7,2,10,3,Wednesday,2018-07-10 12:00:00,2018.0,7.0,10.0,3.0,Tuesday,8.12,97,6-10 Years
20,Female,M.Sc,,Junior,Startup,Tier-2,3.0,3.0,1,0.0,44415,55.0,2023-10-13,Contributed to open-source NLP repo,2023,10,0,13,4,Friday,,,,,,,,,
33,Male,,12.0,Lead,SME,Remote,6.0,1.0,0,1.0,182142,75.0,2024-05-20,Contributed to open-source NLP repo,2024,5,3,20,2,Monday,2012-05-20 00:00:00,2012.0,5.0,20.0,2.0,Sunday,14.26,171,11-20 Years
31,Male,B.Sc,10.0,Junior,Enterprise,Tier-2,,0.0,1,1.0,119539,57.0,2023-10-21,Worked on microservices deployment,2023,10,0,21,4,Saturday,2013-10-20 12:00:00,2013.0,10.0,20.0,4.0,Sunday,12.84,154,11-20 Years
32,Female,M.Eng,,Mid,Startup,Tier-1,1.0,1.0,0,1.0,123466,69.0,2024-03-19,Contributed to open-source NLP repo,2024,3,1,19,1,Tuesday,,,,,,,,,
22,Male,B.Sc+Cert,0.0,Senior,Enterprise,Tier-3,6.0,0.0,0,2.0,56329,65.0,2023-10-15,Contributed to open-source NLP repo,2023,10,2,15,4,Sunday,2023-10-15 00:00:00,2023.0,10.0,15.0,4.0,Sunday,2.86,34,3-5 Years
24,Male,B.Sc,0.0,Junior,Startup,Tier-1,2.0,1.0,1,5.0,37078,72.0,2023-11-02,No relevant project mentioned,2023,11,0,2,4,Thursday,2023-11-02 00:00:00,2023.0,11.0,2.0,4.0,Thursday,2.81,34,3-5 Years
36,Male,B.Sc,14.0,Mid,SME,Tier-1,7.0,1.0,0,7.0,153065,58.0,2023-03-12,Contributed to open-source NLP repo,2023,3,1,12,1,Sunday,2009-03-11 12:00:00,2009.0,3.0,11.0,1.0,Wednesday,17.45,209,11-20 Years
30,Male,B.Sc+Cert,7.0,Mid,Enterprise,Tier-2,3.0,3.0,0,,92880,63.0,2023-06-12,Experience in data cleaning and ETL,2023,6,1,12,2,Monday,2016-06-11 06:00:00,2016.0,6.0,11.0,2.0,Saturday,10.2,122,11-20 Years
34,Female,B.Sc,10.0,Mid,SME,Tier-3,6.0,1.0,0,3.0,123045,55.0,2024-04-25,Worked on microservices deployment,2024,4,1,25,2,Thursday,2014-04-25 12:00:00,2014.0,4.0,25.0,2.0,Friday,12.33,148,11-20 Years
30,Male,B.Sc,6.0,Junior,Enterprise,Tier-1,5.0,2.0,0,,104675,59.0,2024-08-10,No relevant project mentioned,2024,8,0,10,3,Saturday,2018-08-10 12:00:00,2018.0,8.0,10.0,3.0,Friday,8.03,96,6-10 Years
30,Male,B.Sc,,Junior,Startup,Remote,8.0,1.0,0,,134459,62.0,2023-12-09,No relevant project mentioned,2023,12,0,9,4,Saturday,,,,,,,,,
36,Male,B.Sc,13.0,Mid,SME,Tier-1,3.0,0.0,0,0.0,137670,47.0,2024-05-31,Built ML pipeline for preprocessing,2024,5,1,31,2,Friday,2011-05-31 18:00:00,2011.0,5.0,31.0,2.0,Tuesday,15.23,183,11-20 Years
27,Male,M.Sc,4.0,Mid,SME,Tier-1,,1.0,1,4.0,83277,48.0,2023-04-17,No relevant project mentioned,2023,4,1,17,2,Monday,2019-04-17 00:00:00,2019.0,4.0,17.0,2.0,Wednesday,7.35,88,6-10 Years
31,Male,M.Sc,7.0,Mid,SME,Remote,5.0,1.0,0,6.0,109066,46.0,2024-09-22,No relevant project mentioned,2024,9,1,22,3,Sunday,2017-09-22 06:00:00,2017.0,9.0,22.0,3.0,Friday,8.91,107,6-10 Years
27,Male,PhD,2.0,Junior,Enterprise,Tier-2,9.0,3.0,0,5.0,89393,57.0,2024-08-31,,2024,8,0,31,3,Saturday,2022-08-31 12:00:00,2022.0,8.0,31.0,3.0,Wednesday,3.98,48,3-5 Years
27,Female,B.Sc,,Junior,Enterprise,Tier-3,3.0,2.0,0,2.0,48335,86.0,2024-11-23,,2024,11,0,23,4,Saturday,,,,,,,,,
28,Male,B.Sc,5.0,Mid,Enterprise,Tier-3,,0.0,0,1.0,81617,48.0,2024-05-12,Experience in data cleaning and ETL,2024,5,1,12,2,Sunday,2019-05-12 18:00:00,2019.0,5.0,12.0,2.0,Sunday,7.28,87,6-10 Years
31,Male,B.Sc,7.0,Mid,Startup,Remote,3.0,3.0,0,2.0,94472,73.0,2023-01-01,Built ML pipeline for preprocessing,2023,1,1,1,1,Sunday,2016-01-01 06:00:00,2016.0,1.0,1.0,1.0,Friday,10.64,128,11-20 Years
27,Male,B.Sc,7.0,Mid,SME,Tier-1,3.0,1.0,1,1.0,104822,52.0,2024-08-20,Experience in data cleaning and ETL,2024,8,1,20,3,Tuesday,2017-08-20 06:00:00,2017.0,8.0,20.0,3.0,Sunday,9.0,108,6-10 Years
38,Male,B.Sc,14.0,Junior,SME,Tier-1,4.0,,1,1.0,146354,52.0,2024-04-20,Built ML pipeline for preprocessing,2024,4,0,20,2,Saturday,2010-04-20 12:00:00,2010.0,4.0,20.0,2.0,Tuesday,16.34,196,11-20 Years
25,Male,PhD,6.0,Junior,SME,Tier-3,,0.0,1,1.0,100999,55.0,2024-03-28,Worked on microservices deployment,2024,3,0,28,1,Thursday,2018-03-28 12:00:00,2018.0,3.0,28.0,1.0,Wednesday,8.4,101,6-10 Years
29,Female,B.Sc+Cert,1.0,Junior,Enterprise,Tier-2,2.0,1.0,1,1.0,45105,65.0,2023-03-06,,2023,3,0,6,1,Monday,2022-03-05 18:00:00,2022.0,3.0,5.0,1.0,Saturday,4.47,54,3-5 Years
27,Male,B.Sc,6.0,Junior,Startup,Tier-2,4.0,3.0,1,1.0,90157,71.0,2024-04-29,Built ML pipeline for preprocessing,2024,4,0,29,2,Monday,2018-04-29 12:00:00,2018.0,4.0,29.0,2.0,Sunday,8.31,100,6-10 Years
39,Female,M.Sc,15.0,Junior,SME,Tier-1,3.0,2.0,1,0.0,181026,58.0,2024-09-06,Built ML pipeline for preprocessing,2024,9,0,6,3,Friday,2009-09-06 06:00:00,2009.0,9.0,6.0,3.0,Sunday,16.96,204,11-20 Years
31,Male,B.Sc,5.0,Mid,SME,Tier-1,,1.0,1,1.0,86442,80.0,2024-02-26,No relevant project mentioned,2024,2,1,26,1,Monday,2019-02-25 18:00:00,2019.0,2.0,25.0,1.0,Monday,7.49,90,6-10 Years
36,Male,B.Sc,14.0,Mid,Enterprise,Tier-2,,0.0,1,2.0,181411,42.0,2024-06-19,Worked on microservices deployment,2024,6,1,19,2,Wednesday,2010-06-19 12:00:00,2010.0,6.0,19.0,2.0,Saturday,16.18,194,11-20 Years
21,Male,M.Sc,0.0,Mid,Enterprise,Tier-1,4.0,0.0,1,0.0,66882,55.0,2023-05-31,Contributed to open-source NLP repo,2023,5,1,31,2,Wednesday,2023-05-31 00:00:00,2023.0,5.0,31.0,2.0,Wednesday,3.23,39,3-5 Years
32,Female,B.Sc,10.0,Junior,SME,Tier-1,4.0,2.0,0,4.0,132181,56.0,2024-01-26,Contributed to open-source NLP repo,2024,1,0,26,1,Friday,2014-01-25 12:00:00,2014.0,1.0,25.0,1.0,Saturday,12.57,151,11-20 Years
35,Male,PhD,,Junior,Startup,Tier-1,4.0,1.0,0,2.0,134603,51.0,2024-02-19,Built ML pipeline for preprocessing,2024,2,0,19,1,Monday,,,,,,,,,
30,Male,M.Sc,,Mid,SME,Tier-1,9.0,0.0,0,4.0,103642,66.0,2023-01-07,,2023,1,1,7,1,Saturday,,,,,,,,,
36,Male,B.Sc,14.0,Senior,SME,Tier-3,11.0,0.0,1,0.0,169030,67.0,2024-05-30,Built ML pipeline for preprocessing,2024,5,2,30,2,Thursday,2010-05-30 12:00:00,2010.0,5.0,30.0,2.0,Sunday,16.23,195,11-20 Years
27,Male,M.Sc,5.0,Mid,Enterprise,Tier-3,4.0,2.0,0,4.0,102335,66.0,2024-11-24,Built ML pipeline for preprocessing,2024,11,1,24,4,Sunday,2019-11-24 18:00:00,2019.0,11.0,24.0,4.0,Sunday,6.74,81,6-10 Years
38,Male,B.Sc,12.0,Mid,SME,Tier-1,4.0,0.0,0,6.0,133432,,2024-04-10,No relevant project mentioned,2024,4,1,10,2,Wednesday,2012-04-10 00:00:00,2012.0,4.0,10.0,2.0,Tuesday,14.37,172,11-20 Years
44,Male,B.Sc,22.0,Senior,SME,Tier-1,2.0,0.0,0,1.0,246269,78.0,2023-04-14,Built ML pipeline for preprocessing,2023,4,2,14,2,Friday,2001-04-13 12:00:00,2001.0,4.0,13.0,2.0,Friday,25.36,304,20+ Years
28,Male,B.Sc,6.0,Mid,SME,Tier-2,5.0,2.0,1,1.0,91974,53.0,2024-04-08,Built ML pipeline for preprocessing,2024,4,1,8,2,Monday,2018-04-08 12:00:00,2018.0,4.0,8.0,2.0,Sunday,8.37,100,6-10 Years
27,Male,B.Sc,5.0,Junior,SME,Tier-1,6.0,0.0,0,2.0,75278,70.0,2024-07-17,Worked on microservices deployment,2024,7,0,17,3,Wednesday,2019-07-17 18:00:00,2019.0,7.0,17.0,3.0,Wednesday,7.1,85,6-10 Years
39,Male,M.Sc,16.0,Mid,Enterprise,Tier-3,3.0,1.0,1,2.0,158255,,2024-08-16,Contributed to open-source NLP repo,2024,8,1,16,3,Friday,2008-08-16 00:00:00,2008.0,8.0,16.0,3.0,Saturday,18.02,216,11-20 Years
39,Female,B.Sc,15.0,Junior,Startup,Tier-3,4.0,1.0,1,0.0,143310,67.0,2024-07-13,Contributed to open-source NLP repo,2024,7,0,13,3,Saturday,2009-07-13 06:00:00,2009.0,7.0,13.0,3.0,Monday,17.11,205,11-20 Years
27,Female,M.Sc,,Mid,SME,Remote,2.0,0.0,0,6.0,76385,61.0,2023-12-17,Built ML pipeline for preprocessing,2023,12,1,17,4,Sunday,,,,,,,,,
27,Female,M.Sc,5.0,Mid,Enterprise,Tier-2,6.0,1.0,1,2.0,389648,63.0,2024-12-29,No relevant project mentioned,2024,12,1,29,4,Sunday,2019-12-29 18:00:00,2019.0,12.0,29.0,4.0,Sunday,6.65,80,6-10 Years
28,Male,B.Sc,5.0,Senior,Startup,Tier-1,8.0,1.0,1,3.0,98218,44.0,2024-01-01,,2024,1,2,1,1,Monday,2018-12-31 18:00:00,2018.0,12.0,31.0,4.0,Monday,7.64,92,6-10 Years
22,Male,M.Eng,0.0,Junior,Enterprise,Tier-2,6.0,0.0,0,1.0,50766,68.0,2023-07-01,Built ML pipeline for preprocessing,2023,7,0,1,3,Saturday,2023-07-01 00:00:00,2023.0,7.0,1.0,3.0,Saturday,3.15,38,3-5 Years
24,Male,B.Sc,5.0,Mid,SME,Tier-1,6.0,1.0,0,1.0,88804,64.0,2023-08-31,,2023,8,1,31,3,Thursday,2018-08-30 18:00:00,2018.0,8.0,30.0,3.0,Thursday,7.98,96,6-10 Years
24,Male,B.Sc,2.0,Mid,SME,Tier-1,6.0,0.0,0,0.0,67251,76.0,2023-08-08,Built ML pipeline for preprocessing,2023,8,1,8,3,Tuesday,2021-08-07 12:00:00,2021.0,8.0,7.0,3.0,Saturday,5.04,60,6-10 Years
25,Male,B.Sc,3.0,Senior,Startup,Tier-1,5.0,0.0,0,1.0,88061,61.0,2023-07-27,,2023,7,2,27,3,Thursday,2020-07-26 06:00:00,2020.0,7.0,26.0,3.0,Sunday,6.07,73,6-10 Years
30,Male,B.Sc,4.0,Senior,SME,Tier-2,2.0,4.0,1,7.0,85436,,2024-09-30,,2024,9,2,30,3,Monday,2020-09-30 00:00:00,2020.0,9.0,30.0,3.0,Wednesday,5.89,71,6-10 Years
31,Male,B.Sc,8.0,Lead,SME,Tier-1,,2.0,0,3.0,134004,55.0,2023-07-01,,2023,7,3,1,3,Saturday,2015-07-01 00:00:00,2015.0,7.0,1.0,3.0,Wednesday,11.15,134,11-20 Years
39,Male,M.Sc,19.0,Junior,Startup,Tier-1,1.0,3.0,1,4.0,183729,38.0,2024-03-04,Experience in data cleaning and ETL,2024,3,0,4,1,Monday,2005-03-04 06:00:00,2005.0,3.0,4.0,1.0,Friday,21.47,258,20+ Years
24,Female,B.Sc,,Mid,SME,Tier-2,5.0,1.0,0,6.0,39102,,2023-02-04,Contributed to open-source NLP repo,2023,2,1,4,1,Saturday,,,,,,,,,
36,Male,B.Sc,13.0,Junior,Startup,Remote,3.0,2.0,1,0.0,132511,52.0,2024-11-05,Built ML pipeline for preprocessing,2024,11,0,5,4,Tuesday,2011-11-05 18:00:00,2011.0,11.0,5.0,4.0,Saturday,14.8,178,11-20 Years
29,Male,B.Sc+Cert,5.0,Junior,SME,Tier-1,6.0,0.0,0,,96154,53.0,2024-02-25,No relevant project mentioned,2024,2,0,25,1,Sunday,2019-02-24 18:00:00,2019.0,2.0,24.0,1.0,Sunday,7.49,90,6-10 Years
30,Male,M.Sc,8.0,Senior,Enterprise,Tier-2,3.0,3.0,1,6.0,150367,,2023-07-22,Worked on microservices deployment,2023,7,2,22,3,Saturday,2015-07-22 00:00:00,2015.0,7.0,22.0,3.0,Wednesday,11.09,133,11-20 Years
34,Male,B.Sc+Cert,10.0,Lead,Startup,Tier-1,3.0,0.0,0,2.0,146464,70.0,2023-06-11,Experience in data cleaning and ETL,2023,6,3,11,2,Sunday,2013-06-10 12:00:00,2013.0,6.0,10.0,2.0,Monday,13.2,158,11-20 Years
23,Male,B.Sc,0.0,Junior,Startup,Remote,6.0,0.0,0,2.0,33554,52.0,2024-02-12,Built ML pipeline for preprocessing,2024,2,0,12,1,Monday,2024-02-12 00:00:00,2024.0,2.0,12.0,1.0,Monday,2.53,30,3-5 Years
32,Female,M.Sc,7.0,Junior,Enterprise,Tier-1,8.0,0.0,0,1.0,116067,,2023-12-15,Worked on microservices deployment,2023,12,0,15,4,Friday,2016-12-14 06:00:00,2016.0,12.0,14.0,4.0,Wednesday,9.69,116,6-10 Years
31,Female,B.Sc+Cert,10.0,Junior,SME,Remote,4.0,0.0,0,4.0,129471,,2023-01-04,,2023,1,0,4,1,Wednesday,2013-01-03 12:00:00,2013.0,1.0,3.0,1.0,Thursday,13.63,164,11-20 Years
33,Male,M.Sc,,Senior,Startup,Tier-1,5.0,1.0,0,2.0,140461,40.0,2023-12-27,Built ML pipeline for preprocessing,2023,12,2,27,4,Wednesday,,,,,,,,,
32,Female,M.Sc,12.0,Junior,SME,Tier-3,4.0,0.0,0,4.0,143302,69.0,2024-08-12,Worked on microservices deployment,2024,8,0,12,3,Monday,2012-08-12 00:00:00,2012.0,8.0,12.0,3.0,Sunday,14.03,168,11-20 Years
45,Other,B.Sc,21.0,Junior,Startup,Tier-1,6.0,1.0,0,7.0,209511,56.0,2024-10-25,Built ML pipeline for preprocessing,2024,10,0,25,4,Friday,2003-10-25 18:00:00,2003.0,10.0,25.0,4.0,Saturday,22.83,274,20+ Years
26,Female,B.Sc,,Junior,Startup,Tier-1,3.0,0.0,1,2.0,44404,65.0,2023-12-24,Built ML pipeline for preprocessing,2023,12,0,24,4,Sunday,,,,,,,,,
27,Female,B.Sc,4.0,Mid,Enterprise,Tier-1,5.0,1.0,1,2.0,96411,48.0,2024-09-19,Worked on microservices deployment,2024,9,1,19,3,Thursday,2020-09-19 00:00:00,2020.0,9.0,19.0,3.0,Saturday,5.92,71,6-10 Years
26,Male,B.Sc,0.0,Senior,Enterprise,Tier-1,3.0,3.0,1,1.0,90513,,2023-02-05,Built ML pipeline for preprocessing,2023,2,2,5,1,Sunday,2023-02-05 00:00:00,2023.0,2.0,5.0,1.0,Sunday,3.55,43,3-5 Years
27,Male,B.Sc+Cert,5.0,Junior,SME,Tier-3,7.0,0.0,1,0.0,85361,62.0,2023-12-01,Built ML pipeline for preprocessing,2023,12,0,1,4,Friday,2018-11-30 18:00:00,2018.0,11.0,30.0,4.0,Friday,7.73,93,6-10 Years
26,Male,B.Sc,2.0,Mid,Startup,Tier-2,4.0,1.0,1,3.0,56736,52.0,2023-10-18,,2023,10,1,18,4,Wednesday,2021-10-17 12:00:00,2021.0,10.0,17.0,4.0,Sunday,4.85,58,3-5 Years
37,Male,B.Sc+Cert,12.0,Junior,Startup,Tier-2,6.0,1.0,0,0.0,127523,44.0,2023-10-12,No relevant project mentioned,2023,10,0,12,4,Thursday,2011-10-12 00:00:00,2011.0,10.0,12.0,4.0,Wednesday,14.86,178,11-20 Years
39,Other,B.Sc+Cert,17.0,Mid,Enterprise,Remote,6.0,4.0,0,6.0,220798,,2023-02-05,Contributed to open-source NLP repo,2023,2,1,5,1,Sunday,2006-02-04 18:00:00,2006.0,2.0,4.0,1.0,Saturday,20.54,246,20+ Years
27,Male,B.Sc,5.0,Mid,Startup,Tier-2,3.0,1.0,0,2.0,71404,,2023-11-20,No relevant project mentioned,2023,11,1,20,4,Monday,2018-11-19 18:00:00,2018.0,11.0,19.0,4.0,Monday,7.76,93,6-10 Years
25,Female,B.Sc,0.0,Junior,SME,Remote,4.0,5.0,0,6.0,49878,55.0,2024-04-07,Built ML pipeline for preprocessing,2024,4,0,7,2,Sunday,2024-04-07 00:00:00,2024.0,4.0,7.0,2.0,Sunday,2.38,29,3-5 Years
33,Female,B.Sc+Cert,10.0,Junior,Startup,Tier-1,11.0,4.0,0,1.0,126641,43.0,2024-01-30,Worked on microservices deployment,2024,1,0,30,1,Tuesday,2014-01-29 12:00:00,2014.0,1.0,29.0,1.0,Wednesday,12.56,151,11-20 Years
27,Female,B.Sc+Cert,7.0,Senior,SME,Remote,7.0,0.0,0,6.0,119800,56.0,2024-07-20,,2024,7,2,20,3,Saturday,2017-07-20 06:00:00,2017.0,7.0,20.0,3.0,Thursday,9.09,109,6-10 Years
34,Other,B.Sc,11.0,Junior,Startup,Tier-1,3.0,0.0,0,2.0,127921,64.0,2023-02-18,Built ML pipeline for preprocessing,2023,2,0,18,1,Saturday,2012-02-18 06:00:00,2012.0,2.0,18.0,1.0,Saturday,14.51,174,11-20 Years
31,Male,B.Sc,8.0,Mid,SME,Tier-2,2.0,,0,4.0,84252,45.0,2024-04-07,Contributed to open-source NLP repo,2024,4,1,7,2,Sunday,2016-04-07 00:00:00,2016.0,4.0,7.0,2.0,Thursday,10.38,125,11-20 Years
21,Male,B.Sc,0.0,Mid,Enterprise,Tier-2,4.0,1.0,1,0.0,54027,,2023-11-09,Contributed to open-source NLP repo,2023,11,1,9,4,Thursday,2023-11-09 00:00:00,2023.0,11.0,9.0,4.0,Thursday,2.79,33,3-5 Years
39,Male,M.Sc,16.0,Junior,SME,Tier-2,11.0,,0,2.0,179782,36.0,2023-12-21,Contributed to open-source NLP repo,2023,12,0,21,4,Thursday,2007-12-21 00:00:00,2007.0,12.0,21.0,4.0,Friday,18.67,224,11-20 Years
41,Male,B.Sc,18.0,Mid,Startup,Tier-2,7.0,1.0,0,2.0,176191,58.0,2023-12-09,Experience in data cleaning and ETL,2023,12,1,9,4,Saturday,2005-12-08 12:00:00,2005.0,12.0,8.0,4.0,Thursday,20.7,248,20+ Years
26,Male,M.Sc,5.0,Senior,Enterprise,Tier-1,,1.0,0,1.0,135998,,2023-02-24,Experience in data cleaning and ETL,2023,2,2,24,1,Friday,2018-02-23 18:00:00,2018.0,2.0,23.0,1.0,Friday,8.49,102,6-10 Years
28,Male,B.Sc,5.0,Mid,Startup,Remote,4.0,2.0,0,1.0,75804,55.0,2023-11-08,Experience in data cleaning and ETL,2023,11,1,8,4,Wednesday,2018-11-07 18:00:00,2018.0,11.0,7.0,4.0,Wednesday,7.79,93,6-10 Years
32,Female,B.Sc,,Junior,SME,Remote,6.0,1.0,0,5.0,73106,77.0,2023-09-17,Contributed to open-source NLP repo,2023,9,0,17,3,Sunday,,,,,,,,,
32,Male,B.Sc,10.0,Mid,SME,Remote,8.0,1.0,0,0.0,126266,69.0,2024-10-03,Experience in data cleaning and ETL,2024,10,1,3,4,Thursday,2014-10-03 12:00:00,2014.0,10.0,3.0,4.0,Friday,11.89,143,11-20 Years
34,Male,B.Sc,15.0,Mid,Startup,Remote,4.0,1.0,0,0.0,146609,59.0,2023-03-29,Contributed to open-source NLP repo,2023,3,1,29,1,Wednesday,2008-03-28 06:00:00,2008.0,3.0,28.0,1.0,Friday,18.4,221,11-20 Years
42,Male,B.Sc,15.0,Mid,SME,Tier-3,7.0,3.0,0,1.0,169112,73.0,2023-11-16,Worked on microservices deployment,2023,11,1,16,4,Thursday,2008-11-15 06:00:00,2008.0,11.0,15.0,4.0,Saturday,17.77,213,11-20 Years
29,Male,B.Sc,7.0,Mid,Enterprise,Remote,9.0,0.0,0,5.0,435604,48.0,2024-01-25,Worked on microservices deployment,2024,1,1,25,1,Thursday,2017-01-24 06:00:00,2017.0,1.0,24.0,1.0,Tuesday,9.57,115,6-10 Years
25,Male,B.Sc,5.0,Junior,Enterprise,Remote,5.0,2.0,0,2.0,93089,49.0,2023-09-27,Built ML pipeline for preprocessing,2023,9,0,27,3,Wednesday,2018-09-26 18:00:00,2018.0,9.0,26.0,3.0,Wednesday,7.9,95,6-10 Years
22,Female,B.Sc,,Mid,SME,Tier-2,6.0,2.0,0,1.0,42073,59.0,2024-04-04,No relevant project mentioned,2024,4,1,4,2,Thursday,,,,,,,,,
26,Male,B.Sc,2.0,Mid,Startup,Tier-3,2.0,4.0,1,1.0,47358,,2023-12-27,Worked on microservices deployment,2023,12,1,27,4,Wednesday,2021-12-26 12:00:00,2021.0,12.0,26.0,4.0,Sunday,4.65,56,3-5 Years
30,Female,PhD,9.0,Junior,SME,Remote,4.0,1.0,0,4.0,124577,,2023-05-06,Built ML pipeline for preprocessing,2023,5,0,6,2,Saturday,2014-05-05 18:00:00,2014.0,5.0,5.0,2.0,Monday,12.3,148,11-20 Years
41,Male,B.Sc,16.0,Mid,SME,Tier-3,4.0,1.0,0,0.0,147797,60.0,2023-07-04,Experience in data cleaning and ETL,2023,7,1,4,3,Tuesday,2007-07-04 00:00:00,2007.0,7.0,4.0,3.0,Wednesday,19.14,230,11-20 Years
27,Female,B.Sc,8.0,Junior,SME,Tier-2,8.0,0.0,0,,98904,53.0,2023-12-31,No relevant project mentioned,2023,12,0,31,4,Sunday,2015-12-31 00:00:00,2015.0,12.0,31.0,4.0,Thursday,10.64,128,11-20 Years
31,Male,M.Sc,11.0,Junior,SME,Tier-1,,0.0,0,0.0,131240,55.0,2024-06-25,Contributed to open-source NLP repo,2024,6,0,25,2,Tuesday,2013-06-25 06:00:00,2013.0,6.0,25.0,2.0,Tuesday,13.16,158,11-20 Years
30,Male,PhD,4.0,Lead,SME,Tier-3,9.0,1.0,1,1.0,111339,58.0,2024-12-20,Worked on microservices deployment,2024,12,3,20,4,Friday,2020-12-20 00:00:00,2020.0,12.0,20.0,4.0,Sunday,5.67,68,6-10 Years
37,Male,B.Sc,13.0,Junior,Startup,Remote,8.0,0.0,0,2.0,124759,53.0,2023-01-08,,2023,1,0,8,1,Sunday,2010-01-07 18:00:00,2010.0,1.0,7.0,1.0,Thursday,16.62,199,11-20 Years
45,Female,M.Sc,,Junior,Startup,Tier-1,5.0,4.0,0,2.0,256410,68.0,2024-10-15,Worked on microservices deployment,2024,10,0,15,4,Tuesday,,,,,,,,,
27,Male,M.Sc,5.0,Mid,SME,Tier-1,5.0,2.0,0,3.0,112773,59.0,2024-12-24,Built ML pipeline for preprocessing,2024,12,1,24,4,Tuesday,2019-12-24 18:00:00,2019.0,12.0,24.0,4.0,Tuesday,6.66,80,6-10 Years
27,Male,M.Sc,,Lead,SME,Tier-1,8.0,1.0,1,0.0,149222,,2024-02-18,Contributed to open-source NLP repo,2024,2,3,18,1,Sunday,,,,,,,,,
36,Other,B.Sc,11.0,Lead,Enterprise,Tier-2,9.0,0.0,1,1.0,163338,51.0,2023-05-12,Worked on microservices deployment,2023,5,3,12,2,Friday,2012-05-11 06:00:00,2012.0,5.0,11.0,2.0,Friday,14.28,171,11-20 Years
34,Female,M.Sc,,Mid,SME,Tier-1,6.0,1.0,1,0.0,202503,52.0,2023-12-22,,2023,12,1,22,4,Friday,,,,,,,,,
41,Male,B.Sc,16.0,Junior,Enterprise,Tier-2,8.0,1.0,0,0.0,172197,68.0,2023-11-19,Worked on microservices deployment,2023,11,0,19,4,Sunday,2007-11-19 00:00:00,2007.0,11.0,19.0,4.0,Monday,18.76,225,11-20 Years
34,Female,M.Sc,12.0,Senior,Enterprise,Remote,4.0,2.0,1,,185439,61.0,2023-04-12,Built ML pipeline for preprocessing,2023,4,2,12,2,Wednesday,2011-04-12 00:00:00,2011.0,4.0,12.0,2.0,Tuesday,15.36,184,11-20 Years
28,Male,M.Sc,6.0,Mid,Enterprise,Tier-2,3.0,0.0,0,2.0,108293,,2024-04-10,No relevant project mentioned,2024,4,1,10,2,Wednesday,2018-04-10 12:00:00,2018.0,4.0,10.0,2.0,Tuesday,8.37,100,6-10 Years
34,Male,B.Sc,4.0,Mid,Startup,Tier-1,4.0,0.0,1,1.0,77807,56.0,2024-03-04,No relevant project mentioned,2024,3,1,4,1,Monday,2020-03-04 00:00:00,2020.0,3.0,4.0,1.0,Wednesday,6.47,78,6-10 Years
37,Male,M.Eng,16.0,Senior,Enterprise,Remote,6.0,1.0,1,3.0,226067,75.0,2023-03-16,Built ML pipeline for preprocessing,2023,3,2,16,1,Thursday,2007-03-16 00:00:00,2007.0,3.0,16.0,1.0,Friday,19.44,233,11-20 Years
35,Female,B.Sc,15.0,Mid,Startup,Tier-2,8.0,1.0,1,2.0,152721,,2023-04-10,No relevant project mentioned,2023,4,1,10,2,Monday,2008-04-09 06:00:00,2008.0,4.0,9.0,2.0,Wednesday,18.37,220,11-20 Years
33,Female,M.Eng,11.0,Junior,Startup,Tier-1,5.0,1.0,0,0.0,112515,,2023-08-24,Built ML pipeline for preprocessing,2023,8,0,24,3,Thursday,2012-08-23 06:00:00,2012.0,8.0,23.0,3.0,Thursday,14.0,168,11-20 Years
36,Male,B.Sc,18.0,Senior,SME,Tier-2,6.0,1.0,1,1.0,200757,59.0,2023-09-26,,2023,9,2,26,3,Tuesday,2005-09-25 12:00:00,2005.0,9.0,25.0,3.0,Sunday,20.91,251,20+ Years
37,Male,B.Sc,17.0,Mid,Startup,Tier-2,7.0,1.0,0,2.0,149108,55.0,2024-07-20,Built ML pipeline for preprocessing,2024,7,1,20,3,Saturday,2007-07-20 18:00:00,2007.0,7.0,20.0,3.0,Friday,19.09,229,11-20 Years
38,Male,B.Sc,15.0,Junior,Startup,Tier-3,5.0,0.0,0,5.0,138368,,2023-09-11,Built ML pipeline for preprocessing,2023,9,0,11,3,Monday,2008-09-10 06:00:00,2008.0,9.0,10.0,3.0,Wednesday,17.95,215,11-20 Years
34,Other,B.Sc+Cert,12.0,Junior,Startup,Remote,10.0,0.0,1,4.0,131240,64.0,2024-12-27,Contributed to open-source NLP repo,2024,12,0,27,4,Friday,2012-12-27 00:00:00,2012.0,12.0,27.0,4.0,Thursday,13.65,164,11-20 Years
29,Other,B.Sc,4.0,Mid,Startup,Tier-1,2.0,2.0,0,1.0,70462,65.0,2023-11-25,Worked on microservices deployment,2023,11,1,25,4,Saturday,2019-11-25 00:00:00,2019.0,11.0,25.0,4.0,Monday,6.74,81,6-10 Years
31,Male,B.Sc,9.0,Junior,SME,Tier-1,6.0,0.0,0,2.0,116630,41.0,2023-10-26,Built ML pipeline for preprocessing,2023,10,0,26,4,Thursday,2014-10-25 18:00:00,2014.0,10.0,25.0,4.0,Saturday,11.82,142,11-20 Years
37,Female,B.Sc,17.0,Junior,Startup,Tier-1,4.0,0.0,0,1.0,165919,54.0,2024-01-05,No relevant project mentioned,2024,1,0,5,1,Friday,2007-01-04 18:00:00,2007.0,1.0,4.0,1.0,Thursday,19.63,236,11-20 Years
25,Female,M.Sc,3.0,Mid,SME,Tier-3,8.0,0.0,1,2.0,75872,62.0,2024-11-01,Contributed to open-source NLP repo,2024,11,1,1,4,Friday,2021-11-01 06:00:00,2021.0,11.0,1.0,4.0,Monday,4.8,58,3-5 Years
32,Male,B.Sc,11.0,Senior,Enterprise,Tier-3,2.0,0.0,0,5.0,116708,37.0,2023-09-16,Experience in data cleaning and ETL,2023,9,2,16,3,Saturday,2012-09-15 06:00:00,2012.0,9.0,15.0,3.0,Saturday,13.93,167,11-20 Years
28,Male,B.Sc,9.0,Mid,SME,Tier-2,4.0,0.0,0,2.0,117846,50.0,2023-08-16,Built ML pipeline for preprocessing,2023,8,1,16,3,Wednesday,2014-08-15 18:00:00,2014.0,8.0,15.0,3.0,Friday,12.02,144,11-20 Years
30,Male,B.Sc,6.0,Senior,SME,Tier-1,4.0,0.0,1,1.0,121231,68.0,2024-01-12,Worked on microservices deployment,2024,1,2,12,1,Friday,2018-01-11 12:00:00,2018.0,1.0,11.0,1.0,Thursday,8.61,103,6-10 Years
38,Male,B.Sc,15.0,Senior,Enterprise,Remote,7.0,1.0,0,2.0,193373,76.0,2023-05-25,No relevant project mentioned,2023,5,2,25,2,Thursday,2008-05-24 06:00:00,2008.0,5.0,24.0,2.0,Saturday,18.25,219,11-20 Years
31,Male,B.Sc,8.0,Mid,Startup,Remote,8.0,1.0,0,5.0,124841,75.0,2023-03-21,Worked on microservices deployment,2023,3,1,21,1,Tuesday,2015-03-21 00:00:00,2015.0,3.0,21.0,1.0,Saturday,11.43,137,11-20 Years
30,Male,B.Sc,6.0,Junior,SME,Tier-1,5.0,1.0,1,0.0,97602,54.0,2023-02-08,Worked on microservices deployment,2023,2,0,8,1,Wednesday,2017-02-07 12:00:00,2017.0,2.0,7.0,1.0,Tuesday,9.54,114,6-10 Years
22,Female,M.Sc,0.0,Senior,Enterprise,Tier-3,5.0,0.0,0,2.0,65491,66.0,2024-12-06,Contributed to open-source NLP repo,2024,12,2,6,4,Friday,2024-12-06 00:00:00,2024.0,12.0,6.0,4.0,Friday,1.71,21,0-2 Years
34,Male,B.Sc,12.0,Mid,Enterprise,Tier-2,4.0,3.0,0,1.0,166849,,2024-12-09,,2024,12,1,9,4,Monday,2012-12-09 00:00:00,2012.0,12.0,9.0,4.0,Sunday,13.7,164,11-20 Years
34,Male,B.Sc,11.0,Junior,SME,Tier-1,8.0,2.0,0,0.0,136110,44.0,2023-04-07,Contributed to open-source NLP repo,2023,4,0,7,2,Friday,2012-04-06 06:00:00,2012.0,4.0,6.0,2.0,Friday,14.38,173,11-20 Years
43,Male,B.Sc,20.0,Junior,Startup,Tier-1,5.0,,1,1.0,184299,61.0,2023-09-03,Experience in data cleaning and ETL,2023,9,0,3,3,Sunday,2003-09-03 00:00:00,2003.0,9.0,3.0,3.0,Wednesday,22.97,276,20+ Years
28,Male,PhD,5.0,Senior,Enterprise,Tier-1,4.0,1.0,1,1.0,174685,67.0,2023-11-29,No relevant project mentioned,2023,11,2,29,4,Wednesday,2018-11-28 18:00:00,2018.0,11.0,28.0,4.0,Wednesday,7.73,93,6-10 Years
31,Male,B.Sc+Cert,9.0,Junior,Startup,Tier-1,6.0,0.0,1,0.0,126681,56.0,2024-08-10,No relevant project mentioned,2024,8,0,10,3,Saturday,2015-08-10 18:00:00,2015.0,8.0,10.0,3.0,Monday,11.03,132,11-20 Years
31,Male,M.Eng,12.0,Junior,SME,Tier-2,2.0,1.0,0,1.0,119343,68.0,2024-02-07,Experience in data cleaning and ETL,2024,2,0,7,1,Wednesday,2012-02-07 00:00:00,2012.0,2.0,7.0,1.0,Tuesday,14.54,174,11-20 Years
39,Male,B.Sc,20.0,Mid,SME,Tier-1,,0.0,0,2.0,203064,53.0,2023-10-05,Contributed to open-source NLP repo,2023,10,1,5,4,Thursday,2003-10-05 00:00:00,2003.0,10.0,5.0,4.0,Sunday,22.88,275,20+ Years
29,Male,B.Sc,7.0,Senior,SME,Tier-1,7.0,1.0,0,,118487,41.0,2023-01-08,No relevant project mentioned,2023,1,2,8,1,Sunday,2016-01-08 06:00:00,2016.0,1.0,8.0,1.0,Friday,10.62,127,11-20 Years
32,Male,B.Sc,8.0,Mid,Enterprise,Tier-2,4.0,,1,7.0,104793,61.0,2023-12-30,Built ML pipeline for preprocessing,2023,12,1,30,4,Saturday,2015-12-30 00:00:00,2015.0,12.0,30.0,4.0,Wednesday,10.65,128,11-20 Years
34,Male,B.Sc,9.0,Junior,Enterprise,Tier-1,7.0,0.0,0,1.0,119637,53.0,2024-03-27,Contributed to open-source NLP repo,2024,3,0,27,1,Wednesday,2015-03-27 18:00:00,2015.0,3.0,27.0,1.0,Friday,11.41,137,11-20 Years
31,Female,B.Sc,9.0,Junior,Enterprise,Tier-3,3.0,1.0,0,2.0,98052,55.0,2024-12-11,Experience in data cleaning and ETL,2024,12,0,11,4,Wednesday,2015-12-11 18:00:00,2015.0,12.0,11.0,4.0,Friday,10.7,128,11-20 Years
27,Male,M.Sc,2.0,Mid,Startup,Tier-2,7.0,1.0,1,1.0,68822,52.0,2023-09-09,Experience in data cleaning and ETL,2023,9,1,9,3,Saturday,2021-09-08 12:00:00,2021.0,9.0,8.0,3.0,Wednesday,4.95,59,3-5 Years
31,Male,,8.0,Junior,SME,Tier-2,2.0,1.0,1,1.0,104409,72.0,2023-01-18,Built ML pipeline for preprocessing,2023,1,0,18,1,Wednesday,2015-01-18 00:00:00,2015.0,1.0,18.0,1.0,Sunday,11.59,139,11-20 Years
36,Female,M.Eng,12.0,Mid,Enterprise,Remote,3.0,1.0,1,2.0,172306,50.0,2024-01-25,Built ML pipeline for preprocessing,2024,1,1,25,1,Thursday,2012-01-25 00:00:00,2012.0,1.0,25.0,1.0,Wednesday,14.58,175,11-20 Years
24,Male,B.Sc,3.0,Junior,SME,Tier-1,5.0,0.0,0,2.0,64674,47.0,2023-08-30,No relevant project mentioned,2023,8,0,30,3,Wednesday,2020-08-29 06:00:00,2020.0,8.0,29.0,3.0,Saturday,5.98,72,6-10 Years
31,Male,M.Sc,6.0,Senior,Enterprise,Tier-2,4.0,0.0,0,4.0,140865,52.0,2023-09-10,Built ML pipeline for preprocessing,2023,9,2,10,3,Sunday,2017-09-09 12:00:00,2017.0,9.0,9.0,3.0,Saturday,8.95,107,6-10 Years
26,Female,B.Sc,4.0,Mid,Enterprise,Tier-1,5.0,,0,4.0,430108,48.0,2023-01-04,Experience in data cleaning and ETL,2023,1,1,4,1,Wednesday,2019-01-04 00:00:00,2019.0,1.0,4.0,1.0,Friday,7.63,92,6-10 Years
37,Male,B.Sc,12.0,Junior,SME,Remote,6.0,0.0,1,2.0,142832,65.0,2024-01-08,No relevant project mentioned,2024,1,0,8,1,Monday,2012-01-08 00:00:00,2012.0,1.0,8.0,1.0,Sunday,14.62,175,11-20 Years
21,Male,M.Sc,0.0,Senior,Startup,Tier-3,4.0,1.0,1,0.0,47572,,2024-02-29,Worked on microservices deployment,2024,2,2,29,1,Thursday,2024-02-29 00:00:00,2024.0,2.0,29.0,1.0,Thursday,2.48,30,3-5 Years
27,Female,,3.0,Junior,SME,Tier-1,7.0,0.0,1,2.0,70543,62.0,2023-06-28,,2023,6,0,28,2,Wednesday,2020-06-27 06:00:00,2020.0,6.0,27.0,2.0,Saturday,6.15,74,6-10 Years
32,Female,B.Sc,10.0,Junior,Enterprise,Tier-2,5.0,3.0,0,2.0,125309,76.0,2023-01-12,No relevant project mentioned,2023,1,0,12,1,Thursday,2013-01-11 12:00:00,2013.0,1.0,11.0,1.0,Friday,13.61,163,11-20 Years
39,Female,B.Sc,12.0,Senior,SME,Tier-1,7.0,0.0,1,0.0,173504,57.0,2023-10-20,Worked on microservices deployment,2023,10,2,20,4,Friday,2011-10-20 00:00:00,2011.0,10.0,20.0,4.0,Thursday,14.84,178,11-20 Years
30,Male,M.Sc,8.0,Junior,Enterprise,Remote,7.0,1.0,0,0.0,114431,63.0,2023-09-16,Contributed to open-source NLP repo,2023,9,0,16,3,Saturday,2015-09-16 00:00:00,2015.0,9.0,16.0,3.0,Wednesday,10.93,131,11-20 Years
27,Male,M.Sc,,Mid,SME,Tier-1,3.0,0.0,1,1.0,126504,43.0,2024-03-04,,2024,3,1,4,1,Monday,,,,,,,,,
41,Male,B.Sc,19.0,Junior,SME,Tier-3,4.0,0.0,0,1.0,179571,42.0,2024-08-19,Worked on microservices deployment,2024,8,0,19,3,Monday,2005-08-19 06:00:00,2005.0,8.0,19.0,3.0,Friday,21.01,252,20+ Years
21,Male,M.Eng,0.0,Junior,SME,Tier-1,7.0,,0,2.0,53396,60.0,2023-10-22,,2023,10,0,22,4,Sunday,2023-10-22 00:00:00,2023.0,10.0,22.0,4.0,Sunday,2.84,34,3-5 Years
20,Male,B.Sc,0.0,Junior,SME,Tier-2,6.0,1.0,0,3.0,35472,62.0,2023-11-29,Contributed to open-source NLP repo,2023,11,0,29,4,Wednesday,2023-11-29 00:00:00,2023.0,11.0,29.0,4.0,Wednesday,2.73,33,3-5 Years
33,Male,B.Sc,5.0,Mid,Enterprise,Remote,5.0,0.0,0,1.0,104966,50.0,2023-04-22,Worked on microservices deployment,2023,4,1,22,2,Saturday,2018-04-21 18:00:00,2018.0,4.0,21.0,2.0,Saturday,8.34,100,6-10 Years
27,Female,M.Sc,0.0,Mid,Startup,Remote,3.0,1.0,0,6.0,58321,71.0,2023-07-25,Built ML pipeline for preprocessing,2023,7,1,25,3,Tuesday,2023-07-25 00:00:00,2023.0,7.0,25.0,3.0,Tuesday,3.08,37,3-5 Years
24,Male,M.Sc,2.0,Junior,Startup,Tier-1,6.0,3.0,0,0.0,66220,48.0,2023-08-10,Contributed to open-source NLP repo,2023,8,0,10,3,Thursday,2021-08-09 12:00:00,2021.0,8.0,9.0,3.0,Monday,5.03,60,6-10 Years
34,Male,PhD,14.0,Junior,Enterprise,Tier-2,6.0,1.0,0,0.0,163817,51.0,2024-06-13,Built ML pipeline for preprocessing,2024,6,0,13,2,Thursday,2010-06-13 12:00:00,2010.0,6.0,13.0,2.0,Sunday,16.19,194,11-20 Years
31,Male,B.Sc,4.0,Senior,Startup,Tier-1,6.0,,0,2.0,88717,68.0,2023-01-13,Built ML pipeline for preprocessing,2023,1,2,13,1,Friday,2019-01-13 00:00:00,2019.0,1.0,13.0,1.0,Sunday,7.61,91,6-10 Years
27,Male,M.Sc,4.0,Lead,SME,Tier-2,5.0,1.0,1,5.0,121433,82.0,2023-09-27,Worked on microservices deployment,2023,9,3,27,3,Wednesday,2019-09-27 00:00:00,2019.0,9.0,27.0,3.0,Friday,6.9,83,6-10 Years
22,Male,M.Sc,0.0,Mid,Startup,Tier-1,3.0,0.0,0,3.0,51578,53.0,2024-07-06,Experience in data cleaning and ETL,2024,7,1,6,3,Saturday,2024-07-06 00:00:00,2024.0,7.0,6.0,3.0,Saturday,2.13,26,3-5 Years
35,Male,B.Sc+Cert,11.0,Senior,Startup,Tier-1,4.0,,1,3.0,152199,53.0,2023-02-09,,2023,2,2,9,1,Thursday,2012-02-09 06:00:00,2012.0,2.0,9.0,1.0,Thursday,14.53,174,11-20 Years
34,Male,B.Sc,9.0,Mid,SME,Tier-2,6.0,1.0,1,4.0,116842,65.0,2024-05-19,Built ML pipeline for preprocessing,2024,5,1,19,2,Sunday,2015-05-19 18:00:00,2015.0,5.0,19.0,2.0,Tuesday,11.26,135,11-20 Years
29,Male,M.Sc,4.0,Junior,Enterprise,Tier-1,8.0,1.0,0,3.0,108791,61.0,2024-08-23,Worked on microservices deployment,2024,8,0,23,3,Friday,2020-08-23 00:00:00,2020.0,8.0,23.0,3.0,Sunday,6.0,72,6-10 Years
41,Female,,19.0,Junior,Startup,Tier-2,1.0,2.0,0,3.0,181790,53.0,2024-09-04,Worked on microservices deployment,2024,9,0,4,3,Wednesday,2005-09-04 06:00:00,2005.0,9.0,4.0,3.0,Sunday,20.96,252,20+ Years
24,Female,,1.0,Junior,Startup,Tier-1,3.0,0.0,0,5.0,42150,45.0,2023-08-03,,2023,8,0,3,3,Thursday,2022-08-02 18:00:00,2022.0,8.0,2.0,3.0,Tuesday,4.05,49,3-5 Years
21,Male,B.Sc,0.0,Senior,Startup,Tier-1,4.0,0.0,0,,46069,61.0,2023-10-31,Contributed to open-source NLP repo,2023,10,2,31,4,Tuesday,2023-10-31 00:00:00,2023.0,10.0,31.0,4.0,Tuesday,2.81,34,3-5 Years
26,Male,B.Sc,0.0,Mid,SME,Tier-3,8.0,2.0,1,5.0,42656,65.0,2024-06-05,No relevant project mentioned,2024,6,1,5,2,Wednesday,2024-06-05 00:00:00,2024.0,6.0,5.0,2.0,Wednesday,2.21,27,3-5 Years
30,Female,M.Sc,10.0,Mid,Startup,Tier-1,7.0,0.0,0,0.0,138901,50.0,2024-12-29,Worked on microservices deployment,2024,12,1,29,4,Sunday,2014-12-29 12:00:00,2014.0,12.0,29.0,4.0,Monday,11.65,140,11-20 Years
31,Female,B.Sc+Cert,9.0,Junior,SME,Tier-1,5.0,1.0,0,5.0,116667,53.0,2023-05-01,Worked on microservices deployment,2023,5,0,1,2,Monday,2014-04-30 18:00:00,2014.0,4.0,30.0,2.0,Wednesday,12.31,148,11-20 Years
29,Male,M.Sc,7.0,Mid,Enterprise,Tier-2,,0.0,0,1.0,134502,70.0,2023-11-06,,2023,11,1,6,4,Monday,2016-11-05 06:00:00,2016.0,11.0,5.0,4.0,Saturday,9.79,117,6-10 Years
32,Female,M.Sc,7.0,Senior,SME,Tier-2,,0.0,0,1.0,120484,83.0,2024-11-05,,2024,11,2,5,4,Tuesday,2017-11-05 06:00:00,2017.0,11.0,5.0,4.0,Sunday,8.79,105,6-10 Years
22,Male,B.Sc,0.0,Senior,Startup,Tier-2,9.0,1.0,1,6.0,58837,53.0,2024-10-25,Built ML pipeline for preprocessing,2024,10,2,25,4,Friday,2024-10-25 00:00:00,2024.0,10.0,25.0,4.0,Friday,1.83,22,0-2 Years
39,Female,B.Sc,17.0,Junior,SME,Tier-1,7.0,1.0,0,0.0,187011,69.0,2023-11-01,No relevant project mentioned,2023,11,0,1,4,Wednesday,2006-10-31 18:00:00,2006.0,10.0,31.0,4.0,Tuesday,19.81,238,11-20 Years
30,Other,B.Sc,9.0,Mid,Enterprise,Tier-1,5.0,1.0,0,3.0,125807,64.0,2024-03-01,Contributed to open-source NLP repo,2024,3,1,1,1,Friday,2015-03-01 18:00:00,2015.0,3.0,1.0,1.0,Sunday,11.48,138,11-20 Years
37,Male,B.Sc,13.0,Junior,SME,Remote,8.0,0.0,0,1.0,141389,69.0,2024-04-03,Contributed to open-source NLP repo,2024,4,0,3,2,Wednesday,2011-04-03 18:00:00,2011.0,4.0,3.0,2.0,Sunday,15.39,185,11-20 Years
32,Female,B.Sc,9.0,Mid,SME,Remote,4.0,0.0,1,0.0,117565,63.0,2024-08-18,,2024,8,1,18,3,Sunday,2015-08-18 18:00:00,2015.0,8.0,18.0,3.0,Tuesday,11.01,132,11-20 Years
33,Male,B.Sc,8.0,Mid,SME,Tier-1,6.0,1.0,0,6.0,128825,46.0,2023-07-21,Built ML pipeline for preprocessing,2023,7,1,21,3,Friday,2015-07-21 00:00:00,2015.0,7.0,21.0,3.0,Tuesday,11.09,133,11-20 Years
33,Female,B.Sc,,Junior,Startup,Tier-2,4.0,0.0,0,0.0,120369,,2024-07-15,Worked on microservices deployment,2024,7,0,15,3,Monday,,,,,,,,,
33,Male,B.Sc,10.0,Senior,SME,Tier-1,5.0,1.0,0,4.0,143535,61.0,2024-10-22,Experience in data cleaning and ETL,2024,10,2,22,4,Tuesday,2014-10-22 12:00:00,2014.0,10.0,22.0,4.0,Wednesday,11.83,142,11-20 Years
34,Female,B.Sc,13.0,Junior,Enterprise,Tier-1,4.0,1.0,0,,147920,48.0,2024-02-16,Built ML pipeline for preprocessing,2024,2,0,16,1,Friday,2011-02-15 18:00:00,2011.0,2.0,15.0,1.0,Tuesday,15.52,186,11-20 Years
38,Male,B.Sc,16.0,Senior,SME,Tier-1,4.0,0.0,1,4.0,194807,66.0,2023-08-08,,2023,8,2,8,3,Tuesday,2007-08-08 00:00:00,2007.0,8.0,8.0,3.0,Wednesday,19.04,228,11-20 Years
31,Male,B.Sc,8.0,Junior,SME,Tier-2,2.0,1.0,0,3.0,99747,63.0,2023-06-04,Worked on microservices deployment,2023,6,0,4,2,Sunday,2015-06-04 00:00:00,2015.0,6.0,4.0,2.0,Thursday,11.22,135,11-20 Years
34,Male,B.Sc+Cert,11.0,Mid,SME,Tier-1,6.0,1.0,1,2.0,156565,54.0,2024-08-31,Worked on microservices deployment,2024,8,1,31,3,Saturday,2013-08-31 06:00:00,2013.0,8.0,31.0,3.0,Saturday,12.97,156,11-20 Years
29,Female,B.Sc+Cert,7.0,Senior,Startup,Remote,8.0,0.0,0,6.0,109534,48.0,2023-11-20,Experience in data cleaning and ETL,2023,11,2,20,4,Monday,2016-11-19 06:00:00,2016.0,11.0,19.0,4.0,Saturday,9.75,117,6-10 Years
39,Female,M.Sc,16.0,Junior,Startup,Tier-2,5.0,2.0,0,,139924,46.0,2024-09-02,Worked on microservices deployment,2024,9,0,2,3,Monday,2008-09-02 00:00:00,2008.0,9.0,2.0,3.0,Tuesday,17.97,216,11-20 Years
26,Female,B.Sc,4.0,Mid,Enterprise,Tier-1,9.0,0.0,1,4.0,102615,54.0,2023-12-06,Contributed to open-source NLP repo,2023,12,1,6,4,Wednesday,2019-12-06 00:00:00,2019.0,12.0,6.0,4.0,Friday,6.71,81,6-10 Years
41,Female,M.Sc,18.0,Mid,Enterprise,Tier-3,5.0,,0,3.0,199237,63.0,2024-01-25,No relevant project mentioned,2024,1,1,25,1,Thursday,2006-01-24 12:00:00,2006.0,1.0,24.0,1.0,Tuesday,20.57,247,20+ Years
30,Male,M.Eng,6.0,Junior,Enterprise,Tier-1,2.0,0.0,1,1.0,111445,56.0,2023-07-05,Built ML pipeline for preprocessing,2023,7,0,5,3,Wednesday,2017-07-04 12:00:00,2017.0,7.0,4.0,3.0,Tuesday,9.13,110,6-10 Years
21,Male,M.Sc,,Mid,Enterprise,Tier-2,,1.0,0,2.0,78609,57.0,2023-05-14,No relevant project mentioned,2023,5,1,14,2,Sunday,,,,,,,,,
31,Male,B.Sc,11.0,Mid,SME,Tier-1,5.0,,1,2.0,144116,51.0,2023-05-27,Built ML pipeline for preprocessing,2023,5,1,27,2,Saturday,2012-05-26 06:00:00,2012.0,5.0,26.0,2.0,Saturday,14.24,171,11-20 Years
26,Male,M.Sc,7.0,Senior,Startup,Tier-1,1.0,0.0,0,3.0,99877,65.0,2023-04-23,Worked on microservices deployment,2023,4,2,23,2,Sunday,2016-04-22 06:00:00,2016.0,4.0,22.0,2.0,Friday,10.33,124,11-20 Years
35,Male,M.Eng,13.0,Senior,SME,Tier-1,5.0,1.0,0,,191320,78.0,2024-06-12,Worked on microservices deployment,2024,6,2,12,2,Wednesday,2011-06-12 18:00:00,2011.0,6.0,12.0,2.0,Sunday,15.2,182,11-20 Years
26,Male,M.Sc,,Mid,Startup,Tier-1,4.0,0.0,0,0.0,77431,68.0,2024-03-08,Built ML pipeline for preprocessing,2024,3,1,8,1,Friday,,,,,,,,,
27,Male,M.Sc,3.0,Mid,Enterprise,Tier-1,,1.0,0,0.0,114054,62.0,2024-01-22,Contributed to open-source NLP repo,2024,1,1,22,1,Monday,2021-01-21 06:00:00,2021.0,1.0,21.0,1.0,Thursday,5.58,67,6-10 Years
20,Male,B.Sc,0.0,Senior,Enterprise,Tier-1,,2.0,1,1.0,84021,78.0,2024-01-01,Contributed to open-source NLP repo,2024,1,2,1,1,Monday,2024-01-01 00:00:00,2024.0,1.0,1.0,1.0,Monday,2.64,32,3-5 Years
27,Male,B.Sc,7.0,Mid,Enterprise,Remote,3.0,0.0,0,0.0,102073,,2023-02-03,No relevant project mentioned,2023,2,1,3,1,Friday,2016-02-03 06:00:00,2016.0,2.0,3.0,1.0,Wednesday,10.55,127,11-20 Years
20,Male,B.Sc,0.0,Junior,SME,Tier-1,5.0,0.0,1,2.0,38571,61.0,2023-03-03,Worked on microservices deployment,2023,3,0,3,1,Friday,2023-03-03 00:00:00,2023.0,3.0,3.0,1.0,Friday,3.47,42,3-5 Years
20,Female,M.Sc,0.0,Mid,Startup,Tier-1,4.0,1.0,0,1.0,50413,65.0,2024-03-19,No relevant project mentioned,2024,3,1,19,1,Tuesday,2024-03-19 00:00:00,2024.0,3.0,19.0,1.0,Tuesday,2.43,29,3-5 Years
35,Female,B.Sc,11.0,Senior,Startup,Remote,,2.0,0,5.0,138971,52.0,2023-07-15,,2023,7,2,15,3,Saturday,2012-07-14 06:00:00,2012.0,7.0,14.0,3.0,Saturday,14.11,169,11-20 Years
35,Female,B.Sc,16.0,Mid,SME,Tier-2,3.0,1.0,1,3.0,171468,66.0,2023-03-28,Experience in data cleaning and ETL,2023,3,1,28,1,Tuesday,2007-03-28 00:00:00,2007.0,3.0,28.0,1.0,Wednesday,19.41,233,11-20 Years
33,Male,B.Sc,9.0,Mid,SME,Tier-2,4.0,1.0,1,0.0,105033,76.0,2024-09-26,Experience in data cleaning and ETL,2024,9,1,26,3,Thursday,2015-09-26 18:00:00,2015.0,9.0,26.0,3.0,Saturday,10.9,131,11-20 Years
24,Male,B.Sc,,Junior,SME,Tier-1,4.0,2.0,0,0.0,43221,59.0,2023-09-11,Worked on microservices deployment,2023,9,0,11,3,Monday,,,,,,,,,
30,Female,B.Sc,6.0,Lead,Enterprise,Tier-2,4.0,2.0,1,3.0,143023,74.0,2023-05-07,No relevant project mentioned,2023,5,3,7,2,Sunday,2017-05-06 12:00:00,2017.0,5.0,6.0,2.0,Saturday,9.3,112,6-10 Years
30,Male,M.Sc,8.0,Mid,Enterprise,Tier-1,7.0,3.0,1,4.0,165831,80.0,2023-06-11,Experience in data cleaning and ETL,2023,6,1,11,2,Sunday,2015-06-11 00:00:00,2015.0,6.0,11.0,2.0,Thursday,11.2,134,11-20 Years
23,Male,M.Sc,1.0,Mid,Startup,Tier-2,4.0,2.0,1,3.0,55229,,2023-11-12,Worked on microservices deployment,2023,11,1,12,4,Sunday,2022-11-11 18:00:00,2022.0,11.0,11.0,4.0,Friday,3.78,45,3-5 Years
39,Male,B.Sc,16.0,Junior,Startup,Remote,5.0,2.0,1,,165628,51.0,2023-06-21,Worked on microservices deployment,2023,6,0,21,2,Wednesday,2007-06-21 00:00:00,2007.0,6.0,21.0,2.0,Thursday,19.17,230,11-20 Years
35,Male,B.Sc,11.0,Junior,SME,Tier-2,5.0,2.0,1,0.0,120656,42.0,2024-02-03,Built ML pipeline for preprocessing,2024,2,0,3,1,Saturday,2013-02-02 06:00:00,2013.0,2.0,2.0,1.0,Saturday,13.55,163,11-20 Years
29,Male,B.Sc,5.0,Senior,Startup,Tier-1,4.0,0.0,0,2.0,83482,50.0,2023-11-27,Worked on microservices deployment,2023,11,2,27,4,Monday,2018-11-26 18:00:00,2018.0,11.0,26.0,4.0,Monday,7.74,93,6-10 Years
30,Male,B.Sc+Cert,,Lead,Enterprise,Tier-2,9.0,1.0,1,3.0,168095,80.0,2023-12-25,,2023,12,3,25,4,Monday,,,,,,,,,
31,Male,B.Sc,4.0,Junior,SME,Tier-2,7.0,,0,0.0,58864,58.0,2023-09-09,Experience in data cleaning and ETL,2023,9,0,9,3,Saturday,2019-09-09 00:00:00,2019.0,9.0,9.0,3.0,Monday,6.95,83,6-10 Years
20,Male,,0.0,Junior,Startup,Tier-2,3.0,1.0,0,2.0,23238,,2023-01-09,Experience in data cleaning and ETL,2023,1,0,9,1,Monday,2023-01-09 00:00:00,2023.0,1.0,9.0,1.0,Monday,3.62,43,3-5 Years
29,Male,B.Sc,8.0,Mid,SME,Tier-2,6.0,2.0,0,0.0,112170,61.0,2023-08-27,Built ML pipeline for preprocessing,2023,8,1,27,3,Sunday,2015-08-27 00:00:00,2015.0,8.0,27.0,3.0,Thursday,10.99,132,11-20 Years
26,Female,M.Sc,3.0,Junior,SME,Tier-2,10.0,1.0,1,2.0,76844,66.0,2023-02-04,Worked on microservices deployment,2023,2,0,4,1,Saturday,2020-02-04 06:00:00,2020.0,2.0,4.0,1.0,Tuesday,6.55,79,6-10 Years
24,Male,B.Sc+Cert,3.0,Junior,Enterprise,Tier-2,10.0,0.0,0,2.0,79355,,2024-09-07,Built ML pipeline for preprocessing,2024,9,0,7,3,Saturday,2021-09-07 06:00:00,2021.0,9.0,7.0,3.0,Tuesday,4.96,60,3-5 Years
28,Male,M.Eng,9.0,Senior,Startup,Remote,,2.0,1,2.0,154708,60.0,2024-01-18,Experience in data cleaning and ETL,2024,1,2,18,1,Thursday,2015-01-17 18:00:00,2015.0,1.0,17.0,1.0,Saturday,11.59,139,11-20 Years
41,Female,M.Sc,21.0,Senior,Enterprise,Tier-3,7.0,0.0,0,1.0,239509,63.0,2024-10-30,Contributed to open-source NLP repo,2024,10,2,30,4,Wednesday,2003-10-30 18:00:00,2003.0,10.0,30.0,4.0,Thursday,22.81,274,20+ Years
34,Male,B.Sc,10.0,Junior,SME,Tier-1,4.0,1.0,0,2.0,111316,47.0,2024-11-16,Experience in data cleaning and ETL,2024,11,0,16,4,Saturday,2014-11-16 12:00:00,2014.0,11.0,16.0,4.0,Sunday,11.76,141,11-20 Years
27,Male,B.Sc,2.0,Mid,Enterprise,Tier-3,7.0,0.0,0,7.0,54995,47.0,2024-12-10,Experience in data cleaning and ETL,2024,12,1,10,4,Tuesday,2022-12-10 12:00:00,2022.0,12.0,10.0,4.0,Saturday,3.7,44,3-5 Years
33,Male,B.Sc,10.0,Junior,Startup,Tier-1,2.0,0.0,0,2.0,101213,46.0,2024-12-23,Built ML pipeline for preprocessing,2024,12,0,23,4,Monday,2014-12-23 12:00:00,2014.0,12.0,23.0,4.0,Tuesday,11.66,140,11-20 Years
38,Male,B.Sc,12.0,Junior,SME,Tier-3,5.0,1.0,1,3.0,131191,50.0,2024-12-30,Worked on microservices deployment,2024,12,0,30,4,Monday,2012-12-30 00:00:00,2012.0,12.0,30.0,4.0,Sunday,13.65,164,11-20 Years
36,Male,,10.0,Junior,SME,Tier-1,4.0,3.0,0,0.0,116925,54.0,2023-07-20,Worked on microservices deployment,2023,7,0,20,3,Thursday,2013-07-19 12:00:00,2013.0,7.0,19.0,3.0,Friday,13.09,157,11-20 Years
30,Female,B.Sc,,Mid,SME,Tier-2,,2.0,1,2.0,89577,46.0,2023-08-21,Contributed to open-source NLP repo,2023,8,1,21,3,Monday,,,,,,,,,
26,Male,B.Sc,3.0,Junior,Enterprise,Tier-3,,1.0,0,0.0,60987,51.0,2024-09-19,Experience in data cleaning and ETL,2024,9,0,19,3,Thursday,2021-09-19 06:00:00,2021.0,9.0,19.0,3.0,Sunday,4.92,59,3-5 Years
34,Male,,13.0,Mid,SME,Tier-1,3.0,2.0,1,0.0,173841,,2024-05-10,Built ML pipeline for preprocessing,2024,5,1,10,2,Friday,2011-05-10 18:00:00,2011.0,5.0,10.0,2.0,Tuesday,15.29,183,11-20 Years
32,Male,M.Sc,10.0,Junior,Enterprise,Tier-3,5.0,0.0,1,1.0,116687,70.0,2023-03-18,Experience in data cleaning and ETL,2023,3,0,18,1,Saturday,2013-03-17 12:00:00,2013.0,3.0,17.0,1.0,Sunday,13.43,161,11-20 Years
35,Male,M.Eng,15.0,Junior,Startup,Tier-2,5.0,1.0,0,1.0,157265,68.0,2023-08-06,Contributed to open-source NLP repo,2023,8,0,6,3,Sunday,2008-08-05 06:00:00,2008.0,8.0,5.0,3.0,Tuesday,18.05,217,11-20 Years
34,Male,M.Sc,12.0,Junior,Enterprise,Tier-1,4.0,2.0,0,2.0,178039,,2024-01-09,Worked on microservices deployment,2024,1,0,9,1,Tuesday,2012-01-09 00:00:00,2012.0,1.0,9.0,1.0,Monday,14.62,175,11-20 Years
36,Male,B.Sc,10.0,Senior,Startup,Tier-2,6.0,0.0,0,,133903,64.0,2023-02-22,,2023,2,2,22,1,Wednesday,2013-02-21 12:00:00,2013.0,2.0,21.0,1.0,Thursday,13.5,162,11-20 Years
27,Male,M.Sc,6.0,Mid,Enterprise,Remote,,0.0,0,4.0,107600,62.0,2024-08-18,Contributed to open-source NLP repo,2024,8,1,18,3,Sunday,2018-08-18 12:00:00,2018.0,8.0,18.0,3.0,Saturday,8.01,96,6-10 Years
38,Male,B.Sc,19.0,Senior,Enterprise,Tier-1,4.0,0.0,0,1.0,256571,58.0,2023-09-15,Worked on microservices deployment,2023,9,2,15,3,Friday,2004-09-14 06:00:00,2004.0,9.0,14.0,3.0,Tuesday,21.94,263,20+ Years
31,Male,M.Sc,8.0,Mid,SME,Tier-2,5.0,4.0,1,3.0,132835,64.0,2023-05-12,No relevant project mentioned,2023,5,1,12,2,Friday,2015-05-12 00:00:00,2015.0,5.0,12.0,2.0,Tuesday,11.28,135,11-20 Years
42,Male,B.Sc,23.0,Junior,SME,Tier-3,5.0,5.0,1,2.0,253800,,2024-12-11,No relevant project mentioned,2024,12,0,11,4,Wednesday,2001-12-11 06:00:00,2001.0,12.0,11.0,4.0,Tuesday,24.7,296,20+ Years
26,Female,PhD,3.0,Mid,SME,Remote,5.0,1.0,0,4.0,93039,,2024-01-30,Contributed to open-source NLP repo,2024,1,1,30,1,Tuesday,2021-01-29 06:00:00,2021.0,1.0,29.0,1.0,Friday,5.56,67,6-10 Years
40,Male,B.Sc,18.0,Junior,Startup,Tier-3,4.0,3.0,1,,163784,,2024-08-17,Worked on microservices deployment,2024,8,0,17,3,Saturday,2006-08-17 12:00:00,2006.0,8.0,17.0,3.0,Thursday,20.01,240,20+ Years
31,Male,B.Sc,9.0,Mid,SME,Tier-2,2.0,0.0,0,0.0,108377,,2023-09-06,,2023,9,1,6,3,Wednesday,2014-09-05 18:00:00,2014.0,9.0,5.0,3.0,Friday,11.96,144,11-20 Years
26,Male,B.Sc+Cert,7.0,Junior,SME,Remote,5.0,1.0,0,2.0,86052,,2024-02-02,Built ML pipeline for preprocessing,2024,2,0,2,1,Friday,2017-02-01 06:00:00,2017.0,2.0,1.0,1.0,Wednesday,9.55,115,6-10 Years
27,Female,B.Sc,5.0,Junior,Enterprise,Tier-3,4.0,0.0,0,2.0,76556,,2023-03-10,Worked on microservices deployment,2023,3,0,10,1,Friday,2018-03-09 18:00:00,2018.0,3.0,9.0,1.0,Friday,8.45,101,6-10 Years
28,Male,M.Sc,4.0,Mid,Enterprise,Tier-3,7.0,1.0,0,6.0,84136,43.0,2024-10-15,,2024,10,1,15,4,Tuesday,2020-10-15 00:00:00,2020.0,10.0,15.0,4.0,Thursday,5.85,70,6-10 Years
33,Male,M.Sc,15.0,Mid,Enterprise,Tier-1,9.0,0.0,0,0.0,208081,69.0,2024-02-27,,2024,2,1,27,1,Tuesday,2009-02-26 06:00:00,2009.0,2.0,26.0,1.0,Thursday,17.48,210,11-20 Years
33,Female,M.Eng,10.0,Lead,SME,Tier-1,4.0,1.0,0,3.0,218883,62.0,2024-10-13,Built ML pipeline for preprocessing,2024,10,3,13,4,Sunday,2014-10-13 12:00:00,2014.0,10.0,13.0,4.0,Monday,11.86,142,11-20 Years
27,Female,PhD,3.0,Mid,Enterprise,Tier-2,8.0,0.0,1,2.0,101134,52.0,2023-12-06,,2023,12,1,6,4,Wednesday,2020-12-05 06:00:00,2020.0,12.0,5.0,4.0,Saturday,5.71,69,6-10 Years
30,Male,PhD,7.0,Mid,SME,Tier-2,5.0,1.0,1,1.0,121909,53.0,2024-01-09,No relevant project mentioned,2024,1,1,9,1,Tuesday,2017-01-08 06:00:00,2017.0,1.0,8.0,1.0,Sunday,9.62,115,6-10 Years
43,Male,B.Sc,20.0,Junior,SME,Tier-1,7.0,0.0,1,4.0,197339,65.0,2023-10-01,Worked on microservices deployment,2023,10,0,1,4,Sunday,2003-10-01 00:00:00,2003.0,10.0,1.0,4.0,Wednesday,22.89,275,20+ Years
40,Female,M.Eng,19.0,Lead,SME,Tier-1,2.0,,0,4.0,255186,54.0,2023-09-14,Worked on microservices deployment,2023,9,3,14,3,Thursday,2004-09-13 06:00:00,2004.0,9.0,13.0,3.0,Monday,21.94,263,20+ Years
33,Other,M.Sc,7.0,Mid,Enterprise,Tier-2,3.0,3.0,0,3.0,119093,63.0,2024-05-30,Worked on microservices deployment,2024,5,1,30,2,Thursday,2017-05-30 06:00:00,2017.0,5.0,30.0,2.0,Tuesday,9.23,111,6-10 Years
30,Female,M.Sc,8.0,Mid,Enterprise,Tier-1,4.0,4.0,0,0.0,159599,64.0,2023-09-25,Contributed to open-source NLP repo,2023,9,1,25,3,Monday,2015-09-25 00:00:00,2015.0,9.0,25.0,3.0,Friday,10.91,131,11-20 Years
31,Male,B.Sc,11.0,Junior,SME,Tier-1,10.0,0.0,1,1.0,146314,59.0,2023-12-23,Experience in data cleaning and ETL,2023,12,0,23,4,Saturday,2012-12-22 06:00:00,2012.0,12.0,22.0,4.0,Saturday,13.66,164,11-20 Years
34,Male,,12.0,Mid,Enterprise,Tier-1,7.0,1.0,0,0.0,174155,68.0,2023-11-04,Worked on microservices deployment,2023,11,1,4,4,Saturday,2011-11-04 00:00:00,2011.0,11.0,4.0,4.0,Friday,14.8,178,11-20 Years
24,Male,PhD,0.0,Junior,SME,Tier-3,7.0,4.0,0,1.0,51450,43.0,2024-08-24,Contributed to open-source NLP repo,2024,8,0,24,3,Saturday,2024-08-24 00:00:00,2024.0,8.0,24.0,3.0,Saturday,2.0,24,0-2 Years
28,Female,B.Sc+Cert,4.0,Mid,Enterprise,Tier-2,4.0,1.0,0,,83688,38.0,2024-06-10,Worked on microservices deployment,2024,6,1,10,2,Monday,2020-06-10 00:00:00,2020.0,6.0,10.0,2.0,Wednesday,6.2,74,6-10 Years
20,Male,B.Sc,0.0,Senior,SME,Tier-1,7.0,0.0,1,2.0,76278,68.0,2024-10-09,Worked on microservices deployment,2024,10,2,9,4,Wednesday,2024-10-09 00:00:00,2024.0,10.0,9.0,4.0,Wednesday,1.87,22,0-2 Years
32,Male,B.Sc,11.0,Lead,Startup,Tier-1,3.0,1.0,0,3.0,123501,55.0,2024-11-24,Worked on microservices deployment,2024,11,3,24,4,Sunday,2013-11-24 06:00:00,2013.0,11.0,24.0,4.0,Sunday,12.74,153,11-20 Years
34,Female,B.Sc,9.0,Mid,SME,Tier-2,5.0,3.0,1,2.0,113702,64.0,2024-05-05,No relevant project mentioned,2024,5,1,5,2,Sunday,2015-05-05 18:00:00,2015.0,5.0,5.0,2.0,Tuesday,11.3,136,11-20 Years
27,Male,,2.0,Senior,SME,Tier-3,,3.0,0,2.0,78973,61.0,2024-09-30,Worked on microservices deployment,2024,9,2,30,3,Monday,2022-09-30 12:00:00,2022.0,9.0,30.0,3.0,Friday,3.89,47,3-5 Years
39,Female,M.Sc,16.0,Junior,SME,Tier-2,2.0,2.0,1,2.0,183321,54.0,2024-09-29,Built ML pipeline for preprocessing,2024,9,0,29,3,Sunday,2008-09-29 00:00:00,2008.0,9.0,29.0,3.0,Monday,17.9,215,11-20 Years
23,Male,B.Sc,0.0,Senior,SME,Tier-1,5.0,1.0,0,1.0,71731,,2024-12-07,Contributed to open-source NLP repo,2024,12,2,7,4,Saturday,2024-12-07 00:00:00,2024.0,12.0,7.0,4.0,Saturday,1.71,21,0-2 Years
21,Male,B.Sc,0.0,Mid,SME,Tier-2,11.0,0.0,1,1.0,50520,65.0,2023-07-17,Contributed to open-source NLP repo,2023,7,1,17,3,Monday,2023-07-17 00:00:00,2023.0,7.0,17.0,3.0,Monday,3.1,37,3-5 Years
31,Male,B.Sc,3.0,Mid,Enterprise,Remote,,0.0,0,0.0,76176,,2023-12-17,Worked on microservices deployment,2023,12,1,17,4,Sunday,2020-12-16 06:00:00,2020.0,12.0,16.0,4.0,Wednesday,5.68,68,6-10 Years
36,Female,B.Sc,15.0,Senior,Enterprise,Tier-1,10.0,3.0,0,4.0,208944,55.0,2023-08-06,Built ML pipeline for preprocessing,2023,8,2,6,3,Sunday,2008-08-05 06:00:00,2008.0,8.0,5.0,3.0,Tuesday,18.05,217,11-20 Years
40,Male,B.Sc+Cert,17.0,Senior,SME,Tier-2,6.0,1.0,0,5.0,209643,67.0,2023-01-08,,2023,1,2,8,1,Sunday,2006-01-07 18:00:00,2006.0,1.0,7.0,1.0,Saturday,20.62,247,20+ Years
27,Male,M.Sc,2.0,Junior,Enterprise,Tier-1,9.0,0.0,0,3.0,77398,58.0,2023-08-19,Built ML pipeline for preprocessing,2023,8,0,19,3,Saturday,2021-08-18 12:00:00,2021.0,8.0,18.0,3.0,Wednesday,5.01,60,6-10 Years
36,Female,B.Sc,,Senior,SME,Tier-1,5.0,2.0,1,2.0,165307,73.0,2024-12-03,Contributed to open-source NLP repo,2024,12,2,3,4,Tuesday,,,,,,,,,
30,Male,B.Sc,8.0,Junior,Enterprise,Tier-1,3.0,0.0,1,2.0,109900,55.0,2023-04-03,Built ML pipeline for preprocessing,2023,4,0,3,2,Monday,2015-04-03 00:00:00,2015.0,4.0,3.0,2.0,Friday,11.39,137,11-20 Years
29,Male,B.Sc,6.0,Senior,SME,Tier-2,6.0,0.0,1,2.0,113363,46.0,2024-10-18,Worked on microservices deployment,2024,10,2,18,4,Friday,2018-10-18 12:00:00,2018.0,10.0,18.0,4.0,Thursday,7.84,94,6-10 Years
35,Male,PhD,14.0,Mid,Startup,Tier-1,6.0,1.0,0,0.0,162762,68.0,2023-01-16,Built ML pipeline for preprocessing,2023,1,1,16,1,Monday,2009-01-15 12:00:00,2009.0,1.0,15.0,1.0,Thursday,17.6,211,11-20 Years
34,Male,B.Sc,14.0,Junior,Startup,Tier-1,3.0,1.0,0,1.0,116197,67.0,2024-09-16,,2024,9,0,16,3,Monday,2010-09-16 12:00:00,2010.0,9.0,16.0,3.0,Thursday,15.93,191,11-20 Years
21,Male,B.Sc,1.0,Mid,Enterprise,Tier-1,,1.0,1,7.0,71686,,2023-07-15,No relevant project mentioned,2023,7,1,15,3,Saturday,2022-07-14 18:00:00,2022.0,7.0,14.0,3.0,Thursday,4.11,49,3-5 Years
39,Male,B.Sc,,Mid,SME,Tier-1,7.0,2.0,1,0.0,204760,56.0,2024-04-08,Contributed to open-source NLP repo,2024,4,1,8,2,Monday,,,,,,,,,
38,Male,M.Sc,14.0,Mid,Enterprise,Tier-2,1.0,0.0,0,2.0,162067,67.0,2023-07-24,Built ML pipeline for preprocessing,2023,7,1,24,3,Monday,2009-07-23 12:00:00,2009.0,7.0,23.0,3.0,Thursday,17.08,205,11-20 Years
26,Male,M.Sc,2.0,Junior,SME,Tier-1,,0.0,1,5.0,56545,52.0,2024-08-02,Contributed to open-source NLP repo,2024,8,0,2,3,Friday,2022-08-02 12:00:00,2022.0,8.0,2.0,3.0,Tuesday,4.05,49,3-5 Years
32,Male,M.Sc,8.0,Junior,SME,Tier-1,2.0,2.0,1,1.0,123163,60.0,2023-05-07,,2023,5,0,7,2,Sunday,2015-05-07 00:00:00,2015.0,5.0,7.0,2.0,Thursday,11.3,136,11-20 Years
33,Male,B.Sc,12.0,Senior,Startup,Tier-3,,2.0,0,2.0,130584,,2023-06-09,No relevant project mentioned,2023,6,2,9,2,Friday,2011-06-09 00:00:00,2011.0,6.0,9.0,2.0,Thursday,15.21,183,11-20 Years
32,Male,B.Sc,6.0,Junior,Enterprise,Tier-2,,0.0,0,4.0,87347,58.0,2024-05-15,Worked on microservices deployment,2024,5,0,15,2,Wednesday,2018-05-15 12:00:00,2018.0,5.0,15.0,2.0,Tuesday,8.27,99,6-10 Years
27,Male,B.Sc,4.0,Mid,Startup,Tier-2,,1.0,0,2.0,69327,54.0,2024-04-10,No relevant project mentioned,2024,4,1,10,2,Wednesday,2020-04-10 00:00:00,2020.0,4.0,10.0,2.0,Friday,6.37,76,6-10 Years
26,Male,M.Sc,,Mid,Enterprise,Tier-1,8.0,1.0,1,3.0,90201,66.0,2024-05-12,Worked on microservices deployment,2024,5,1,12,2,Sunday,,,,,,,,,
30,Male,B.Sc,5.0,Junior,SME,Tier-2,3.0,3.0,0,1.0,77974,,2024-03-23,Experience in data cleaning and ETL,2024,3,0,23,1,Saturday,2019-03-23 18:00:00,2019.0,3.0,23.0,1.0,Saturday,7.42,89,6-10 Years
37,Male,M.Sc,12.0,Mid,Enterprise,Tier-1,5.0,0.0,0,3.0,180855,62.0,2024-04-08,Built ML pipeline for preprocessing,2024,4,1,8,2,Monday,2012-04-08 00:00:00,2012.0,4.0,8.0,2.0,Sunday,14.37,172,11-20 Years
33,Female,B.Sc+Cert,14.0,Mid,Startup,Tier-1,2.0,1.0,1,0.0,156954,48.0,2023-12-08,Contributed to open-source NLP repo,2023,12,1,8,4,Friday,2009-12-07 12:00:00,2009.0,12.0,7.0,4.0,Monday,16.71,201,11-20 Years
28,Male,B.Sc+Cert,3.0,Mid,Startup,Tier-2,5.0,4.0,1,0.0,65924,56.0,2024-05-22,Built ML pipeline for preprocessing,2024,5,1,22,2,Wednesday,2021-05-22 06:00:00,2021.0,5.0,22.0,2.0,Saturday,5.25,63,6-10 Years
35,Female,B.Sc,12.0,Mid,SME,Remote,5.0,0.0,1,,165186,66.0,2024-10-25,Built ML pipeline for preprocessing,2024,10,1,25,4,Friday,2012-10-25 00:00:00,2012.0,10.0,25.0,4.0,Thursday,13.83,166,11-20 Years
20,Female,B.Sc,0.0,Mid,SME,Tier-2,10.0,0.0,0,1.0,47767,51.0,2023-10-11,,2023,10,1,11,4,Wednesday,2023-10-11 00:00:00,2023.0,10.0,11.0,4.0,Wednesday,2.87,34,3-5 Years
37,Male,B.Sc,14.0,Junior,Startup,Tier-1,4.0,0.0,1,,131643,50.0,2023-05-31,Built ML pipeline for preprocessing,2023,5,0,31,2,Wednesday,2009-05-30 12:00:00,2009.0,5.0,30.0,2.0,Saturday,17.23,207,11-20 Years
20,Male,M.Sc,0.0,Senior,Enterprise,Remote,4.0,0.0,0,1.0,103808,63.0,2024-07-28,,2024,7,2,28,3,Sunday,2024-07-28 00:00:00,2024.0,7.0,28.0,3.0,Sunday,2.07,25,3-5 Years
28,Male,M.Eng,2.0,Junior,Startup,Tier-1,5.0,1.0,0,3.0,58776,60.0,2024-11-26,Contributed to open-source NLP repo,2024,11,0,26,4,Tuesday,2022-11-26 12:00:00,2022.0,11.0,26.0,4.0,Saturday,3.74,45,3-5 Years
23,Female,B.Sc,0.0,Lead,SME,Remote,4.0,2.0,0,0.0,82771,66.0,2023-08-01,Worked on microservices deployment,2023,8,3,1,3,Tuesday,2023-08-01 00:00:00,2023.0,8.0,1.0,3.0,Tuesday,3.06,37,3-5 Years
22,Male,B.Sc,0.0,Mid,Startup,Tier-1,4.0,0.0,1,6.0,46516,67.0,2024-08-07,No relevant project mentioned,2024,8,1,7,3,Wednesday,2024-08-07 00:00:00,2024.0,8.0,7.0,3.0,Wednesday,2.04,24,3-5 Years
37,Male,M.Eng,15.0,Senior,SME,Tier-1,4.0,0.0,1,1.0,210733,56.0,2023-11-18,,2023,11,2,18,4,Saturday,2008-11-17 06:00:00,2008.0,11.0,17.0,4.0,Monday,17.76,213,11-20 Years
27,Male,B.Sc+Cert,5.0,Mid,SME,Tier-2,2.0,0.0,0,,89067,56.0,2024-10-27,Worked on microservices deployment,2024,10,1,27,4,Sunday,2019-10-27 18:00:00,2019.0,10.0,27.0,4.0,Sunday,6.82,82,6-10 Years
32,Female,B.Sc,12.0,Junior,Startup,Remote,4.0,2.0,0,4.0,110869,46.0,2023-07-07,No relevant project mentioned,2023,7,0,7,3,Friday,2011-07-07 00:00:00,2011.0,7.0,7.0,3.0,Thursday,15.13,182,11-20 Years
30,Female,M.Sc,6.0,Senior,Enterprise,Remote,5.0,0.0,1,6.0,146286,58.0,2024-07-25,,2024,7,2,25,3,Thursday,2018-07-25 12:00:00,2018.0,7.0,25.0,3.0,Wednesday,8.08,97,6-10 Years
33,Male,B.Sc,8.0,Junior,SME,Tier-2,6.0,1.0,0,5.0,96909,66.0,2023-07-02,Experience in data cleaning and ETL,2023,7,0,2,3,Sunday,2015-07-02 00:00:00,2015.0,7.0,2.0,3.0,Thursday,11.14,134,11-20 Years
30,Male,B.Sc,8.0,Junior,Enterprise,Tier-2,6.0,0.0,0,0.0,124263,,2024-01-19,Built ML pipeline for preprocessing,2024,1,0,19,1,Friday,2016-01-19 00:00:00,2016.0,1.0,19.0,1.0,Tuesday,10.59,127,11-20 Years
22,Male,B.Sc+Cert,0.0,Junior,Startup,Tier-2,6.0,0.0,0,3.0,26553,57.0,2023-01-25,Experience in data cleaning and ETL,2023,1,0,25,1,Wednesday,2023-01-25 00:00:00,2023.0,1.0,25.0,1.0,Wednesday,3.58,43,3-5 Years
36,Male,M.Eng,10.0,Lead,SME,Tier-2,5.0,1.0,0,2.0,170564,69.0,2024-06-20,Worked on microservices deployment,2024,6,3,20,2,Thursday,2014-06-20 12:00:00,2014.0,6.0,20.0,2.0,Friday,12.17,146,11-20 Years
27,Female,M.Sc,2.0,Mid,Startup,Tier-3,6.0,1.0,0,3.0,57324,53.0,2023-11-10,No relevant project mentioned,2023,11,1,10,4,Friday,2021-11-09 12:00:00,2021.0,11.0,9.0,4.0,Tuesday,4.78,57,3-5 Years
21,Male,B.Sc,1.0,Mid,Enterprise,Tier-1,3.0,,1,2.0,65881,65.0,2023-02-07,Contributed to open-source NLP repo,2023,2,1,7,1,Tuesday,2022-02-06 18:00:00,2022.0,2.0,6.0,1.0,Sunday,4.54,54,3-5 Years
27,Male,M.Eng,,Mid,SME,Tier-1,,2.0,0,1.0,101226,73.0,2023-10-29,,2023,10,1,29,4,Sunday,,,,,,,,,
39,Male,B.Sc,13.0,Mid,Enterprise,Remote,5.0,0.0,1,5.0,155762,51.0,2024-01-04,No relevant project mentioned,2024,1,1,4,1,Thursday,2011-01-03 18:00:00,2011.0,1.0,3.0,1.0,Monday,15.63,188,11-20 Years
35,Female,B.Sc,15.0,Senior,SME,Remote,4.0,2.0,0,5.0,165821,69.0,2023-04-10,Contributed to open-source NLP repo,2023,4,2,10,2,Monday,2008-04-09 06:00:00,2008.0,4.0,9.0,2.0,Wednesday,18.37,220,11-20 Years
28,Female,B.Sc,,Mid,Enterprise,Tier-1,4.0,0.0,0,4.0,62379,56.0,2024-01-23,Experience in data cleaning and ETL,2024,1,1,23,1,Tuesday,,,,,,,,,
28,Male,B.Sc,4.0,Senior,SME,Tier-1,8.0,1.0,1,3.0,102388,44.0,2024-10-20,,2024,10,2,20,4,Sunday,2020-10-20 00:00:00,2020.0,10.0,20.0,4.0,Tuesday,5.84,70,6-10 Years
28,Female,M.Sc,7.0,Junior,Startup,Remote,4.0,0.0,0,3.0,98340,71.0,2024-03-21,Experience in data cleaning and ETL,2024,3,0,21,1,Thursday,2017-03-21 06:00:00,2017.0,3.0,21.0,1.0,Tuesday,9.42,113,6-10 Years
42,Male,M.Sc,22.0,Junior,Startup,Tier-2,4.0,3.0,1,0.0,206946,60.0,2024-04-14,Contributed to open-source NLP repo,2024,4,0,14,2,Sunday,2002-04-14 12:00:00,2002.0,4.0,14.0,2.0,Sunday,24.36,292,20+ Years
32,Male,B.Sc,5.0,Mid,SME,Tier-2,3.0,1.0,1,3.0,67408,75.0,2023-02-24,Contributed to open-source NLP repo,2023,2,1,24,1,Friday,2018-02-23 18:00:00,2018.0,2.0,23.0,1.0,Friday,8.49,102,6-10 Years
33,Male,,10.0,Mid,SME,Tier-1,6.0,3.0,1,2.0,277650,62.0,2024-05-10,Worked on microservices deployment,2024,5,1,10,2,Friday,2014-05-10 12:00:00,2014.0,5.0,10.0,2.0,Saturday,12.28,147,11-20 Years
36,Male,B.Sc,14.0,Mid,Startup,Remote,3.0,0.0,1,1.0,154530,53.0,2024-08-06,No relevant project mentioned,2024,8,1,6,3,Tuesday,2010-08-06 12:00:00,2010.0,8.0,6.0,3.0,Friday,16.04,192,11-20 Years
31,Male,B.Sc,7.0,Mid,Enterprise,Tier-1,4.0,1.0,0,4.0,115111,70.0,2023-05-07,Experience in data cleaning and ETL,2023,5,1,7,2,Sunday,2016-05-06 06:00:00,2016.0,5.0,6.0,2.0,Friday,10.29,123,11-20 Years
28,Female,M.Sc,6.0,Junior,SME,Tier-1,3.0,2.0,0,4.0,99619,58.0,2023-11-17,No relevant project mentioned,2023,11,0,17,4,Friday,2017-11-16 12:00:00,2017.0,11.0,16.0,4.0,Thursday,8.76,105,6-10 Years
29,Male,M.Eng,0.0,Mid,SME,Tier-1,4.0,1.0,0,6.0,70618,44.0,2023-03-09,No relevant project mentioned,2023,3,1,9,1,Thursday,2023-03-09 00:00:00,2023.0,3.0,9.0,1.0,Thursday,3.46,42,3-5 Years
30,Male,B.Sc,2.0,Mid,Startup,Remote,3.0,1.0,1,1.0,56788,,2024-01-31,Experience in data cleaning and ETL,2024,1,1,31,1,Wednesday,2022-01-30 12:00:00,2022.0,1.0,30.0,1.0,Sunday,4.56,55,3-5 Years
30,Male,B.Sc,10.0,Junior,SME,Tier-3,3.0,1.0,0,2.0,114203,58.0,2023-06-02,No relevant project mentioned,2023,6,0,2,2,Friday,2013-06-01 12:00:00,2013.0,6.0,1.0,2.0,Saturday,13.22,159,11-20 Years
34,Male,M.Sc,10.0,Mid,Startup,Tier-3,4.0,0.0,1,5.0,121155,61.0,2023-05-29,Experience in data cleaning and ETL,2023,5,1,29,2,Monday,2013-05-28 12:00:00,2013.0,5.0,28.0,2.0,Tuesday,13.23,159,11-20 Years
30,Female,M.Eng,5.0,Junior,Startup,Tier-1,2.0,2.0,0,1.0,77867,68.0,2024-02-07,No relevant project mentioned,2024,2,0,7,1,Wednesday,2019-02-06 18:00:00,2019.0,2.0,6.0,1.0,Wednesday,7.54,90,6-10 Years
34,Male,B.Sc,11.0,Mid,Enterprise,Remote,9.0,1.0,0,4.0,162903,46.0,2023-08-14,No relevant project mentioned,2023,8,1,14,3,Monday,2012-08-13 06:00:00,2012.0,8.0,13.0,3.0,Monday,14.02,168,11-20 Years
30,Male,B.Sc,7.0,Junior,SME,Tier-3,2.0,2.0,0,7.0,74943,58.0,2024-11-22,Built ML pipeline for preprocessing,2024,11,0,22,4,Friday,2017-11-22 06:00:00,2017.0,11.0,22.0,4.0,Wednesday,8.75,105,6-10 Years
30,Female,M.Sc,5.0,Senior,SME,Tier-3,5.0,0.0,0,3.0,78056,66.0,2023-11-06,No relevant project mentioned,2023,11,2,6,4,Monday,2018-11-05 18:00:00,2018.0,11.0,5.0,4.0,Monday,7.79,93,6-10 Years
20,Male,B.Sc,0.0,Mid,Startup,Remote,5.0,1.0,0,7.0,40824,54.0,2024-02-23,Built ML pipeline for preprocessing,2024,2,1,23,1,Friday,2024-02-23 00:00:00,2024.0,2.0,23.0,1.0,Friday,2.5,30,3-5 Years
35,Male,,,Junior,SME,Tier-1,7.0,0.0,0,2.0,119464,65.0,2024-05-29,Worked on microservices deployment,2024,5,0,29,2,Wednesday,,,,,,,,,
32,Male,M.Sc,11.0,Mid,Startup,Tier-2,,3.0,0,0.0,143001,70.0,2023-10-16,Contributed to open-source NLP repo,2023,10,1,16,4,Monday,2012-10-15 06:00:00,2012.0,10.0,15.0,4.0,Monday,13.85,166,11-20 Years
36,Male,M.Sc,12.0,Senior,SME,Remote,7.0,0.0,0,0.0,154209,47.0,2023-07-20,No relevant project mentioned,2023,7,2,20,3,Thursday,2011-07-20 00:00:00,2011.0,7.0,20.0,3.0,Wednesday,15.09,181,11-20 Years
20,Other,M.Sc,0.0,Mid,SME,Tier-3,,,0,3.0,43000,59.0,2024-06-02,Worked on microservices deployment,2024,6,1,2,2,Sunday,2024-06-02 00:00:00,2024.0,6.0,2.0,2.0,Sunday,2.22,27,3-5 Years
43,Female,M.Sc,19.0,Senior,SME,Tier-2,3.0,0.0,0,0.0,185512,54.0,2024-10-28,,2024,10,2,28,4,Monday,2005-10-28 06:00:00,2005.0,10.0,28.0,4.0,Friday,20.82,250,20+ Years
29,Male,M.Sc,6.0,Junior,Enterprise,Tier-1,2.0,2.0,1,3.0,115129,58.0,2023-06-17,Worked on microservices deployment,2023,6,0,17,2,Saturday,2017-06-16 12:00:00,2017.0,6.0,16.0,2.0,Friday,9.18,110,6-10 Years
37,Female,B.Sc,13.0,Senior,SME,Tier-2,5.0,3.0,1,0.0,165044,,2024-11-05,Contributed to open-source NLP repo,2024,11,2,5,4,Tuesday,2011-11-05 18:00:00,2011.0,11.0,5.0,4.0,Saturday,14.8,178,11-20 Years
24,Male,B.Sc,0.0,Mid,SME,Tier-2,7.0,2.0,0,7.0,48751,64.0,2023-12-03,Worked on microservices deployment,2023,12,1,3,4,Sunday,2023-12-03 00:00:00,2023.0,12.0,3.0,4.0,Sunday,2.72,33,3-5 Years
34,Male,B.Sc,10.0,Junior,SME,Tier-1,6.0,1.0,0,0.0,130551,,2023-10-22,Worked on microservices deployment,2023,10,0,22,4,Sunday,2013-10-21 12:00:00,2013.0,10.0,21.0,4.0,Monday,12.84,154,11-20 Years
24,Male,B.Sc,0.0,Mid,Startup,Remote,4.0,2.0,0,2.0,43060,60.0,2024-01-15,Built ML pipeline for preprocessing,2024,1,1,15,1,Monday,2024-01-15 00:00:00,2024.0,1.0,15.0,1.0,Monday,2.6,31,3-5 Years
26,Male,M.Sc,6.0,Lead,Enterprise,Tier-1,7.0,1.0,1,3.0,162188,61.0,2023-01-11,Built ML pipeline for preprocessing,2023,1,3,11,1,Wednesday,2017-01-10 12:00:00,2017.0,1.0,10.0,1.0,Tuesday,9.61,115,6-10 Years
41,Male,B.Sc+Cert,19.0,Senior,SME,Tier-1,4.0,,0,4.0,214517,49.0,2023-12-23,,2023,12,2,23,4,Saturday,2004-12-22 06:00:00,2004.0,12.0,22.0,4.0,Wednesday,21.66,260,20+ Years
29,Male,B.Sc+Cert,,Mid,Startup,Tier-2,6.0,,1,1.0,105120,63.0,2023-05-11,Worked on microservices deployment,2023,5,1,11,2,Thursday,,,,,,,,,
31,Female,M.Sc,8.0,Junior,Enterprise,Tier-2,4.0,0.0,0,6.0,88997,68.0,2023-07-24,Contributed to open-source NLP repo,2023,7,0,24,3,Monday,2015-07-24 00:00:00,2015.0,7.0,24.0,3.0,Friday,11.08,133,11-20 Years
35,Male,,12.0,Mid,Startup,Tier-1,7.0,3.0,0,2.0,155535,68.0,2024-03-11,Built ML pipeline for preprocessing,2024,3,1,11,1,Monday,2012-03-11 00:00:00,2012.0,3.0,11.0,1.0,Sunday,14.45,173,11-20 Years
33,Male,B.Sc,12.0,Junior,Enterprise,Tier-1,5.0,3.0,1,1.0,160793,64.0,2023-11-12,Worked on microservices deployment,2023,11,0,12,4,Sunday,2011-11-12 00:00:00,2011.0,11.0,12.0,4.0,Saturday,14.78,177,11-20 Years
31,Male,M.Eng,10.0,Junior,Enterprise,Tier-1,4.0,1.0,0,2.0,132871,45.0,2024-08-26,,2024,8,0,26,3,Monday,2014-08-26 12:00:00,2014.0,8.0,26.0,3.0,Tuesday,11.99,144,11-20 Years
32,Male,M.Sc,9.0,Mid,SME,Tier-1,4.0,0.0,0,3.0,125197,59.0,2023-11-10,Built ML pipeline for preprocessing,2023,11,1,10,4,Friday,2014-11-09 18:00:00,2014.0,11.0,9.0,4.0,Sunday,11.78,141,11-20 Years
44,Male,M.Sc,20.0,Senior,Startup,Tier-1,7.0,1.0,1,2.0,234659,64.0,2024-04-30,No relevant project mentioned,2024,4,2,30,2,Tuesday,2004-04-30 00:00:00,2004.0,4.0,30.0,2.0,Friday,22.31,268,20+ Years
30,Male,M.Sc,5.0,Mid,Startup,Tier-1,4.0,0.0,0,3.0,88067,63.0,2023-04-21,Experience in data cleaning and ETL,2023,4,1,21,2,Friday,2018-04-20 18:00:00,2018.0,4.0,20.0,2.0,Friday,8.34,100,6-10 Years
31,Female,M.Sc,8.0,Junior,Startup,Tier-1,6.0,3.0,0,1.0,123603,73.0,2023-10-17,No relevant project mentioned,2023,10,0,17,4,Tuesday,2015-10-17 00:00:00,2015.0,10.0,17.0,4.0,Saturday,10.85,130,11-20 Years
36,Male,M.Eng,16.0,Mid,Startup,Tier-2,,2.0,0,0.0,168839,44.0,2023-09-04,No relevant project mentioned,2023,9,1,4,3,Monday,2007-09-04 00:00:00,2007.0,9.0,4.0,3.0,Tuesday,18.97,228,11-20 Years
37,Male,B.Sc,13.0,Senior,SME,Remote,8.0,1.0,1,1.0,158155,54.0,2024-02-16,Built ML pipeline for preprocessing,2024,2,2,16,1,Friday,2011-02-15 18:00:00,2011.0,2.0,15.0,1.0,Tuesday,15.52,186,11-20 Years
37,Male,,12.0,Mid,Enterprise,Tier-2,3.0,0.0,1,6.0,163834,,2024-07-26,,2024,7,1,26,3,Friday,2012-07-26 00:00:00,2012.0,7.0,26.0,3.0,Thursday,14.08,169,11-20 Years
34,Male,B.Sc+Cert,13.0,Mid,SME,Tier-3,4.0,3.0,0,3.0,135090,60.0,2024-03-25,Worked on microservices deployment,2024,3,1,25,1,Monday,2011-03-25 18:00:00,2011.0,3.0,25.0,1.0,Friday,15.41,185,11-20 Years
23,Male,B.Sc,2.0,Lead,SME,Tier-1,3.0,1.0,1,0.0,104090,50.0,2024-09-13,No relevant project mentioned,2024,9,3,13,3,Friday,2022-09-13 12:00:00,2022.0,9.0,13.0,3.0,Tuesday,3.94,47,3-5 Years
40,Female,M.Sc,17.0,Senior,SME,Tier-3,6.0,0.0,0,0.0,190040,63.0,2024-02-25,No relevant project mentioned,2024,2,2,25,1,Sunday,2007-02-24 18:00:00,2007.0,2.0,24.0,1.0,Saturday,19.49,234,11-20 Years
23,Male,B.Sc,1.0,Junior,Enterprise,Tier-2,6.0,0.0,0,,51712,,2024-02-04,Built ML pipeline for preprocessing,2024,2,0,4,1,Sunday,2023-02-03 18:00:00,2023.0,2.0,3.0,1.0,Friday,3.55,43,3-5 Years
32,Male,B.Sc+Cert,7.0,Junior,Startup,Tier-2,4.0,2.0,0,4.0,96105,53.0,2024-03-31,,2024,3,0,31,1,Sunday,2017-03-31 06:00:00,2017.0,3.0,31.0,1.0,Friday,9.39,113,6-10 Years
25,Male,B.Sc,2.0,Lead,SME,Tier-1,,1.0,1,0.0,89316,69.0,2023-05-05,,2023,5,3,5,2,Friday,2021-05-04 12:00:00,2021.0,5.0,4.0,2.0,Tuesday,5.3,64,6-10 Years
30,Male,M.Sc,10.0,Mid,Enterprise,Tier-1,3.0,0.0,1,2.0,158406,54.0,2024-12-15,Built ML pipeline for preprocessing,2024,12,1,15,4,Sunday,2014-12-15 12:00:00,2014.0,12.0,15.0,4.0,Monday,11.69,140,11-20 Years
32,Male,B.Sc,12.0,Junior,Enterprise,Tier-2,,0.0,0,1.0,134500,61.0,2023-09-17,No relevant project mentioned,2023,9,0,17,3,Sunday,2011-09-17 00:00:00,2011.0,9.0,17.0,3.0,Saturday,14.93,179,11-20 Years
32,Female,M.Sc,5.0,Mid,Enterprise,Tier-2,4.0,3.0,0,3.0,105591,54.0,2024-06-18,No relevant project mentioned,2024,6,1,18,2,Tuesday,2019-06-18 18:00:00,2019.0,6.0,18.0,2.0,Tuesday,7.18,86,6-10 Years
33,Male,B.Sc,13.0,Mid,Enterprise,Remote,4.0,0.0,1,0.0,175444,51.0,2024-12-12,Built ML pipeline for preprocessing,2024,12,1,12,4,Thursday,2011-12-12 18:00:00,2011.0,12.0,12.0,4.0,Monday,14.69,176,11-20 Years
40,Female,B.Sc,21.0,Lead,Startup,Tier-1,,1.0,1,1.0,239100,,2023-03-21,Built ML pipeline for preprocessing,2023,3,3,21,1,Tuesday,2002-03-20 18:00:00,2002.0,3.0,20.0,1.0,Wednesday,24.42,293,20+ Years
33,Male,B.Sc,10.0,Junior,SME,Tier-1,3.0,1.0,1,3.0,108654,71.0,2023-09-29,Built ML pipeline for preprocessing,2023,9,0,29,3,Friday,2013-09-28 12:00:00,2013.0,9.0,28.0,3.0,Saturday,12.9,155,11-20 Years
29,Female,B.Sc+Cert,8.0,Mid,Startup,Tier-2,5.0,1.0,0,2.0,99659,54.0,2024-07-18,Built ML pipeline for preprocessing,2024,7,1,18,3,Thursday,2016-07-18 00:00:00,2016.0,7.0,18.0,3.0,Monday,10.1,121,11-20 Years
36,Male,B.Sc,16.0,Senior,SME,Remote,3.0,,1,4.0,175204,,2024-02-22,No relevant project mentioned,2024,2,2,22,1,Thursday,2008-02-22 00:00:00,2008.0,2.0,22.0,1.0,Friday,18.5,222,11-20 Years
37,Male,B.Sc,14.0,Mid,SME,Tier-1,4.0,1.0,1,0.0,160022,51.0,2024-02-06,Contributed to open-source NLP repo,2024,2,1,6,1,Tuesday,2010-02-05 12:00:00,2010.0,2.0,5.0,1.0,Friday,16.54,198,11-20 Years
23,Male,M.Sc,6.0,Junior,SME,Tier-2,7.0,0.0,1,,93609,55.0,2023-02-22,Built ML pipeline for preprocessing,2023,2,0,22,1,Wednesday,2017-02-21 12:00:00,2017.0,2.0,21.0,1.0,Tuesday,9.5,114,6-10 Years
34,Female,B.Sc,13.0,Senior,Enterprise,Tier-1,,2.0,0,0.0,170514,75.0,2023-09-29,,2023,9,2,29,3,Friday,2010-09-28 18:00:00,2010.0,9.0,28.0,3.0,Tuesday,15.9,191,11-20 Years
34,Male,B.Sc+Cert,12.0,Mid,SME,Tier-2,,0.0,1,2.0,149742,,2023-08-16,Built ML pipeline for preprocessing,2023,8,1,16,3,Wednesday,2011-08-16 00:00:00,2011.0,8.0,16.0,3.0,Tuesday,15.02,180,11-20 Years
28,Male,B.Sc,4.0,Mid,SME,Tier-3,5.0,0.0,1,0.0,77478,65.0,2024-11-22,No relevant project mentioned,2024,11,1,22,4,Friday,2020-11-22 00:00:00,2020.0,11.0,22.0,4.0,Sunday,5.75,69,6-10 Years
38,Male,M.Sc,17.0,Mid,Startup,Remote,6.0,2.0,0,0.0,192125,62.0,2024-01-06,No relevant project mentioned,2024,1,1,6,1,Saturday,2007-01-05 18:00:00,2007.0,1.0,5.0,1.0,Friday,19.63,236,11-20 Years
29,Female,B.Sc,2.0,Junior,Enterprise,Tier-1,4.0,1.0,1,1.0,72074,,2024-12-12,Worked on microservices deployment,2024,12,0,12,4,Thursday,2022-12-12 12:00:00,2022.0,12.0,12.0,4.0,Monday,3.69,44,3-5 Years
31,Male,B.Sc,11.0,Senior,Startup,Tier-1,,1.0,1,1.0,132724,61.0,2023-07-11,No relevant project mentioned,2023,7,2,11,3,Tuesday,2012-07-10 06:00:00,2012.0,7.0,10.0,3.0,Tuesday,14.12,169,11-20 Years
29,Female,M.Sc,9.0,Mid,Startup,Tier-2,5.0,2.0,0,2.0,127336,50.0,2023-01-23,Worked on microservices deployment,2023,1,1,23,1,Monday,2014-01-22 18:00:00,2014.0,1.0,22.0,1.0,Wednesday,12.58,151,11-20 Years
30,Male,M.Sc,10.0,Mid,Startup,Tier-1,6.0,1.0,1,2.0,154818,44.0,2024-07-05,,2024,7,1,5,3,Friday,2014-07-05 12:00:00,2014.0,7.0,5.0,3.0,Saturday,12.13,146,11-20 Years
23,Male,M.Sc,0.0,Junior,SME,Tier-2,5.0,0.0,0,1.0,44269,47.0,2023-12-02,Experience in data cleaning and ETL,2023,12,0,2,4,Saturday,2023-12-02 00:00:00,2023.0,12.0,2.0,4.0,Saturday,2.72,33,3-5 Years
21,Male,B.Sc,0.0,Mid,Startup,Tier-2,3.0,1.0,0,0.0,32605,43.0,2023-08-18,Experience in data cleaning and ETL,2023,8,1,18,3,Friday,2023-08-18 00:00:00,2023.0,8.0,18.0,3.0,Friday,3.01,36,3-5 Years
40,Female,B.Sc,17.0,Senior,Enterprise,Tier-1,8.0,4.0,0,1.0,247296,41.0,2024-06-13,No relevant project mentioned,2024,6,2,13,2,Thursday,2007-06-13 18:00:00,2007.0,6.0,13.0,2.0,Wednesday,19.19,230,11-20 Years
25,Male,B.Sc,4.0,Senior,Enterprise,Tier-3,7.0,1.0,0,0.0,100733,,2024-05-02,No relevant project mentioned,2024,5,2,2,2,Thursday,2020-05-02 00:00:00,2020.0,5.0,2.0,2.0,Saturday,6.31,76,6-10 Years
24,Female,PhD,,Senior,Enterprise,Tier-1,6.0,1.0,1,0.0,128407,67.0,2023-06-13,Built ML pipeline for preprocessing,2023,6,2,13,2,Tuesday,,,,,,,,,
20,Male,B.Sc,0.0,Mid,Startup,Remote,1.0,3.0,0,0.0,41926,69.0,2024-02-27,Contributed to open-source NLP repo,2024,2,1,27,1,Tuesday,2024-02-27 00:00:00,2024.0,2.0,27.0,1.0,Tuesday,2.49,30,3-5 Years
26,Male,B.Sc,5.0,Mid,Enterprise,Tier-3,2.0,1.0,1,0.0,78701,52.0,2023-12-26,No relevant project mentioned,2023,12,1,26,4,Tuesday,2018-12-25 18:00:00,2018.0,12.0,25.0,4.0,Tuesday,7.66,92,6-10 Years
22,Male,B.Sc,0.0,Mid,Enterprise,Tier-3,1.0,4.0,0,4.0,39494,60.0,2023-06-18,Built ML pipeline for preprocessing,2023,6,1,18,2,Sunday,2023-06-18 00:00:00,2023.0,6.0,18.0,2.0,Sunday,3.18,38,3-5 Years
40,Male,M.Sc,18.0,Senior,Enterprise,Tier-1,4.0,,1,2.0,242397,55.0,2024-05-27,Built ML pipeline for preprocessing,2024,5,2,27,2,Monday,2006-05-27 12:00:00,2006.0,5.0,27.0,2.0,Saturday,20.24,243,20+ Years
36,Female,B.Sc,12.0,Mid,SME,Remote,1.0,0.0,0,2.0,130078,53.0,2023-12-14,,2023,12,1,14,4,Thursday,2011-12-14 00:00:00,2011.0,12.0,14.0,4.0,Wednesday,14.69,176,11-20 Years
26,Female,B.Sc+Cert,1.0,Mid,Enterprise,Tier-3,3.0,2.0,0,3.0,53619,70.0,2023-07-18,Built ML pipeline for preprocessing,2023,7,1,18,3,Tuesday,2022-07-17 18:00:00,2022.0,7.0,17.0,3.0,Sunday,4.1,49,3-5 Years
44,Female,B.Sc,20.0,Junior,Startup,Tier-1,6.0,2.0,0,6.0,158035,55.0,2023-07-31,Built ML pipeline for preprocessing,2023,7,0,31,3,Monday,2003-07-31 00:00:00,2003.0,7.0,31.0,3.0,Thursday,23.06,277,20+ Years
36,Female,B.Sc+Cert,17.0,Junior,Enterprise,Tier-1,2.0,1.0,0,1.0,192336,70.0,2024-11-12,Worked on microservices deployment,2024,11,0,12,4,Tuesday,2007-11-12 18:00:00,2007.0,11.0,12.0,4.0,Monday,18.78,225,11-20 Years
28,Male,B.Sc,3.0,Mid,Startup,Tier-1,7.0,2.0,1,1.0,74391,60.0,2023-06-01,,2023,6,1,1,2,Thursday,2020-05-31 06:00:00,2020.0,5.0,31.0,2.0,Sunday,6.23,75,6-10 Years
20,Male,M.Sc,0.0,Lead,SME,Remote,8.0,0.0,1,7.0,104309,64.0,2024-07-30,Contributed to open-source NLP repo,2024,7,3,30,3,Tuesday,2024-07-30 00:00:00,2024.0,7.0,30.0,3.0,Tuesday,2.06,25,3-5 Years
44,Female,B.Sc+Cert,21.0,Junior,Enterprise,Remote,3.0,2.0,1,4.0,211779,58.0,2024-06-13,,2024,6,0,13,2,Thursday,2003-06-13 18:00:00,2003.0,6.0,13.0,2.0,Friday,23.19,278,20+ Years
22,Male,B.Sc,0.0,Junior,SME,Remote,7.0,4.0,1,,56248,59.0,2023-03-31,Contributed to open-source NLP repo,2023,3,0,31,1,Friday,2023-03-31 00:00:00,2023.0,3.0,31.0,1.0,Friday,3.4,41,3-5 Years
20,Female,B.Sc+Cert,1.0,Junior,Startup,Tier-3,4.0,1.0,1,2.0,36285,40.0,2023-01-14,No relevant project mentioned,2023,1,0,14,1,Saturday,2022-01-13 18:00:00,2022.0,1.0,13.0,1.0,Thursday,4.61,55,3-5 Years
36,Female,B.Sc,11.0,Senior,Enterprise,Tier-2,5.0,1.0,0,2.0,153471,52.0,2023-01-19,No relevant project mentioned,2023,1,2,19,1,Thursday,2012-01-19 06:00:00,2012.0,1.0,19.0,1.0,Thursday,14.59,175,11-20 Years
45,Male,B.Sc+Cert,20.0,Mid,Enterprise,Tier-1,10.0,1.0,0,2.0,215673,50.0,2023-03-23,Experience in data cleaning and ETL,2023,3,1,23,1,Thursday,2003-03-23 00:00:00,2003.0,3.0,23.0,1.0,Sunday,23.42,281,20+ Years
38,Other,M.Sc,14.0,Junior,Startup,Tier-1,6.0,0.0,1,3.0,159830,74.0,2024-09-12,Built ML pipeline for preprocessing,2024,9,0,12,3,Thursday,2010-09-12 12:00:00,2010.0,9.0,12.0,3.0,Sunday,15.94,191,11-20 Years
33,Male,B.Sc,15.0,Mid,Enterprise,Tier-1,6.0,1.0,0,1.0,187752,51.0,2024-06-02,Worked on microservices deployment,2024,6,1,2,2,Sunday,2009-06-02 06:00:00,2009.0,6.0,2.0,2.0,Tuesday,17.22,207,11-20 Years
34,Male,B.Sc,,Mid,SME,Tier-2,2.0,1.0,0,4.0,128618,55.0,2023-01-02,Experience in data cleaning and ETL,2023,1,1,2,1,Monday,,,,,,,,,
35,Male,B.Sc,13.0,Mid,SME,Remote,4.0,3.0,0,5.0,163139,48.0,2023-09-20,,2023,9,1,20,3,Wednesday,2010-09-19 18:00:00,2010.0,9.0,19.0,3.0,Sunday,15.92,191,11-20 Years
35,Male,B.Sc,11.0,Mid,Startup,Remote,,1.0,0,2.0,127307,60.0,2024-06-23,Experience in data cleaning and ETL,2024,6,1,23,2,Sunday,2013-06-23 06:00:00,2013.0,6.0,23.0,2.0,Sunday,13.16,158,11-20 Years
32,Male,B.Sc,10.0,Junior,Startup,Tier-1,6.0,1.0,0,1.0,127833,69.0,2024-05-04,Experience in data cleaning and ETL,2024,5,0,4,2,Saturday,2014-05-04 12:00:00,2014.0,5.0,4.0,2.0,Sunday,12.3,148,11-20 Years
31,Male,B.Sc,8.0,Mid,Startup,Tier-2,2.0,1.0,0,3.0,86368,69.0,2023-12-03,Experience in data cleaning and ETL,2023,12,1,3,4,Sunday,2015-12-03 00:00:00,2015.0,12.0,3.0,4.0,Thursday,10.72,129,11-20 Years
30,Female,B.Sc,9.0,Junior,Startup,Tier-2,,1.0,0,0.0,101465,40.0,2023-10-13,Experience in data cleaning and ETL,2023,10,0,13,4,Friday,2014-10-12 18:00:00,2014.0,10.0,12.0,4.0,Sunday,11.86,142,11-20 Years
25,Female,M.Sc,4.0,Junior,Enterprise,Tier-2,6.0,2.0,0,,104201,56.0,2023-09-11,Worked on microservices deployment,2023,9,0,11,3,Monday,2019-09-11 00:00:00,2019.0,9.0,11.0,3.0,Wednesday,6.95,83,6-10 Years
28,Male,B.Sc,6.0,Mid,SME,Tier-2,4.0,1.0,0,3.0,72055,53.0,2024-08-19,Worked on microservices deployment,2024,8,1,19,3,Monday,2018-08-19 12:00:00,2018.0,8.0,19.0,3.0,Sunday,8.01,96,6-10 Years
20,Male,B.Sc,0.0,Junior,Enterprise,Tier-1,8.0,0.0,0,0.0,55538,46.0,2024-04-29,,2024,4,0,29,2,Monday,2024-04-29 00:00:00,2024.0,4.0,29.0,2.0,Monday,2.32,28,3-5 Years
29,Female,M.Sc,7.0,Mid,Enterprise,Remote,,1.0,0,2.0,130601,63.0,2023-07-20,No relevant project mentioned,2023,7,1,20,3,Thursday,2016-07-19 06:00:00,2016.0,7.0,19.0,3.0,Tuesday,10.09,121,11-20 Years
24,Male,B.Sc,5.0,Junior,Startup,Tier-3,2.0,0.0,1,3.0,61843,79.0,2023-10-19,,2023,10,0,19,4,Thursday,2018-10-18 18:00:00,2018.0,10.0,18.0,4.0,Thursday,7.84,94,6-10 Years
23,Male,,0.0,Junior,Enterprise,Tier-3,3.0,1.0,0,1.0,35467,80.0,2023-10-05,No relevant project mentioned,2023,10,0,5,4,Thursday,2023-10-05 00:00:00,2023.0,10.0,5.0,4.0,Thursday,2.88,35,3-5 Years
31,Male,B.Sc,9.0,Senior,Enterprise,Tier-1,7.0,1.0,1,0.0,162164,58.0,2023-12-01,Worked on microservices deployment,2023,12,2,1,4,Friday,2014-11-30 18:00:00,2014.0,11.0,30.0,4.0,Sunday,11.73,141,11-20 Years
38,Male,B.Sc+Cert,12.0,Mid,SME,Tier-1,4.0,0.0,0,2.0,145331,61.0,2024-08-12,No relevant project mentioned,2024,8,1,12,3,Monday,2012-08-12 00:00:00,2012.0,8.0,12.0,3.0,Sunday,14.03,168,11-20 Years
36,Male,M.Eng,10.0,Mid,Startup,Tier-1,5.0,0.0,0,4.0,127179,68.0,2024-02-15,Built ML pipeline for preprocessing,2024,2,1,15,1,Thursday,2014-02-14 12:00:00,2014.0,2.0,14.0,1.0,Friday,12.52,150,11-20 Years
21,Female,B.Sc,1.0,Senior,Enterprise,Tier-3,6.0,1.0,0,1.0,60964,59.0,2023-07-29,Built ML pipeline for preprocessing,2023,7,2,29,3,Saturday,2022-07-28 18:00:00,2022.0,7.0,28.0,3.0,Thursday,4.07,49,3-5 Years
24,Male,M.Sc,2.0,Mid,Enterprise,Remote,11.0,1.0,0,3.0,92711,67.0,2024-09-29,Experience in data cleaning and ETL,2024,9,1,29,3,Sunday,2022-09-29 12:00:00,2022.0,9.0,29.0,3.0,Thursday,3.9,47,3-5 Years
36,Male,B.Sc,15.0,Senior,Enterprise,Tier-2,7.0,1.0,0,1.0,183878,47.0,2023-01-10,Contributed to open-source NLP repo,2023,1,2,10,1,Tuesday,2008-01-10 06:00:00,2008.0,1.0,10.0,1.0,Thursday,18.61,223,11-20 Years
24,Male,M.Sc,0.0,Mid,Startup,Tier-3,7.0,,1,0.0,39160,59.0,2023-08-28,Worked on microservices deployment,2023,8,1,28,3,Monday,2023-08-28 00:00:00,2023.0,8.0,28.0,3.0,Monday,2.99,36,3-5 Years
29,Male,M.Sc,,Junior,Startup,Tier-2,8.0,1.0,1,1.0,76100,59.0,2023-06-19,Experience in data cleaning and ETL,2023,6,0,19,2,Monday,,,,,,,,,
33,Male,M.Sc,10.0,Junior,SME,Tier-1,5.0,2.0,0,1.0,126712,,2024-11-11,Built ML pipeline for preprocessing,2024,11,0,11,4,Monday,2014-11-11 12:00:00,2014.0,11.0,11.0,4.0,Tuesday,11.78,141,11-20 Years
24,Female,B.Sc,0.0,Mid,SME,Tier-3,,2.0,0,5.0,45773,48.0,2024-04-17,Contributed to open-source NLP repo,2024,4,1,17,2,Wednesday,2024-04-17 00:00:00,2024.0,4.0,17.0,2.0,Wednesday,2.35,28,3-5 Years
31,Female,B.Sc,6.0,Junior,Startup,Tier-3,7.0,1.0,1,,91544,,2024-04-16,No relevant project mentioned,2024,4,0,16,2,Tuesday,2018-04-16 12:00:00,2018.0,4.0,16.0,2.0,Monday,8.35,100,6-10 Years
22,Male,B.Sc,2.0,Junior,SME,Tier-1,3.0,1.0,0,0.0,58972,54.0,2024-11-26,No relevant project mentioned,2024,11,0,26,4,Tuesday,2022-11-26 12:00:00,2022.0,11.0,26.0,4.0,Saturday,3.74,45,3-5 Years
26,Female,B.Sc+Cert,0.0,Junior,SME,Tier-1,6.0,2.0,1,1.0,51001,68.0,2023-08-17,Built ML pipeline for preprocessing,2023,8,0,17,3,Thursday,2023-08-17 00:00:00,2023.0,8.0,17.0,3.0,Thursday,3.02,36,3-5 Years
32,Female,M.Sc,7.0,Junior,Enterprise,Tier-2,,1.0,1,7.0,97341,46.0,2024-02-12,No relevant project mentioned,2024,2,0,12,1,Monday,2017-02-11 06:00:00,2017.0,2.0,11.0,1.0,Saturday,9.52,114,6-10 Years
20,Female,M.Eng,,Junior,SME,Tier-1,4.0,0.0,1,1.0,53763,,2024-02-03,Worked on microservices deployment,2024,2,0,3,1,Saturday,,,,,,,,,
33,Male,PhD,12.0,Junior,SME,Remote,5.0,1.0,0,1.0,173720,,2023-07-22,Contributed to open-source NLP repo,2023,7,0,22,3,Saturday,2011-07-22 00:00:00,2011.0,7.0,22.0,3.0,Friday,15.09,181,11-20 Years
30,Male,B.Sc,7.0,Junior,Enterprise,Tier-2,11.0,1.0,0,0.0,95797,49.0,2024-11-14,,2024,11,0,14,4,Thursday,2017-11-14 06:00:00,2017.0,11.0,14.0,4.0,Tuesday,8.77,105,6-10 Years
33,Male,M.Sc,12.0,Junior,Enterprise,Tier-1,5.0,5.0,1,3.0,139825,56.0,2024-08-15,Built ML pipeline for preprocessing,2024,8,0,15,3,Thursday,2012-08-15 00:00:00,2012.0,8.0,15.0,3.0,Wednesday,14.02,168,11-20 Years
31,Male,M.Sc,9.0,Mid,Startup,Tier-1,3.0,0.0,0,1.0,126022,65.0,2023-02-18,,2023,2,1,18,1,Saturday,2014-02-17 18:00:00,2014.0,2.0,17.0,1.0,Monday,12.51,150,11-20 Years
38,Male,PhD,19.0,Junior,Startup,Remote,5.0,1.0,0,2.0,224597,62.0,2024-12-27,Experience in data cleaning and ETL,2024,12,0,27,4,Friday,2005-12-27 06:00:00,2005.0,12.0,27.0,4.0,Tuesday,20.65,248,20+ Years
31,Male,PhD,5.0,Senior,Enterprise,Tier-3,7.0,0.0,0,2.0,133680,,2024-11-19,Built ML pipeline for preprocessing,2024,11,2,19,4,Tuesday,2019-11-19 18:00:00,2019.0,11.0,19.0,4.0,Tuesday,6.76,81,6-10 Years
27,Female,M.Sc,4.0,Senior,SME,Tier-3,9.0,2.0,0,0.0,107056,,2023-04-05,Experience in data cleaning and ETL,2023,4,2,5,2,Wednesday,2019-04-05 00:00:00,2019.0,4.0,5.0,2.0,Friday,7.38,89,6-10 Years
31,Female,B.Sc,5.0,Mid,Enterprise,Tier-1,11.0,0.0,1,0.0,99385,61.0,2023-04-28,Built ML pipeline for preprocessing,2023,4,1,28,2,Friday,2018-04-27 18:00:00,2018.0,4.0,27.0,2.0,Friday,8.32,100,6-10 Years
33,Female,M.Sc,12.0,Mid,SME,Remote,5.0,1.0,1,6.0,152672,74.0,2024-09-01,Contributed to open-source NLP repo,2024,9,1,1,3,Sunday,2012-09-01 00:00:00,2012.0,9.0,1.0,3.0,Saturday,13.97,168,11-20 Years
30,Male,B.Sc,6.0,Mid,Startup,Tier-2,7.0,1.0,1,5.0,92656,64.0,2023-03-15,Built ML pipeline for preprocessing,2023,3,1,15,1,Wednesday,2017-03-14 12:00:00,2017.0,3.0,14.0,1.0,Tuesday,9.44,113,6-10 Years
30,Male,M.Sc,4.0,Junior,SME,Tier-2,3.0,,1,2.0,59448,67.0,2023-02-06,Contributed to open-source NLP repo,2023,2,0,6,1,Monday,2019-02-06 00:00:00,2019.0,2.0,6.0,1.0,Wednesday,7.54,90,6-10 Years
26,Male,B.Sc+Cert,3.0,Senior,SME,Remote,5.0,1.0,0,0.0,87905,59.0,2023-11-26,No relevant project mentioned,2023,11,2,26,4,Sunday,2020-11-25 06:00:00,2020.0,11.0,25.0,4.0,Wednesday,5.74,69,6-10 Years
26,Male,B.Sc,3.0,Junior,SME,Tier-1,3.0,,0,1.0,60511,,2024-03-01,No relevant project mentioned,2024,3,0,1,1,Friday,2021-03-01 06:00:00,2021.0,3.0,1.0,1.0,Monday,5.48,66,6-10 Years
22,Male,M.Sc,0.0,Senior,Startup,Tier-2,,1.0,0,2.0,57856,43.0,2023-07-06,No relevant project mentioned,2023,7,2,6,3,Thursday,2023-07-06 00:00:00,2023.0,7.0,6.0,3.0,Thursday,3.13,38,3-5 Years
40,Male,B.Sc,,Mid,Enterprise,Tier-1,7.0,,0,1.0,205297,70.0,2024-01-19,Built ML pipeline for preprocessing,2024,1,1,19,1,Friday,,,,,,,,,
23,Male,B.Sc,0.0,Junior,SME,Tier-2,,3.0,0,6.0,38532,61.0,2024-04-03,Built ML pipeline for preprocessing,2024,4,0,3,2,Wednesday,2024-04-03 00:00:00,2024.0,4.0,3.0,2.0,Wednesday,2.39,29,3-5 Years
26,Female,B.Sc,8.0,Mid,SME,Tier-1,7.0,1.0,1,0.0,110522,60.0,2023-11-05,,2023,11,1,5,4,Sunday,2015-11-05 00:00:00,2015.0,11.0,5.0,4.0,Thursday,10.8,130,11-20 Years
26,Male,M.Sc,4.0,Mid,Enterprise,Remote,4.0,0.0,0,3.0,105829,47.0,2024-03-01,Worked on microservices deployment,2024,3,1,1,1,Friday,2020-03-01 00:00:00,2020.0,3.0,1.0,1.0,Sunday,6.48,78,6-10 Years
35,Female,B.Sc+Cert,13.0,Junior,SME,Tier-1,3.0,0.0,1,1.0,134567,62.0,2024-01-27,Experience in data cleaning and ETL,2024,1,0,27,1,Saturday,2011-01-26 18:00:00,2011.0,1.0,26.0,1.0,Wednesday,15.57,187,11-20 Years
28,Male,B.Sc+Cert,10.0,Mid,Enterprise,Tier-2,6.0,1.0,1,2.0,138133,,2023-11-27,,2023,11,1,27,4,Monday,2013-11-26 12:00:00,2013.0,11.0,26.0,4.0,Tuesday,12.74,153,11-20 Years
37,Male,B.Sc,14.0,Mid,Enterprise,Remote,1.0,1.0,0,3.0,153039,,2024-02-12,Worked on microservices deployment,2024,2,1,12,1,Monday,2010-02-11 12:00:00,2010.0,2.0,11.0,1.0,Thursday,16.53,198,11-20 Years
26,Male,B.Sc+Cert,4.0,Mid,SME,Remote,2.0,1.0,0,1.0,83637,55.0,2023-11-03,Contributed to open-source NLP repo,2023,11,1,3,4,Friday,2019-11-03 00:00:00,2019.0,11.0,3.0,4.0,Sunday,6.8,82,6-10 Years
32,Male,M.Sc,9.0,Junior,SME,Tier-2,,0.0,1,0.0,100799,65.0,2023-03-12,Worked on microservices deployment,2023,3,0,12,1,Sunday,2014-03-11 18:00:00,2014.0,3.0,11.0,1.0,Tuesday,12.45,149,11-20 Years
25,Male,B.Sc,5.0,Junior,Enterprise,Tier-2,6.0,0.0,1,2.0,82544,59.0,2024-03-19,No relevant project mentioned,2024,3,0,19,1,Tuesday,2019-03-19 18:00:00,2019.0,3.0,19.0,1.0,Tuesday,7.43,89,6-10 Years
43,Male,B.Sc,22.0,Senior,Startup,Tier-1,,1.0,1,6.0,239141,53.0,2023-05-29,Experience in data cleaning and ETL,2023,5,2,29,2,Monday,2001-05-28 12:00:00,2001.0,5.0,28.0,2.0,Monday,25.23,303,20+ Years
23,Male,B.Sc,0.0,Mid,Startup,Tier-1,4.0,1.0,0,2.0,44159,61.0,2024-03-12,Built ML pipeline for preprocessing,2024,3,1,12,1,Tuesday,2024-03-12 00:00:00,2024.0,3.0,12.0,1.0,Tuesday,2.45,29,3-5 Years
32,Male,,10.0,Mid,Enterprise,Tier-2,9.0,1.0,0,0.0,152021,56.0,2023-09-19,Experience in data cleaning and ETL,2023,9,1,19,3,Tuesday,2013-09-18 12:00:00,2013.0,9.0,18.0,3.0,Wednesday,12.93,155,11-20 Years
34,Male,M.Sc,11.0,Lead,Enterprise,Tier-1,9.0,0.0,0,4.0,233407,49.0,2024-10-13,Built ML pipeline for preprocessing,2024,10,3,13,4,Sunday,2013-10-13 06:00:00,2013.0,10.0,13.0,4.0,Sunday,12.86,154,11-20 Years
32,Female,M.Sc,9.0,Junior,Enterprise,Tier-1,2.0,1.0,0,0.0,135747,65.0,2023-12-23,Built ML pipeline for preprocessing,2023,12,0,23,4,Saturday,2014-12-22 18:00:00,2014.0,12.0,22.0,4.0,Monday,11.67,140,11-20 Years
29,Male,B.Sc,10.0,Mid,Startup,Tier-1,6.0,1.0,0,1.0,105586,52.0,2023-11-01,Experience in data cleaning and ETL,2023,11,1,1,4,Wednesday,2013-10-31 12:00:00,2013.0,10.0,31.0,4.0,Thursday,12.81,154,11-20 Years
29,Female,M.Sc,6.0,Senior,Startup,Tier-2,8.0,1.0,1,1.0,116342,54.0,2024-06-26,Built ML pipeline for preprocessing,2024,6,2,26,2,Wednesday,2018-06-26 12:00:00,2018.0,6.0,26.0,2.0,Tuesday,8.16,98,6-10 Years
30,Male,B.Sc,8.0,Senior,Startup,Tier-2,7.0,0.0,0,1.0,120421,64.0,2023-06-04,Built ML pipeline for preprocessing,2023,6,2,4,2,Sunday,2015-06-04 00:00:00,2015.0,6.0,4.0,2.0,Thursday,11.22,135,11-20 Years
29,Female,B.Sc,4.0,Junior,SME,Tier-1,6.0,1.0,1,1.0,72965,61.0,2023-04-26,Contributed to open-source NLP repo,2023,4,0,26,2,Wednesday,2019-04-26 00:00:00,2019.0,4.0,26.0,2.0,Friday,7.33,88,6-10 Years
36,Female,M.Sc,16.0,Junior,SME,Tier-1,5.0,1.0,0,4.0,196379,63.0,2024-12-21,Built ML pipeline for preprocessing,2024,12,0,21,4,Saturday,2008-12-21 00:00:00,2008.0,12.0,21.0,4.0,Sunday,17.67,212,11-20 Years
43,Male,B.Sc,17.0,Mid,SME,Tier-2,4.0,1.0,0,0.0,189935,74.0,2024-09-18,Built ML pipeline for preprocessing,2024,9,1,18,3,Wednesday,2007-09-18 18:00:00,2007.0,9.0,18.0,3.0,Tuesday,18.93,227,11-20 Years
27,Male,M.Eng,2.0,Junior,Startup,Tier-2,7.0,1.0,0,2.0,52940,60.0,2023-02-20,No relevant project mentioned,2023,2,0,20,1,Monday,2021-02-19 12:00:00,2021.0,2.0,19.0,1.0,Friday,5.5,66,6-10 Years
22,Female,B.Sc,0.0,Senior,SME,Tier-2,8.0,1.0,0,0.0,54097,,2023-03-13,No relevant project mentioned,2023,3,2,13,1,Monday,2023-03-13 00:00:00,2023.0,3.0,13.0,1.0,Monday,3.45,41,3-5 Years
29,Male,M.Sc,2.0,Junior,SME,Tier-3,3.0,0.0,1,2.0,46780,49.0,2024-10-01,No relevant project mentioned,2024,10,0,1,4,Tuesday,2022-10-01 12:00:00,2022.0,10.0,1.0,4.0,Saturday,3.89,47,3-5 Years
45,Male,B.Sc,23.0,Junior,Startup,Tier-1,2.0,1.0,0,0.0,234735,37.0,2023-05-23,Contributed to open-source NLP repo,2023,5,0,23,2,Tuesday,2000-05-22 06:00:00,2000.0,5.0,22.0,2.0,Monday,26.25,315,20+ Years
25,Male,M.Sc,3.0,Junior,Enterprise,Tier-1,3.0,1.0,1,1.0,82425,62.0,2023-06-16,Built ML pipeline for preprocessing,2023,6,0,16,2,Friday,2020-06-15 06:00:00,2020.0,6.0,15.0,2.0,Monday,6.18,74,6-10 Years
40,Female,B.Sc,15.0,Mid,Startup,Tier-1,6.0,0.0,1,1.0,157728,47.0,2023-03-11,Built ML pipeline for preprocessing,2023,3,1,11,1,Saturday,2008-03-10 06:00:00,2008.0,3.0,10.0,1.0,Monday,18.45,221,11-20 Years
40,Female,B.Sc,16.0,Senior,Enterprise,Tier-2,,0.0,1,0.0,193011,81.0,2024-05-10,Experience in data cleaning and ETL,2024,5,2,10,2,Friday,2008-05-10 00:00:00,2008.0,5.0,10.0,2.0,Saturday,18.29,219,11-20 Years
27,Male,,3.0,Mid,Enterprise,Tier-3,8.0,0.0,0,1.0,65703,65.0,2024-06-03,,2024,6,1,3,2,Monday,2021-06-03 06:00:00,2021.0,6.0,3.0,2.0,Thursday,5.22,63,6-10 Years
33,Male,B.Sc,9.0,Senior,SME,Tier-1,5.0,0.0,0,2.0,140405,,2023-06-12,Worked on microservices deployment,2023,6,2,12,2,Monday,2014-06-11 18:00:00,2014.0,6.0,11.0,2.0,Wednesday,12.2,146,11-20 Years
40,Male,M.Eng,16.0,Junior,Startup,Tier-2,4.0,1.0,0,1.0,160595,51.0,2024-07-28,No relevant project mentioned,2024,7,0,28,3,Sunday,2008-07-28 00:00:00,2008.0,7.0,28.0,3.0,Monday,18.07,217,11-20 Years
28,Male,PhD,6.0,Junior,SME,Tier-2,4.0,,0,1.0,103387,75.0,2023-10-14,,2023,10,0,14,4,Saturday,2017-10-13 12:00:00,2017.0,10.0,13.0,4.0,Friday,8.86,106,6-10 Years
29,Other,B.Sc,6.0,Senior,Enterprise,Remote,3.0,2.0,1,1.0,130684,59.0,2023-08-22,Worked on microservices deployment,2023,8,2,22,3,Tuesday,2017-08-21 12:00:00,2017.0,8.0,21.0,3.0,Monday,9.0,108,6-10 Years
27,Male,B.Sc,5.0,Senior,Startup,Tier-3,6.0,0.0,0,2.0,87949,59.0,2024-12-30,Contributed to open-source NLP repo,2024,12,2,30,4,Monday,2019-12-30 18:00:00,2019.0,12.0,30.0,4.0,Monday,6.64,80,6-10 Years
24,Male,M.Sc,,Senior,Enterprise,Tier-2,,1.0,1,3.0,78646,63.0,2023-12-10,Experience in data cleaning and ETL,2023,12,2,10,4,Sunday,,,,,,,,,
26,Male,B.Sc+Cert,5.0,Senior,Enterprise,Tier-2,10.0,1.0,1,2.0,106581,67.0,2023-09-10,,2023,9,2,10,3,Sunday,2018-09-09 18:00:00,2018.0,9.0,9.0,3.0,Sunday,7.95,95,6-10 Years
23,Female,B.Sc+Cert,3.0,Mid,Enterprise,Remote,,0.0,1,7.0,85446,50.0,2024-12-06,Experience in data cleaning and ETL,2024,12,1,6,4,Friday,2021-12-06 06:00:00,2021.0,12.0,6.0,4.0,Monday,4.71,57,3-5 Years
30,Male,B.Sc,7.0,Junior,SME,Remote,4.0,0.0,0,6.0,91653,53.0,2023-09-14,Worked on microservices deployment,2023,9,0,14,3,Thursday,2016-09-13 06:00:00,2016.0,9.0,13.0,3.0,Tuesday,9.94,119,6-10 Years
25,Male,M.Sc,4.0,Senior,Enterprise,Tier-2,5.0,0.0,0,0.0,108364,66.0,2024-05-20,Built ML pipeline for preprocessing,2024,5,2,20,2,Monday,2020-05-20 00:00:00,2020.0,5.0,20.0,2.0,Wednesday,6.26,75,6-10 Years
31,Male,B.Sc,8.0,Junior,Enterprise,Tier-2,3.0,0.0,0,1.0,113806,64.0,2024-04-15,Worked on microservices deployment,2024,4,0,15,2,Monday,2016-04-15 00:00:00,2016.0,4.0,15.0,2.0,Friday,10.35,124,11-20 Years
21,Male,PhD,0.0,Mid,SME,Tier-2,5.0,0.0,1,,123726,61.0,2023-10-16,Worked on microservices deployment,2023,10,1,16,4,Monday,2023-10-16 00:00:00,2023.0,10.0,16.0,4.0,Monday,2.85,34,3-5 Years
32,Male,B.Sc+Cert,10.0,Mid,Startup,Tier-2,6.0,0.0,0,0.0,123098,69.0,2024-09-11,Built ML pipeline for preprocessing,2024,9,1,11,3,Wednesday,2014-09-11 12:00:00,2014.0,9.0,11.0,3.0,Thursday,11.95,143,11-20 Years
35,Male,B.Sc,16.0,Junior,Startup,Tier-2,4.0,1.0,0,2.0,161022,,2024-07-02,Contributed to open-source NLP repo,2024,7,0,2,3,Tuesday,2008-07-02 00:00:00,2008.0,7.0,2.0,3.0,Wednesday,18.14,218,11-20 Years
20,Male,B.Sc,0.0,Senior,Startup,Tier-1,4.0,1.0,0,6.0,51764,59.0,2024-05-19,Built ML pipeline for preprocessing,2024,5,2,19,2,Sunday,2024-05-19 00:00:00,2024.0,5.0,19.0,2.0,Sunday,2.26,27,3-5 Years
32,Female,B.Sc,8.0,Junior,Enterprise,Remote,5.0,0.0,0,3.0,111499,56.0,2024-06-06,Worked on microservices deployment,2024,6,0,6,2,Thursday,2016-06-06 00:00:00,2016.0,6.0,6.0,2.0,Monday,10.21,123,11-20 Years
37,Female,B.Sc,14.0,Senior,SME,Tier-2,4.0,0.0,0,0.0,161631,60.0,2023-03-25,Built ML pipeline for preprocessing,2023,3,2,25,1,Saturday,2009-03-24 12:00:00,2009.0,3.0,24.0,1.0,Tuesday,17.41,209,11-20 Years
23,Other,M.Eng,1.0,Mid,Enterprise,Tier-3,4.0,2.0,0,3.0,70545,51.0,2024-12-30,Worked on microservices deployment,2024,12,1,30,4,Monday,2023-12-30 18:00:00,2023.0,12.0,30.0,4.0,Saturday,2.64,32,3-5 Years
40,Male,B.Sc,19.0,Mid,Enterprise,Tier-2,5.0,0.0,1,1.0,222875,36.0,2024-07-12,Contributed to open-source NLP repo,2024,7,1,12,3,Friday,2005-07-12 06:00:00,2005.0,7.0,12.0,3.0,Tuesday,21.11,253,20+ Years
33,Female,B.Sc,8.0,Mid,SME,Tier-3,4.0,2.0,0,6.0,80537,56.0,2023-12-11,Experience in data cleaning and ETL,2023,12,1,11,4,Monday,2015-12-11 00:00:00,2015.0,12.0,11.0,4.0,Friday,10.7,128,11-20 Years
26,Male,B.Sc,2.0,Junior,SME,Tier-1,2.0,1.0,1,1.0,49987,60.0,2024-01-14,No relevant project mentioned,2024,1,0,14,1,Sunday,2022-01-13 12:00:00,2022.0,1.0,13.0,1.0,Thursday,4.61,55,3-5 Years
30,Male,PhD,7.0,Mid,Startup,Tier-2,4.0,0.0,1,2.0,108287,43.0,2023-05-12,Built ML pipeline for preprocessing,2023,5,1,12,2,Friday,2016-05-11 06:00:00,2016.0,5.0,11.0,2.0,Wednesday,10.28,123,11-20 Years
33,Male,M.Sc,9.0,Mid,Enterprise,Tier-2,2.0,2.0,0,3.0,143434,53.0,2023-07-30,Experience in data cleaning and ETL,2023,7,1,30,3,Sunday,2014-07-29 18:00:00,2014.0,7.0,29.0,3.0,Tuesday,12.07,145,11-20 Years
30,Male,B.Sc,5.0,Mid,SME,Tier-1,5.0,2.0,1,1.0,97632,62.0,2024-12-17,,2024,12,1,17,4,Tuesday,2019-12-17 18:00:00,2019.0,12.0,17.0,4.0,Tuesday,6.68,80,6-10 Years
33,Male,B.Sc,14.0,Junior,SME,Remote,10.0,0.0,0,0.0,159108,,2024-08-17,Worked on microservices deployment,2024,8,0,17,3,Saturday,2010-08-17 12:00:00,2010.0,8.0,17.0,3.0,Tuesday,16.01,192,11-20 Years
24,Male,PhD,0.0,Junior,Startup,Tier-1,1.0,1.0,1,0.0,62380,51.0,2023-03-18,Contributed to open-source NLP repo,2023,3,0,18,1,Saturday,2023-03-18 00:00:00,2023.0,3.0,18.0,1.0,Saturday,3.43,41,3-5 Years
31,Male,M.Eng,7.0,Junior,Enterprise,Tier-2,4.0,1.0,1,2.0,104851,39.0,2023-05-20,Experience in data cleaning and ETL,2023,5,0,20,2,Saturday,2016-05-19 06:00:00,2016.0,5.0,19.0,2.0,Thursday,10.26,123,11-20 Years
22,Male,B.Sc,0.0,Mid,Enterprise,Tier-1,2.0,0.0,1,6.0,62122,43.0,2023-05-08,Worked on microservices deployment,2023,5,1,8,2,Monday,2023-05-08 00:00:00,2023.0,5.0,8.0,2.0,Monday,3.29,39,3-5 Years
29,Male,B.Sc,3.0,Junior,SME,Remote,4.0,3.0,0,1.0,65652,,2023-03-07,Built ML pipeline for preprocessing,2023,3,0,7,1,Tuesday,2020-03-06 06:00:00,2020.0,3.0,6.0,1.0,Friday,6.46,78,6-10 Years
25,Male,B.Sc,3.0,Senior,SME,Tier-1,2.0,2.0,0,0.0,93534,,2024-10-24,Built ML pipeline for preprocessing,2024,10,2,24,4,Thursday,2021-10-24 06:00:00,2021.0,10.0,24.0,4.0,Sunday,4.83,58,3-5 Years
26,Male,B.Sc,4.0,Mid,Enterprise,Tier-2,3.0,1.0,1,2.0,89848,68.0,2024-07-20,Worked on microservices deployment,2024,7,1,20,3,Saturday,2020-07-20 00:00:00,2020.0,7.0,20.0,3.0,Monday,6.09,73,6-10 Years
37,Female,M.Sc,13.0,Senior,Startup,Tier-1,8.0,0.0,1,0.0,186405,63.0,2023-05-27,Built ML pipeline for preprocessing,2023,5,2,27,2,Saturday,2010-05-26 18:00:00,2010.0,5.0,26.0,2.0,Wednesday,16.24,195,11-20 Years
37,Female,B.Sc+Cert,13.0,Senior,Startup,Tier-2,5.0,0.0,1,2.0,171418,59.0,2023-03-08,No relevant project mentioned,2023,3,2,8,1,Wednesday,2010-03-07 18:00:00,2010.0,3.0,7.0,1.0,Sunday,16.46,198,11-20 Years
34,Male,B.Sc,13.0,Junior,SME,Remote,2.0,1.0,1,1.0,156557,68.0,2024-04-16,Contributed to open-source NLP repo,2024,4,0,16,2,Tuesday,2011-04-16 18:00:00,2011.0,4.0,16.0,2.0,Saturday,15.35,184,11-20 Years
23,Male,,0.0,Senior,Startup,Tier-1,,0.0,0,2.0,71348,72.0,2023-05-31,Built ML pipeline for preprocessing,2023,5,2,31,2,Wednesday,2023-05-31 00:00:00,2023.0,5.0,31.0,2.0,Wednesday,3.23,39,3-5 Years
28,Male,B.Sc,3.0,Mid,SME,Tier-2,,0.0,0,0.0,61398,54.0,2023-01-04,Built ML pipeline for preprocessing,2023,1,1,4,1,Wednesday,2020-01-04 06:00:00,2020.0,1.0,4.0,1.0,Saturday,6.63,80,6-10 Years
37,Female,M.Sc,14.0,Senior,SME,Tier-1,7.0,0.0,1,0.0,202240,,2023-01-18,,2023,1,2,18,1,Wednesday,2009-01-17 12:00:00,2009.0,1.0,17.0,1.0,Saturday,17.59,211,11-20 Years
31,Male,M.Sc,,Senior,SME,Tier-2,10.0,3.0,1,3.0,117364,54.0,2024-06-07,Experience in data cleaning and ETL,2024,6,2,7,2,Friday,,,,,,,,,
44,Male,B.Sc,19.0,Junior,Startup,Tier-2,7.0,1.0,0,0.0,176643,53.0,2023-09-13,,2023,9,0,13,3,Wednesday,2004-09-12 06:00:00,2004.0,9.0,12.0,3.0,Sunday,21.94,263,20+ Years
32,Male,B.Sc,10.0,Mid,SME,Tier-2,6.0,1.0,0,4.0,113977,76.0,2024-05-23,No relevant project mentioned,2024,5,1,23,2,Thursday,2014-05-23 12:00:00,2014.0,5.0,23.0,2.0,Friday,12.25,147,11-20 Years
31,Male,M.Sc,8.0,Mid,SME,Tier-2,,3.0,0,3.0,124063,69.0,2023-02-04,Built ML pipeline for preprocessing,2023,2,1,4,1,Saturday,2015-02-04 00:00:00,2015.0,2.0,4.0,1.0,Wednesday,11.55,139,11-20 Years
28,Male,B.Sc,9.0,Mid,SME,Tier-2,4.0,0.0,0,0.0,123124,65.0,2024-07-08,Experience in data cleaning and ETL,2024,7,1,8,3,Monday,2015-07-08 18:00:00,2015.0,7.0,8.0,3.0,Wednesday,11.12,133,11-20 Years
31,Female,B.Sc,3.0,Junior,SME,Tier-1,4.0,1.0,0,5.0,67806,57.0,2024-08-12,Built ML pipeline for preprocessing,2024,8,0,12,3,Monday,2021-08-12 06:00:00,2021.0,8.0,12.0,3.0,Thursday,5.03,60,6-10 Years
29,Male,B.Sc,3.0,Junior,Enterprise,Tier-2,8.0,0.0,0,0.0,65911,,2024-05-21,Experience in data cleaning and ETL,2024,5,0,21,2,Tuesday,2021-05-21 06:00:00,2021.0,5.0,21.0,2.0,Friday,5.25,63,6-10 Years
34,Male,PhD,13.0,Mid,Startup,Tier-1,8.0,0.0,0,4.0,161672,,2023-11-19,No relevant project mentioned,2023,11,1,19,4,Sunday,2010-11-18 18:00:00,2010.0,11.0,18.0,4.0,Thursday,15.76,189,11-20 Years
36,Female,B.Sc,10.0,Mid,Enterprise,Tier-3,4.0,0.0,0,1.0,128308,51.0,2024-03-28,No relevant project mentioned,2024,3,1,28,1,Thursday,2014-03-28 12:00:00,2014.0,3.0,28.0,1.0,Friday,12.4,149,11-20 Years
25,Female,M.Eng,,Lead,Startup,Tier-3,3.0,1.0,1,0.0,67250,55.0,2023-12-25,Built ML pipeline for preprocessing,2023,12,3,25,4,Monday,,,,,,,,,
22,Male,B.Sc,2.0,Senior,SME,Tier-1,6.0,2.0,0,6.0,83675,56.0,2023-02-21,No relevant project mentioned,2023,2,2,21,1,Tuesday,2021-02-20 12:00:00,2021.0,2.0,20.0,1.0,Saturday,5.5,66,6-10 Years
20,Male,M.Sc,0.0,Mid,SME,Tier-1,2.0,1.0,0,6.0,61477,42.0,2024-06-12,Worked on microservices deployment,2024,6,1,12,2,Wednesday,2024-06-12 00:00:00,2024.0,6.0,12.0,2.0,Wednesday,2.2,26,3-5 Years
33,Male,M.Sc,12.0,Junior,SME,Tier-1,2.0,1.0,1,2.0,142955,45.0,2024-12-23,Contributed to open-source NLP repo,2024,12,0,23,4,Monday,2012-12-23 00:00:00,2012.0,12.0,23.0,4.0,Sunday,13.66,164,11-20 Years
23,Female,B.Sc+Cert,,Junior,Enterprise,Remote,4.0,2.0,1,1.0,54816,57.0,2023-02-02,No relevant project mentioned,2023,2,0,2,1,Thursday,,,,,,,,,
20,Male,B.Sc,0.0,Mid,SME,Tier-3,4.0,3.0,0,5.0,37671,57.0,2023-11-24,Experience in data cleaning and ETL,2023,11,1,24,4,Friday,2023-11-24 00:00:00,2023.0,11.0,24.0,4.0,Friday,2.75,33,3-5 Years
32,Female,M.Sc,9.0,Senior,SME,Tier-1,9.0,3.0,1,2.0,165007,67.0,2024-03-11,Contributed to open-source NLP repo,2024,3,2,11,1,Monday,2015-03-11 18:00:00,2015.0,3.0,11.0,1.0,Wednesday,11.45,137,11-20 Years
45,Male,M.Sc,19.0,Mid,Enterprise,Tier-2,5.0,0.0,0,1.0,193747,53.0,2024-02-23,Built ML pipeline for preprocessing,2024,2,1,23,1,Friday,2005-02-22 06:00:00,2005.0,2.0,22.0,1.0,Tuesday,21.49,258,20+ Years
30,Male,B.Sc,9.0,Mid,Startup,Tier-1,7.0,0.0,0,1.0,119250,49.0,2023-03-18,No relevant project mentioned,2023,3,1,18,1,Saturday,2014-03-17 18:00:00,2014.0,3.0,17.0,1.0,Monday,12.43,149,11-20 Years
35,Male,B.Sc,15.0,Senior,Startup,Tier-2,5.0,1.0,0,4.0,188574,58.0,2024-08-02,No relevant project mentioned,2024,8,2,2,3,Friday,2009-08-02 06:00:00,2009.0,8.0,2.0,3.0,Sunday,17.05,205,11-20 Years
30,Male,B.Sc,5.0,Senior,Startup,Tier-3,2.0,0.0,1,5.0,78112,64.0,2023-02-19,,2023,2,2,19,1,Sunday,2018-02-18 18:00:00,2018.0,2.0,18.0,1.0,Sunday,8.51,102,6-10 Years
29,Male,B.Sc,,Junior,Startup,Tier-2,7.0,2.0,0,6.0,89272,58.0,2024-03-17,Experience in data cleaning and ETL,2024,3,0,17,1,Sunday,,,,,,,,,
36,Male,B.Sc+Cert,16.0,Junior,SME,Remote,3.0,1.0,0,1.0,176777,56.0,2024-10-31,Experience in data cleaning and ETL,2024,10,0,31,4,Thursday,2008-10-31 00:00:00,2008.0,10.0,31.0,4.0,Friday,17.81,214,11-20 Years
28,Male,B.Sc,2.0,Junior,SME,Tier-2,9.0,1.0,0,3.0,54660,,2023-07-17,Contributed to open-source NLP repo,2023,7,0,17,3,Monday,2021-07-16 12:00:00,2021.0,7.0,16.0,3.0,Friday,5.1,61,6-10 Years
32,Female,B.Sc,8.0,Mid,Startup,Tier-1,6.0,1.0,0,0.0,109480,62.0,2024-04-07,Worked on microservices deployment,2024,4,1,7,2,Sunday,2016-04-07 00:00:00,2016.0,4.0,7.0,2.0,Thursday,10.38,125,11-20 Years
32,Male,M.Sc,11.0,Lead,Startup,Tier-2,4.0,0.0,0,3.0,148897,,2024-01-12,Experience in data cleaning and ETL,2024,1,3,12,1,Friday,2013-01-11 06:00:00,2013.0,1.0,11.0,1.0,Friday,13.61,163,11-20 Years
26,Female,B.Sc,8.0,Junior,Enterprise,Tier-2,5.0,2.0,0,2.0,115377,68.0,2024-06-29,Worked on microservices deployment,2024,6,0,29,2,Saturday,2016-06-29 00:00:00,2016.0,6.0,29.0,2.0,Wednesday,10.15,122,11-20 Years
36,Male,B.Sc,14.0,Junior,Enterprise,Remote,3.0,1.0,0,0.0,160910,61.0,2024-03-11,,2024,3,0,11,1,Monday,2010-03-11 12:00:00,2010.0,3.0,11.0,1.0,Thursday,16.45,197,11-20 Years
29,Male,B.Sc,7.0,Senior,Enterprise,Tier-1,3.0,0.0,1,3.0,144752,52.0,2024-12-24,,2024,12,2,24,4,Tuesday,2017-12-24 06:00:00,2017.0,12.0,24.0,4.0,Sunday,8.66,104,6-10 Years
25,Male,B.Sc+Cert,,Mid,Enterprise,Tier-2,,3.0,0,0.0,60907,57.0,2023-09-29,Experience in data cleaning and ETL,2023,9,1,29,3,Friday,,,,,,,,,
33,Male,B.Sc+Cert,11.0,Lead,Enterprise,Tier-2,2.0,1.0,1,1.0,150172,,2024-07-29,,2024,7,3,29,3,Monday,2013-07-29 06:00:00,2013.0,7.0,29.0,3.0,Monday,13.07,157,11-20 Years
25,Female,B.Sc+Cert,1.0,Mid,Enterprise,Tier-2,7.0,0.0,0,1.0,59920,50.0,2023-06-04,No relevant project mentioned,2023,6,1,4,2,Sunday,2022-06-03 18:00:00,2022.0,6.0,3.0,2.0,Friday,4.22,51,3-5 Years
30,Male,,11.0,Mid,SME,Tier-1,9.0,2.0,1,4.0,161454,72.0,2023-11-17,Worked on microservices deployment,2023,11,1,17,4,Friday,2012-11-16 06:00:00,2012.0,11.0,16.0,4.0,Friday,13.76,165,11-20 Years
30,Male,M.Sc,,Junior,Startup,Remote,4.0,0.0,1,1.0,126283,74.0,2023-09-26,No relevant project mentioned,2023,9,0,26,3,Tuesday,,,,,,,,,
37,Male,B.Sc,18.0,Junior,SME,Tier-1,5.0,1.0,1,,204636,50.0,2024-07-05,Contributed to open-source NLP repo,2024,7,0,5,3,Friday,2006-07-05 12:00:00,2006.0,7.0,5.0,3.0,Wednesday,20.13,242,20+ Years
33,Male,B.Sc,8.0,Mid,Startup,Tier-1,1.0,1.0,1,0.0,118630,,2023-06-09,,2023,6,1,9,2,Friday,2015-06-09 00:00:00,2015.0,6.0,9.0,2.0,Tuesday,11.21,135,11-20 Years
30,Male,B.Sc,6.0,Mid,Enterprise,Remote,8.0,1.0,0,2.0,116410,53.0,2023-11-19,No relevant project mentioned,2023,11,1,19,4,Sunday,2017-11-18 12:00:00,2017.0,11.0,18.0,4.0,Saturday,8.76,105,6-10 Years
35,Female,M.Sc,13.0,Junior,SME,Tier-1,2.0,0.0,0,0.0,160787,71.0,2023-01-14,Worked on microservices deployment,2023,1,0,14,1,Saturday,2010-01-13 18:00:00,2010.0,1.0,13.0,1.0,Wednesday,16.61,199,11-20 Years
38,Female,B.Sc,13.0,Senior,SME,Tier-1,5.0,2.0,1,4.0,136675,79.0,2024-01-11,Contributed to open-source NLP repo,2024,1,2,11,1,Thursday,2011-01-10 18:00:00,2011.0,1.0,10.0,1.0,Monday,15.61,187,11-20 Years
33,Male,B.Sc,11.0,Junior,Startup,Tier-2,5.0,0.0,0,5.0,113831,63.0,2023-04-30,Built ML pipeline for preprocessing,2023,4,0,30,2,Sunday,2012-04-29 06:00:00,2012.0,4.0,29.0,2.0,Sunday,14.31,172,11-20 Years
30,Male,B.Sc,,Mid,SME,Tier-1,5.0,0.0,0,2.0,129618,93.0,2023-11-10,No relevant project mentioned,2023,11,1,10,4,Friday,,,,,,,,,
22,Male,B.Sc,0.0,Junior,SME,Remote,12.0,0.0,1,3.0,50793,75.0,2023-12-14,Built ML pipeline for preprocessing,2023,12,0,14,4,Thursday,2023-12-14 00:00:00,2023.0,12.0,14.0,4.0,Thursday,2.69,32,3-5 Years
24,Male,M.Sc,0.0,Senior,Startup,Tier-2,2.0,1.0,0,1.0,53502,,2023-02-15,No relevant project mentioned,2023,2,2,15,1,Wednesday,2023-02-15 00:00:00,2023.0,2.0,15.0,1.0,Wednesday,3.52,42,3-5 Years
28,Male,B.Sc,2.0,Junior,SME,Tier-2,2.0,1.0,1,1.0,43843,62.0,2023-12-12,Contributed to open-source NLP repo,2023,12,0,12,4,Tuesday,2021-12-11 12:00:00,2021.0,12.0,11.0,4.0,Saturday,4.7,56,3-5 Years
26,Male,M.Sc,1.0,Senior,Startup,Tier-1,6.0,1.0,1,0.0,72411,69.0,2024-04-13,Contributed to open-source NLP repo,2024,4,2,13,2,Saturday,2023-04-13 18:00:00,2023.0,4.0,13.0,2.0,Thursday,3.36,40,3-5 Years
29,Male,B.Sc,,Junior,SME,Tier-1,7.0,2.0,1,2.0,116306,,2024-01-17,Built ML pipeline for preprocessing,2024,1,0,17,1,Wednesday,,,,,,,,,
30,Male,M.Eng,7.0,Mid,SME,Tier-2,4.0,0.0,0,,130171,47.0,2024-09-13,Built ML pipeline for preprocessing,2024,9,1,13,3,Friday,2017-09-13 06:00:00,2017.0,9.0,13.0,3.0,Wednesday,8.94,107,6-10 Years
33,Male,M.Sc,7.0,Mid,Enterprise,Tier-2,4.0,0.0,1,5.0,122253,51.0,2024-01-06,No relevant project mentioned,2024,1,1,6,1,Saturday,2017-01-05 06:00:00,2017.0,1.0,5.0,1.0,Thursday,9.63,116,6-10 Years
30,Male,B.Sc,,Junior,SME,Tier-3,6.0,1.0,0,5.0,214022,54.0,2024-04-03,Worked on microservices deployment,2024,4,0,3,2,Wednesday,,,,,,,,,
33,Male,B.Sc,10.0,Junior,SME,Tier-1,5.0,2.0,0,6.0,109024,54.0,2023-08-07,Worked on microservices deployment,2023,8,0,7,3,Monday,2013-08-06 12:00:00,2013.0,8.0,6.0,3.0,Tuesday,13.04,156,11-20 Years
30,Male,M.Sc,5.0,Senior,Enterprise,Tier-2,6.0,1.0,1,0.0,136177,47.0,2023-05-01,Experience in data cleaning and ETL,2023,5,2,1,2,Monday,2018-04-30 18:00:00,2018.0,4.0,30.0,2.0,Monday,8.31,100,6-10 Years
20,Female,M.Eng,0.0,Senior,SME,Tier-1,4.0,0.0,0,0.0,79832,54.0,2023-10-16,Built ML pipeline for preprocessing,2023,10,2,16,4,Monday,2023-10-16 00:00:00,2023.0,10.0,16.0,4.0,Monday,2.85,34,3-5 Years
24,Male,,1.0,Junior,SME,Tier-2,6.0,0.0,1,1.0,49968,,2024-05-26,Built ML pipeline for preprocessing,2024,5,0,26,2,Sunday,2023-05-26 18:00:00,2023.0,5.0,26.0,2.0,Friday,3.24,39,3-5 Years
29,Male,B.Sc,3.0,Junior,SME,Tier-2,,1.0,1,3.0,57457,65.0,2024-07-11,Contributed to open-source NLP repo,2024,7,0,11,3,Thursday,2021-07-11 06:00:00,2021.0,7.0,11.0,3.0,Sunday,5.11,61,6-10 Years
23,Male,B.Sc+Cert,3.0,Junior,Enterprise,Tier-1,4.0,2.0,1,1.0,81384,52.0,2023-12-04,Built ML pipeline for preprocessing,2023,12,0,4,4,Monday,2020-12-03 06:00:00,2020.0,12.0,3.0,4.0,Thursday,5.72,69,6-10 Years
34,Female,M.Sc,8.0,Junior,SME,Tier-2,3.0,1.0,0,5.0,99668,43.0,2024-01-16,,2024,1,0,16,1,Tuesday,2016-01-16 00:00:00,2016.0,1.0,16.0,1.0,Saturday,10.6,127,11-20 Years
39,Male,B.Sc,16.0,Lead,SME,Tier-1,5.0,1.0,0,3.0,220585,57.0,2024-05-20,,2024,5,3,20,2,Monday,2008-05-20 00:00:00,2008.0,5.0,20.0,2.0,Tuesday,18.26,219,11-20 Years
37,Male,B.Sc,13.0,Mid,Enterprise,Tier-2,,1.0,1,2.0,168985,62.0,2024-07-19,No relevant project mentioned,2024,7,1,19,3,Friday,2011-07-19 18:00:00,2011.0,7.0,19.0,3.0,Tuesday,15.09,181,11-20 Years
29,Male,B.Sc,7.0,Mid,Startup,Tier-2,,0.0,1,0.0,87745,64.0,2024-01-23,Worked on microservices deployment,2024,1,1,23,1,Tuesday,2017-01-22 06:00:00,2017.0,1.0,22.0,1.0,Sunday,9.58,115,6-10 Years
39,Female,M.Sc,14.0,Lead,Enterprise,Tier-1,7.0,1.0,1,0.0,261332,61.0,2024-07-19,No relevant project mentioned,2024,7,3,19,3,Friday,2010-07-19 12:00:00,2010.0,7.0,19.0,3.0,Monday,16.09,193,11-20 Years
31,Female,B.Sc,11.0,Mid,SME,Remote,9.0,1.0,1,1.0,159008,52.0,2023-01-04,Contributed to open-source NLP repo,2023,1,1,4,1,Wednesday,2012-01-04 06:00:00,2012.0,1.0,4.0,1.0,Wednesday,14.63,176,11-20 Years
28,Male,PhD,7.0,Mid,SME,Tier-2,1.0,,0,7.0,125224,55.0,2024-08-14,,2024,8,1,14,3,Wednesday,2017-08-14 06:00:00,2017.0,8.0,14.0,3.0,Monday,9.02,108,6-10 Years
26,Female,B.Sc,3.0,Junior,Enterprise,Remote,2.0,0.0,0,1.0,60967,48.0,2023-07-20,Worked on microservices deployment,2023,7,0,20,3,Thursday,2020-07-19 06:00:00,2020.0,7.0,19.0,3.0,Sunday,6.09,73,6-10 Years
28,Female,B.Sc,2.0,Mid,Startup,Tier-1,4.0,1.0,0,2.0,57192,31.0,2023-07-21,Built ML pipeline for preprocessing,2023,7,1,21,3,Friday,2021-07-20 12:00:00,2021.0,7.0,20.0,3.0,Tuesday,5.09,61,6-10 Years
28,Female,M.Sc,4.0,Mid,Enterprise,Remote,4.0,1.0,1,7.0,103385,55.0,2023-09-13,No relevant project mentioned,2023,9,1,13,3,Wednesday,2019-09-13 00:00:00,2019.0,9.0,13.0,3.0,Friday,6.94,83,6-10 Years
31,Male,B.Sc+Cert,8.0,Junior,Enterprise,Tier-1,,1.0,0,1.0,124571,40.0,2023-07-18,No relevant project mentioned,2023,7,0,18,3,Tuesday,2015-07-18 00:00:00,2015.0,7.0,18.0,3.0,Saturday,11.1,133,11-20 Years
31,Male,M.Eng,8.0,Junior,SME,Tier-2,2.0,0.0,1,0.0,108645,54.0,2023-03-14,Experience in data cleaning and ETL,2023,3,0,14,1,Tuesday,2015-03-14 00:00:00,2015.0,3.0,14.0,1.0,Saturday,11.44,137,11-20 Years
30,Male,B.Sc,,Junior,Enterprise,Remote,8.0,2.0,0,2.0,327724,,2024-11-18,Built ML pipeline for preprocessing,2024,11,0,18,4,Monday,,,,,,,,,
33,Female,M.Sc,7.0,Junior,Startup,Tier-1,8.0,1.0,0,2.0,103867,75.0,2023-08-07,Contributed to open-source NLP repo,2023,8,0,7,3,Monday,2016-08-06 06:00:00,2016.0,8.0,6.0,3.0,Saturday,10.04,120,11-20 Years
37,Male,M.Sc,11.0,Mid,Enterprise,Tier-1,,0.0,0,6.0,183854,62.0,2024-03-08,Worked on microservices deployment,2024,3,1,8,1,Friday,2013-03-08 06:00:00,2013.0,3.0,8.0,1.0,Friday,13.46,162,11-20 Years
36,Male,B.Sc,10.0,Mid,SME,Tier-3,5.0,2.0,1,0.0,130629,66.0,2024-02-11,Experience in data cleaning and ETL,2024,2,1,11,1,Sunday,2014-02-10 12:00:00,2014.0,2.0,10.0,1.0,Monday,12.53,150,11-20 Years
21,Male,B.Sc,2.0,Mid,SME,Tier-2,,2.0,1,1.0,61419,55.0,2023-04-03,Worked on microservices deployment,2023,4,1,3,2,Monday,2021-04-02 12:00:00,2021.0,4.0,2.0,2.0,Friday,5.39,65,6-10 Years
20,Female,B.Sc,0.0,Junior,Startup,Tier-2,,1.0,1,1.0,27893,52.0,2024-10-25,Experience in data cleaning and ETL,2024,10,0,25,4,Friday,2024-10-25 00:00:00,2024.0,10.0,25.0,4.0,Friday,1.83,22,0-2 Years
36,Female,B.Sc,12.0,Mid,SME,Tier-1,4.0,1.0,0,2.0,140633,62.0,2023-03-21,No relevant project mentioned,2023,3,1,21,1,Tuesday,2011-03-21 00:00:00,2011.0,3.0,21.0,1.0,Monday,15.43,185,11-20 Years
22,Male,B.Sc+Cert,0.0,Junior,Startup,Tier-2,4.0,0.0,0,0.0,28992,66.0,2023-07-27,Experience in data cleaning and ETL,2023,7,0,27,3,Thursday,2023-07-27 00:00:00,2023.0,7.0,27.0,3.0,Thursday,3.07,37,3-5 Years
29,Female,B.Sc,4.0,Mid,Enterprise,Tier-1,6.0,2.0,1,3.0,97483,63.0,2023-04-02,Built ML pipeline for preprocessing,2023,4,1,2,2,Sunday,2019-04-02 00:00:00,2019.0,4.0,2.0,2.0,Tuesday,7.39,89,6-10 Years
23,Male,B.Sc+Cert,0.0,Senior,Enterprise,Remote,6.0,0.0,0,2.0,71252,71.0,2024-06-15,Built ML pipeline for preprocessing,2024,6,2,15,2,Saturday,2024-06-15 00:00:00,2024.0,6.0,15.0,2.0,Saturday,2.19,26,3-5 Years
20,Female,B.Sc,0.0,Junior,Startup,Tier-2,5.0,1.0,0,3.0,31406,58.0,2023-02-22,Worked on microservices deployment,2023,2,0,22,1,Wednesday,2023-02-22 00:00:00,2023.0,2.0,22.0,1.0,Wednesday,3.5,42,3-5 Years
33,Male,M.Sc,,Senior,Startup,Tier-3,,2.0,0,,114995,58.0,2023-03-24,Built ML pipeline for preprocessing,2023,3,2,24,1,Friday,,,,,,,,,
35,Male,B.Sc,12.0,Senior,Enterprise,Tier-1,1.0,0.0,0,2.0,183725,57.0,2023-03-15,Experience in data cleaning and ETL,2023,3,2,15,1,Wednesday,2011-03-15 00:00:00,2011.0,3.0,15.0,1.0,Tuesday,15.44,185,11-20 Years
27,Female,B.Sc,6.0,Junior,SME,Remote,5.0,3.0,0,5.0,95436,53.0,2024-02-14,Contributed to open-source NLP repo,2024,2,0,14,1,Wednesday,2018-02-13 12:00:00,2018.0,2.0,13.0,1.0,Tuesday,8.52,102,6-10 Years
20,Male,B.Sc,0.0,Junior,Startup,Tier-2,2.0,2.0,0,0.0,29370,64.0,2024-03-19,Built ML pipeline for preprocessing,2024,3,0,19,1,Tuesday,2024-03-19 00:00:00,2024.0,3.0,19.0,1.0,Tuesday,2.43,29,3-5 Years
27,Female,B.Sc,7.0,Lead,SME,Remote,7.0,1.0,0,0.0,138711,60.0,2023-05-10,Built ML pipeline for preprocessing,2023,5,3,10,2,Wednesday,2016-05-09 06:00:00,2016.0,5.0,9.0,2.0,Monday,10.29,123,11-20 Years
32,Male,M.Sc,8.0,Junior,SME,Tier-1,7.0,1.0,0,2.0,115397,82.0,2023-07-03,Contributed to open-source NLP repo,2023,7,0,3,3,Monday,2015-07-03 00:00:00,2015.0,7.0,3.0,3.0,Friday,11.14,134,11-20 Years
21,Male,B.Sc,1.0,Senior,Startup,Tier-3,3.0,0.0,1,3.0,45102,68.0,2024-07-31,No relevant project mentioned,2024,7,2,31,3,Wednesday,2023-07-31 18:00:00,2023.0,7.0,31.0,3.0,Monday,3.06,37,3-5 Years
31,Male,M.Sc,8.0,Mid,Enterprise,Tier-2,10.0,1.0,0,1.0,149499,,2024-10-26,Built ML pipeline for preprocessing,2024,10,1,26,4,Saturday,2016-10-26 00:00:00,2016.0,10.0,26.0,4.0,Wednesday,9.82,118,6-10 Years
30,Male,B.Sc,3.0,Junior,SME,Tier-1,8.0,0.0,0,2.0,66382,38.0,2023-12-31,,2023,12,0,31,4,Sunday,2020-12-30 06:00:00,2020.0,12.0,30.0,4.0,Wednesday,5.64,68,6-10 Years
33,Male,B.Sc,11.0,Junior,Startup,Tier-2,6.0,0.0,1,0.0,123895,67.0,2023-07-15,Contributed to open-source NLP repo,2023,7,0,15,3,Saturday,2012-07-14 06:00:00,2012.0,7.0,14.0,3.0,Saturday,14.11,169,11-20 Years
31,Male,B.Sc,9.0,Mid,Enterprise,Tier-1,2.0,1.0,1,0.0,139649,51.0,2023-01-15,Built ML pipeline for preprocessing,2023,1,1,15,1,Sunday,2014-01-14 18:00:00,2014.0,1.0,14.0,1.0,Tuesday,12.6,151,11-20 Years
24,Male,B.Sc+Cert,0.0,Mid,SME,Tier-1,,0.0,0,0.0,54504,66.0,2023-07-29,,2023,7,1,29,3,Saturday,2023-07-29 00:00:00,2023.0,7.0,29.0,3.0,Saturday,3.07,37,3-5 Years
37,Male,M.Sc,16.0,Mid,Startup,Tier-1,,1.0,0,5.0,184898,70.0,2023-05-15,Built ML pipeline for preprocessing,2023,5,1,15,2,Monday,2007-05-15 00:00:00,2007.0,5.0,15.0,2.0,Tuesday,19.27,231,11-20 Years
29,Female,B.Sc,5.0,Senior,Startup,Tier-2,5.0,1.0,0,,73467,76.0,2024-01-19,Built ML pipeline for preprocessing,2024,1,2,19,1,Friday,2019-01-18 18:00:00,2019.0,1.0,18.0,1.0,Friday,7.59,91,6-10 Years
30,Female,B.Sc,6.0,Senior,Startup,Tier-2,6.0,1.0,1,0.0,103969,67.0,2024-04-19,No relevant project mentioned,2024,4,2,19,2,Friday,2018-04-19 12:00:00,2018.0,4.0,19.0,2.0,Thursday,8.34,100,6-10 Years
24,Male,B.Sc,0.0,Junior,SME,Tier-2,11.0,0.0,1,0.0,46273,48.0,2024-08-16,,2024,8,0,16,3,Friday,2024-08-16 00:00:00,2024.0,8.0,16.0,3.0,Friday,2.02,24,3-5 Years
27,Female,PhD,0.0,Senior,Startup,Tier-1,3.0,1.0,0,0.0,82235,53.0,2024-08-05,Worked on microservices deployment,2024,8,2,5,3,Monday,2024-08-05 00:00:00,2024.0,8.0,5.0,3.0,Monday,2.05,25,3-5 Years
25,Male,M.Sc,1.0,Senior,SME,Tier-3,7.0,3.0,1,1.0,80410,77.0,2024-05-18,Experience in data cleaning and ETL,2024,5,2,18,2,Saturday,2023-05-18 18:00:00,2023.0,5.0,18.0,2.0,Thursday,3.26,39,3-5 Years
29,Male,B.Sc,6.0,Senior,Startup,Remote,6.0,2.0,0,4.0,104791,68.0,2024-04-21,Contributed to open-source NLP repo,2024,4,2,21,2,Sunday,2018-04-21 12:00:00,2018.0,4.0,21.0,2.0,Saturday,8.34,100,6-10 Years
40,Female,M.Sc,,Mid,SME,Tier-1,11.0,0.0,0,1.0,166928,57.0,2023-10-24,Built ML pipeline for preprocessing,2023,10,1,24,4,Tuesday,,,,,,,,,
22,Female,B.Sc,0.0,Senior,Enterprise,Tier-1,5.0,2.0,1,0.0,77280,53.0,2024-01-17,Built ML pipeline for preprocessing,2024,1,2,17,1,Wednesday,2024-01-17 00:00:00,2024.0,1.0,17.0,1.0,Wednesday,2.6,31,3-5 Years
20,Male,B.Sc+Cert,0.0,Mid,SME,Tier-2,8.0,2.0,0,1.0,49343,67.0,2024-03-19,,2024,3,1,19,1,Tuesday,2024-03-19 00:00:00,2024.0,3.0,19.0,1.0,Tuesday,2.43,29,3-5 Years
39,Female,B.Sc,16.0,Junior,SME,Tier-3,4.0,1.0,0,0.0,148767,55.0,2024-11-14,No relevant project mentioned,2024,11,0,14,4,Thursday,2008-11-14 00:00:00,2008.0,11.0,14.0,4.0,Friday,17.77,213,11-20 Years
29,Male,M.Sc,7.0,Lead,Enterprise,Tier-2,6.0,2.0,1,2.0,165558,,2023-05-03,Contributed to open-source NLP repo,2023,5,3,3,2,Wednesday,2016-05-02 06:00:00,2016.0,5.0,2.0,2.0,Monday,10.31,124,11-20 Years
26,Other,B.Sc,1.0,Junior,SME,Tier-2,3.0,1.0,0,3.0,37063,57.0,2023-10-16,Built ML pipeline for preprocessing,2023,10,0,16,4,Monday,2022-10-15 18:00:00,2022.0,10.0,15.0,4.0,Saturday,3.85,46,3-5 Years
36,Male,M.Sc,12.0,Junior,SME,Tier-1,6.0,1.0,0,1.0,169169,45.0,2023-07-29,,2023,7,0,29,3,Saturday,2011-07-29 00:00:00,2011.0,7.0,29.0,3.0,Friday,15.07,181,11-20 Years
26,Male,M.Sc,6.0,Senior,SME,Tier-3,8.0,2.0,0,0.0,90506,,2024-05-08,Worked on microservices deployment,2024,5,2,8,2,Wednesday,2018-05-08 12:00:00,2018.0,5.0,8.0,2.0,Tuesday,8.29,99,6-10 Years
41,Male,M.Sc,20.0,Junior,Enterprise,Tier-2,2.0,1.0,0,1.0,205958,53.0,2024-07-29,No relevant project mentioned,2024,7,0,29,3,Monday,2004-07-29 00:00:00,2004.0,7.0,29.0,3.0,Thursday,22.07,265,20+ Years
34,Male,M.Sc,13.0,Senior,Startup,Tier-1,4.0,0.0,0,3.0,160447,67.0,2024-01-25,Built ML pipeline for preprocessing,2024,1,2,25,1,Thursday,2011-01-24 18:00:00,2011.0,1.0,24.0,1.0,Monday,15.58,187,11-20 Years
27,Male,B.Sc+Cert,4.0,Mid,SME,Tier-1,3.0,0.0,0,0.0,74928,47.0,2023-03-04,Built ML pipeline for preprocessing,2023,3,1,4,1,Saturday,2019-03-04 00:00:00,2019.0,3.0,4.0,1.0,Monday,7.47,90,6-10 Years
43,Female,B.Sc,19.0,Junior,SME,Tier-2,4.0,0.0,1,0.0,194984,55.0,2024-02-13,Experience in data cleaning and ETL,2024,2,0,13,1,Tuesday,2005-02-12 06:00:00,2005.0,2.0,12.0,1.0,Saturday,21.52,258,20+ Years
26,Male,B.Sc,1.0,Mid,SME,Tier-2,8.0,2.0,1,1.0,54152,64.0,2024-06-03,No relevant project mentioned,2024,6,1,3,2,Monday,2023-06-03 18:00:00,2023.0,6.0,3.0,2.0,Saturday,3.22,39,3-5 Years
34,Male,B.Sc,14.0,Senior,Enterprise,Tier-2,8.0,2.0,0,1.0,182287,48.0,2023-09-02,,2023,9,2,2,3,Saturday,2009-09-01 12:00:00,2009.0,9.0,1.0,3.0,Tuesday,16.97,204,11-20 Years
32,Male,PhD,7.0,Mid,SME,Remote,1.0,1.0,0,0.0,112347,41.0,2023-06-14,No relevant project mentioned,2023,6,1,14,2,Wednesday,2016-06-13 06:00:00,2016.0,6.0,13.0,2.0,Monday,10.19,122,11-20 Years
38,Male,B.Sc,14.0,Senior,Startup,Tier-1,4.0,4.0,1,0.0,148677,40.0,2023-04-03,No relevant project mentioned,2023,4,2,3,2,Monday,2009-04-02 12:00:00,2009.0,4.0,2.0,2.0,Thursday,17.39,209,11-20 Years
39,Male,M.Sc,15.0,Senior,Enterprise,Remote,7.0,1.0,0,0.0,209474,52.0,2023-10-11,Experience in data cleaning and ETL,2023,10,2,11,4,Wednesday,2008-10-10 06:00:00,2008.0,10.0,10.0,4.0,Friday,17.86,214,11-20 Years
30,Male,M.Sc,3.0,Junior,Startup,Tier-2,6.0,0.0,0,1.0,61263,59.0,2024-12-11,No relevant project mentioned,2024,12,0,11,4,Wednesday,2021-12-11 06:00:00,2021.0,12.0,11.0,4.0,Saturday,4.7,56,3-5 Years
25,Male,B.Sc,1.0,Junior,Startup,Tier-2,9.0,3.0,1,0.0,94836,49.0,2023-05-04,No relevant project mentioned,2023,5,0,4,2,Thursday,2022-05-03 18:00:00,2022.0,5.0,3.0,2.0,Tuesday,4.3,52,3-5 Years
33,Male,B.Sc,11.0,Senior,SME,Remote,7.0,2.0,1,3.0,170660,51.0,2024-07-20,Contributed to open-source NLP repo,2024,7,2,20,3,Saturday,2013-07-20 06:00:00,2013.0,7.0,20.0,3.0,Saturday,13.09,157,11-20 Years
26,Male,B.Sc,2.0,Mid,Enterprise,Tier-2,10.0,0.0,0,2.0,72578,63.0,2023-07-09,,2023,7,1,9,3,Sunday,2021-07-08 12:00:00,2021.0,7.0,8.0,3.0,Thursday,5.12,61,6-10 Years
42,Female,B.Sc,20.0,Junior,Enterprise,Tier-1,6.0,1.0,0,1.0,223440,52.0,2024-10-16,,2024,10,0,16,4,Wednesday,2004-10-16 00:00:00,2004.0,10.0,16.0,4.0,Saturday,21.85,262,20+ Years
31,Female,B.Sc,11.0,Senior,Enterprise,Remote,12.0,0.0,0,2.0,157415,75.0,2023-11-13,No relevant project mentioned,2023,11,2,13,4,Monday,2012-11-12 06:00:00,2012.0,11.0,12.0,4.0,Monday,13.77,165,11-20 Years
28,Male,B.Sc,3.0,Senior,Startup,Tier-2,8.0,3.0,0,3.0,73110,83.0,2024-08-31,,2024,8,2,31,3,Saturday,2021-08-31 06:00:00,2021.0,8.0,31.0,3.0,Tuesday,4.97,60,3-5 Years
31,Male,B.Sc+Cert,7.0,Mid,SME,Tier-2,3.0,3.0,0,7.0,100548,65.0,2023-07-16,Contributed to open-source NLP repo,2023,7,1,16,3,Sunday,2016-07-15 06:00:00,2016.0,7.0,15.0,3.0,Friday,10.1,121,11-20 Years
22,Male,B.Sc+Cert,0.0,Mid,Startup,Remote,3.0,2.0,0,4.0,42125,62.0,2023-10-12,Experience in data cleaning and ETL,2023,10,1,12,4,Thursday,2023-10-12 00:00:00,2023.0,10.0,12.0,4.0,Thursday,2.86,34,3-5 Years
24,Male,B.Sc,,Mid,Enterprise,Tier-2,8.0,0.0,1,2.0,84265,54.0,2024-08-15,Worked on microservices deployment,2024,8,1,15,3,Thursday,,,,,,,,,
37,Male,,13.0,Mid,SME,Tier-2,2.0,3.0,1,4.0,409293,46.0,2023-04-19,Built ML pipeline for preprocessing,2023,4,1,19,2,Wednesday,2010-04-18 18:00:00,2010.0,4.0,18.0,2.0,Sunday,16.34,196,11-20 Years
26,Male,B.Sc,0.0,Senior,Startup,Tier-3,4.0,1.0,1,2.0,42955,51.0,2023-07-28,Worked on microservices deployment,2023,7,2,28,3,Friday,2023-07-28 00:00:00,2023.0,7.0,28.0,3.0,Friday,3.07,37,3-5 Years
24,Male,M.Sc,2.0,Lead,Enterprise,Tier-2,4.0,2.0,1,1.0,107841,55.0,2023-04-25,Contributed to open-source NLP repo,2023,4,3,25,2,Tuesday,2021-04-24 12:00:00,2021.0,4.0,24.0,2.0,Saturday,5.33,64,6-10 Years
33,Male,M.Eng,12.0,Mid,SME,Tier-1,5.0,2.0,0,1.0,173228,65.0,2024-05-20,No relevant project mentioned,2024,5,1,20,2,Monday,2012-05-20 00:00:00,2012.0,5.0,20.0,2.0,Sunday,14.26,171,11-20 Years
37,Male,B.Sc,17.0,Senior,SME,Tier-3,6.0,1.0,0,1.0,193995,50.0,2023-11-27,Built ML pipeline for preprocessing,2023,11,2,27,4,Monday,2006-11-26 18:00:00,2006.0,11.0,26.0,4.0,Sunday,19.74,237,11-20 Years
34,Female,B.Sc,13.0,Lead,Enterprise,Tier-1,4.0,1.0,0,0.0,198536,62.0,2023-07-23,Worked on microservices deployment,2023,7,3,23,3,Sunday,2010-07-22 18:00:00,2010.0,7.0,22.0,3.0,Thursday,16.08,193,11-20 Years
36,Female,M.Sc,9.0,Junior,Startup,Tier-3,7.0,,0,0.0,129664,49.0,2024-12-13,Built ML pipeline for preprocessing,2024,12,0,13,4,Friday,2015-12-13 18:00:00,2015.0,12.0,13.0,4.0,Sunday,10.69,128,11-20 Years
25,Male,M.Sc,0.0,Junior,Startup,Remote,7.0,0.0,1,0.0,43932,59.0,2024-10-28,Experience in data cleaning and ETL,2024,10,0,28,4,Monday,2024-10-28 00:00:00,2024.0,10.0,28.0,4.0,Monday,1.82,22,0-2 Years
21,Male,B.Sc,0.0,Senior,Startup,Tier-1,6.0,1.0,0,6.0,55470,52.0,2023-11-11,Contributed to open-source NLP repo,2023,11,2,11,4,Saturday,2023-11-11 00:00:00,2023.0,11.0,11.0,4.0,Saturday,2.78,33,3-5 Years
39,Female,M.Sc,17.0,Junior,SME,Tier-1,3.0,2.0,1,0.0,186523,,2023-09-22,Experience in data cleaning and ETL,2023,9,0,22,3,Friday,2006-09-21 18:00:00,2006.0,9.0,21.0,3.0,Thursday,19.92,239,11-20 Years
28,Female,B.Sc,7.0,Junior,Startup,Tier-1,6.0,2.0,1,2.0,106731,51.0,2023-10-16,No relevant project mentioned,2023,10,0,16,4,Monday,2016-10-15 06:00:00,2016.0,10.0,15.0,4.0,Saturday,9.85,118,6-10 Years
28,Male,B.Sc,5.0,Junior,SME,Tier-2,4.0,1.0,1,5.0,74583,62.0,2024-08-04,Built ML pipeline for preprocessing,2024,8,0,4,3,Sunday,2019-08-04 18:00:00,2019.0,8.0,4.0,3.0,Sunday,7.05,85,6-10 Years
38,Male,,18.0,Mid,Startup,Remote,5.0,,1,,205170,48.0,2024-11-21,Contributed to open-source NLP repo,2024,11,1,21,4,Thursday,2006-11-21 12:00:00,2006.0,11.0,21.0,4.0,Tuesday,19.75,237,11-20 Years
33,Male,M.Eng,10.0,Junior,Enterprise,Tier-2,4.0,0.0,0,2.0,115360,68.0,2024-04-25,No relevant project mentioned,2024,4,0,25,2,Thursday,2014-04-25 12:00:00,2014.0,4.0,25.0,2.0,Friday,12.33,148,11-20 Years
33,Male,B.Sc,10.0,Junior,Startup,Tier-1,5.0,3.0,0,3.0,121407,62.0,2024-11-10,No relevant project mentioned,2024,11,0,10,4,Sunday,2014-11-10 12:00:00,2014.0,11.0,10.0,4.0,Monday,11.78,141,11-20 Years
43,Male,B.Sc+Cert,20.0,Lead,Startup,Tier-2,6.0,1.0,0,1.0,240000,54.0,2023-01-06,,2023,1,3,6,1,Friday,2003-01-06 00:00:00,2003.0,1.0,6.0,1.0,Monday,23.63,284,20+ Years
26,Male,B.Sc,3.0,Mid,Startup,Tier-3,3.0,2.0,1,0.0,57811,67.0,2024-10-05,Built ML pipeline for preprocessing,2024,10,1,5,4,Saturday,2021-10-05 06:00:00,2021.0,10.0,5.0,4.0,Tuesday,4.88,59,3-5 Years
36,Male,M.Sc,15.0,Mid,Enterprise,Tier-1,5.0,0.0,0,4.0,185062,49.0,2023-05-21,,2023,5,1,21,2,Sunday,2008-05-20 06:00:00,2008.0,5.0,20.0,2.0,Tuesday,18.26,219,11-20 Years
30,Male,B.Sc,8.0,Junior,SME,Tier-3,3.0,2.0,0,,91075,55.0,2023-10-09,No relevant project mentioned,2023,10,0,9,4,Monday,2015-10-09 00:00:00,2015.0,10.0,9.0,4.0,Friday,10.87,130,11-20 Years
32,Female,B.Sc+Cert,,Mid,Enterprise,Tier-1,,0.0,0,4.0,112050,70.0,2023-10-17,,2023,10,1,17,4,Tuesday,,,,,,,,,
39,Male,B.Sc+Cert,17.0,Mid,Enterprise,Tier-3,5.0,2.0,0,0.0,198084,47.0,2023-07-24,,2023,7,1,24,3,Monday,2006-07-23 18:00:00,2006.0,7.0,23.0,3.0,Sunday,20.08,241,20+ Years
33,Male,B.Sc,,Mid,Enterprise,Tier-1,8.0,1.0,0,,142912,55.0,2024-11-23,No relevant project mentioned,2024,11,1,23,4,Saturday,,,,,,,,,
33,Male,B.Sc+Cert,9.0,Junior,Enterprise,Tier-1,4.0,,1,2.0,124721,,2024-07-12,No relevant project mentioned,2024,7,0,12,3,Friday,2015-07-12 18:00:00,2015.0,7.0,12.0,3.0,Sunday,11.11,133,11-20 Years
36,Male,M.Eng,12.0,Mid,Startup,Remote,4.0,1.0,0,7.0,164429,87.0,2023-11-28,Built ML pipeline for preprocessing,2023,11,1,28,4,Tuesday,2011-11-28 00:00:00,2011.0,11.0,28.0,4.0,Monday,14.74,177,11-20 Years
28,Female,,5.0,Senior,Enterprise,Tier-2,6.0,,0,1.0,131489,60.0,2024-10-09,,2024,10,2,9,4,Wednesday,2019-10-09 18:00:00,2019.0,10.0,9.0,4.0,Wednesday,6.87,82,6-10 Years
25,Male,B.Sc,0.0,Mid,Enterprise,Tier-1,1.0,1.0,0,6.0,57885,,2024-02-07,Experience in data cleaning and ETL,2024,2,1,7,1,Wednesday,2024-02-07 00:00:00,2024.0,2.0,7.0,1.0,Wednesday,2.54,30,3-5 Years
24,Male,M.Eng,1.0,Mid,Enterprise,Remote,4.0,0.0,0,1.0,87071,55.0,2023-08-21,No relevant project mentioned,2023,8,1,21,3,Monday,2022-08-20 18:00:00,2022.0,8.0,20.0,3.0,Saturday,4.01,48,3-5 Years
20,Female,B.Sc+Cert,0.0,Mid,Startup,Tier-2,3.0,2.0,0,3.0,41287,,2024-12-14,Built ML pipeline for preprocessing,2024,12,1,14,4,Saturday,2024-12-14 00:00:00,2024.0,12.0,14.0,4.0,Saturday,1.69,20,0-2 Years
42,Male,B.Sc,23.0,Mid,SME,Tier-1,4.0,0.0,1,2.0,257874,,2023-02-01,Built ML pipeline for preprocessing,2023,2,1,1,1,Wednesday,2000-02-01 06:00:00,2000.0,2.0,1.0,1.0,Tuesday,26.55,319,20+ Years
23,Female,,0.0,Senior,Startup,Tier-2,,1.0,1,0.0,56613,54.0,2023-07-11,Built ML pipeline for preprocessing,2023,7,2,11,3,Tuesday,2023-07-11 00:00:00,2023.0,7.0,11.0,3.0,Tuesday,3.12,37,3-5 Years
29,Male,B.Sc,,Junior,Startup,Remote,7.0,0.0,0,3.0,87690,,2024-02-11,No relevant project mentioned,2024,2,0,11,1,Sunday,,,,,,,,,
28,Male,B.Sc,5.0,Mid,Enterprise,Tier-2,6.0,3.0,1,0.0,104563,68.0,2024-08-25,,2024,8,1,25,3,Sunday,2019-08-25 18:00:00,2019.0,8.0,25.0,3.0,Sunday,6.99,84,6-10 Years
32,Male,B.Sc,8.0,Lead,Enterprise,Tier-1,6.0,1.0,1,1.0,142540,56.0,2024-08-05,Experience in data cleaning and ETL,2024,8,3,5,3,Monday,2016-08-05 00:00:00,2016.0,8.0,5.0,3.0,Friday,10.05,121,11-20 Years
35,Male,M.Sc,14.0,Senior,SME,Tier-2,4.0,1.0,0,4.0,160679,38.0,2023-10-25,Worked on microservices deployment,2023,10,2,25,4,Wednesday,2009-10-24 12:00:00,2009.0,10.0,24.0,4.0,Saturday,16.83,202,11-20 Years
35,Female,M.Sc,15.0,Junior,Enterprise,Tier-2,5.0,1.0,0,6.0,177799,66.0,2023-02-04,Worked on microservices deployment,2023,2,0,4,1,Saturday,2008-02-04 06:00:00,2008.0,2.0,4.0,1.0,Monday,18.55,223,11-20 Years
27,Female,B.Sc,4.0,Junior,Startup,Tier-3,4.0,0.0,0,2.0,56392,42.0,2023-08-08,No relevant project mentioned,2023,8,0,8,3,Tuesday,2019-08-08 00:00:00,2019.0,8.0,8.0,3.0,Thursday,7.04,84,6-10 Years
29,Male,B.Sc+Cert,8.0,Mid,Startup,Tier-1,10.0,,0,2.0,107222,56.0,2024-12-11,Built ML pipeline for preprocessing,2024,12,1,11,4,Wednesday,2016-12-11 00:00:00,2016.0,12.0,11.0,4.0,Sunday,9.7,116,6-10 Years
32,Male,B.Sc,7.0,Senior,SME,Tier-2,5.0,2.0,0,2.0,107523,62.0,2024-09-09,No relevant project mentioned,2024,9,2,9,3,Monday,2017-09-09 06:00:00,2017.0,9.0,9.0,3.0,Saturday,8.95,107,6-10 Years
29,Female,B.Sc,10.0,Mid,SME,Tier-1,6.0,0.0,0,4.0,134612,59.0,2023-11-28,No relevant project mentioned,2023,11,1,28,4,Tuesday,2013-11-27 12:00:00,2013.0,11.0,27.0,4.0,Wednesday,12.73,153,11-20 Years
40,Female,B.Sc,12.0,Mid,Enterprise,Tier-2,,1.0,1,7.0,157045,47.0,2023-02-21,Built ML pipeline for preprocessing,2023,2,1,21,1,Tuesday,2011-02-21 00:00:00,2011.0,2.0,21.0,1.0,Monday,15.5,186,11-20 Years
33,Male,M.Sc,14.0,Junior,SME,Remote,2.0,0.0,0,2.0,150597,46.0,2023-01-17,Experience in data cleaning and ETL,2023,1,0,17,1,Tuesday,2009-01-16 12:00:00,2009.0,1.0,16.0,1.0,Friday,17.6,211,11-20 Years
34,Male,B.Sc+Cert,6.0,Mid,SME,Tier-1,2.0,,1,1.0,91777,80.0,2023-01-09,No relevant project mentioned,2023,1,1,9,1,Monday,2017-01-08 12:00:00,2017.0,1.0,8.0,1.0,Sunday,9.62,115,6-10 Years
34,Male,M.Sc,14.0,Mid,SME,Tier-1,3.0,1.0,0,,179273,64.0,2023-06-29,Built ML pipeline for preprocessing,2023,6,1,29,2,Thursday,2009-06-28 12:00:00,2009.0,6.0,28.0,2.0,Sunday,17.15,206,11-20 Years
37,Female,M.Eng,14.0,Lead,Startup,Tier-2,6.0,0.0,0,0.0,181741,76.0,2023-01-03,Built ML pipeline for preprocessing,2023,1,3,3,1,Tuesday,2009-01-02 12:00:00,2009.0,1.0,2.0,1.0,Friday,17.63,212,11-20 Years
31,Male,B.Sc,7.0,Junior,Enterprise,Tier-3,6.0,0.0,0,5.0,105879,40.0,2023-10-05,No relevant project mentioned,2023,10,0,5,4,Thursday,2016-10-04 06:00:00,2016.0,10.0,4.0,4.0,Tuesday,9.88,119,6-10 Years
22,Male,B.Sc,4.0,Senior,SME,Tier-1,,1.0,1,7.0,110038,,2024-11-24,Built ML pipeline for preprocessing,2024,11,2,24,4,Sunday,2020-11-24 00:00:00,2020.0,11.0,24.0,4.0,Tuesday,5.74,69,6-10 Years
32,Female,B.Sc,,Mid,SME,Tier-2,3.0,1.0,0,3.0,88866,67.0,2023-06-16,,2023,6,1,16,2,Friday,,,,,,,,,
26,Male,B.Sc,3.0,Mid,Enterprise,Remote,8.0,0.0,1,6.0,72098,41.0,2023-09-08,,2023,9,1,8,3,Friday,2020-09-07 06:00:00,2020.0,9.0,7.0,3.0,Monday,5.95,71,6-10 Years
27,Male,B.Sc,9.0,Senior,SME,Tier-3,3.0,2.0,0,,138884,70.0,2023-10-01,Worked on microservices deployment,2023,10,2,1,4,Sunday,2014-09-30 18:00:00,2014.0,9.0,30.0,3.0,Tuesday,11.89,143,11-20 Years
34,Male,M.Sc,13.0,Junior,Enterprise,Tier-3,6.0,1.0,0,2.0,157991,49.0,2024-08-15,Experience in data cleaning and ETL,2024,8,0,15,3,Thursday,2011-08-15 18:00:00,2011.0,8.0,15.0,3.0,Monday,15.02,180,11-20 Years
37,Male,,9.0,Junior,Startup,Tier-1,,0.0,1,2.0,104199,57.0,2023-01-27,,2023,1,0,27,1,Friday,2014-01-26 18:00:00,2014.0,1.0,26.0,1.0,Sunday,12.57,151,11-20 Years
30,Male,M.Sc,,Senior,Startup,Remote,3.0,2.0,1,2.0,130486,43.0,2023-04-28,Built ML pipeline for preprocessing,2023,4,2,28,2,Friday,,,,,,,,,
32,Male,B.Sc,9.0,Mid,Enterprise,Tier-1,,,0,2.0,145292,62.0,2023-12-18,Built ML pipeline for preprocessing,2023,12,1,18,4,Monday,2014-12-17 18:00:00,2014.0,12.0,17.0,4.0,Wednesday,11.68,140,11-20 Years
40,Male,B.Sc,18.0,Junior,Enterprise,Tier-1,,1.0,0,1.0,183824,55.0,2023-07-14,Contributed to open-source NLP repo,2023,7,0,14,3,Friday,2005-07-13 12:00:00,2005.0,7.0,13.0,3.0,Wednesday,21.11,253,20+ Years
31,Male,M.Sc,9.0,Mid,SME,Tier-1,3.0,0.0,0,2.0,122527,47.0,2024-10-14,Worked on microservices deployment,2024,10,1,14,4,Monday,2015-10-14 18:00:00,2015.0,10.0,14.0,4.0,Wednesday,10.86,130,11-20 Years
46,Female,B.Sc,23.0,Mid,SME,Tier-2,,1.0,0,3.0,237209,45.0,2023-09-30,Experience in data cleaning and ETL,2023,9,1,30,3,Saturday,2000-09-29 06:00:00,2000.0,9.0,29.0,3.0,Friday,25.89,311,20+ Years
33,Female,B.Sc+Cert,7.0,Senior,Enterprise,Remote,5.0,1.0,1,4.0,148923,51.0,2023-11-13,Built ML pipeline for preprocessing,2023,11,2,13,4,Monday,2016-11-12 06:00:00,2016.0,11.0,12.0,4.0,Saturday,9.77,117,6-10 Years
20,Male,M.Sc,0.0,Junior,Startup,Tier-1,6.0,0.0,0,3.0,44720,67.0,2024-02-06,Experience in data cleaning and ETL,2024,2,0,6,1,Tuesday,2024-02-06 00:00:00,2024.0,2.0,6.0,1.0,Tuesday,2.54,30,3-5 Years
35,Male,B.Sc,14.0,Senior,Startup,Tier-3,5.0,0.0,1,1.0,154705,69.0,2024-06-12,,2024,6,2,12,2,Wednesday,2010-06-12 12:00:00,2010.0,6.0,12.0,2.0,Saturday,16.19,194,11-20 Years
32,Male,B.Sc+Cert,8.0,Junior,SME,Tier-3,4.0,1.0,1,1.0,108127,69.0,2024-11-26,Contributed to open-source NLP repo,2024,11,0,26,4,Tuesday,2016-11-26 00:00:00,2016.0,11.0,26.0,4.0,Saturday,9.74,117,6-10 Years
38,Male,B.Sc,18.0,Junior,Startup,Tier-2,3.0,2.0,1,,174481,70.0,2023-02-17,,2023,2,0,17,1,Friday,2005-02-16 12:00:00,2005.0,2.0,16.0,1.0,Wednesday,21.51,258,20+ Years
34,Male,B.Sc,10.0,Junior,Startup,Tier-3,6.0,0.0,0,1.0,80889,49.0,2023-01-16,Contributed to open-source NLP repo,2023,1,0,16,1,Monday,2013-01-15 12:00:00,2013.0,1.0,15.0,1.0,Tuesday,13.6,163,11-20 Years
29,Male,M.Sc,6.0,Senior,Enterprise,Tier-1,4.0,2.0,1,2.0,159144,48.0,2024-04-14,Contributed to open-source NLP repo,2024,4,2,14,2,Sunday,2018-04-14 12:00:00,2018.0,4.0,14.0,2.0,Saturday,8.36,100,6-10 Years
23,Male,B.Sc,0.0,Junior,Startup,Tier-1,8.0,0.0,1,,44344,53.0,2024-12-05,No relevant project mentioned,2024,12,0,5,4,Thursday,2024-12-05 00:00:00,2024.0,12.0,5.0,4.0,Thursday,1.71,21,0-2 Years
29,Male,,4.0,Senior,Enterprise,Remote,5.0,1.0,1,2.0,133970,68.0,2023-10-10,Contributed to open-source NLP repo,2023,10,2,10,4,Tuesday,2019-10-10 00:00:00,2019.0,10.0,10.0,4.0,Thursday,6.87,82,6-10 Years
25,Male,M.Eng,3.0,Mid,SME,Tier-2,8.0,2.0,1,1.0,78037,43.0,2023-01-14,Built ML pipeline for preprocessing,2023,1,1,14,1,Saturday,2020-01-14 06:00:00,2020.0,1.0,14.0,1.0,Tuesday,6.6,79,6-10 Years
27,Male,PhD,0.0,Lead,SME,Tier-1,3.0,1.0,0,0.0,117516,57.0,2023-12-14,No relevant project mentioned,2023,12,3,14,4,Thursday,2023-12-14 00:00:00,2023.0,12.0,14.0,4.0,Thursday,2.69,32,3-5 Years
34,Male,,10.0,Senior,SME,Tier-2,6.0,,0,1.0,130607,51.0,2024-01-02,Experience in data cleaning and ETL,2024,1,2,2,1,Tuesday,2014-01-01 12:00:00,2014.0,1.0,1.0,1.0,Wednesday,12.64,152,11-20 Years
40,Male,B.Sc,17.0,Mid,SME,Remote,5.0,1.0,0,,163638,52.0,2023-08-16,Contributed to open-source NLP repo,2023,8,1,16,3,Wednesday,2006-08-15 18:00:00,2006.0,8.0,15.0,3.0,Tuesday,20.02,240,20+ Years
32,Male,M.Sc,7.0,Senior,Startup,Tier-2,4.0,1.0,0,0.0,106282,56.0,2024-09-19,Built ML pipeline for preprocessing,2024,9,2,19,3,Thursday,2017-09-19 06:00:00,2017.0,9.0,19.0,3.0,Tuesday,8.92,107,6-10 Years
23,Female,B.Sc,2.0,Mid,Startup,Tier-1,6.0,0.0,1,1.0,69585,70.0,2024-01-08,No relevant project mentioned,2024,1,1,8,1,Monday,2022-01-07 12:00:00,2022.0,1.0,7.0,1.0,Friday,4.62,55,3-5 Years
33,Female,B.Sc,12.0,Senior,Enterprise,Tier-2,,0.0,0,1.0,144418,66.0,2024-06-24,No relevant project mentioned,2024,6,2,24,2,Monday,2012-06-24 00:00:00,2012.0,6.0,24.0,2.0,Sunday,14.16,170,11-20 Years
37,Male,B.Sc,16.0,Junior,Startup,Tier-3,4.0,1.0,0,1.0,149170,47.0,2024-06-23,,2024,6,0,23,2,Sunday,2008-06-23 00:00:00,2008.0,6.0,23.0,2.0,Monday,18.17,218,11-20 Years
26,Male,B.Sc,2.0,Junior,Startup,Tier-1,4.0,0.0,0,1.0,51598,51.0,2024-02-09,Built ML pipeline for preprocessing,2024,2,0,9,1,Friday,2022-02-08 12:00:00,2022.0,2.0,8.0,1.0,Tuesday,4.53,54,3-5 Years
29,Male,B.Sc,3.0,Mid,Enterprise,Tier-1,3.0,1.0,0,1.0,73357,67.0,2024-02-12,Worked on microservices deployment,2024,2,1,12,1,Monday,2021-02-11 06:00:00,2021.0,2.0,11.0,1.0,Thursday,5.52,66,6-10 Years
30,Male,B.Sc+Cert,7.0,Mid,Enterprise,Tier-2,,0.0,0,0.0,122365,50.0,2024-07-11,,2024,7,1,11,3,Thursday,2017-07-11 06:00:00,2017.0,7.0,11.0,3.0,Tuesday,9.11,109,6-10 Years
25,Male,B.Sc+Cert,2.0,Mid,SME,Tier-2,6.0,,0,0.0,61742,51.0,2023-03-01,No relevant project mentioned,2023,3,1,1,1,Wednesday,2021-02-28 12:00:00,2021.0,2.0,28.0,1.0,Sunday,5.48,66,6-10 Years
34,Female,B.Sc,,Mid,Startup,Tier-1,,,1,3.0,108242,,2024-10-21,Built ML pipeline for preprocessing,2024,10,1,21,4,Monday,,,,,,,,,
29,Male,B.Sc,4.0,Mid,Enterprise,Tier-1,7.0,,0,1.0,107769,65.0,2023-02-21,Built ML pipeline for preprocessing,2023,2,1,21,1,Tuesday,2019-02-21 00:00:00,2019.0,2.0,21.0,1.0,Thursday,7.5,90,6-10 Years
33,Female,B.Sc,9.0,Mid,Enterprise,Tier-1,5.0,0.0,0,,141848,70.0,2023-05-30,Built ML pipeline for preprocessing,2023,5,1,30,2,Tuesday,2014-05-29 18:00:00,2014.0,5.0,29.0,2.0,Thursday,12.23,147,11-20 Years
25,Male,,1.0,Junior,Startup,Tier-1,,2.0,0,1.0,47002,66.0,2024-10-17,,2024,10,0,17,4,Thursday,2023-10-17 18:00:00,2023.0,10.0,17.0,4.0,Tuesday,2.85,34,3-5 Years
27,Male,B.Sc,,Lead,Startup,Tier-1,1.0,0.0,0,7.0,99661,54.0,2024-10-22,Experience in data cleaning and ETL,2024,10,3,22,4,Tuesday,,,,,,,,,
34,Female,M.Sc,10.0,Senior,Enterprise,Tier-2,6.0,2.0,0,1.0,167854,61.0,2023-06-21,Built ML pipeline for preprocessing,2023,6,2,21,2,Wednesday,2013-06-20 12:00:00,2013.0,6.0,20.0,2.0,Thursday,13.17,158,11-20 Years
28,Male,B.Sc,6.0,Senior,Enterprise,Tier-2,,4.0,0,2.0,116179,59.0,2023-11-14,Worked on microservices deployment,2023,11,2,14,4,Tuesday,2017-11-13 12:00:00,2017.0,11.0,13.0,4.0,Monday,8.77,105,6-10 Years
40,Male,M.Sc,18.0,Mid,Enterprise,Tier-2,6.0,1.0,0,0.0,230442,67.0,2024-10-22,Experience in data cleaning and ETL,2024,10,1,22,4,Tuesday,2006-10-22 12:00:00,2006.0,10.0,22.0,4.0,Sunday,19.83,238,11-20 Years
28,Male,B.Sc,5.0,Mid,Startup,Tier-2,4.0,1.0,0,2.0,80607,46.0,2024-09-07,No relevant project mentioned,2024,9,1,7,3,Saturday,2019-09-07 18:00:00,2019.0,9.0,7.0,3.0,Saturday,6.96,84,6-10 Years
31,Male,M.Sc,,Lead,SME,Tier-1,7.0,0.0,1,2.0,130303,52.0,2024-05-03,No relevant project mentioned,2024,5,3,3,2,Friday,,,,,,,,,
36,Other,B.Sc,12.0,Senior,SME,Tier-2,7.0,1.0,0,0.0,141280,,2024-10-12,Built ML pipeline for preprocessing,2024,10,2,12,4,Saturday,2012-10-12 00:00:00,2012.0,10.0,12.0,4.0,Friday,13.86,166,11-20 Years
21,Male,M.Sc,0.0,Senior,Startup,Tier-1,,2.0,0,0.0,67626,71.0,2024-09-23,Built ML pipeline for preprocessing,2024,9,2,23,3,Monday,2024-09-23 00:00:00,2024.0,9.0,23.0,3.0,Monday,1.91,23,0-2 Years
20,Other,B.Sc,0.0,Mid,Startup,Tier-1,6.0,0.0,0,7.0,41959,57.0,2024-07-02,No relevant project mentioned,2024,7,1,2,3,Tuesday,2024-07-02 00:00:00,2024.0,7.0,2.0,3.0,Tuesday,2.14,26,3-5 Years
21,Female,,0.0,Mid,Startup,Tier-1,3.0,3.0,1,5.0,62058,53.0,2024-11-14,Contributed to open-source NLP repo,2024,11,1,14,4,Thursday,2024-11-14 00:00:00,2024.0,11.0,14.0,4.0,Thursday,1.77,21,0-2 Years
38,Female,B.Sc+Cert,13.0,Senior,SME,Remote,3.0,1.0,1,3.0,184015,67.0,2023-05-04,Built ML pipeline for preprocessing,2023,5,2,4,2,Thursday,2010-05-03 18:00:00,2010.0,5.0,3.0,2.0,Monday,16.3,196,11-20 Years
27,Male,B.Sc,9.0,Junior,SME,Tier-1,9.0,0.0,0,5.0,110435,49.0,2023-10-05,Worked on microservices deployment,2023,10,0,5,4,Thursday,2014-10-04 18:00:00,2014.0,10.0,4.0,4.0,Saturday,11.88,143,11-20 Years
45,Male,B.Sc+Cert,24.0,Mid,Enterprise,Remote,6.0,0.0,0,0.0,230033,42.0,2023-07-31,Experience in data cleaning and ETL,2023,7,1,31,3,Monday,1999-07-31 00:00:00,1999.0,7.0,31.0,3.0,Saturday,27.06,325,20+ Years
27,Female,M.Sc,,Senior,Enterprise,Tier-1,4.0,1.0,0,3.0,128209,,2024-12-06,Experience in data cleaning and ETL,2024,12,2,6,4,Friday,,,,,,,,,
31,Male,B.Sc,7.0,Mid,Enterprise,Tier-2,1.0,2.0,1,1.0,88549,51.0,2024-03-02,No relevant project mentioned,2024,3,1,2,1,Saturday,2017-03-02 06:00:00,2017.0,3.0,2.0,1.0,Thursday,9.47,114,6-10 Years
39,Male,B.Sc,17.0,Mid,Enterprise,Tier-3,10.0,0.0,0,2.0,193308,64.0,2024-04-03,,2024,4,1,3,2,Wednesday,2007-04-03 18:00:00,2007.0,4.0,3.0,2.0,Tuesday,19.39,233,11-20 Years
42,Male,B.Sc,19.0,Mid,Startup,Tier-1,1.0,1.0,0,3.0,189681,84.0,2024-06-16,Contributed to open-source NLP repo,2024,6,1,16,2,Sunday,2005-06-16 06:00:00,2005.0,6.0,16.0,2.0,Thursday,21.18,254,20+ Years
42,Male,M.Sc,22.0,Lead,SME,Tier-1,,1.0,1,0.0,272544,72.0,2024-10-18,Experience in data cleaning and ETL,2024,10,3,18,4,Friday,2002-10-18 12:00:00,2002.0,10.0,18.0,4.0,Friday,23.84,286,20+ Years
37,Male,M.Sc,13.0,Mid,SME,Remote,5.0,0.0,0,3.0,163512,57.0,2023-10-19,,2023,10,1,19,4,Thursday,2010-10-18 18:00:00,2010.0,10.0,18.0,4.0,Monday,15.84,190,11-20 Years
36,Male,B.Sc,15.0,Senior,Startup,Tier-2,6.0,0.0,0,1.0,152516,69.0,2023-05-22,,2023,5,2,22,2,Monday,2008-05-21 06:00:00,2008.0,5.0,21.0,2.0,Wednesday,18.25,219,11-20 Years
34,Male,B.Sc,9.0,Mid,Enterprise,Tier-1,2.0,3.0,1,1.0,134134,46.0,2024-11-07,Worked on microservices deployment,2024,11,1,7,4,Thursday,2015-11-07 18:00:00,2015.0,11.0,7.0,4.0,Saturday,10.79,129,11-20 Years
35,Female,M.Eng,18.0,Mid,Startup,Tier-1,2.0,1.0,1,5.0,189657,65.0,2024-01-23,Experience in data cleaning and ETL,2024,1,1,23,1,Tuesday,2006-01-22 12:00:00,2006.0,1.0,22.0,1.0,Sunday,20.58,247,20+ Years
27,Male,,3.0,Mid,SME,Remote,2.0,1.0,1,5.0,63043,,2024-10-07,,2024,10,1,7,4,Monday,2021-10-07 06:00:00,2021.0,10.0,7.0,4.0,Thursday,4.87,58,3-5 Years
25,Female,B.Sc,6.0,Mid,SME,Remote,9.0,0.0,1,0.0,100746,42.0,2023-06-27,Contributed to open-source NLP repo,2023,6,1,27,2,Tuesday,2017-06-26 12:00:00,2017.0,6.0,26.0,2.0,Monday,9.16,110,6-10 Years
30,Male,B.Sc+Cert,5.0,Mid,SME,Tier-2,6.0,3.0,1,2.0,112876,67.0,2023-03-26,Built ML pipeline for preprocessing,2023,3,1,26,1,Sunday,2018-03-25 18:00:00,2018.0,3.0,25.0,1.0,Sunday,8.41,101,6-10 Years
29,Female,B.Sc,3.0,Mid,SME,Tier-1,5.0,1.0,1,1.0,78856,68.0,2023-07-24,Contributed to open-source NLP repo,2023,7,1,24,3,Monday,2020-07-23 06:00:00,2020.0,7.0,23.0,3.0,Thursday,6.08,73,6-10 Years
27,Male,B.Sc,0.0,Junior,SME,Tier-3,5.0,0.0,0,0.0,25893,,2024-07-03,No relevant project mentioned,2024,7,0,3,3,Wednesday,2024-07-03 00:00:00,2024.0,7.0,3.0,3.0,Wednesday,2.14,26,3-5 Years
34,Female,M.Eng,15.0,Junior,Startup,Tier-1,4.0,3.0,0,5.0,169367,69.0,2023-12-01,Worked on microservices deployment,2023,12,0,1,4,Friday,2008-11-30 06:00:00,2008.0,11.0,30.0,4.0,Sunday,17.72,213,11-20 Years
36,Male,B.Sc,14.0,Junior,Startup,Tier-2,7.0,2.0,0,0.0,133578,47.0,2024-01-24,No relevant project mentioned,2024,1,0,24,1,Wednesday,2010-01-23 12:00:00,2010.0,1.0,23.0,1.0,Saturday,16.58,199,11-20 Years
31,Female,B.Sc,5.0,Senior,Enterprise,Tier-2,7.0,,1,0.0,102368,71.0,2023-06-15,Contributed to open-source NLP repo,2023,6,2,15,2,Thursday,2018-06-14 18:00:00,2018.0,6.0,14.0,2.0,Thursday,8.19,98,6-10 Years
39,Male,B.Sc,,Junior,Startup,Tier-1,5.0,2.0,0,0.0,183526,66.0,2024-06-19,Contributed to open-source NLP repo,2024,6,0,19,2,Wednesday,,,,,,,,,
23,Female,,3.0,Junior,Startup,Tier-2,6.0,1.0,0,1.0,60108,,2024-06-13,,2024,6,0,13,2,Thursday,2021-06-13 06:00:00,2021.0,6.0,13.0,2.0,Sunday,5.19,62,6-10 Years
29,Other,M.Eng,10.0,Junior,SME,Remote,10.0,2.0,0,0.0,133291,57.0,2024-11-02,No relevant project mentioned,2024,11,0,2,4,Saturday,2014-11-02 12:00:00,2014.0,11.0,2.0,4.0,Sunday,11.8,142,11-20 Years
26,Male,B.Sc,1.0,Mid,Startup,Tier-3,2.0,1.0,0,2.0,37778,71.0,2023-08-10,Built ML pipeline for preprocessing,2023,8,1,10,3,Thursday,2022-08-09 18:00:00,2022.0,8.0,9.0,3.0,Tuesday,4.04,48,3-5 Years
20,Male,B.Sc,,Junior,SME,Tier-1,3.0,2.0,1,1.0,42762,59.0,2024-09-05,,2024,9,0,5,3,Thursday,,,,,,,,,
30,Female,,9.0,Mid,SME,Tier-1,7.0,,0,1.0,121141,62.0,2023-11-24,,2023,11,1,24,4,Friday,2014-11-23 18:00:00,2014.0,11.0,23.0,4.0,Sunday,11.75,141,11-20 Years
29,Male,M.Sc,9.0,Junior,Enterprise,Tier-1,10.0,2.0,1,0.0,123266,64.0,2024-08-23,No relevant project mentioned,2024,8,0,23,3,Friday,2015-08-23 18:00:00,2015.0,8.0,23.0,3.0,Sunday,11.0,132,11-20 Years
39,Female,B.Sc,16.0,Senior,Enterprise,Tier-1,6.0,0.0,0,1.0,184738,62.0,2024-10-31,No relevant project mentioned,2024,10,2,31,4,Thursday,2008-10-31 00:00:00,2008.0,10.0,31.0,4.0,Friday,17.81,214,11-20 Years
34,Male,M.Sc,11.0,Lead,Startup,Tier-2,1.0,0.0,0,1.0,153111,52.0,2024-08-22,,2024,8,3,22,3,Thursday,2013-08-22 06:00:00,2013.0,8.0,22.0,3.0,Thursday,13.0,156,11-20 Years
24,Male,B.Sc,4.0,Lead,SME,Tier-2,,0.0,1,1.0,108130,53.0,2024-02-18,,2024,2,3,18,1,Sunday,2020-02-18 00:00:00,2020.0,2.0,18.0,1.0,Tuesday,6.51,78,6-10 Years
41,Female,B.Sc,21.0,Mid,Startup,Tier-1,7.0,1.0,0,0.0,211564,51.0,2023-05-13,No relevant project mentioned,2023,5,1,13,2,Saturday,2002-05-12 18:00:00,2002.0,5.0,12.0,2.0,Sunday,24.28,291,20+ Years
37,Male,B.Sc,16.0,Mid,Startup,Tier-1,1.0,1.0,0,,166610,43.0,2023-06-28,,2023,6,1,28,2,Wednesday,2007-06-28 00:00:00,2007.0,6.0,28.0,2.0,Thursday,19.15,230,11-20 Years
33,Female,B.Sc,10.0,Mid,SME,Tier-1,8.0,0.0,1,1.0,120811,55.0,2023-10-16,,2023,10,1,16,4,Monday,2013-10-15 12:00:00,2013.0,10.0,15.0,4.0,Tuesday,12.85,154,11-20 Years
29,Male,B.Sc+Cert,6.0,Mid,Startup,Tier-2,7.0,0.0,0,3.0,82092,68.0,2024-09-18,Built ML pipeline for preprocessing,2024,9,1,18,3,Wednesday,2018-09-18 12:00:00,2018.0,9.0,18.0,3.0,Tuesday,7.93,95,6-10 Years
24,Male,B.Sc,,Mid,SME,Tier-2,6.0,1.0,1,0.0,47407,63.0,2023-12-15,No relevant project mentioned,2023,12,1,15,4,Friday,,,,,,,,,
28,Male,B.Sc,5.0,Junior,Enterprise,Tier-2,4.0,1.0,1,1.0,90767,50.0,2023-10-14,Worked on microservices deployment,2023,10,0,14,4,Saturday,2018-10-13 18:00:00,2018.0,10.0,13.0,4.0,Saturday,7.86,94,6-10 Years
37,Male,B.Sc,16.0,Senior,Enterprise,Tier-3,5.0,0.0,0,2.0,182794,54.0,2023-12-30,No relevant project mentioned,2023,12,2,30,4,Saturday,2007-12-30 00:00:00,2007.0,12.0,30.0,4.0,Sunday,18.65,224,11-20 Years
41,Male,B.Sc,19.0,Junior,Enterprise,Tier-3,,1.0,0,6.0,182662,63.0,2023-03-24,,2023,3,0,24,1,Friday,2004-03-23 06:00:00,2004.0,3.0,23.0,1.0,Tuesday,22.41,269,20+ Years
39,Male,B.Sc,13.0,Mid,Startup,Tier-2,3.0,2.0,0,4.0,143098,73.0,2023-08-25,Contributed to open-source NLP repo,2023,8,1,25,3,Friday,2010-08-24 18:00:00,2010.0,8.0,24.0,3.0,Tuesday,15.99,192,11-20 Years
27,Male,B.Sc,6.0,Mid,SME,Tier-1,2.0,3.0,0,5.0,91987,69.0,2024-03-13,Experience in data cleaning and ETL,2024,3,1,13,1,Wednesday,2018-03-13 12:00:00,2018.0,3.0,13.0,1.0,Tuesday,8.44,101,6-10 Years
23,Male,B.Sc,5.0,Mid,Startup,Tier-2,3.0,0.0,0,4.0,66820,56.0,2023-08-27,Experience in data cleaning and ETL,2023,8,1,27,3,Sunday,2018-08-26 18:00:00,2018.0,8.0,26.0,3.0,Sunday,7.99,96,6-10 Years
31,Female,M.Sc,6.0,Senior,SME,Tier-1,6.0,1.0,0,2.0,129027,61.0,2024-03-20,Experience in data cleaning and ETL,2024,3,2,20,1,Wednesday,2018-03-20 12:00:00,2018.0,3.0,20.0,1.0,Tuesday,8.42,101,6-10 Years
20,Male,B.Sc,0.0,Mid,Startup,Tier-1,5.0,,1,5.0,44834,51.0,2023-03-07,Contributed to open-source NLP repo,2023,3,1,7,1,Tuesday,2023-03-07 00:00:00,2023.0,3.0,7.0,1.0,Tuesday,3.46,42,3-5 Years
32,Male,B.Sc,9.0,Mid,Startup,Remote,3.0,5.0,1,2.0,127882,57.0,2024-10-21,Contributed to open-source NLP repo,2024,10,1,21,4,Monday,2015-10-21 18:00:00,2015.0,10.0,21.0,4.0,Wednesday,10.84,130,11-20 Years
29,Male,B.Sc+Cert,5.0,Mid,SME,Tier-1,,1.0,1,1.0,103908,66.0,2024-12-16,Built ML pipeline for preprocessing,2024,12,1,16,4,Monday,2019-12-16 18:00:00,2019.0,12.0,16.0,4.0,Monday,6.68,80,6-10 Years
27,Male,B.Sc,6.0,Junior,Enterprise,Tier-2,6.0,0.0,0,1.0,86279,55.0,2023-04-24,Worked on microservices deployment,2023,4,0,24,2,Monday,2017-04-23 12:00:00,2017.0,4.0,23.0,2.0,Sunday,9.33,112,6-10 Years
20,Female,B.Sc,0.0,Mid,Enterprise,Tier-2,3.0,1.0,0,2.0,51432,69.0,2023-07-08,Contributed to open-source NLP repo,2023,7,1,8,3,Saturday,2023-07-08 00:00:00,2023.0,7.0,8.0,3.0,Saturday,3.13,38,3-5 Years
33,Male,B.Sc,10.0,Lead,SME,Tier-1,4.0,1.0,0,4.0,179844,63.0,2024-08-18,Worked on microservices deployment,2024,8,3,18,3,Sunday,2014-08-18 12:00:00,2014.0,8.0,18.0,3.0,Monday,12.01,144,11-20 Years
27,Male,B.Sc,5.0,Lead,SME,Tier-1,4.0,1.0,1,0.0,510836,41.0,2023-10-03,Worked on microservices deployment,2023,10,3,3,4,Tuesday,2018-10-02 18:00:00,2018.0,10.0,2.0,4.0,Tuesday,7.89,95,6-10 Years
23,Male,M.Sc,0.0,Mid,SME,Tier-2,5.0,0.0,1,0.0,57463,51.0,2024-09-03,Built ML pipeline for preprocessing,2024,9,1,3,3,Tuesday,2024-09-03 00:00:00,2024.0,9.0,3.0,3.0,Tuesday,1.97,24,0-2 Years
20,Male,B.Sc,1.0,Junior,SME,Tier-1,7.0,1.0,1,4.0,54666,46.0,2023-10-29,Worked on microservices deployment,2023,10,0,29,4,Sunday,2022-10-28 18:00:00,2022.0,10.0,28.0,4.0,Friday,3.82,46,3-5 Years
30,Female,M.Sc,7.0,Junior,Startup,Tier-1,11.0,1.0,0,2.0,115350,53.0,2024-12-10,,2024,12,0,10,4,Tuesday,2017-12-10 06:00:00,2017.0,12.0,10.0,4.0,Sunday,8.7,104,6-10 Years
41,Male,B.Sc,17.0,Mid,Enterprise,Remote,10.0,2.0,0,4.0,198742,64.0,2024-06-29,No relevant project mentioned,2024,6,1,29,2,Saturday,2007-06-29 18:00:00,2007.0,6.0,29.0,2.0,Friday,19.15,230,11-20 Years
40,Female,B.Sc,18.0,Senior,SME,Tier-2,1.0,0.0,0,7.0,179483,,2024-08-13,No relevant project mentioned,2024,8,2,13,3,Tuesday,2006-08-13 12:00:00,2006.0,8.0,13.0,3.0,Sunday,20.02,240,20+ Years
27,Male,M.Sc,4.0,Mid,Startup,Tier-1,5.0,0.0,0,1.0,90053,59.0,2024-10-04,Contributed to open-source NLP repo,2024,10,1,4,4,Friday,2020-10-04 00:00:00,2020.0,10.0,4.0,4.0,Sunday,5.88,71,6-10 Years
26,Male,B.Sc,4.0,Senior,Startup,Tier-1,2.0,2.0,1,0.0,90565,59.0,2024-08-06,Contributed to open-source NLP repo,2024,8,2,6,3,Tuesday,2020-08-06 00:00:00,2020.0,8.0,6.0,3.0,Thursday,6.05,73,6-10 Years
33,Female,M.Sc,,Mid,Startup,Tier-2,2.0,0.0,0,1.0,127040,76.0,2024-10-12,Contributed to open-source NLP repo,2024,10,1,12,4,Saturday,,,,,,,,,
24,Male,B.Sc,1.0,Junior,SME,Tier-1,1.0,1.0,1,5.0,44966,67.0,2024-11-16,Built ML pipeline for preprocessing,2024,11,0,16,4,Saturday,2023-11-16 18:00:00,2023.0,11.0,16.0,4.0,Thursday,2.77,33,3-5 Years
32,Male,M.Sc,7.0,Junior,Enterprise,Tier-1,5.0,0.0,1,0.0,122638,65.0,2024-04-24,No relevant project mentioned,2024,4,0,24,2,Wednesday,2017-04-24 06:00:00,2017.0,4.0,24.0,2.0,Monday,9.33,112,6-10 Years
35,Male,B.Sc,7.0,Junior,SME,Tier-2,3.0,0.0,0,,92483,57.0,2024-03-01,No relevant project mentioned,2024,3,0,1,1,Friday,2017-03-01 06:00:00,2017.0,3.0,1.0,1.0,Wednesday,9.48,114,6-10 Years
37,Male,B.Sc+Cert,14.0,Mid,SME,Tier-1,3.0,2.0,1,0.0,164557,76.0,2023-01-17,,2023,1,1,17,1,Tuesday,2009-01-16 12:00:00,2009.0,1.0,16.0,1.0,Friday,17.6,211,11-20 Years
29,Male,B.Sc,1.0,Junior,Enterprise,Tier-2,5.0,0.0,0,1.0,50012,55.0,2023-02-16,No relevant project mentioned,2023,2,0,16,1,Thursday,2022-02-15 18:00:00,2022.0,2.0,15.0,1.0,Tuesday,4.51,54,3-5 Years
29,Male,B.Sc+Cert,6.0,Mid,Startup,Tier-2,4.0,1.0,1,1.0,100491,51.0,2023-01-30,Experience in data cleaning and ETL,2023,1,1,30,1,Monday,2017-01-29 12:00:00,2017.0,1.0,29.0,1.0,Sunday,9.56,115,6-10 Years
25,Male,B.Sc,3.0,Mid,Startup,Tier-1,5.0,1.0,1,4.0,68036,51.0,2024-01-27,Contributed to open-source NLP repo,2024,1,1,27,1,Saturday,2021-01-26 06:00:00,2021.0,1.0,26.0,1.0,Tuesday,5.57,67,6-10 Years
25,Male,M.Sc,0.0,Junior,SME,Tier-1,6.0,0.0,0,3.0,51961,66.0,2023-02-09,Worked on microservices deployment,2023,2,0,9,1,Thursday,2023-02-09 00:00:00,2023.0,2.0,9.0,1.0,Thursday,3.53,42,3-5 Years
29,Male,B.Sc,6.0,Junior,Enterprise,Tier-2,4.0,3.0,0,4.0,104686,76.0,2024-12-11,Built ML pipeline for preprocessing,2024,12,0,11,4,Wednesday,2018-12-11 12:00:00,2018.0,12.0,11.0,4.0,Tuesday,7.7,92,6-10 Years
32,Male,B.Sc+Cert,8.0,Junior,SME,Tier-2,3.0,2.0,1,1.0,91738,71.0,2024-10-29,Worked on microservices deployment,2024,10,0,29,4,Tuesday,2016-10-29 00:00:00,2016.0,10.0,29.0,4.0,Saturday,9.82,118,6-10 Years
35,Male,B.Sc,12.0,Mid,SME,Tier-1,7.0,1.0,0,2.0,154939,,2023-10-11,Built ML pipeline for preprocessing,2023,10,1,11,4,Wednesday,2011-10-11 00:00:00,2011.0,10.0,11.0,4.0,Tuesday,14.87,178,11-20 Years
25,Male,B.Sc,2.0,Mid,Enterprise,Tier-1,2.0,3.0,1,2.0,86545,64.0,2023-02-28,Built ML pipeline for preprocessing,2023,2,1,28,1,Tuesday,2021-02-27 12:00:00,2021.0,2.0,27.0,1.0,Saturday,5.48,66,6-10 Years
39,Female,B.Sc,17.0,Junior,Enterprise,Remote,7.0,1.0,0,2.0,184203,,2023-11-26,,2023,11,0,26,4,Sunday,2006-11-25 18:00:00,2006.0,11.0,25.0,4.0,Saturday,19.74,237,11-20 Years
28,Male,B.Sc,6.0,Senior,Startup,Tier-1,6.0,2.0,0,1.0,125915,48.0,2024-12-26,Built ML pipeline for preprocessing,2024,12,2,26,4,Thursday,2018-12-26 12:00:00,2018.0,12.0,26.0,4.0,Wednesday,7.66,92,6-10 Years
30,Female,B.Sc,6.0,Mid,Enterprise,Remote,,1.0,1,3.0,113228,52.0,2023-09-20,No relevant project mentioned,2023,9,1,20,3,Wednesday,2017-09-19 12:00:00,2017.0,9.0,19.0,3.0,Tuesday,8.92,107,6-10 Years
26,Male,B.Sc+Cert,3.0,Mid,Startup,Tier-1,,1.0,0,2.0,75803,59.0,2023-11-20,Built ML pipeline for preprocessing,2023,11,1,20,4,Monday,2020-11-19 06:00:00,2020.0,11.0,19.0,4.0,Thursday,5.75,69,6-10 Years
20,Male,PhD,0.0,Mid,SME,Tier-1,,1.0,0,0.0,77962,56.0,2023-01-24,Worked on microservices deployment,2023,1,1,24,1,Tuesday,2023-01-24 00:00:00,2023.0,1.0,24.0,1.0,Tuesday,3.58,43,3-5 Years
35,Male,B.Sc,,Senior,Startup,Tier-2,4.0,1.0,1,0.0,124495,66.0,2023-12-20,,2023,12,2,20,4,Wednesday,,,,,,,,,
34,Male,B.Sc+Cert,13.0,Mid,SME,Tier-1,8.0,1.0,0,0.0,165955,73.0,2023-02-23,Contributed to open-source NLP repo,2023,2,1,23,1,Thursday,2010-02-22 18:00:00,2010.0,2.0,22.0,1.0,Monday,16.5,198,11-20 Years
28,Male,B.Sc,,Mid,SME,Tier-1,5.0,0.0,0,0.0,80316,42.0,2024-11-14,Built ML pipeline for preprocessing,2024,11,1,14,4,Thursday,,,,,,,,,
30,Male,B.Sc,8.0,Mid,Enterprise,Tier-1,8.0,2.0,0,1.0,137978,60.0,2023-11-01,Worked on microservices deployment,2023,11,1,1,4,Wednesday,2015-11-01 00:00:00,2015.0,11.0,1.0,4.0,Sunday,10.81,130,11-20 Years
33,Male,M.Sc,,Senior,SME,Remote,,3.0,1,1.0,140582,51.0,2023-11-15,Built ML pipeline for preprocessing,2023,11,2,15,4,Wednesday,,,,,,,,,
21,Female,M.Sc,0.0,Mid,SME,Tier-1,2.0,0.0,0,0.0,57604,61.0,2024-12-21,Built ML pipeline for preprocessing,2024,12,1,21,4,Saturday,2024-12-21 00:00:00,2024.0,12.0,21.0,4.0,Saturday,1.67,20,0-2 Years
27,Male,PhD,8.0,Mid,Startup,Tier-2,2.0,0.0,1,2.0,110864,48.0,2023-02-14,No relevant project mentioned,2023,2,1,14,1,Tuesday,2015-02-14 00:00:00,2015.0,2.0,14.0,1.0,Saturday,11.52,138,11-20 Years
35,Male,B.Sc,15.0,Senior,Enterprise,Tier-3,6.0,2.0,0,7.0,171604,65.0,2023-12-28,No relevant project mentioned,2023,12,2,28,4,Thursday,2008-12-27 06:00:00,2008.0,12.0,27.0,4.0,Saturday,17.65,212,11-20 Years
22,Female,M.Sc,0.0,Senior,Enterprise,Tier-3,,1.0,0,0.0,70550,64.0,2024-04-05,,2024,4,2,5,2,Friday,2024-04-05 00:00:00,2024.0,4.0,5.0,2.0,Friday,2.38,29,3-5 Years
32,Male,B.Sc,12.0,Junior,Startup,Tier-2,6.0,3.0,0,1.0,130933,,2023-01-07,No relevant project mentioned,2023,1,0,7,1,Saturday,2011-01-07 00:00:00,2011.0,1.0,7.0,1.0,Friday,15.62,187,11-20 Years
22,Male,B.Sc,0.0,Junior,Enterprise,Tier-1,3.0,1.0,1,1.0,58922,70.0,2023-09-16,Experience in data cleaning and ETL,2023,9,0,16,3,Saturday,2023-09-16 00:00:00,2023.0,9.0,16.0,3.0,Saturday,2.93,35,3-5 Years
33,Male,B.Sc,10.0,Junior,SME,Tier-1,2.0,0.0,0,2.0,115399,69.0,2023-03-29,Worked on microservices deployment,2023,3,0,29,1,Wednesday,2013-03-28 12:00:00,2013.0,3.0,28.0,1.0,Thursday,13.4,161,11-20 Years
30,Female,PhD,9.0,Senior,SME,Tier-1,7.0,0.0,0,2.0,142415,,2023-07-08,Contributed to open-source NLP repo,2023,7,2,8,3,Saturday,2014-07-07 18:00:00,2014.0,7.0,7.0,3.0,Monday,12.13,146,11-20 Years
20,Female,M.Eng,0.0,Mid,Enterprise,Tier-1,3.0,0.0,0,2.0,73647,64.0,2024-03-30,,2024,3,1,30,1,Saturday,2024-03-30 00:00:00,2024.0,3.0,30.0,1.0,Saturday,2.4,29,3-5 Years
37,Male,M.Sc,16.0,Junior,Startup,Tier-1,6.0,1.0,0,3.0,185413,58.0,2024-06-25,Built ML pipeline for preprocessing,2024,6,0,25,2,Tuesday,2008-06-25 00:00:00,2008.0,6.0,25.0,2.0,Wednesday,18.16,218,11-20 Years
26,Male,,5.0,Junior,Enterprise,Tier-1,5.0,0.0,0,4.0,78512,49.0,2024-05-31,No relevant project mentioned,2024,5,0,31,2,Friday,2019-05-31 18:00:00,2019.0,5.0,31.0,2.0,Friday,7.23,87,6-10 Years
25,Female,B.Sc,5.0,Junior,SME,Remote,7.0,1.0,0,7.0,78110,60.0,2023-12-26,,2023,12,0,26,4,Tuesday,2018-12-25 18:00:00,2018.0,12.0,25.0,4.0,Tuesday,7.66,92,6-10 Years
31,Male,B.Sc,9.0,Junior,Startup,Remote,4.0,1.0,0,1.0,110579,55.0,2024-01-04,Worked on microservices deployment,2024,1,0,4,1,Thursday,2015-01-03 18:00:00,2015.0,1.0,3.0,1.0,Saturday,11.63,140,11-20 Years
37,Male,B.Sc,16.0,Junior,Enterprise,Tier-1,9.0,1.0,1,7.0,181111,67.0,2023-07-19,No relevant project mentioned,2023,7,0,19,3,Wednesday,2007-07-19 00:00:00,2007.0,7.0,19.0,3.0,Thursday,19.1,229,11-20 Years
24,Male,B.Sc,0.0,Mid,Enterprise,Tier-1,4.0,2.0,0,3.0,60586,51.0,2023-01-07,No relevant project mentioned,2023,1,1,7,1,Saturday,2023-01-07 00:00:00,2023.0,1.0,7.0,1.0,Saturday,3.62,43,3-5 Years
30,Male,M.Sc,7.0,Junior,Startup,Tier-1,7.0,0.0,0,3.0,110914,78.0,2024-11-09,Worked on microservices deployment,2024,11,0,9,4,Saturday,2017-11-09 06:00:00,2017.0,11.0,9.0,4.0,Thursday,8.78,105,6-10 Years
33,Male,,9.0,Junior,Startup,Tier-1,,2.0,0,2.0,105647,73.0,2024-01-21,Contributed to open-source NLP repo,2024,1,0,21,1,Sunday,2015-01-20 18:00:00,2015.0,1.0,20.0,1.0,Tuesday,11.59,139,11-20 Years
34,Male,B.Sc,13.0,Senior,Enterprise,Tier-1,4.0,0.0,0,5.0,165175,,2024-11-13,Experience in data cleaning and ETL,2024,11,2,13,4,Wednesday,2011-11-13 18:00:00,2011.0,11.0,13.0,4.0,Sunday,14.77,177,11-20 Years
31,Male,B.Sc,10.0,Senior,Startup,Remote,1.0,3.0,0,6.0,138350,57.0,2024-01-31,,2024,1,2,31,1,Wednesday,2014-01-30 12:00:00,2014.0,1.0,30.0,1.0,Thursday,12.56,151,11-20 Years
28,Male,B.Sc,6.0,Junior,Enterprise,Tier-1,7.0,1.0,0,0.0,109531,54.0,2024-06-23,Worked on microservices deployment,2024,6,0,23,2,Sunday,2018-06-23 12:00:00,2018.0,6.0,23.0,2.0,Saturday,8.16,98,6-10 Years
25,Female,B.Sc,0.0,Junior,Enterprise,Tier-1,,2.0,1,2.0,52143,50.0,2024-09-11,No relevant project mentioned,2024,9,0,11,3,Wednesday,2024-09-11 00:00:00,2024.0,9.0,11.0,3.0,Wednesday,1.95,23,0-2 Years
31,Male,B.Sc+Cert,7.0,Mid,SME,Tier-1,7.0,1.0,0,6.0,109141,58.0,2023-05-27,,2023,5,1,27,2,Saturday,2016-05-26 06:00:00,2016.0,5.0,26.0,2.0,Thursday,10.24,123,11-20 Years
24,Male,,0.0,Mid,SME,Remote,,1.0,0,1.0,58992,59.0,2023-10-11,Experience in data cleaning and ETL,2023,10,1,11,4,Wednesday,2023-10-11 00:00:00,2023.0,10.0,11.0,4.0,Wednesday,2.87,34,3-5 Years
20,Male,M.Eng,0.0,Junior,SME,Remote,6.0,0.0,0,0.0,45587,48.0,2023-04-09,Contributed to open-source NLP repo,2023,4,0,9,2,Sunday,2023-04-09 00:00:00,2023.0,4.0,9.0,2.0,Sunday,3.37,40,3-5 Years
33,Male,B.Sc,,Junior,SME,Tier-3,,0.0,1,0.0,107719,51.0,2024-08-10,Contributed to open-source NLP repo,2024,8,0,10,3,Saturday,,,,,,,,,
35,Male,B.Sc,8.0,Junior,Enterprise,Tier-2,5.0,0.0,0,2.0,98941,,2024-08-26,Built ML pipeline for preprocessing,2024,8,0,26,3,Monday,2016-08-26 00:00:00,2016.0,8.0,26.0,3.0,Friday,9.99,120,6-10 Years
20,Male,B.Sc,0.0,Mid,Enterprise,Tier-1,3.0,1.0,0,3.0,62845,64.0,2024-05-21,Built ML pipeline for preprocessing,2024,5,1,21,2,Tuesday,2024-05-21 00:00:00,2024.0,5.0,21.0,2.0,Tuesday,2.26,27,3-5 Years
24,Female,B.Sc+Cert,4.0,Senior,SME,Tier-1,7.0,2.0,0,0.0,113552,69.0,2024-04-18,No relevant project mentioned,2024,4,2,18,2,Thursday,2020-04-18 00:00:00,2020.0,4.0,18.0,2.0,Saturday,6.35,76,6-10 Years
34,Female,M.Sc,,Senior,SME,Tier-2,5.0,2.0,1,3.0,167707,58.0,2024-12-10,Contributed to open-source NLP repo,2024,12,2,10,4,Tuesday,,,,,,,,,
42,Male,B.Sc,18.0,Mid,Startup,Tier-3,4.0,0.0,0,5.0,177469,64.0,2023-05-27,Built ML pipeline for preprocessing,2023,5,1,27,2,Saturday,2005-05-26 12:00:00,2005.0,5.0,26.0,2.0,Thursday,21.24,255,20+ Years
30,Male,B.Sc,8.0,Mid,SME,Tier-1,6.0,1.0,0,0.0,114681,63.0,2024-07-29,,2024,7,1,29,3,Monday,2016-07-29 00:00:00,2016.0,7.0,29.0,3.0,Friday,10.07,121,11-20 Years
26,Male,B.Sc,1.0,Mid,SME,Tier-1,2.0,0.0,0,0.0,50920,61.0,2024-05-17,No relevant project mentioned,2024,5,1,17,2,Friday,2023-05-17 18:00:00,2023.0,5.0,17.0,2.0,Wednesday,3.27,39,3-5 Years
29,Female,M.Sc,,Mid,SME,Tier-2,6.0,2.0,1,4.0,111671,62.0,2023-02-19,Built ML pipeline for preprocessing,2023,2,1,19,1,Sunday,,,,,,,,,
38,Female,B.Sc+Cert,14.0,Junior,Startup,Tier-1,,1.0,0,5.0,163056,56.0,2024-06-05,Experience in data cleaning and ETL,2024,6,0,5,2,Wednesday,2010-06-05 12:00:00,2010.0,6.0,5.0,2.0,Saturday,16.21,195,11-20 Years
26,Male,M.Sc,0.0,Mid,Enterprise,Tier-2,3.0,1.0,1,0.0,52647,45.0,2023-08-13,No relevant project mentioned,2023,8,1,13,3,Sunday,2023-08-13 00:00:00,2023.0,8.0,13.0,3.0,Sunday,3.03,36,3-5 Years
25,Male,B.Sc,4.0,Senior,SME,Tier-1,4.0,1.0,1,3.0,89849,52.0,2023-03-23,Experience in data cleaning and ETL,2023,3,2,23,1,Thursday,2019-03-23 00:00:00,2019.0,3.0,23.0,1.0,Saturday,7.42,89,6-10 Years
27,Female,B.Sc,3.0,Mid,Enterprise,Tier-1,5.0,3.0,0,2.0,87170,69.0,2023-07-01,Worked on microservices deployment,2023,7,1,1,3,Saturday,2020-06-30 06:00:00,2020.0,6.0,30.0,2.0,Tuesday,6.14,74,6-10 Years
24,Male,B.Sc,0.0,Senior,Enterprise,Tier-2,4.0,0.0,0,0.0,55486,60.0,2024-06-05,Worked on microservices deployment,2024,6,2,5,2,Wednesday,2024-06-05 00:00:00,2024.0,6.0,5.0,2.0,Wednesday,2.21,27,3-5 Years
31,Male,B.Sc,12.0,Mid,SME,Remote,8.0,0.0,0,4.0,149668,63.0,2023-12-26,Contributed to open-source NLP repo,2023,12,1,26,4,Tuesday,2011-12-26 00:00:00,2011.0,12.0,26.0,4.0,Monday,14.66,176,11-20 Years
40,Male,B.Sc,17.0,Mid,SME,Tier-1,,0.0,0,2.0,163955,66.0,2023-08-23,Built ML pipeline for preprocessing,2023,8,1,23,3,Wednesday,2006-08-22 18:00:00,2006.0,8.0,22.0,3.0,Tuesday,20.0,240,11-20 Years
32,Male,M.Sc,9.0,Junior,SME,Tier-1,6.0,2.0,1,3.0,142383,77.0,2023-11-22,Experience in data cleaning and ETL,2023,11,0,22,4,Wednesday,2014-11-21 18:00:00,2014.0,11.0,21.0,4.0,Friday,11.75,141,11-20 Years
28,Female,M.Sc,7.0,Mid,Startup,Tier-1,4.0,1.0,0,1.0,127354,59.0,2024-04-11,Worked on microservices deployment,2024,4,1,11,2,Thursday,2017-04-11 06:00:00,2017.0,4.0,11.0,2.0,Tuesday,9.36,112,6-10 Years
28,Female,B.Sc,4.0,Senior,Enterprise,Tier-2,,1.0,0,4.0,94341,45.0,2024-03-22,Worked on microservices deployment,2024,3,2,22,1,Friday,2020-03-22 00:00:00,2020.0,3.0,22.0,1.0,Sunday,6.42,77,6-10 Years
21,Male,M.Eng,1.0,Mid,Startup,Tier-3,6.0,0.0,0,1.0,44473,53.0,2024-06-29,Contributed to open-source NLP repo,2024,6,1,29,2,Saturday,2023-06-29 18:00:00,2023.0,6.0,29.0,2.0,Thursday,3.15,38,3-5 Years
35,Male,B.Sc,11.0,Junior,SME,Tier-1,3.0,0.0,1,1.0,137706,51.0,2023-02-12,Worked on microservices deployment,2023,2,0,12,1,Sunday,2012-02-12 06:00:00,2012.0,2.0,12.0,1.0,Sunday,14.52,174,11-20 Years
30,Male,B.Sc,9.0,Junior,Startup,Tier-1,,2.0,0,1.0,103992,,2024-01-17,Worked on microservices deployment,2024,1,0,17,1,Wednesday,2015-01-16 18:00:00,2015.0,1.0,16.0,1.0,Friday,11.6,139,11-20 Years
29,Male,B.Sc,4.0,Mid,Enterprise,Remote,7.0,1.0,0,0.0,84919,51.0,2023-05-13,,2023,5,1,13,2,Saturday,2019-05-13 00:00:00,2019.0,5.0,13.0,2.0,Monday,7.28,87,6-10 Years
49,Male,B.Sc,24.0,Mid,SME,Tier-3,6.0,0.0,0,5.0,228238,55.0,2024-02-07,Worked on microservices deployment,2024,2,1,7,1,Wednesday,2000-02-07 00:00:00,2000.0,2.0,7.0,1.0,Monday,26.54,318,20+ Years
32,Male,B.Sc,7.0,Mid,SME,Tier-2,5.0,1.0,1,0.0,88539,53.0,2024-09-16,Built ML pipeline for preprocessing,2024,9,1,16,3,Monday,2017-09-16 06:00:00,2017.0,9.0,16.0,3.0,Saturday,8.93,107,6-10 Years
25,Male,B.Sc,,Lead,SME,Tier-1,5.0,,0,2.0,94005,55.0,2024-01-05,,2024,1,3,5,1,Friday,,,,,,,,,
27,Male,,6.0,Mid,Enterprise,Tier-1,,0.0,0,,99694,54.0,2023-02-23,No relevant project mentioned,2023,2,1,23,1,Thursday,2017-02-22 12:00:00,2017.0,2.0,22.0,1.0,Wednesday,9.49,114,6-10 Years
37,Male,PhD,16.0,Mid,Startup,Tier-3,10.0,1.0,1,2.0,181059,39.0,2024-10-15,Contributed to open-source NLP repo,2024,10,1,15,4,Tuesday,2008-10-15 00:00:00,2008.0,10.0,15.0,4.0,Wednesday,17.85,214,11-20 Years
31,Male,B.Sc,5.0,Junior,SME,Tier-2,6.0,2.0,0,1.0,67732,56.0,2024-07-14,,2024,7,0,14,3,Sunday,2019-07-14 18:00:00,2019.0,7.0,14.0,3.0,Sunday,7.11,85,6-10 Years
21,Male,B.Sc,0.0,Junior,SME,Tier-2,5.0,2.0,0,4.0,33702,59.0,2023-06-08,Contributed to open-source NLP repo,2023,6,0,8,2,Thursday,2023-06-08 00:00:00,2023.0,6.0,8.0,2.0,Thursday,3.21,39,3-5 Years
36,Male,B.Sc,15.0,Mid,Startup,Tier-1,2.0,0.0,1,2.0,155154,65.0,2023-05-18,Experience in data cleaning and ETL,2023,5,1,18,2,Thursday,2008-05-17 06:00:00,2008.0,5.0,17.0,2.0,Saturday,18.26,219,11-20 Years
26,Other,M.Sc,5.0,Senior,Startup,Tier-2,,1.0,0,0.0,97793,72.0,2024-06-16,No relevant project mentioned,2024,6,2,16,2,Sunday,2019-06-16 18:00:00,2019.0,6.0,16.0,2.0,Sunday,7.18,86,6-10 Years
41,Male,B.Sc,17.0,Mid,Startup,Tier-3,7.0,2.0,0,1.0,171835,68.0,2023-09-11,Worked on microservices deployment,2023,9,1,11,3,Monday,2006-09-10 18:00:00,2006.0,9.0,10.0,3.0,Sunday,19.95,239,11-20 Years
36,Male,M.Eng,7.0,Mid,Startup,Remote,7.0,0.0,0,2.0,122436,,2023-10-29,Experience in data cleaning and ETL,2023,10,1,29,4,Sunday,2016-10-28 06:00:00,2016.0,10.0,28.0,4.0,Friday,9.82,118,6-10 Years
27,Female,B.Sc,6.0,Junior,SME,Tier-1,1.0,2.0,1,3.0,83300,57.0,2024-12-15,No relevant project mentioned,2024,12,0,15,4,Sunday,2018-12-15 12:00:00,2018.0,12.0,15.0,4.0,Saturday,7.69,92,6-10 Years
38,Other,B.Sc,16.0,Lead,Startup,Tier-2,4.0,1.0,1,2.0,199357,62.0,2024-09-10,,2024,9,3,10,3,Tuesday,2008-09-10 00:00:00,2008.0,9.0,10.0,3.0,Wednesday,17.95,215,11-20 Years
30,Male,M.Sc,9.0,Lead,SME,Tier-2,4.0,0.0,0,1.0,163057,56.0,2023-03-15,Contributed to open-source NLP repo,2023,3,3,15,1,Wednesday,2014-03-14 18:00:00,2014.0,3.0,14.0,1.0,Friday,12.44,149,11-20 Years
35,Female,B.Sc,13.0,Mid,Startup,Remote,7.0,0.0,0,2.0,146991,70.0,2024-06-15,No relevant project mentioned,2024,6,1,15,2,Saturday,2011-06-15 18:00:00,2011.0,6.0,15.0,2.0,Wednesday,15.19,182,11-20 Years
33,Male,B.Sc,9.0,Junior,Startup,Tier-3,4.0,0.0,0,1.0,95874,,2023-10-04,Worked on microservices deployment,2023,10,0,4,4,Wednesday,2014-10-03 18:00:00,2014.0,10.0,3.0,4.0,Friday,11.89,143,11-20 Years
25,Male,B.Sc,2.0,Mid,Enterprise,Remote,,3.0,0,0.0,77146,50.0,2024-02-25,Built ML pipeline for preprocessing,2024,2,1,25,1,Sunday,2022-02-24 12:00:00,2022.0,2.0,24.0,1.0,Thursday,4.49,54,3-5 Years
26,Male,M.Sc,0.0,Senior,SME,Remote,5.0,2.0,1,6.0,73341,,2023-02-26,Contributed to open-source NLP repo,2023,2,2,26,1,Sunday,2023-02-26 00:00:00,2023.0,2.0,26.0,1.0,Sunday,3.49,42,3-5 Years
36,Male,B.Sc,16.0,Mid,Startup,Tier-1,3.0,0.0,1,1.0,184139,72.0,2024-07-22,No relevant project mentioned,2024,7,1,22,3,Monday,2008-07-22 00:00:00,2008.0,7.0,22.0,3.0,Tuesday,18.09,217,11-20 Years
28,Male,B.Sc,5.0,Mid,SME,Tier-3,8.0,3.0,0,1.0,84181,54.0,2023-03-10,,2023,3,1,10,1,Friday,2018-03-09 18:00:00,2018.0,3.0,9.0,1.0,Friday,8.45,101,6-10 Years
28,Male,PhD,8.0,Junior,Startup,Tier-2,5.0,0.0,1,5.0,97791,47.0,2023-07-17,Worked on microservices deployment,2023,7,0,17,3,Monday,2015-07-17 00:00:00,2015.0,7.0,17.0,3.0,Friday,11.1,133,11-20 Years
24,Male,B.Sc,1.0,Junior,Startup,Tier-1,7.0,0.0,0,0.0,48631,69.0,2023-06-01,Contributed to open-source NLP repo,2023,6,0,1,2,Thursday,2022-05-31 18:00:00,2022.0,5.0,31.0,2.0,Tuesday,4.23,51,3-5 Years
33,Male,M.Eng,10.0,Junior,Startup,Tier-1,7.0,0.0,0,2.0,125103,44.0,2024-12-20,Experience in data cleaning and ETL,2024,12,0,20,4,Friday,2014-12-20 12:00:00,2014.0,12.0,20.0,4.0,Saturday,11.67,140,11-20 Years
42,Male,M.Sc,19.0,Senior,Enterprise,Tier-1,2.0,0.0,1,4.0,251281,77.0,2023-07-07,No relevant project mentioned,2023,7,2,7,3,Friday,2004-07-06 06:00:00,2004.0,7.0,6.0,3.0,Tuesday,22.13,266,20+ Years
24,Male,B.Sc,2.0,Mid,Enterprise,Tier-3,2.0,2.0,0,1.0,45952,82.0,2024-10-24,Contributed to open-source NLP repo,2024,10,1,24,4,Thursday,2022-10-24 12:00:00,2022.0,10.0,24.0,4.0,Monday,3.83,46,3-5 Years
30,Male,B.Sc,7.0,Senior,Enterprise,Tier-1,8.0,1.0,0,4.0,138083,82.0,2023-02-16,,2023,2,2,16,1,Thursday,2016-02-16 06:00:00,2016.0,2.0,16.0,1.0,Tuesday,10.51,126,11-20 Years
38,Female,B.Sc,15.0,Junior,Enterprise,Remote,3.0,0.0,0,3.0,177457,40.0,2024-05-14,No relevant project mentioned,2024,5,0,14,2,Tuesday,2009-05-14 06:00:00,2009.0,5.0,14.0,2.0,Thursday,17.27,207,11-20 Years
30,Female,,5.0,Senior,Enterprise,Tier-2,5.0,0.0,0,2.0,112960,68.0,2024-12-20,,2024,12,2,20,4,Friday,2019-12-20 18:00:00,2019.0,12.0,20.0,4.0,Friday,6.67,80,6-10 Years
33,Female,,11.0,Senior,Enterprise,Tier-2,5.0,0.0,0,0.0,149730,70.0,2023-08-31,Worked on microservices deployment,2023,8,2,31,3,Thursday,2012-08-30 06:00:00,2012.0,8.0,30.0,3.0,Thursday,13.98,168,11-20 Years
24,Male,M.Sc,6.0,Junior,SME,Tier-1,2.0,0.0,1,7.0,100621,46.0,2023-06-29,Experience in data cleaning and ETL,2023,6,0,29,2,Thursday,2017-06-28 12:00:00,2017.0,6.0,28.0,2.0,Wednesday,9.15,110,6-10 Years
33,Female,B.Sc+Cert,11.0,Senior,SME,Tier-2,4.0,1.0,0,2.0,124067,34.0,2023-05-21,,2023,5,2,21,2,Sunday,2012-05-20 06:00:00,2012.0,5.0,20.0,2.0,Sunday,14.26,171,11-20 Years
29,Male,M.Sc,7.0,Junior,Startup,Tier-2,8.0,0.0,0,2.0,98730,67.0,2024-05-13,Contributed to open-source NLP repo,2024,5,0,13,2,Monday,2017-05-13 06:00:00,2017.0,5.0,13.0,2.0,Saturday,9.28,111,6-10 Years
36,Male,B.Sc,9.0,Junior,SME,Tier-1,14.0,1.0,0,5.0,122374,47.0,2023-01-08,No relevant project mentioned,2023,1,0,8,1,Sunday,2014-01-07 18:00:00,2014.0,1.0,7.0,1.0,Tuesday,12.62,151,11-20 Years
37,Male,B.Sc,18.0,Junior,SME,Tier-3,,4.0,1,1.0,183792,,2023-04-12,Contributed to open-source NLP repo,2023,4,0,12,2,Wednesday,2005-04-11 12:00:00,2005.0,4.0,11.0,2.0,Monday,21.36,256,20+ Years
46,Male,M.Eng,25.0,Senior,Enterprise,Tier-2,7.0,0.0,0,2.0,337886,,2023-06-09,,2023,6,2,9,2,Friday,1998-06-08 18:00:00,1998.0,6.0,8.0,2.0,Monday,28.21,339,20+ Years
33,Male,B.Sc,8.0,Senior,SME,Tier-1,4.0,1.0,1,5.0,133543,62.0,2024-04-14,Built ML pipeline for preprocessing,2024,4,2,14,2,Sunday,2016-04-14 00:00:00,2016.0,4.0,14.0,2.0,Thursday,10.36,124,11-20 Years
32,Male,B.Sc,,Junior,SME,Tier-3,3.0,0.0,0,1.0,93936,65.0,2024-10-18,Experience in data cleaning and ETL,2024,10,0,18,4,Friday,,,,,,,,,
31,Female,M.Sc,8.0,Mid,SME,Tier-1,8.0,0.0,0,4.0,131582,67.0,2023-01-05,Built ML pipeline for preprocessing,2023,1,1,5,1,Thursday,2015-01-05 00:00:00,2015.0,1.0,5.0,1.0,Monday,11.63,140,11-20 Years
28,Male,B.Sc,5.0,Mid,Startup,Tier-2,6.0,1.0,1,1.0,85603,65.0,2024-01-14,Contributed to open-source NLP repo,2024,1,1,14,1,Sunday,2019-01-13 18:00:00,2019.0,1.0,13.0,1.0,Sunday,7.61,91,6-10 Years
32,Male,B.Sc+Cert,12.0,Senior,SME,Tier-2,4.0,,0,3.0,127589,,2024-01-16,Built ML pipeline for preprocessing,2024,1,2,16,1,Tuesday,2012-01-16 00:00:00,2012.0,1.0,16.0,1.0,Monday,14.6,175,11-20 Years
28,Female,M.Sc,5.0,Junior,SME,Tier-1,5.0,1.0,0,,91586,60.0,2024-08-28,Built ML pipeline for preprocessing,2024,8,0,28,3,Wednesday,2019-08-28 18:00:00,2019.0,8.0,28.0,3.0,Wednesday,6.98,84,6-10 Years
31,Male,B.Sc,8.0,Mid,SME,Tier-2,4.0,2.0,1,0.0,94869,59.0,2024-12-29,Built ML pipeline for preprocessing,2024,12,1,29,4,Sunday,2016-12-29 00:00:00,2016.0,12.0,29.0,4.0,Thursday,9.65,116,6-10 Years
38,Male,B.Sc+Cert,14.0,Mid,SME,Tier-2,2.0,1.0,0,0.0,154457,58.0,2024-11-14,,2024,11,1,14,4,Thursday,2010-11-14 12:00:00,2010.0,11.0,14.0,4.0,Sunday,15.77,189,11-20 Years
24,Male,B.Sc,1.0,Junior,Startup,Tier-2,7.0,1.0,1,1.0,48763,67.0,2024-10-11,Built ML pipeline for preprocessing,2024,10,0,11,4,Friday,2023-10-11 18:00:00,2023.0,10.0,11.0,4.0,Wednesday,2.86,34,3-5 Years
37,Male,B.Sc,,Mid,SME,Tier-1,9.0,1.0,0,3.0,178069,59.0,2023-10-31,,2023,10,1,31,4,Tuesday,,,,,,,,,
38,Male,B.Sc,15.0,Mid,SME,Tier-1,7.0,0.0,1,2.0,176183,74.0,2023-06-05,Contributed to open-source NLP repo,2023,6,1,5,2,Monday,2008-06-04 06:00:00,2008.0,6.0,4.0,2.0,Wednesday,18.21,219,11-20 Years
29,Male,B.Sc,5.0,Junior,SME,Tier-1,6.0,0.0,1,5.0,85676,60.0,2023-10-27,,2023,10,0,27,4,Friday,2018-10-26 18:00:00,2018.0,10.0,26.0,4.0,Friday,7.82,94,6-10 Years
20,Male,B.Sc,3.0,Lead,SME,Remote,5.0,2.0,0,1.0,102741,65.0,2024-11-01,No relevant project mentioned,2024,11,3,1,4,Friday,2021-11-01 06:00:00,2021.0,11.0,1.0,4.0,Monday,4.8,58,3-5 Years
26,Male,B.Sc,2.0,Junior,Startup,Tier-1,1.0,0.0,0,4.0,45736,68.0,2023-09-29,Experience in data cleaning and ETL,2023,9,0,29,3,Friday,2021-09-28 12:00:00,2021.0,9.0,28.0,3.0,Tuesday,4.9,59,3-5 Years
38,Male,B.Sc,15.0,Lead,Startup,Tier-2,3.0,1.0,0,0.0,146044,57.0,2023-05-03,Built ML pipeline for preprocessing,2023,5,3,3,2,Wednesday,2008-05-02 06:00:00,2008.0,5.0,2.0,2.0,Friday,18.31,220,11-20 Years
30,Male,B.Sc,8.0,Junior,SME,Remote,4.0,4.0,1,1.0,111422,64.0,2024-05-25,,2024,5,0,25,2,Saturday,2016-05-25 00:00:00,2016.0,5.0,25.0,2.0,Wednesday,10.25,123,11-20 Years
24,Male,M.Sc,4.0,Junior,SME,Tier-3,6.0,2.0,1,0.0,70510,57.0,2023-10-06,Contributed to open-source NLP repo,2023,10,0,6,4,Friday,2019-10-06 00:00:00,2019.0,10.0,6.0,4.0,Sunday,6.88,83,6-10 Years
27,Female,M.Eng,4.0,Junior,SME,Tier-3,5.0,2.0,0,5.0,64666,62.0,2024-01-02,Experience in data cleaning and ETL,2024,1,0,2,1,Tuesday,2020-01-02 00:00:00,2020.0,1.0,2.0,1.0,Thursday,6.64,80,6-10 Years
35,Male,B.Sc,8.0,Senior,Enterprise,Remote,6.0,2.0,0,2.0,141165,55.0,2024-06-16,Experience in data cleaning and ETL,2024,6,2,16,2,Sunday,2016-06-16 00:00:00,2016.0,6.0,16.0,2.0,Thursday,10.18,122,11-20 Years
33,Male,B.Sc,10.0,Senior,Startup,Tier-1,,1.0,0,1.0,141963,64.0,2024-12-20,Built ML pipeline for preprocessing,2024,12,2,20,4,Friday,2014-12-20 12:00:00,2014.0,12.0,20.0,4.0,Saturday,11.67,140,11-20 Years
29,Male,B.Sc,7.0,Junior,Startup,Tier-1,4.0,2.0,1,2.0,82223,41.0,2024-09-21,No relevant project mentioned,2024,9,0,21,3,Saturday,2017-09-21 06:00:00,2017.0,9.0,21.0,3.0,Thursday,8.92,107,6-10 Years
28,Male,B.Sc,6.0,Junior,SME,Tier-1,2.0,3.0,1,2.0,90029,66.0,2023-05-03,,2023,5,0,3,2,Wednesday,2017-05-02 12:00:00,2017.0,5.0,2.0,2.0,Tuesday,9.31,112,6-10 Years
28,Male,M.Sc,,Mid,SME,Tier-1,7.0,0.0,0,4.0,134192,51.0,2024-12-13,Built ML pipeline for preprocessing,2024,12,1,13,4,Friday,,,,,,,,,
24,Male,M.Sc,3.0,Mid,SME,Tier-2,8.0,1.0,1,2.0,74840,48.0,2024-01-21,Worked on microservices deployment,2024,1,1,21,1,Sunday,2021-01-20 06:00:00,2021.0,1.0,20.0,1.0,Wednesday,5.59,67,6-10 Years
40,Female,,20.0,Senior,Enterprise,Tier-1,7.0,3.0,0,1.0,249088,52.0,2024-02-01,Built ML pipeline for preprocessing,2024,2,2,1,1,Thursday,2004-02-01 00:00:00,2004.0,2.0,1.0,1.0,Sunday,22.56,271,20+ Years
28,Female,,3.0,Junior,Enterprise,Tier-3,5.0,0.0,1,6.0,54214,,2023-10-28,Built ML pipeline for preprocessing,2023,10,0,28,4,Saturday,2020-10-27 06:00:00,2020.0,10.0,27.0,4.0,Tuesday,5.82,70,6-10 Years
37,Male,B.Sc,13.0,Mid,Startup,Tier-1,4.0,2.0,0,6.0,168780,76.0,2024-01-29,No relevant project mentioned,2024,1,1,29,1,Monday,2011-01-28 18:00:00,2011.0,1.0,28.0,1.0,Friday,15.56,187,11-20 Years
39,Female,,,Mid,Enterprise,Tier-1,4.0,2.0,1,0.0,222550,68.0,2024-08-25,Built ML pipeline for preprocessing,2024,8,1,25,3,Sunday,,,,,,,,,
36,Male,B.Sc,11.0,Lead,Startup,Tier-2,4.0,0.0,1,3.0,134632,,2024-08-15,Experience in data cleaning and ETL,2024,8,3,15,3,Thursday,2013-08-15 06:00:00,2013.0,8.0,15.0,3.0,Thursday,13.02,156,11-20 Years
27,Male,PhD,0.0,Mid,SME,Tier-1,3.0,0.0,1,1.0,77796,53.0,2023-08-04,Contributed to open-source NLP repo,2023,8,1,4,3,Friday,2023-08-04 00:00:00,2023.0,8.0,4.0,3.0,Friday,3.05,37,3-5 Years
32,Male,M.Sc,12.0,Junior,SME,Tier-3,2.0,0.0,1,3.0,115284,71.0,2023-01-01,Contributed to open-source NLP repo,2023,1,0,1,1,Sunday,2011-01-01 00:00:00,2011.0,1.0,1.0,1.0,Saturday,15.64,188,11-20 Years
30,Male,B.Sc,7.0,Junior,SME,Remote,8.0,1.0,0,,83448,67.0,2023-05-24,No relevant project mentioned,2023,5,0,24,2,Wednesday,2016-05-23 06:00:00,2016.0,5.0,23.0,2.0,Monday,10.25,123,11-20 Years
25,Female,M.Sc,3.0,Mid,Startup,Tier-3,2.0,2.0,1,1.0,63336,81.0,2023-09-07,Worked on microservices deployment,2023,9,1,7,3,Thursday,2020-09-06 06:00:00,2020.0,9.0,6.0,3.0,Sunday,5.96,72,6-10 Years
32,Male,B.Sc+Cert,10.0,Mid,SME,Tier-1,3.0,2.0,1,7.0,130245,52.0,2023-06-20,Worked on microservices deployment,2023,6,1,20,2,Tuesday,2013-06-19 12:00:00,2013.0,6.0,19.0,2.0,Wednesday,13.17,158,11-20 Years
23,Male,M.Sc,1.0,Senior,SME,Remote,10.0,0.0,0,1.0,87669,60.0,2023-05-14,Worked on microservices deployment,2023,5,2,14,2,Sunday,2022-05-13 18:00:00,2022.0,5.0,13.0,2.0,Friday,4.28,51,3-5 Years
37,Female,B.Sc,17.0,Mid,Startup,Tier-1,3.0,1.0,0,2.0,154132,56.0,2023-03-17,Worked on microservices deployment,2023,3,1,17,1,Friday,2006-03-16 18:00:00,2006.0,3.0,16.0,1.0,Thursday,20.44,245,20+ Years
27,Male,B.Sc,0.0,Mid,Startup,Tier-3,3.0,1.0,1,4.0,30576,51.0,2024-04-24,No relevant project mentioned,2024,4,1,24,2,Wednesday,2024-04-24 00:00:00,2024.0,4.0,24.0,2.0,Wednesday,2.33,28,3-5 Years
31,Male,M.Eng,6.0,Mid,SME,Tier-1,7.0,0.0,0,0.0,129495,45.0,2024-09-15,Built ML pipeline for preprocessing,2024,9,1,15,3,Sunday,2018-09-15 12:00:00,2018.0,9.0,15.0,3.0,Saturday,7.93,95,6-10 Years
32,Male,M.Sc,8.0,Mid,SME,Tier-1,3.0,1.0,0,1.0,140850,58.0,2023-09-24,Experience in data cleaning and ETL,2023,9,1,24,3,Sunday,2015-09-24 00:00:00,2015.0,9.0,24.0,3.0,Thursday,10.91,131,11-20 Years
28,Female,M.Sc,,Junior,SME,Remote,7.0,2.0,1,0.0,107034,76.0,2024-04-10,Experience in data cleaning and ETL,2024,4,0,10,2,Wednesday,,,,,,,,,
34,Female,B.Sc+Cert,15.0,Junior,Startup,Tier-1,,0.0,0,4.0,186563,49.0,2024-03-25,Built ML pipeline for preprocessing,2024,3,0,25,1,Monday,2009-03-25 06:00:00,2009.0,3.0,25.0,1.0,Wednesday,17.41,209,11-20 Years
27,Male,B.Sc+Cert,5.0,Mid,Enterprise,Tier-3,4.0,0.0,1,4.0,83617,56.0,2023-04-06,Worked on microservices deployment,2023,4,1,6,2,Thursday,2018-04-05 18:00:00,2018.0,4.0,5.0,2.0,Thursday,8.38,101,6-10 Years
35,Male,,12.0,Junior,Startup,Tier-1,5.0,3.0,0,,107935,63.0,2023-10-03,,2023,10,0,3,4,Tuesday,2011-10-03 00:00:00,2011.0,10.0,3.0,4.0,Monday,14.89,179,11-20 Years
22,Male,B.Sc,0.0,Junior,Enterprise,Tier-3,4.0,5.0,0,0.0,45492,,2024-07-03,No relevant project mentioned,2024,7,0,3,3,Wednesday,2024-07-03 00:00:00,2024.0,7.0,3.0,3.0,Wednesday,2.14,26,3-5 Years
31,Female,B.Sc,6.0,Junior,SME,Remote,4.0,1.0,0,,77225,54.0,2023-11-08,No relevant project mentioned,2023,11,0,8,4,Wednesday,2017-11-07 12:00:00,2017.0,11.0,7.0,4.0,Tuesday,8.79,105,6-10 Years
42,Male,,21.0,Junior,SME,Tier-2,5.0,1.0,0,3.0,244974,52.0,2023-12-13,,2023,12,0,13,4,Wednesday,2002-12-12 18:00:00,2002.0,12.0,12.0,4.0,Thursday,23.69,284,20+ Years
24,Male,M.Sc,6.0,Junior,Enterprise,Tier-2,,0.0,1,2.0,100562,67.0,2023-09-24,Worked on microservices deployment,2023,9,0,24,3,Sunday,2017-09-23 12:00:00,2017.0,9.0,23.0,3.0,Saturday,8.91,107,6-10 Years
26,Female,M.Sc,3.0,Mid,Startup,Tier-2,4.0,2.0,1,1.0,82530,67.0,2023-10-01,,2023,10,1,1,4,Sunday,2020-09-30 06:00:00,2020.0,9.0,30.0,3.0,Wednesday,5.89,71,6-10 Years
33,Male,B.Sc,10.0,Mid,Startup,Remote,8.0,0.0,0,1.0,120592,50.0,2024-08-15,Built ML pipeline for preprocessing,2024,8,1,15,3,Thursday,2014-08-15 12:00:00,2014.0,8.0,15.0,3.0,Friday,12.02,144,11-20 Years
31,Male,M.Sc,8.0,Mid,SME,Tier-1,5.0,2.0,1,2.0,126511,77.0,2023-04-08,Contributed to open-source NLP repo,2023,4,1,8,2,Saturday,2015-04-08 00:00:00,2015.0,4.0,8.0,2.0,Wednesday,11.38,137,11-20 Years
32,Male,M.Sc,11.0,Mid,Startup,Tier-2,9.0,1.0,1,0.0,149184,60.0,2024-07-10,No relevant project mentioned,2024,7,1,10,3,Wednesday,2013-07-10 06:00:00,2013.0,7.0,10.0,3.0,Wednesday,13.12,157,11-20 Years
33,Female,B.Sc,9.0,Lead,SME,Tier-1,3.0,1.0,1,0.0,160568,62.0,2024-10-27,Worked on microservices deployment,2024,10,3,27,4,Sunday,2015-10-27 18:00:00,2015.0,10.0,27.0,4.0,Tuesday,10.82,130,11-20 Years
34,Male,B.Sc,14.0,Junior,Startup,Tier-1,2.0,0.0,1,0.0,132078,53.0,2023-11-11,Worked on microservices deployment,2023,11,0,11,4,Saturday,2009-11-10 12:00:00,2009.0,11.0,10.0,4.0,Tuesday,16.78,201,11-20 Years
37,Male,B.Sc,14.0,Mid,Enterprise,Tier-1,6.0,0.0,0,2.0,173319,56.0,2023-05-14,Experience in data cleaning and ETL,2023,5,1,14,2,Sunday,2009-05-13 12:00:00,2009.0,5.0,13.0,2.0,Wednesday,17.28,207,11-20 Years
32,Male,B.Sc,9.0,Junior,SME,Tier-2,5.0,1.0,0,0.0,101499,57.0,2024-07-08,Experience in data cleaning and ETL,2024,7,0,8,3,Monday,2015-07-08 18:00:00,2015.0,7.0,8.0,3.0,Wednesday,11.12,133,11-20 Years
29,Male,B.Sc,7.0,Mid,Startup,Remote,8.0,1.0,1,1.0,104784,,2023-04-04,Contributed to open-source NLP repo,2023,4,1,4,2,Tuesday,2016-04-03 06:00:00,2016.0,4.0,3.0,2.0,Sunday,10.38,125,11-20 Years
34,Male,B.Sc,9.0,Senior,Enterprise,Tier-1,4.0,0.0,1,2.0,150780,46.0,2023-06-29,No relevant project mentioned,2023,6,2,29,2,Thursday,2014-06-28 18:00:00,2014.0,6.0,28.0,2.0,Saturday,12.15,146,11-20 Years
41,Male,B.Sc,22.0,Mid,SME,Tier-2,8.0,0.0,0,,222321,48.0,2023-09-13,Built ML pipeline for preprocessing,2023,9,1,13,3,Wednesday,2001-09-12 12:00:00,2001.0,9.0,12.0,3.0,Wednesday,24.94,299,20+ Years
29,Other,M.Sc,9.0,Mid,SME,Tier-2,7.0,2.0,1,2.0,132180,54.0,2023-01-17,,2023,1,1,17,1,Tuesday,2014-01-16 18:00:00,2014.0,1.0,16.0,1.0,Thursday,12.6,151,11-20 Years
24,Male,M.Sc,0.0,Mid,SME,Tier-2,3.0,0.0,0,0.0,46856,47.0,2024-09-20,,2024,9,1,20,3,Friday,2024-09-20 00:00:00,2024.0,9.0,20.0,3.0,Friday,1.92,23,0-2 Years
37,Male,M.Eng,,Mid,SME,Remote,6.0,1.0,0,,162392,69.0,2024-07-11,No relevant project mentioned,2024,7,1,11,3,Thursday,,,,,,,,,
29,Male,B.Sc,7.0,Junior,SME,Tier-1,8.0,2.0,0,0.0,96938,41.0,2024-11-11,Worked on microservices deployment,2024,11,0,11,4,Monday,2017-11-11 06:00:00,2017.0,11.0,11.0,4.0,Saturday,8.78,105,6-10 Years
20,Male,B.Sc,0.0,Mid,SME,Tier-1,7.0,1.0,0,1.0,61212,54.0,2023-05-21,,2023,5,1,21,2,Sunday,2023-05-21 00:00:00,2023.0,5.0,21.0,2.0,Sunday,3.26,39,3-5 Years
35,Female,B.Sc+Cert,13.0,Mid,Startup,Tier-1,1.0,2.0,1,,152046,,2024-01-25,Worked on microservices deployment,2024,1,1,25,1,Thursday,2011-01-24 18:00:00,2011.0,1.0,24.0,1.0,Monday,15.58,187,11-20 Years
27,Male,B.Sc,4.0,Junior,Enterprise,Remote,,0.0,0,2.0,80587,55.0,2024-12-26,No relevant project mentioned,2024,12,0,26,4,Thursday,2020-12-26 00:00:00,2020.0,12.0,26.0,4.0,Saturday,5.66,68,6-10 Years
29,Male,PhD,7.0,Junior,Enterprise,Remote,5.0,1.0,0,3.0,118697,70.0,2024-11-20,Worked on microservices deployment,2024,11,0,20,4,Wednesday,2017-11-20 06:00:00,2017.0,11.0,20.0,4.0,Monday,8.75,105,6-10 Years
32,Male,M.Eng,8.0,Senior,Startup,Tier-1,2.0,2.0,0,1.0,130088,54.0,2023-02-17,Contributed to open-source NLP repo,2023,2,2,17,1,Friday,2015-02-17 00:00:00,2015.0,2.0,17.0,1.0,Tuesday,11.51,138,11-20 Years
31,Male,B.Sc,10.0,Junior,Enterprise,Tier-1,8.0,0.0,0,0.0,141309,55.0,2024-09-02,Worked on microservices deployment,2024,9,0,2,3,Monday,2014-09-02 12:00:00,2014.0,9.0,2.0,3.0,Tuesday,11.97,144,11-20 Years
34,Male,PhD,14.0,Junior,SME,Tier-2,5.0,1.0,0,1.0,172101,68.0,2023-09-19,No relevant project mentioned,2023,9,0,19,3,Tuesday,2009-09-18 12:00:00,2009.0,9.0,18.0,3.0,Friday,16.93,203,11-20 Years
27,Male,B.Sc,,Mid,Startup,Tier-3,2.0,0.0,1,1.0,91889,59.0,2024-07-23,No relevant project mentioned,2024,7,1,23,3,Tuesday,,,,,,,,,
33,Female,B.Sc,10.0,Junior,Startup,Tier-2,3.0,0.0,0,1.0,90521,77.0,2023-09-10,Worked on microservices deployment,2023,9,0,10,3,Sunday,2013-09-09 12:00:00,2013.0,9.0,9.0,3.0,Monday,12.95,155,11-20 Years
28,Female,M.Sc,6.0,Mid,Startup,Remote,6.0,3.0,1,0.0,101987,68.0,2024-12-03,No relevant project mentioned,2024,12,1,3,4,Tuesday,2018-12-03 12:00:00,2018.0,12.0,3.0,4.0,Monday,7.72,93,6-10 Years
34,Male,B.Sc,8.0,Mid,Enterprise,Tier-3,8.0,1.0,0,1.0,109917,51.0,2024-05-27,Worked on microservices deployment,2024,5,1,27,2,Monday,2016-05-27 00:00:00,2016.0,5.0,27.0,2.0,Friday,10.24,123,11-20 Years
34,Female,B.Sc+Cert,14.0,Senior,SME,Remote,5.0,1.0,1,2.0,169323,60.0,2023-06-05,Worked on microservices deployment,2023,6,2,5,2,Monday,2009-06-04 12:00:00,2009.0,6.0,4.0,2.0,Thursday,17.22,207,11-20 Years
24,Male,,0.0,Junior,SME,Tier-2,7.0,1.0,0,6.0,99165,61.0,2024-08-25,Contributed to open-source NLP repo,2024,8,0,25,3,Sunday,2024-08-25 00:00:00,2024.0,8.0,25.0,3.0,Sunday,1.99,24,0-2 Years
37,Male,B.Sc,16.0,Mid,Startup,Tier-1,2.0,0.0,0,3.0,178196,52.0,2023-07-29,Contributed to open-source NLP repo,2023,7,1,29,3,Saturday,2007-07-29 00:00:00,2007.0,7.0,29.0,3.0,Sunday,19.07,229,11-20 Years
27,Male,M.Sc,3.0,Senior,SME,Tier-3,5.0,1.0,1,4.0,81541,44.0,2023-11-20,,2023,11,2,20,4,Monday,2020-11-19 06:00:00,2020.0,11.0,19.0,4.0,Thursday,5.75,69,6-10 Years
35,Male,M.Sc,12.0,Junior,SME,Tier-2,4.0,0.0,1,1.0,158108,63.0,2023-02-10,,2023,2,0,10,1,Friday,2011-02-10 00:00:00,2011.0,2.0,10.0,1.0,Thursday,15.53,186,11-20 Years
32,Male,B.Sc,8.0,Junior,Enterprise,Tier-1,5.0,1.0,0,0.0,112471,50.0,2023-12-28,Built ML pipeline for preprocessing,2023,12,0,28,4,Thursday,2015-12-28 00:00:00,2015.0,12.0,28.0,4.0,Monday,10.65,128,11-20 Years
41,Male,B.Sc,19.0,Senior,Enterprise,Tier-1,5.0,0.0,0,1.0,232656,61.0,2024-01-07,Experience in data cleaning and ETL,2024,1,2,7,1,Sunday,2005-01-06 06:00:00,2005.0,1.0,6.0,1.0,Thursday,21.62,259,20+ Years
29,Male,M.Eng,7.0,Junior,SME,Tier-2,3.0,1.0,0,1.0,92660,66.0,2024-02-20,Built ML pipeline for preprocessing,2024,2,0,20,1,Tuesday,2017-02-19 06:00:00,2017.0,2.0,19.0,1.0,Sunday,9.5,114,6-10 Years
28,Male,B.Sc,1.0,Mid,SME,Tier-2,6.0,1.0,0,3.0,57748,64.0,2024-09-26,Built ML pipeline for preprocessing,2024,9,1,26,3,Thursday,2023-09-26 18:00:00,2023.0,9.0,26.0,3.0,Tuesday,2.9,35,3-5 Years
30,Male,M.Eng,6.0,Junior,SME,Tier-2,12.0,0.0,0,6.0,95669,76.0,2024-12-09,No relevant project mentioned,2024,12,0,9,4,Monday,2018-12-09 12:00:00,2018.0,12.0,9.0,4.0,Sunday,7.7,92,6-10 Years
28,Female,M.Sc,2.0,Junior,Enterprise,Tier-1,6.0,,0,4.0,78505,52.0,2024-10-23,No relevant project mentioned,2024,10,0,23,4,Wednesday,2022-10-23 12:00:00,2022.0,10.0,23.0,4.0,Sunday,3.83,46,3-5 Years
35,Male,M.Sc,12.0,Junior,Startup,Tier-2,4.0,1.0,1,1.0,124161,45.0,2024-01-12,,2024,1,0,12,1,Friday,2012-01-12 00:00:00,2012.0,1.0,12.0,1.0,Thursday,14.61,175,11-20 Years
20,Male,M.Sc,0.0,Mid,SME,Tier-1,4.0,0.0,1,4.0,66545,67.0,2023-11-09,Worked on microservices deployment,2023,11,1,9,4,Thursday,2023-11-09 00:00:00,2023.0,11.0,9.0,4.0,Thursday,2.79,33,3-5 Years
24,Male,B.Sc,,Mid,Enterprise,Tier-2,2.0,0.0,0,1.0,59682,,2023-10-05,Built ML pipeline for preprocessing,2023,10,1,5,4,Thursday,,,,,,,,,
24,Male,M.Sc,2.0,Junior,Startup,Tier-2,3.0,0.0,1,0.0,47230,59.0,2023-11-18,Contributed to open-source NLP repo,2023,11,0,18,4,Saturday,2021-11-17 12:00:00,2021.0,11.0,17.0,4.0,Wednesday,4.76,57,3-5 Years
36,Female,B.Sc+Cert,16.0,Senior,Startup,Tier-3,7.0,1.0,0,1.0,171392,59.0,2024-07-08,Worked on microservices deployment,2024,7,2,8,3,Monday,2008-07-08 00:00:00,2008.0,7.0,8.0,3.0,Tuesday,18.12,217,11-20 Years
40,Male,B.Sc,16.0,Mid,SME,Tier-3,8.0,1.0,0,2.0,177399,74.0,2023-02-03,,2023,2,1,3,1,Friday,2007-02-03 00:00:00,2007.0,2.0,3.0,1.0,Saturday,19.55,235,11-20 Years
29,Male,B.Sc+Cert,7.0,Lead,Startup,Tier-3,4.0,1.0,1,3.0,123779,59.0,2023-04-24,Worked on microservices deployment,2023,4,3,24,2,Monday,2016-04-23 06:00:00,2016.0,4.0,23.0,2.0,Saturday,10.33,124,11-20 Years
29,Female,B.Sc,,Lead,SME,Tier-3,5.0,1.0,1,1.0,116681,50.0,2023-01-02,,2023,1,3,2,1,Monday,,,,,,,,,
30,Male,B.Sc,8.0,Senior,SME,Tier-2,1.0,0.0,1,0.0,108099,63.0,2024-07-24,,2024,7,2,24,3,Wednesday,2016-07-24 00:00:00,2016.0,7.0,24.0,3.0,Sunday,10.08,121,11-20 Years
37,Male,B.Sc,10.0,Senior,SME,Tier-1,4.0,1.0,1,0.0,152288,59.0,2023-02-05,No relevant project mentioned,2023,2,2,5,1,Sunday,2013-02-04 12:00:00,2013.0,2.0,4.0,1.0,Monday,13.54,162,11-20 Years
24,Male,B.Sc+Cert,0.0,Mid,Startup,Tier-2,5.0,0.0,0,0.0,37039,74.0,2023-01-08,Contributed to open-source NLP repo,2023,1,1,8,1,Sunday,2023-01-08 00:00:00,2023.0,1.0,8.0,1.0,Sunday,3.62,43,3-5 Years
31,Female,B.Sc,7.0,Senior,Enterprise,Tier-2,6.0,0.0,0,6.0,119837,47.0,2023-06-10,No relevant project mentioned,2023,6,2,10,2,Saturday,2016-06-09 06:00:00,2016.0,6.0,9.0,2.0,Thursday,10.2,122,11-20 Years
36,Male,B.Sc+Cert,,Junior,Startup,Tier-2,5.0,0.0,1,6.0,145176,52.0,2024-03-27,No relevant project mentioned,2024,3,0,27,1,Wednesday,,,,,,,,,
33,Male,B.Sc+Cert,11.0,Junior,Enterprise,Tier-1,5.0,1.0,0,6.0,147449,,2024-06-13,Contributed to open-source NLP repo,2024,6,0,13,2,Thursday,2013-06-13 06:00:00,2013.0,6.0,13.0,2.0,Thursday,13.19,158,11-20 Years
31,Male,B.Sc,9.0,Senior,Startup,Remote,5.0,1.0,0,1.0,128333,,2024-07-29,Worked on microservices deployment,2024,7,2,29,3,Monday,2015-07-29 18:00:00,2015.0,7.0,29.0,3.0,Wednesday,11.07,133,11-20 Years
36,Male,B.Sc,13.0,Mid,SME,Tier-1,7.0,1.0,0,,157455,53.0,2024-07-26,No relevant project mentioned,2024,7,1,26,3,Friday,2011-07-26 18:00:00,2011.0,7.0,26.0,3.0,Tuesday,15.07,181,11-20 Years
20,Male,M.Sc,0.0,Senior,Startup,Tier-1,6.0,1.0,1,7.0,94929,68.0,2023-03-24,Experience in data cleaning and ETL,2023,3,2,24,1,Friday,2023-03-24 00:00:00,2023.0,3.0,24.0,1.0,Friday,3.42,41,3-5 Years
34,Male,B.Sc,12.0,Senior,Startup,Remote,4.0,1.0,1,7.0,159198,63.0,2023-01-10,,2023,1,2,10,1,Tuesday,2011-01-10 00:00:00,2011.0,1.0,10.0,1.0,Monday,15.62,187,11-20 Years
26,Male,M.Sc,6.0,Junior,Startup,Tier-3,,0.0,0,,62524,70.0,2024-03-09,Worked on microservices deployment,2024,3,0,9,1,Saturday,2018-03-09 12:00:00,2018.0,3.0,9.0,1.0,Friday,8.45,101,6-10 Years
20,Female,B.Sc,0.0,Senior,SME,Tier-1,11.0,1.0,1,3.0,73230,48.0,2024-09-09,No relevant project mentioned,2024,9,2,9,3,Monday,2024-09-09 00:00:00,2024.0,9.0,9.0,3.0,Monday,1.95,23,0-2 Years
33,Female,B.Sc,10.0,Junior,SME,Remote,7.0,0.0,1,1.0,121212,,2023-08-21,,2023,8,0,21,3,Monday,2013-08-20 12:00:00,2013.0,8.0,20.0,3.0,Tuesday,13.0,156,11-20 Years
38,Male,M.Sc,14.0,Junior,Startup,Tier-1,2.0,0.0,0,,158150,37.0,2023-08-10,Worked on microservices deployment,2023,8,0,10,3,Thursday,2009-08-09 12:00:00,2009.0,8.0,9.0,3.0,Sunday,17.03,204,11-20 Years
29,Female,B.Sc,8.0,Mid,Enterprise,Tier-3,7.0,0.0,0,0.0,123273,49.0,2024-07-04,Experience in data cleaning and ETL,2024,7,1,4,3,Thursday,2016-07-04 00:00:00,2016.0,7.0,4.0,3.0,Monday,10.14,122,11-20 Years
36,Male,B.Sc,12.0,Junior,Startup,Tier-2,5.0,0.0,0,5.0,116863,79.0,2023-11-17,,2023,11,0,17,4,Friday,2011-11-17 00:00:00,2011.0,11.0,17.0,4.0,Thursday,14.77,177,11-20 Years
40,Male,B.Sc,16.0,Mid,SME,Tier-2,6.0,0.0,0,0.0,185128,61.0,2024-10-06,,2024,10,1,6,4,Sunday,2008-10-06 00:00:00,2008.0,10.0,6.0,4.0,Monday,17.88,215,11-20 Years
38,Male,B.Sc,16.0,Mid,Startup,Tier-3,4.0,1.0,1,2.0,163826,61.0,2023-10-09,,2023,10,1,9,4,Monday,2007-10-09 00:00:00,2007.0,10.0,9.0,4.0,Tuesday,18.87,226,11-20 Years
40,Female,B.Sc,16.0,Junior,SME,Tier-1,3.0,0.0,1,1.0,172629,63.0,2023-04-30,Built ML pipeline for preprocessing,2023,4,0,30,2,Sunday,2007-04-30 00:00:00,2007.0,4.0,30.0,2.0,Monday,19.32,232,11-20 Years
34,Female,M.Eng,11.0,Senior,Enterprise,Tier-1,3.0,1.0,0,1.0,208143,46.0,2023-03-04,Contributed to open-source NLP repo,2023,3,2,4,1,Saturday,2012-03-03 06:00:00,2012.0,3.0,3.0,1.0,Saturday,14.47,174,11-20 Years
30,Male,B.Sc,9.0,Mid,SME,Tier-2,10.0,,1,1.0,110374,57.0,2024-11-16,Built ML pipeline for preprocessing,2024,11,1,16,4,Saturday,2015-11-16 18:00:00,2015.0,11.0,16.0,4.0,Monday,10.77,129,11-20 Years
20,Female,B.Sc,0.0,Junior,Startup,Tier-1,7.0,2.0,0,3.0,42129,62.0,2024-06-26,No relevant project mentioned,2024,6,0,26,2,Wednesday,2024-06-26 00:00:00,2024.0,6.0,26.0,2.0,Wednesday,2.16,26,3-5 Years
29,Male,M.Sc,3.0,Junior,Startup,Remote,4.0,0.0,0,0.0,69404,52.0,2023-06-18,Contributed to open-source NLP repo,2023,6,0,18,2,Sunday,2020-06-17 06:00:00,2020.0,6.0,17.0,2.0,Wednesday,6.18,74,6-10 Years
25,Female,B.Sc,1.0,Senior,Enterprise,Tier-2,7.0,2.0,1,3.0,72772,58.0,2024-10-13,No relevant project mentioned,2024,10,2,13,4,Sunday,2023-10-13 18:00:00,2023.0,10.0,13.0,4.0,Friday,2.86,34,3-5 Years
43,Female,B.Sc,20.0,Senior,Startup,Tier-1,7.0,1.0,0,0.0,218041,58.0,2023-09-30,,2023,9,2,30,3,Saturday,2003-09-30 00:00:00,2003.0,9.0,30.0,3.0,Tuesday,22.9,275,20+ Years
29,Male,B.Sc+Cert,6.0,Junior,SME,Tier-2,4.0,2.0,1,0.0,93661,62.0,2024-10-19,No relevant project mentioned,2024,10,0,19,4,Saturday,2018-10-19 12:00:00,2018.0,10.0,19.0,4.0,Friday,7.84,94,6-10 Years
31,Female,M.Sc,,Junior,Startup,Tier-1,5.0,2.0,0,2.0,79623,84.0,2024-12-06,No relevant project mentioned,2024,12,0,6,4,Friday,,,,,,,,,
33,Male,M.Sc,10.0,Senior,Startup,Tier-1,7.0,0.0,0,0.0,154319,53.0,2024-01-04,No relevant project mentioned,2024,1,2,4,1,Thursday,2014-01-03 12:00:00,2014.0,1.0,3.0,1.0,Friday,12.63,152,11-20 Years
30,Male,M.Sc,8.0,Mid,Startup,Tier-2,8.0,1.0,0,7.0,110427,59.0,2024-04-16,Worked on microservices deployment,2024,4,1,16,2,Tuesday,2016-04-16 00:00:00,2016.0,4.0,16.0,2.0,Saturday,10.35,124,11-20 Years
40,Male,B.Sc,16.0,Junior,Enterprise,Remote,4.0,1.0,0,4.0,191623,60.0,2023-10-22,,2023,10,0,22,4,Sunday,2007-10-22 00:00:00,2007.0,10.0,22.0,4.0,Monday,18.84,226,11-20 Years
26,Male,M.Sc,5.0,Mid,Enterprise,Tier-2,1.0,2.0,0,3.0,379988,56.0,2023-03-15,Experience in data cleaning and ETL,2023,3,1,15,1,Wednesday,2018-03-14 18:00:00,2018.0,3.0,14.0,1.0,Wednesday,8.44,101,6-10 Years
31,Female,B.Sc,11.0,Mid,SME,Tier-1,,2.0,1,1.0,144193,68.0,2024-04-03,Worked on microservices deployment,2024,4,1,3,2,Wednesday,2013-04-03 06:00:00,2013.0,4.0,3.0,2.0,Wednesday,13.39,161,11-20 Years
26,Male,B.Sc,4.0,Senior,Startup,Tier-2,5.0,0.0,0,0.0,70545,58.0,2024-10-09,Experience in data cleaning and ETL,2024,10,2,9,4,Wednesday,2020-10-09 00:00:00,2020.0,10.0,9.0,4.0,Friday,5.87,70,6-10 Years
22,Male,B.Sc,0.0,Junior,SME,Tier-1,10.0,1.0,0,7.0,47147,55.0,2024-08-25,Built ML pipeline for preprocessing,2024,8,0,25,3,Sunday,2024-08-25 00:00:00,2024.0,8.0,25.0,3.0,Sunday,1.99,24,0-2 Years
26,Female,B.Sc,5.0,Mid,SME,Tier-1,,1.0,0,0.0,86416,46.0,2024-06-21,Experience in data cleaning and ETL,2024,6,1,21,2,Friday,2019-06-21 18:00:00,2019.0,6.0,21.0,2.0,Friday,7.17,86,6-10 Years
30,Female,B.Sc,8.0,Junior,SME,Tier-3,4.0,3.0,1,4.0,96334,70.0,2024-08-10,Experience in data cleaning and ETL,2024,8,0,10,3,Saturday,2016-08-10 00:00:00,2016.0,8.0,10.0,3.0,Wednesday,10.03,120,11-20 Years
27,Male,B.Sc+Cert,4.0,Lead,Startup,Remote,8.0,4.0,0,0.0,100003,71.0,2024-06-30,No relevant project mentioned,2024,6,3,30,2,Sunday,2020-06-30 00:00:00,2020.0,6.0,30.0,2.0,Tuesday,6.15,74,6-10 Years
26,Other,B.Sc,,Senior,Enterprise,Tier-1,3.0,1.0,1,1.0,90655,41.0,2023-07-26,Built ML pipeline for preprocessing,2023,7,2,26,3,Wednesday,,,,,,,,,
22,Male,B.Sc,0.0,Mid,SME,Tier-2,3.0,0.0,0,3.0,35643,53.0,2023-06-14,Built ML pipeline for preprocessing,2023,6,1,14,2,Wednesday,2023-06-14 00:00:00,2023.0,6.0,14.0,2.0,Wednesday,3.19,38,3-5 Years
30,Female,B.Sc,7.0,Mid,Enterprise,Remote,7.0,0.0,0,6.0,108998,75.0,2023-05-04,,2023,5,1,4,2,Thursday,2016-05-03 06:00:00,2016.0,5.0,3.0,2.0,Tuesday,10.3,124,11-20 Years
21,Male,B.Sc,0.0,Mid,Startup,Tier-1,11.0,2.0,1,0.0,56072,67.0,2023-09-30,No relevant project mentioned,2023,9,1,30,3,Saturday,2023-09-30 00:00:00,2023.0,9.0,30.0,3.0,Saturday,2.9,35,3-5 Years
35,Male,M.Sc,,Senior,Startup,Tier-1,4.0,1.0,0,1.0,114129,55.0,2024-01-17,Worked on microservices deployment,2024,1,2,17,1,Wednesday,,,,,,,,,
30,Male,B.Sc,6.0,Junior,Startup,Remote,3.0,1.0,0,3.0,79499,56.0,2024-04-18,Contributed to open-source NLP repo,2024,4,0,18,2,Thursday,2018-04-18 12:00:00,2018.0,4.0,18.0,2.0,Wednesday,8.34,100,6-10 Years
21,Male,B.Sc,0.0,Senior,Enterprise,Tier-3,8.0,1.0,0,0.0,63200,53.0,2023-12-20,No relevant project mentioned,2023,12,2,20,4,Wednesday,2023-12-20 00:00:00,2023.0,12.0,20.0,4.0,Wednesday,2.67,32,3-5 Years
28,Male,B.Sc,7.0,Junior,SME,Tier-1,,2.0,1,0.0,104971,65.0,2023-04-07,Contributed to open-source NLP repo,2023,4,0,7,2,Friday,2016-04-06 06:00:00,2016.0,4.0,6.0,2.0,Wednesday,10.38,125,11-20 Years
25,Male,M.Sc,1.0,Junior,Enterprise,Tier-1,8.0,0.0,0,0.0,67193,60.0,2023-03-23,,2023,3,0,23,1,Thursday,2022-03-22 18:00:00,2022.0,3.0,22.0,1.0,Tuesday,4.42,53,3-5 Years
32,Male,B.Sc,9.0,Mid,Enterprise,Tier-1,7.0,1.0,0,2.0,148209,59.0,2024-06-20,Contributed to open-source NLP repo,2024,6,1,20,2,Thursday,2015-06-20 18:00:00,2015.0,6.0,20.0,2.0,Saturday,11.17,134,11-20 Years
38,Female,B.Sc,,Senior,SME,Tier-2,4.0,1.0,0,3.0,160572,,2023-12-27,Contributed to open-source NLP repo,2023,12,2,27,4,Wednesday,,,,,,,,,
20,Male,B.Sc,0.0,Senior,SME,Tier-3,4.0,1.0,0,6.0,44540,58.0,2023-03-02,No relevant project mentioned,2023,3,2,2,1,Thursday,2023-03-02 00:00:00,2023.0,3.0,2.0,1.0,Thursday,3.48,42,3-5 Years
31,Male,B.Sc,6.0,Mid,Enterprise,Tier-2,3.0,,1,1.0,78651,,2023-04-04,No relevant project mentioned,2023,4,1,4,2,Tuesday,2017-04-03 12:00:00,2017.0,4.0,3.0,2.0,Monday,9.39,113,6-10 Years
29,Male,B.Sc,7.0,Mid,SME,Tier-2,8.0,0.0,0,,104792,43.0,2023-12-31,Worked on microservices deployment,2023,12,1,31,4,Sunday,2016-12-30 06:00:00,2016.0,12.0,30.0,4.0,Friday,9.64,116,6-10 Years
34,Male,M.Sc,8.0,Senior,SME,Tier-1,,1.0,1,,146915,54.0,2024-10-14,Built ML pipeline for preprocessing,2024,10,2,14,4,Monday,2016-10-14 00:00:00,2016.0,10.0,14.0,4.0,Friday,9.86,118,6-10 Years
31,Female,M.Sc,7.0,Junior,SME,Tier-1,5.0,1.0,1,0.0,111908,76.0,2023-10-23,Experience in data cleaning and ETL,2023,10,0,23,4,Monday,2016-10-22 06:00:00,2016.0,10.0,22.0,4.0,Saturday,9.83,118,6-10 Years
25,Female,M.Eng,6.0,Senior,Enterprise,Tier-1,5.0,2.0,0,1.0,154605,57.0,2024-11-12,Worked on microservices deployment,2024,11,2,12,4,Tuesday,2018-11-12 12:00:00,2018.0,11.0,12.0,4.0,Monday,7.78,93,6-10 Years
28,Male,B.Sc,1.0,Mid,SME,Tier-3,3.0,3.0,1,2.0,55956,55.0,2023-06-19,Built ML pipeline for preprocessing,2023,6,1,19,2,Monday,2022-06-18 18:00:00,2022.0,6.0,18.0,2.0,Saturday,4.18,50,3-5 Years
25,Male,B.Sc,2.0,Mid,Enterprise,Tier-2,7.0,4.0,0,0.0,80564,,2023-10-26,Contributed to open-source NLP repo,2023,10,1,26,4,Thursday,2021-10-25 12:00:00,2021.0,10.0,25.0,4.0,Monday,4.82,58,3-5 Years
36,Female,B.Sc,8.0,Junior,Startup,Tier-1,4.0,,1,2.0,107631,50.0,2024-12-08,Experience in data cleaning and ETL,2024,12,0,8,4,Sunday,2016-12-08 00:00:00,2016.0,12.0,8.0,4.0,Thursday,9.71,117,6-10 Years
30,Male,PhD,6.0,Mid,SME,Tier-2,5.0,0.0,0,7.0,113750,,2024-10-29,Worked on microservices deployment,2024,10,1,29,4,Tuesday,2018-10-29 12:00:00,2018.0,10.0,29.0,4.0,Monday,7.81,94,6-10 Years
41,Female,M.Sc,21.0,Junior,Startup,Tier-3,4.0,2.0,1,5.0,235806,51.0,2024-09-02,Worked on microservices deployment,2024,9,0,2,3,Monday,2003-09-02 18:00:00,2003.0,9.0,2.0,3.0,Tuesday,22.97,276,20+ Years
30,Male,M.Sc,8.0,Junior,Startup,Tier-2,,1.0,0,1.0,97396,46.0,2023-11-13,No relevant project mentioned,2023,11,0,13,4,Monday,2015-11-13 00:00:00,2015.0,11.0,13.0,4.0,Friday,10.78,129,11-20 Years
26,Female,B.Sc,1.0,Junior,Enterprise,Tier-1,5.0,1.0,1,1.0,54224,52.0,2024-10-06,Contributed to open-source NLP repo,2024,10,0,6,4,Sunday,2023-10-06 18:00:00,2023.0,10.0,6.0,4.0,Friday,2.88,35,3-5 Years
21,Male,B.Sc,3.0,Junior,Enterprise,Tier-1,3.0,0.0,1,1.0,82572,56.0,2024-10-12,Built ML pipeline for preprocessing,2024,10,0,12,4,Saturday,2021-10-12 06:00:00,2021.0,10.0,12.0,4.0,Tuesday,4.86,58,3-5 Years
20,Male,B.Sc,0.0,Mid,Enterprise,Tier-1,3.0,2.0,0,5.0,59836,63.0,2023-09-21,Experience in data cleaning and ETL,2023,9,1,21,3,Thursday,2023-09-21 00:00:00,2023.0,9.0,21.0,3.0,Thursday,2.92,35,3-5 Years
20,Female,M.Sc,0.0,Senior,Enterprise,Tier-3,4.0,0.0,0,7.0,67026,41.0,2024-10-22,,2024,10,2,22,4,Tuesday,2024-10-22 00:00:00,2024.0,10.0,22.0,4.0,Tuesday,1.83,22,0-2 Years
32,Male,B.Sc+Cert,8.0,Junior,Startup,Tier-2,6.0,0.0,1,4.0,102504,68.0,2024-04-24,No relevant project mentioned,2024,4,0,24,2,Wednesday,2016-04-24 00:00:00,2016.0,4.0,24.0,2.0,Sunday,10.33,124,11-20 Years
33,Male,B.Sc+Cert,10.0,Mid,Startup,Tier-3,5.0,1.0,0,2.0,107062,65.0,2023-09-18,Built ML pipeline for preprocessing,2023,9,1,18,3,Monday,2013-09-17 12:00:00,2013.0,9.0,17.0,3.0,Tuesday,12.93,155,11-20 Years
21,Male,B.Sc,1.0,Mid,SME,Remote,4.0,1.0,1,0.0,50376,59.0,2024-06-29,Experience in data cleaning and ETL,2024,6,1,29,2,Saturday,2023-06-29 18:00:00,2023.0,6.0,29.0,2.0,Thursday,3.15,38,3-5 Years
35,Male,B.Sc,11.0,Mid,Enterprise,Remote,,0.0,1,6.0,152969,64.0,2024-06-04,Built ML pipeline for preprocessing,2024,6,1,4,2,Tuesday,2013-06-04 06:00:00,2013.0,6.0,4.0,2.0,Tuesday,13.22,159,11-20 Years
27,Male,B.Sc+Cert,5.0,Senior,Startup,Tier-1,5.0,2.0,1,5.0,116051,,2023-02-12,No relevant project mentioned,2023,2,2,12,1,Sunday,2018-02-11 18:00:00,2018.0,2.0,11.0,1.0,Sunday,8.53,102,6-10 Years
31,Male,M.Sc,7.0,Mid,Enterprise,Tier-1,2.0,1.0,0,4.0,138036,62.0,2023-04-06,Worked on microservices deployment,2023,4,1,6,2,Thursday,2016-04-05 06:00:00,2016.0,4.0,5.0,2.0,Tuesday,10.38,125,11-20 Years
40,Male,B.Sc,14.0,Senior,SME,Tier-2,5.0,0.0,0,1.0,168120,,2024-01-29,Contributed to open-source NLP repo,2024,1,2,29,1,Monday,2010-01-28 12:00:00,2010.0,1.0,28.0,1.0,Thursday,16.56,199,11-20 Years
35,Male,B.Sc,16.0,Mid,Enterprise,Tier-1,5.0,2.0,1,,173718,54.0,2024-06-07,Contributed to open-source NLP repo,2024,6,1,7,2,Friday,2008-06-07 00:00:00,2008.0,6.0,7.0,2.0,Saturday,18.21,219,11-20 Years
28,Female,B.Sc,,Mid,SME,Tier-3,3.0,1.0,0,0.0,79512,49.0,2023-12-21,Worked on microservices deployment,2023,12,1,21,4,Thursday,,,,,,,,,
25,Male,B.Sc,2.0,Mid,SME,Remote,5.0,2.0,0,6.0,71311,,2024-02-06,Built ML pipeline for preprocessing,2024,2,1,6,1,Tuesday,2022-02-05 12:00:00,2022.0,2.0,5.0,1.0,Saturday,4.54,54,3-5 Years
20,Male,B.Sc,0.0,Senior,Enterprise,Tier-2,5.0,0.0,0,6.0,58224,,2024-04-15,Worked on microservices deployment,2024,4,2,15,2,Monday,2024-04-15 00:00:00,2024.0,4.0,15.0,2.0,Monday,2.35,28,3-5 Years
26,Male,M.Sc,2.0,Senior,Enterprise,Tier-1,,1.0,1,1.0,124731,58.0,2024-10-13,No relevant project mentioned,2024,10,2,13,4,Sunday,2022-10-13 12:00:00,2022.0,10.0,13.0,4.0,Thursday,3.86,46,3-5 Years
29,Male,B.Sc,11.0,Mid,Startup,Tier-1,4.0,,0,3.0,138114,59.0,2023-10-14,No relevant project mentioned,2023,10,1,14,4,Saturday,2012-10-13 06:00:00,2012.0,10.0,13.0,4.0,Saturday,13.86,166,11-20 Years
24,Male,B.Sc,1.0,Senior,Enterprise,Tier-1,6.0,2.0,1,,97454,47.0,2023-10-10,Built ML pipeline for preprocessing,2023,10,2,10,4,Tuesday,2022-10-09 18:00:00,2022.0,10.0,9.0,4.0,Sunday,3.87,46,3-5 Years
29,Male,B.Sc,7.0,Junior,Enterprise,Tier-3,5.0,1.0,0,1.0,83541,,2024-06-16,Contributed to open-source NLP repo,2024,6,0,16,2,Sunday,2017-06-16 06:00:00,2017.0,6.0,16.0,2.0,Friday,9.18,110,6-10 Years
30,Male,M.Eng,10.0,Senior,Startup,Tier-1,8.0,0.0,0,1.0,152411,,2023-09-26,,2023,9,2,26,3,Tuesday,2013-09-25 12:00:00,2013.0,9.0,25.0,3.0,Wednesday,12.91,155,11-20 Years
29,Male,M.Sc,7.0,Junior,Startup,Tier-1,5.0,3.0,1,1.0,114668,49.0,2024-07-10,Built ML pipeline for preprocessing,2024,7,0,10,3,Wednesday,2017-07-10 06:00:00,2017.0,7.0,10.0,3.0,Monday,9.12,109,6-10 Years
26,Male,B.Sc,2.0,Junior,SME,Tier-1,2.0,0.0,0,1.0,59734,57.0,2024-11-17,Contributed to open-source NLP repo,2024,11,0,17,4,Sunday,2022-11-17 12:00:00,2022.0,11.0,17.0,4.0,Thursday,3.76,45,3-5 Years
31,Male,B.Sc+Cert,,Junior,SME,Remote,3.0,0.0,0,1.0,106725,50.0,2023-10-08,Built ML pipeline for preprocessing,2023,10,0,8,4,Sunday,,,,,,,,,
33,Male,B.Sc+Cert,,Lead,Enterprise,Tier-2,8.0,2.0,1,4.0,190527,68.0,2023-03-18,Worked on microservices deployment,2023,3,3,18,1,Saturday,,,,,,,,,
23,Male,B.Sc,0.0,Senior,Startup,Remote,9.0,1.0,0,1.0,50170,58.0,2024-12-10,Experience in data cleaning and ETL,2024,12,2,10,4,Tuesday,2024-12-10 00:00:00,2024.0,12.0,10.0,4.0,Tuesday,1.7,20,0-2 Years
38,Male,,18.0,Senior,SME,Tier-3,1.0,2.0,0,4.0,182311,69.0,2023-12-21,,2023,12,2,21,4,Thursday,2005-12-20 12:00:00,2005.0,12.0,20.0,4.0,Tuesday,20.67,248,20+ Years
29,Male,M.Sc,7.0,Senior,SME,Tier-2,2.0,1.0,0,,113994,58.0,2023-09-12,Contributed to open-source NLP repo,2023,9,2,12,3,Tuesday,2016-09-11 06:00:00,2016.0,9.0,11.0,3.0,Sunday,9.94,119,6-10 Years
30,Female,M.Eng,8.0,Mid,Startup,Tier-1,3.0,2.0,0,4.0,139459,69.0,2024-10-29,No relevant project mentioned,2024,10,1,29,4,Tuesday,2016-10-29 00:00:00,2016.0,10.0,29.0,4.0,Saturday,9.82,118,6-10 Years
34,Male,B.Sc+Cert,11.0,Senior,SME,Tier-1,6.0,3.0,1,5.0,176828,45.0,2024-02-29,Contributed to open-source NLP repo,2024,2,2,29,1,Thursday,2013-02-28 06:00:00,2013.0,2.0,28.0,1.0,Thursday,13.48,162,11-20 Years
31,Male,B.Sc+Cert,6.0,Lead,Startup,Tier-2,7.0,1.0,0,0.0,112475,75.0,2023-01-04,Contributed to open-source NLP repo,2023,1,3,4,1,Wednesday,2017-01-03 12:00:00,2017.0,1.0,3.0,1.0,Tuesday,9.63,116,6-10 Years
36,Male,M.Sc,6.0,Mid,Startup,Remote,6.0,0.0,0,1.0,82609,48.0,2023-03-25,,2023,3,1,25,1,Saturday,2017-03-24 12:00:00,2017.0,3.0,24.0,1.0,Friday,9.41,113,6-10 Years
32,Male,B.Sc,6.0,Junior,SME,Tier-1,8.0,3.0,0,0.0,99598,63.0,2024-12-09,Built ML pipeline for preprocessing,2024,12,0,9,4,Monday,2018-12-09 12:00:00,2018.0,12.0,9.0,4.0,Sunday,7.7,92,6-10 Years
26,Male,B.Sc,0.0,Mid,Enterprise,Tier-1,5.0,2.0,0,1.0,66246,75.0,2023-08-02,No relevant project mentioned,2023,8,1,2,3,Wednesday,2023-08-02 00:00:00,2023.0,8.0,2.0,3.0,Wednesday,3.06,37,3-5 Years
32,Male,B.Sc,10.0,Lead,Startup,Tier-2,8.0,0.0,0,0.0,135496,,2024-10-18,Built ML pipeline for preprocessing,2024,10,3,18,4,Friday,2014-10-18 12:00:00,2014.0,10.0,18.0,4.0,Saturday,11.84,142,11-20 Years
23,Female,B.Sc,0.0,Senior,SME,Tier-1,4.0,1.0,0,2.0,64159,74.0,2023-02-26,Contributed to open-source NLP repo,2023,2,2,26,1,Sunday,2023-02-26 00:00:00,2023.0,2.0,26.0,1.0,Sunday,3.49,42,3-5 Years
31,Male,M.Sc,5.0,Senior,Startup,Tier-2,4.0,0.0,1,4.0,110316,65.0,2023-06-03,Contributed to open-source NLP repo,2023,6,2,3,2,Saturday,2018-06-02 18:00:00,2018.0,6.0,2.0,2.0,Saturday,8.22,99,6-10 Years
30,Female,M.Sc,7.0,Senior,Startup,Tier-1,8.0,1.0,1,2.0,142535,43.0,2024-09-03,No relevant project mentioned,2024,9,2,3,3,Tuesday,2017-09-03 06:00:00,2017.0,9.0,3.0,3.0,Sunday,8.97,108,6-10 Years
29,Male,M.Sc,4.0,Senior,SME,Tier-1,6.0,2.0,1,1.0,111924,,2024-12-12,Built ML pipeline for preprocessing,2024,12,2,12,4,Thursday,2020-12-12 00:00:00,2020.0,12.0,12.0,4.0,Saturday,5.69,68,6-10 Years
29,Male,B.Sc,7.0,Senior,Enterprise,Tier-1,11.0,0.0,0,0.0,162560,48.0,2024-02-05,Experience in data cleaning and ETL,2024,2,2,5,1,Monday,2017-02-04 06:00:00,2017.0,2.0,4.0,1.0,Saturday,9.54,114,6-10 Years
20,Male,M.Sc,0.0,Mid,Startup,Tier-2,2.0,0.0,0,0.0,37065,60.0,2024-06-03,Experience in data cleaning and ETL,2024,6,1,3,2,Monday,2024-06-03 00:00:00,2024.0,6.0,3.0,2.0,Monday,2.22,27,3-5 Years
27,Male,B.Sc,6.0,Junior,Enterprise,Tier-2,5.0,0.0,1,3.0,101636,73.0,2024-06-05,Worked on microservices deployment,2024,6,0,5,2,Wednesday,2018-06-05 12:00:00,2018.0,6.0,5.0,2.0,Tuesday,8.21,99,6-10 Years
31,Male,B.Sc,2.0,Mid,Startup,Tier-1,3.0,1.0,0,0.0,54640,69.0,2024-09-27,Built ML pipeline for preprocessing,2024,9,1,27,3,Friday,2022-09-27 12:00:00,2022.0,9.0,27.0,3.0,Tuesday,3.9,47,3-5 Years
31,Male,M.Sc,7.0,Mid,Enterprise,Remote,8.0,2.0,1,6.0,134328,71.0,2023-09-27,Worked on microservices deployment,2023,9,1,27,3,Wednesday,2016-09-26 06:00:00,2016.0,9.0,26.0,3.0,Monday,9.9,119,6-10 Years
24,Male,M.Sc,2.0,Senior,Enterprise,Tier-1,4.0,0.0,1,2.0,96911,67.0,2024-06-22,Built ML pipeline for preprocessing,2024,6,2,22,2,Saturday,2022-06-22 12:00:00,2022.0,6.0,22.0,2.0,Wednesday,4.17,50,3-5 Years
38,Female,PhD,14.0,Mid,SME,Tier-1,7.0,1.0,0,,200400,,2024-05-26,,2024,5,1,26,2,Sunday,2010-05-26 12:00:00,2010.0,5.0,26.0,2.0,Wednesday,16.24,195,11-20 Years
25,Female,B.Sc,0.0,Junior,Startup,Tier-2,9.0,0.0,0,0.0,27649,61.0,2024-05-31,,2024,5,0,31,2,Friday,2024-05-31 00:00:00,2024.0,5.0,31.0,2.0,Friday,2.23,27,3-5 Years
36,Male,B.Sc,14.0,Junior,SME,Tier-1,6.0,1.0,0,,157368,47.0,2024-02-16,,2024,2,0,16,1,Friday,2010-02-15 12:00:00,2010.0,2.0,15.0,1.0,Monday,16.51,198,11-20 Years
33,Male,B.Sc,12.0,Mid,SME,Tier-2,4.0,3.0,0,5.0,136213,40.0,2024-10-06,,2024,10,1,6,4,Sunday,2012-10-06 00:00:00,2012.0,10.0,6.0,4.0,Saturday,13.88,167,11-20 Years
26,Male,B.Sc,0.0,Mid,Enterprise,Remote,2.0,2.0,1,6.0,56180,69.0,2023-12-08,No relevant project mentioned,2023,12,1,8,4,Friday,2023-12-08 00:00:00,2023.0,12.0,8.0,4.0,Friday,2.71,33,3-5 Years
41,Male,,15.0,Junior,SME,Tier-2,7.0,2.0,1,0.0,169623,70.0,2023-05-20,Contributed to open-source NLP repo,2023,5,0,20,2,Saturday,2008-05-19 06:00:00,2008.0,5.0,19.0,2.0,Monday,18.26,219,11-20 Years
23,Male,M.Sc,0.0,Junior,SME,Tier-2,9.0,0.0,1,4.0,51275,53.0,2023-09-21,Built ML pipeline for preprocessing,2023,9,0,21,3,Thursday,2023-09-21 00:00:00,2023.0,9.0,21.0,3.0,Thursday,2.92,35,3-5 Years
36,Male,B.Sc+Cert,16.0,Mid,Enterprise,Tier-2,4.0,0.0,0,1.0,198835,50.0,2024-03-24,Worked on microservices deployment,2024,3,1,24,1,Sunday,2008-03-24 00:00:00,2008.0,3.0,24.0,1.0,Monday,18.41,221,11-20 Years
36,Male,B.Sc,13.0,Junior,Enterprise,Tier-1,7.0,1.0,1,1.0,144484,39.0,2023-08-15,Contributed to open-source NLP repo,2023,8,0,15,3,Tuesday,2010-08-14 18:00:00,2010.0,8.0,14.0,3.0,Saturday,16.02,192,11-20 Years
26,Male,B.Sc+Cert,6.0,Junior,SME,Tier-2,7.0,1.0,1,2.0,88189,59.0,2023-03-01,No relevant project mentioned,2023,3,0,1,1,Wednesday,2017-02-28 12:00:00,2017.0,2.0,28.0,1.0,Tuesday,9.48,114,6-10 Years
38,Other,B.Sc,10.0,Mid,Enterprise,Tier-1,4.0,0.0,1,7.0,141857,65.0,2023-03-21,No relevant project mentioned,2023,3,1,21,1,Tuesday,2013-03-20 12:00:00,2013.0,3.0,20.0,1.0,Wednesday,13.42,161,11-20 Years
28,Male,B.Sc+Cert,1.0,Mid,SME,Remote,3.0,1.0,1,0.0,62370,,2023-02-24,Worked on microservices deployment,2023,2,1,24,1,Friday,2022-02-23 18:00:00,2022.0,2.0,23.0,1.0,Wednesday,4.49,54,3-5 Years
32,Female,B.Sc,11.0,Mid,SME,Tier-1,3.0,1.0,0,0.0,143678,62.0,2024-08-28,Contributed to open-source NLP repo,2024,8,1,28,3,Wednesday,2013-08-28 06:00:00,2013.0,8.0,28.0,3.0,Wednesday,12.98,156,11-20 Years
32,Male,B.Sc,5.0,Junior,SME,Tier-2,6.0,0.0,0,2.0,68626,57.0,2024-03-02,Built ML pipeline for preprocessing,2024,3,0,2,1,Saturday,2019-03-02 18:00:00,2019.0,3.0,2.0,1.0,Saturday,7.47,90,6-10 Years
29,Male,B.Sc,7.0,Senior,Enterprise,Remote,3.0,1.0,0,5.0,137402,38.0,2024-07-06,No relevant project mentioned,2024,7,2,6,3,Saturday,2017-07-06 06:00:00,2017.0,7.0,6.0,3.0,Thursday,9.13,110,6-10 Years
35,Male,B.Sc+Cert,12.0,Mid,SME,Tier-3,4.0,2.0,0,2.0,140140,69.0,2024-06-05,,2024,6,1,5,2,Wednesday,2012-06-05 00:00:00,2012.0,6.0,5.0,2.0,Tuesday,14.21,171,11-20 Years
35,Male,B.Sc,11.0,Junior,SME,Remote,5.0,1.0,1,1.0,147462,46.0,2023-08-14,,2023,8,0,14,3,Monday,2012-08-13 06:00:00,2012.0,8.0,13.0,3.0,Monday,14.02,168,11-20 Years
20,Male,,0.0,Junior,SME,Tier-2,5.0,1.0,0,7.0,35273,63.0,2023-04-26,Experience in data cleaning and ETL,2023,4,0,26,2,Wednesday,2023-04-26 00:00:00,2023.0,4.0,26.0,2.0,Wednesday,3.33,40,3-5 Years
38,Male,B.Sc+Cert,12.0,Junior,SME,Tier-1,,0.0,0,7.0,120729,63.0,2023-12-06,Contributed to open-source NLP repo,2023,12,0,6,4,Wednesday,2011-12-06 00:00:00,2011.0,12.0,6.0,4.0,Tuesday,14.71,177,11-20 Years
20,Male,B.Sc,0.0,Junior,SME,Tier-3,2.0,1.0,0,,24287,,2023-04-17,Experience in data cleaning and ETL,2023,4,0,17,2,Monday,2023-04-17 00:00:00,2023.0,4.0,17.0,2.0,Monday,3.35,40,3-5 Years
36,Male,B.Sc,12.0,Junior,Enterprise,Tier-1,3.0,0.0,1,4.0,142737,,2024-06-02,Worked on microservices deployment,2024,6,0,2,2,Sunday,2012-06-02 00:00:00,2012.0,6.0,2.0,2.0,Saturday,14.22,171,11-20 Years
37,Male,B.Sc,13.0,Mid,SME,Tier-1,5.0,0.0,0,3.0,143301,52.0,2024-06-16,Worked on microservices deployment,2024,6,1,16,2,Sunday,2011-06-16 18:00:00,2011.0,6.0,16.0,2.0,Thursday,15.18,182,11-20 Years
23,Male,B.Sc,0.0,Mid,Startup,Tier-3,7.0,1.0,0,1.0,31417,60.0,2023-11-27,Worked on microservices deployment,2023,11,1,27,4,Monday,2023-11-27 00:00:00,2023.0,11.0,27.0,4.0,Monday,2.74,33,3-5 Years
28,Male,B.Sc+Cert,7.0,Mid,Enterprise,Tier-2,2.0,3.0,0,0.0,128591,71.0,2023-04-11,Built ML pipeline for preprocessing,2023,4,1,11,2,Tuesday,2016-04-10 06:00:00,2016.0,4.0,10.0,2.0,Sunday,10.37,124,11-20 Years
23,Male,M.Sc,,Senior,Enterprise,Remote,2.0,1.0,0,2.0,92953,75.0,2023-08-03,No relevant project mentioned,2023,8,2,3,3,Thursday,,,,,,,,,
29,Male,B.Sc,5.0,Junior,SME,Remote,7.0,0.0,1,6.0,77953,59.0,2024-07-09,Built ML pipeline for preprocessing,2024,7,0,9,3,Tuesday,2019-07-09 18:00:00,2019.0,7.0,9.0,3.0,Tuesday,7.12,85,6-10 Years
28,Male,PhD,6.0,Senior,Startup,Remote,1.0,0.0,0,5.0,117821,62.0,2023-08-11,,2023,8,2,11,3,Friday,2017-08-10 12:00:00,2017.0,8.0,10.0,3.0,Thursday,9.03,108,6-10 Years
35,Female,B.Sc,11.0,Junior,Enterprise,Tier-1,6.0,0.0,0,0.0,122763,53.0,2023-07-29,,2023,7,0,29,3,Saturday,2012-07-28 06:00:00,2012.0,7.0,28.0,3.0,Saturday,14.07,169,11-20 Years
38,Male,B.Sc,13.0,Mid,Enterprise,Tier-2,4.0,0.0,1,0.0,152682,65.0,2023-12-10,,2023,12,1,10,4,Sunday,2010-12-09 18:00:00,2010.0,12.0,9.0,4.0,Thursday,15.7,188,11-20 Years
38,Female,B.Sc,16.0,Junior,Startup,Tier-3,4.0,2.0,0,5.0,125526,58.0,2024-12-26,Worked on microservices deployment,2024,12,0,26,4,Thursday,2008-12-26 00:00:00,2008.0,12.0,26.0,4.0,Friday,17.66,212,11-20 Years
27,Male,B.Sc,4.0,Senior,Startup,Remote,9.0,1.0,1,2.0,86319,50.0,2024-03-03,Contributed to open-source NLP repo,2024,3,2,3,1,Sunday,2020-03-03 00:00:00,2020.0,3.0,3.0,1.0,Tuesday,6.47,78,6-10 Years
29,Male,B.Sc,8.0,Mid,SME,Tier-1,6.0,2.0,1,1.0,110973,51.0,2023-03-06,No relevant project mentioned,2023,3,1,6,1,Monday,2015-03-06 00:00:00,2015.0,3.0,6.0,1.0,Friday,11.47,138,11-20 Years
20,Male,B.Sc+Cert,1.0,Junior,SME,Tier-1,7.0,2.0,1,2.0,58879,48.0,2023-09-11,,2023,9,0,11,3,Monday,2022-09-10 18:00:00,2022.0,9.0,10.0,3.0,Saturday,3.95,47,3-5 Years
25,Male,M.Sc,3.0,Mid,Startup,Remote,9.0,2.0,0,0.0,80688,65.0,2024-06-01,No relevant project mentioned,2024,6,1,1,2,Saturday,2021-06-01 06:00:00,2021.0,6.0,1.0,2.0,Tuesday,5.22,63,6-10 Years
36,Male,B.Sc,14.0,Junior,SME,Tier-1,7.0,1.0,0,6.0,172832,56.0,2023-10-21,No relevant project mentioned,2023,10,0,21,4,Saturday,2009-10-20 12:00:00,2009.0,10.0,20.0,4.0,Tuesday,16.84,202,11-20 Years
40,Female,M.Sc,10.0,Senior,SME,Tier-2,6.0,1.0,0,4.0,140341,45.0,2023-08-09,Worked on microservices deployment,2023,8,2,9,3,Wednesday,2013-08-08 12:00:00,2013.0,8.0,8.0,3.0,Thursday,13.04,156,11-20 Years
23,Male,M.Sc,0.0,Mid,Enterprise,Tier-1,5.0,0.0,0,6.0,90142,67.0,2024-03-02,Built ML pipeline for preprocessing,2024,3,1,2,1,Saturday,2024-03-02 00:00:00,2024.0,3.0,2.0,1.0,Saturday,2.48,30,3-5 Years
26,Male,B.Sc+Cert,4.0,Junior,SME,Tier-2,5.0,1.0,0,0.0,70212,60.0,2023-11-09,Built ML pipeline for preprocessing,2023,11,0,9,4,Thursday,2019-11-09 00:00:00,2019.0,11.0,9.0,4.0,Saturday,6.79,81,6-10 Years
30,Male,B.Sc+Cert,4.0,Mid,SME,Tier-3,2.0,0.0,0,4.0,60364,50.0,2024-12-15,Experience in data cleaning and ETL,2024,12,1,15,4,Sunday,2020-12-15 00:00:00,2020.0,12.0,15.0,4.0,Tuesday,5.69,68,6-10 Years
32,Female,B.Sc,9.0,Junior,Enterprise,Tier-1,3.0,0.0,0,2.0,118872,,2024-04-08,Worked on microservices deployment,2024,4,0,8,2,Monday,2015-04-08 18:00:00,2015.0,4.0,8.0,2.0,Wednesday,11.37,136,11-20 Years
25,Male,M.Sc,1.0,Mid,Startup,Tier-2,,0.0,0,1.0,54920,57.0,2024-08-04,Contributed to open-source NLP repo,2024,8,1,4,3,Sunday,2023-08-04 18:00:00,2023.0,8.0,4.0,3.0,Friday,3.05,37,3-5 Years
33,Male,M.Sc,13.0,Junior,Startup,Tier-1,6.0,2.0,1,2.0,141394,64.0,2024-07-30,,2024,7,0,30,3,Tuesday,2011-07-30 18:00:00,2011.0,7.0,30.0,3.0,Saturday,15.06,181,11-20 Years
27,Male,M.Sc,3.0,Mid,Enterprise,Tier-1,4.0,1.0,1,6.0,121060,61.0,2023-09-09,Contributed to open-source NLP repo,2023,9,1,9,3,Saturday,2020-09-08 06:00:00,2020.0,9.0,8.0,3.0,Tuesday,5.95,71,6-10 Years
30,Female,B.Sc,6.0,Lead,Startup,Tier-1,6.0,0.0,0,3.0,121773,50.0,2024-11-25,Worked on microservices deployment,2024,11,3,25,4,Monday,2018-11-25 12:00:00,2018.0,11.0,25.0,4.0,Sunday,7.74,93,6-10 Years
33,Other,B.Sc,8.0,Junior,Enterprise,Tier-3,6.0,0.0,1,1.0,91938,52.0,2023-04-22,Contributed to open-source NLP repo,2023,4,0,22,2,Saturday,2015-04-22 00:00:00,2015.0,4.0,22.0,2.0,Wednesday,11.34,136,11-20 Years
30,Male,B.Sc,10.0,Lead,Startup,Tier-1,6.0,0.0,1,7.0,145458,76.0,2023-10-18,Built ML pipeline for preprocessing,2023,10,3,18,4,Wednesday,2013-10-17 12:00:00,2013.0,10.0,17.0,4.0,Thursday,12.85,154,11-20 Years
27,Female,B.Sc,7.0,Mid,Startup,Tier-2,1.0,2.0,0,1.0,86814,44.0,2023-10-07,Contributed to open-source NLP repo,2023,10,1,7,4,Saturday,2016-10-06 06:00:00,2016.0,10.0,6.0,4.0,Thursday,9.88,119,6-10 Years
29,Female,B.Sc,10.0,Junior,Enterprise,Tier-2,4.0,2.0,0,4.0,132599,69.0,2023-10-21,Built ML pipeline for preprocessing,2023,10,0,21,4,Saturday,2013-10-20 12:00:00,2013.0,10.0,20.0,4.0,Sunday,12.84,154,11-20 Years
29,Male,M.Sc,2.0,Mid,SME,Tier-2,3.0,1.0,0,4.0,59969,58.0,2024-05-29,Experience in data cleaning and ETL,2024,5,1,29,2,Wednesday,2022-05-29 12:00:00,2022.0,5.0,29.0,2.0,Sunday,4.23,51,3-5 Years
28,Male,,1.0,Mid,Enterprise,Tier-2,5.0,1.0,1,3.0,69523,,2023-06-28,No relevant project mentioned,2023,6,1,28,2,Wednesday,2022-06-27 18:00:00,2022.0,6.0,27.0,2.0,Monday,4.15,50,3-5 Years
28,Male,M.Sc,7.0,Mid,Startup,Tier-2,11.0,2.0,0,,120461,58.0,2023-07-08,No relevant project mentioned,2023,7,1,8,3,Saturday,2016-07-07 06:00:00,2016.0,7.0,7.0,3.0,Thursday,10.12,121,11-20 Years
40,Female,B.Sc,14.0,Junior,Startup,Tier-1,8.0,0.0,1,0.0,172919,51.0,2023-06-17,Built ML pipeline for preprocessing,2023,6,0,17,2,Saturday,2009-06-16 12:00:00,2009.0,6.0,16.0,2.0,Tuesday,17.18,206,11-20 Years
33,Male,B.Sc+Cert,8.0,Junior,Enterprise,Tier-2,4.0,0.0,1,7.0,108609,44.0,2023-02-23,,2023,2,0,23,1,Thursday,2015-02-23 00:00:00,2015.0,2.0,23.0,1.0,Monday,11.5,138,11-20 Years
28,Female,B.Sc,9.0,Senior,SME,Tier-1,6.0,1.0,1,,155281,65.0,2024-07-31,Contributed to open-source NLP repo,2024,7,2,31,3,Wednesday,2015-07-31 18:00:00,2015.0,7.0,31.0,3.0,Friday,11.06,133,11-20 Years
34,Male,B.Sc,9.0,Mid,SME,Remote,4.0,0.0,0,2.0,113570,67.0,2024-09-18,,2024,9,1,18,3,Wednesday,2015-09-18 18:00:00,2015.0,9.0,18.0,3.0,Friday,10.93,131,11-20 Years
28,Female,M.Sc,0.0,Mid,Startup,Tier-3,7.0,0.0,0,0.0,41993,,2023-11-12,Worked on microservices deployment,2023,11,1,12,4,Sunday,2023-11-12 00:00:00,2023.0,11.0,12.0,4.0,Sunday,2.78,33,3-5 Years
37,Male,M.Eng,15.0,Junior,SME,Tier-1,2.0,1.0,0,0.0,170949,72.0,2023-09-28,,2023,9,0,28,3,Thursday,2008-09-27 06:00:00,2008.0,9.0,27.0,3.0,Saturday,17.9,215,11-20 Years
32,Male,,4.0,Senior,Enterprise,Tier-2,2.0,,0,2.0,144338,48.0,2024-12-26,No relevant project mentioned,2024,12,2,26,4,Thursday,2020-12-26 00:00:00,2020.0,12.0,26.0,4.0,Saturday,5.66,68,6-10 Years
29,Female,B.Sc,8.0,Lead,Enterprise,Remote,4.0,1.0,1,4.0,159655,,2024-03-05,Contributed to open-source NLP repo,2024,3,3,5,1,Tuesday,2016-03-05 00:00:00,2016.0,3.0,5.0,1.0,Saturday,10.47,126,11-20 Years
33,Female,B.Sc,9.0,Junior,SME,Tier-1,10.0,1.0,1,1.0,114316,51.0,2024-09-13,Contributed to open-source NLP repo,2024,9,0,13,3,Friday,2015-09-13 18:00:00,2015.0,9.0,13.0,3.0,Sunday,10.94,131,11-20 Years
21,Female,B.Sc+Cert,0.0,Junior,SME,Tier-3,9.0,1.0,1,0.0,44348,,2023-07-02,Contributed to open-source NLP repo,2023,7,0,2,3,Sunday,2023-07-02 00:00:00,2023.0,7.0,2.0,3.0,Sunday,3.14,38,3-5 Years
23,Male,B.Sc,1.0,Senior,SME,Tier-1,5.0,1.0,0,2.0,74340,64.0,2023-09-17,Built ML pipeline for preprocessing,2023,9,2,17,3,Sunday,2022-09-16 18:00:00,2022.0,9.0,16.0,3.0,Friday,3.93,47,3-5 Years
23,Male,M.Sc,0.0,Senior,SME,Tier-2,2.0,1.0,0,3.0,60050,70.0,2023-01-24,No relevant project mentioned,2023,1,2,24,1,Tuesday,2023-01-24 00:00:00,2023.0,1.0,24.0,1.0,Tuesday,3.58,43,3-5 Years
31,Male,B.Sc,9.0,Mid,Enterprise,Remote,3.0,1.0,1,1.0,123306,62.0,2023-04-04,Experience in data cleaning and ETL,2023,4,1,4,2,Tuesday,2014-04-03 18:00:00,2014.0,4.0,3.0,2.0,Thursday,12.39,149,11-20 Years
40,Male,B.Sc,19.0,Senior,Startup,Tier-2,,1.0,1,3.0,187245,43.0,2023-09-13,,2023,9,2,13,3,Wednesday,2004-09-12 06:00:00,2004.0,9.0,12.0,3.0,Sunday,21.94,263,20+ Years
43,Male,B.Sc,19.0,Mid,Startup,Tier-2,6.0,2.0,0,0.0,169821,,2023-08-02,Worked on microservices deployment,2023,8,1,2,3,Wednesday,2004-08-01 06:00:00,2004.0,8.0,1.0,3.0,Sunday,22.06,265,20+ Years
34,Male,B.Sc,10.0,Junior,Enterprise,Remote,8.0,1.0,1,1.0,127638,60.0,2024-05-10,Contributed to open-source NLP repo,2024,5,0,10,2,Friday,2014-05-10 12:00:00,2014.0,5.0,10.0,2.0,Saturday,12.28,147,11-20 Years
33,Male,M.Sc,,Mid,Startup,Tier-3,3.0,4.0,0,2.0,140282,63.0,2023-02-09,Worked on microservices deployment,2023,2,1,9,1,Thursday,,,,,,,,,
20,Other,B.Sc+Cert,0.0,Mid,Startup,Tier-2,,0.0,0,4.0,40971,64.0,2024-04-07,Experience in data cleaning and ETL,2024,4,1,7,2,Sunday,2024-04-07 00:00:00,2024.0,4.0,7.0,2.0,Sunday,2.38,29,3-5 Years
27,Male,B.Sc,2.0,Lead,SME,Tier-2,,1.0,1,1.0,57671,83.0,2024-03-11,Built ML pipeline for preprocessing,2024,3,3,11,1,Monday,2022-03-11 12:00:00,2022.0,3.0,11.0,1.0,Friday,4.45,53,3-5 Years
25,Male,M.Eng,2.0,Junior,Enterprise,Tier-2,5.0,1.0,1,1.0,62752,62.0,2024-07-02,Experience in data cleaning and ETL,2024,7,0,2,3,Tuesday,2022-07-02 12:00:00,2022.0,7.0,2.0,3.0,Saturday,4.14,50,3-5 Years
26,Male,,0.0,Mid,SME,Tier-3,4.0,0.0,0,2.0,35353,58.0,2024-12-16,Worked on microservices deployment,2024,12,1,16,4,Monday,2024-12-16 00:00:00,2024.0,12.0,16.0,4.0,Monday,1.68,20,0-2 Years
29,Male,B.Sc,6.0,Senior,SME,Remote,6.0,4.0,1,2.0,116127,46.0,2023-07-30,Worked on microservices deployment,2023,7,2,30,3,Sunday,2017-07-29 12:00:00,2017.0,7.0,29.0,3.0,Saturday,9.07,109,6-10 Years
27,Male,B.Sc,4.0,Junior,Enterprise,Tier-3,5.0,0.0,1,2.0,58720,44.0,2023-05-03,Experience in data cleaning and ETL,2023,5,0,3,2,Wednesday,2019-05-03 00:00:00,2019.0,5.0,3.0,2.0,Friday,7.31,88,6-10 Years
20,Female,B.Sc+Cert,0.0,Mid,Enterprise,Tier-3,7.0,1.0,0,1.0,47616,57.0,2024-04-03,Experience in data cleaning and ETL,2024,4,1,3,2,Wednesday,2024-04-03 00:00:00,2024.0,4.0,3.0,2.0,Wednesday,2.39,29,3-5 Years
34,Female,M.Sc,9.0,Senior,Enterprise,Tier-1,4.0,0.0,1,3.0,174341,53.0,2023-10-13,No relevant project mentioned,2023,10,2,13,4,Friday,2014-10-12 18:00:00,2014.0,10.0,12.0,4.0,Sunday,11.86,142,11-20 Years
24,Female,M.Sc,5.0,Mid,Startup,Tier-3,5.0,0.0,0,4.0,82261,54.0,2023-10-03,,2023,10,1,3,4,Tuesday,2018-10-02 18:00:00,2018.0,10.0,2.0,4.0,Tuesday,7.89,95,6-10 Years
31,Other,M.Eng,8.0,Mid,Startup,Tier-3,6.0,1.0,0,0.0,99036,,2023-09-01,,2023,9,1,1,3,Friday,2015-09-01 00:00:00,2015.0,9.0,1.0,3.0,Tuesday,10.98,132,11-20 Years
42,Male,M.Sc,19.0,Senior,SME,Tier-3,5.0,1.0,0,1.0,218277,66.0,2023-05-23,No relevant project mentioned,2023,5,2,23,2,Tuesday,2004-05-22 06:00:00,2004.0,5.0,22.0,2.0,Saturday,22.25,267,20+ Years
24,Male,B.Sc+Cert,6.0,Junior,Startup,Tier-1,8.0,0.0,0,3.0,88243,54.0,2023-11-16,,2023,11,0,16,4,Thursday,2017-11-15 12:00:00,2017.0,11.0,15.0,4.0,Wednesday,8.77,105,6-10 Years
20,Male,M.Sc,0.0,Lead,Startup,Remote,,3.0,0,3.0,78695,,2024-01-10,Experience in data cleaning and ETL,2024,1,3,10,1,Wednesday,2024-01-10 00:00:00,2024.0,1.0,10.0,1.0,Wednesday,2.62,31,3-5 Years
28,Male,B.Sc+Cert,3.0,Mid,Startup,Tier-1,3.0,1.0,0,4.0,74504,56.0,2024-03-08,Built ML pipeline for preprocessing,2024,3,1,8,1,Friday,2021-03-08 06:00:00,2021.0,3.0,8.0,1.0,Monday,5.46,66,6-10 Years
37,Male,B.Sc,15.0,Mid,SME,Tier-1,2.0,2.0,1,3.0,319992,69.0,2024-08-01,Built ML pipeline for preprocessing,2024,8,1,1,3,Thursday,2009-08-01 06:00:00,2009.0,8.0,1.0,3.0,Saturday,17.06,205,11-20 Years
42,Male,,17.0,Mid,SME,Tier-2,5.0,0.0,0,,189683,83.0,2023-05-02,No relevant project mentioned,2023,5,1,2,2,Tuesday,2006-05-01 18:00:00,2006.0,5.0,1.0,2.0,Monday,20.31,244,20+ Years
23,Male,B.Sc,1.0,Lead,Enterprise,Tier-2,6.0,0.0,0,2.0,79783,,2023-08-23,Built ML pipeline for preprocessing,2023,8,3,23,3,Wednesday,2022-08-22 18:00:00,2022.0,8.0,22.0,3.0,Monday,4.0,48,3-5 Years
33,Male,B.Sc,14.0,Junior,Startup,Tier-1,7.0,0.0,1,0.0,144420,90.0,2024-03-04,Contributed to open-source NLP repo,2024,3,0,4,1,Monday,2010-03-04 12:00:00,2010.0,3.0,4.0,1.0,Thursday,16.47,198,11-20 Years
27,Male,M.Sc,3.0,Junior,SME,Tier-3,,2.0,0,0.0,59008,64.0,2023-05-06,Contributed to open-source NLP repo,2023,5,0,6,2,Saturday,2020-05-05 06:00:00,2020.0,5.0,5.0,2.0,Tuesday,6.3,76,6-10 Years
29,Male,B.Sc,7.0,Junior,Startup,Tier-1,,1.0,0,6.0,88805,55.0,2024-06-27,No relevant project mentioned,2024,6,0,27,2,Thursday,2017-06-27 06:00:00,2017.0,6.0,27.0,2.0,Tuesday,9.15,110,6-10 Years
46,Male,M.Sc,24.0,Junior,SME,Tier-1,7.0,3.0,0,6.0,199189,60.0,2023-07-22,,2023,7,0,22,3,Saturday,1999-07-22 00:00:00,1999.0,7.0,22.0,3.0,Thursday,27.09,325,20+ Years
21,Male,B.Sc,0.0,Mid,SME,Tier-1,6.0,3.0,0,3.0,57360,62.0,2023-09-30,Experience in data cleaning and ETL,2023,9,1,30,3,Saturday,2023-09-30 00:00:00,2023.0,9.0,30.0,3.0,Saturday,2.9,35,3-5 Years
32,Male,B.Sc,,Lead,SME,Remote,11.0,2.0,0,1.0,118853,60.0,2023-06-23,Built ML pipeline for preprocessing,2023,6,3,23,2,Friday,,,,,,,,,
33,Female,B.Sc,10.0,Senior,Enterprise,Tier-1,10.0,0.0,0,2.0,165591,62.0,2023-08-26,,2023,8,2,26,3,Saturday,2013-08-25 12:00:00,2013.0,8.0,25.0,3.0,Sunday,12.99,156,11-20 Years
37,Male,B.Sc+Cert,17.0,Junior,Enterprise,Tier-1,7.0,3.0,0,3.0,200915,50.0,2024-04-06,Worked on microservices deployment,2024,4,0,6,2,Saturday,2007-04-06 18:00:00,2007.0,4.0,6.0,2.0,Friday,19.38,233,11-20 Years
31,Male,B.Sc,,Mid,SME,Tier-2,10.0,1.0,0,2.0,129721,,2023-04-20,Experience in data cleaning and ETL,2023,4,1,20,2,Thursday,,,,,,,,,
32,Female,B.Sc,4.0,Mid,Enterprise,Tier-2,4.0,1.0,0,3.0,72972,54.0,2024-02-16,Contributed to open-source NLP repo,2024,2,1,16,1,Friday,2020-02-16 00:00:00,2020.0,2.0,16.0,1.0,Sunday,6.52,78,6-10 Years
28,Male,M.Sc,6.0,Junior,SME,Tier-3,6.0,0.0,0,0.0,84808,44.0,2023-03-12,Contributed to open-source NLP repo,2023,3,0,12,1,Sunday,2017-03-11 12:00:00,2017.0,3.0,11.0,1.0,Saturday,9.45,113,6-10 Years
32,Male,M.Sc,10.0,Senior,Enterprise,Remote,4.0,0.0,0,1.0,167035,76.0,2024-10-17,Experience in data cleaning and ETL,2024,10,2,17,4,Thursday,2014-10-17 12:00:00,2014.0,10.0,17.0,4.0,Friday,11.85,142,11-20 Years
28,Male,B.Sc,,Senior,SME,Tier-3,8.0,1.0,1,,94809,71.0,2024-12-18,No relevant project mentioned,2024,12,2,18,4,Wednesday,,,,,,,,,
34,Male,B.Sc,10.0,Senior,SME,Tier-1,8.0,1.0,0,6.0,135932,77.0,2023-12-23,Worked on microservices deployment,2023,12,2,23,4,Saturday,2013-12-22 12:00:00,2013.0,12.0,22.0,4.0,Sunday,12.67,152,11-20 Years
28,Female,B.Sc,4.0,Mid,Enterprise,Tier-2,6.0,1.0,0,5.0,84644,53.0,2024-02-27,Worked on microservices deployment,2024,2,1,27,1,Tuesday,2020-02-27 00:00:00,2020.0,2.0,27.0,1.0,Thursday,6.49,78,6-10 Years
32,Female,B.Sc+Cert,11.0,Mid,Startup,Tier-2,9.0,0.0,1,3.0,147513,60.0,2023-08-29,Experience in data cleaning and ETL,2023,8,1,29,3,Tuesday,2012-08-28 06:00:00,2012.0,8.0,28.0,3.0,Tuesday,13.98,168,11-20 Years
30,Male,B.Sc,4.0,Junior,SME,Tier-1,2.0,0.0,1,0.0,69633,69.0,2024-08-25,Contributed to open-source NLP repo,2024,8,0,25,3,Sunday,2020-08-25 00:00:00,2020.0,8.0,25.0,3.0,Tuesday,5.99,72,6-10 Years
37,Male,B.Sc,12.0,Mid,Enterprise,Tier-1,4.0,1.0,0,1.0,173187,49.0,2024-10-31,Contributed to open-source NLP repo,2024,10,1,31,4,Thursday,2012-10-31 00:00:00,2012.0,10.0,31.0,4.0,Wednesday,13.81,166,11-20 Years
30,Male,B.Sc,10.0,Mid,Enterprise,Tier-2,2.0,,0,0.0,136787,56.0,2024-12-19,Experience in data cleaning and ETL,2024,12,1,19,4,Thursday,2014-12-19 12:00:00,2014.0,12.0,19.0,4.0,Friday,11.67,140,11-20 Years
20,Male,B.Sc,0.0,Senior,Startup,Tier-1,5.0,1.0,1,2.0,48571,,2024-07-22,Built ML pipeline for preprocessing,2024,7,2,22,3,Monday,2024-07-22 00:00:00,2024.0,7.0,22.0,3.0,Monday,2.09,25,3-5 Years
38,Male,M.Sc,16.0,Senior,SME,Remote,10.0,2.0,1,1.0,198638,60.0,2024-07-21,No relevant project mentioned,2024,7,2,21,3,Sunday,2008-07-21 00:00:00,2008.0,7.0,21.0,3.0,Monday,18.09,217,11-20 Years
25,Male,B.Sc,,Lead,Enterprise,Tier-3,8.0,2.0,0,2.0,69795,51.0,2024-11-09,No relevant project mentioned,2024,11,3,9,4,Saturday,,,,,,,,,
26,Male,B.Sc,6.0,Senior,Enterprise,Tier-1,2.0,1.0,0,7.0,136911,56.0,2023-05-07,No relevant project mentioned,2023,5,2,7,2,Sunday,2017-05-06 12:00:00,2017.0,5.0,6.0,2.0,Saturday,9.3,112,6-10 Years
26,Male,B.Sc,4.0,Junior,SME,Tier-1,4.0,0.0,1,1.0,73283,63.0,2024-03-01,No relevant project mentioned,2024,3,0,1,1,Friday,2020-03-01 00:00:00,2020.0,3.0,1.0,1.0,Sunday,6.48,78,6-10 Years
38,Male,B.Sc,14.0,Mid,Enterprise,Remote,4.0,3.0,0,1.0,189263,,2024-06-13,Worked on microservices deployment,2024,6,1,13,2,Thursday,2010-06-13 12:00:00,2010.0,6.0,13.0,2.0,Sunday,16.19,194,11-20 Years
20,Male,B.Sc,0.0,Junior,Enterprise,Tier-1,2.0,1.0,1,0.0,195444,63.0,2023-03-16,No relevant project mentioned,2023,3,0,16,1,Thursday,2023-03-16 00:00:00,2023.0,3.0,16.0,1.0,Thursday,3.44,41,3-5 Years
49,Male,M.Eng,23.0,Junior,Startup,Tier-3,,2.0,0,,242657,46.0,2023-10-05,Experience in data cleaning and ETL,2023,10,0,5,4,Thursday,2000-10-04 06:00:00,2000.0,10.0,4.0,4.0,Wednesday,25.88,311,20+ Years
36,Female,M.Sc,12.0,Mid,Enterprise,Tier-2,,1.0,1,2.0,171147,64.0,2024-05-08,Built ML pipeline for preprocessing,2024,5,1,8,2,Wednesday,2012-05-08 00:00:00,2012.0,5.0,8.0,2.0,Tuesday,14.29,171,11-20 Years
31,Male,B.Sc+Cert,10.0,Mid,SME,Remote,4.0,0.0,1,3.0,129699,52.0,2024-01-23,Contributed to open-source NLP repo,2024,1,1,23,1,Tuesday,2014-01-22 12:00:00,2014.0,1.0,22.0,1.0,Wednesday,12.58,151,11-20 Years
30,Male,B.Sc+Cert,4.0,Mid,SME,Tier-3,3.0,1.0,0,2.0,74924,,2024-06-19,,2024,6,1,19,2,Wednesday,2020-06-19 00:00:00,2020.0,6.0,19.0,2.0,Friday,6.18,74,6-10 Years
32,Female,M.Sc,10.0,Junior,SME,Tier-1,,1.0,0,5.0,126364,61.0,2024-04-06,No relevant project mentioned,2024,4,0,6,2,Saturday,2014-04-06 12:00:00,2014.0,4.0,6.0,2.0,Sunday,12.38,149,11-20 Years
33,Male,B.Sc,9.0,Junior,SME,Tier-1,,1.0,0,1.0,134752,62.0,2023-11-04,No relevant project mentioned,2023,11,0,4,4,Saturday,2014-11-03 18:00:00,2014.0,11.0,3.0,4.0,Monday,11.8,142,11-20 Years
34,Male,M.Sc,14.0,Junior,Enterprise,Tier-2,1.0,1.0,0,2.0,139614,53.0,2024-08-01,No relevant project mentioned,2024,8,0,1,3,Thursday,2010-08-01 12:00:00,2010.0,8.0,1.0,3.0,Sunday,16.06,193,11-20 Years
33,Male,M.Eng,10.0,Junior,SME,Remote,7.0,2.0,0,3.0,128323,,2023-05-03,No relevant project mentioned,2023,5,0,3,2,Wednesday,2013-05-02 12:00:00,2013.0,5.0,2.0,2.0,Thursday,13.31,160,11-20 Years
31,Male,M.Sc,10.0,Junior,Enterprise,Tier-1,8.0,0.0,0,1.0,145363,35.0,2023-10-14,Built ML pipeline for preprocessing,2023,10,0,14,4,Saturday,2013-10-13 12:00:00,2013.0,10.0,13.0,4.0,Sunday,12.86,154,11-20 Years
29,Male,B.Sc,9.0,Mid,Enterprise,Tier-2,3.0,0.0,0,1.0,111468,56.0,2023-02-22,,2023,2,1,22,1,Wednesday,2014-02-21 18:00:00,2014.0,2.0,21.0,1.0,Friday,12.5,150,11-20 Years
29,Male,B.Sc,6.0,Senior,Enterprise,Tier-1,4.0,1.0,1,2.0,133276,61.0,2024-03-20,Built ML pipeline for preprocessing,2024,3,2,20,1,Wednesday,2018-03-20 12:00:00,2018.0,3.0,20.0,1.0,Tuesday,8.42,101,6-10 Years
29,Male,M.Eng,5.0,Mid,SME,Remote,7.0,1.0,0,0.0,102056,56.0,2023-05-01,,2023,5,1,1,2,Monday,2018-04-30 18:00:00,2018.0,4.0,30.0,2.0,Monday,8.31,100,6-10 Years
37,Female,M.Sc,15.0,Mid,Startup,Tier-3,6.0,0.0,1,5.0,164859,56.0,2024-11-28,,2024,11,1,28,4,Thursday,2009-11-28 06:00:00,2009.0,11.0,28.0,4.0,Saturday,16.73,201,11-20 Years
34,Male,PhD,7.0,Junior,SME,Tier-1,8.0,2.0,1,0.0,117372,61.0,2024-02-23,Built ML pipeline for preprocessing,2024,2,0,23,1,Friday,2017-02-22 06:00:00,2017.0,2.0,22.0,1.0,Wednesday,9.49,114,6-10 Years
20,Male,B.Sc,0.0,Lead,Enterprise,Tier-1,1.0,1.0,0,0.0,87829,77.0,2023-03-17,Worked on microservices deployment,2023,3,3,17,1,Friday,2023-03-17 00:00:00,2023.0,3.0,17.0,1.0,Friday,3.44,41,3-5 Years
34,Female,B.Sc,7.0,Junior,Startup,Tier-1,8.0,0.0,0,,93386,60.0,2023-03-25,Worked on microservices deployment,2023,3,0,25,1,Saturday,2016-03-24 06:00:00,2016.0,3.0,24.0,1.0,Thursday,10.41,125,11-20 Years
31,Male,B.Sc,9.0,Senior,Enterprise,Tier-2,9.0,1.0,0,2.0,149118,53.0,2023-11-03,,2023,11,2,3,4,Friday,2014-11-02 18:00:00,2014.0,11.0,2.0,4.0,Sunday,11.8,142,11-20 Years
30,Female,M.Sc,6.0,Senior,Enterprise,Tier-2,4.0,0.0,0,,144272,59.0,2024-03-20,Experience in data cleaning and ETL,2024,3,2,20,1,Wednesday,2018-03-20 12:00:00,2018.0,3.0,20.0,1.0,Tuesday,8.42,101,6-10 Years
28,Male,B.Sc,4.0,Senior,Enterprise,Tier-1,,0.0,1,1.0,94945,51.0,2024-10-20,No relevant project mentioned,2024,10,2,20,4,Sunday,2020-10-20 00:00:00,2020.0,10.0,20.0,4.0,Tuesday,5.84,70,6-10 Years
37,Female,B.Sc,14.0,Junior,SME,Remote,2.0,1.0,0,0.0,144092,,2023-12-03,Worked on microservices deployment,2023,12,0,3,4,Sunday,2009-12-02 12:00:00,2009.0,12.0,2.0,4.0,Wednesday,16.72,201,11-20 Years
36,Male,PhD,9.0,Mid,SME,Tier-2,4.0,2.0,1,0.0,143627,74.0,2024-01-16,,2024,1,1,16,1,Tuesday,2015-01-15 18:00:00,2015.0,1.0,15.0,1.0,Thursday,11.6,139,11-20 Years
25,Female,B.Sc,5.0,Junior,Enterprise,Tier-3,4.0,0.0,1,0.0,76986,70.0,2024-05-31,No relevant project mentioned,2024,5,0,31,2,Friday,2019-05-31 18:00:00,2019.0,5.0,31.0,2.0,Friday,7.23,87,6-10 Years
32,Female,M.Eng,,Junior,SME,Tier-1,2.0,0.0,0,0.0,108063,70.0,2023-04-11,,2023,4,0,11,2,Tuesday,,,,,,,,,
24,Male,B.Sc,6.0,Junior,Enterprise,Tier-1,7.0,0.0,0,3.0,92678,59.0,2023-04-10,Built ML pipeline for preprocessing,2023,4,0,10,2,Monday,2017-04-09 12:00:00,2017.0,4.0,9.0,2.0,Sunday,9.37,112,6-10 Years
22,Male,M.Eng,0.0,Senior,SME,Tier-2,7.0,0.0,0,2.0,68912,42.0,2023-06-22,Built ML pipeline for preprocessing,2023,6,2,22,2,Thursday,2023-06-22 00:00:00,2023.0,6.0,22.0,2.0,Thursday,3.17,38,3-5 Years
26,Male,M.Sc,3.0,Senior,Enterprise,Tier-2,4.0,0.0,1,1.0,127213,51.0,2024-03-07,Contributed to open-source NLP repo,2024,3,2,7,1,Thursday,2021-03-07 06:00:00,2021.0,3.0,7.0,1.0,Sunday,5.46,66,6-10 Years
35,Male,B.Sc+Cert,10.0,Junior,Enterprise,Tier-2,6.0,0.0,0,1.0,132818,,2023-04-18,Experience in data cleaning and ETL,2023,4,0,18,2,Tuesday,2013-04-17 12:00:00,2013.0,4.0,17.0,2.0,Wednesday,13.35,160,11-20 Years
36,Male,B.Sc+Cert,13.0,Mid,Startup,Remote,6.0,0.0,1,7.0,154154,37.0,2023-01-28,Built ML pipeline for preprocessing,2023,1,1,28,1,Saturday,2010-01-27 18:00:00,2010.0,1.0,27.0,1.0,Wednesday,16.57,199,11-20 Years
33,Male,B.Sc,14.0,Lead,Startup,Tier-2,3.0,1.0,1,3.0,132587,56.0,2023-09-22,Worked on microservices deployment,2023,9,3,22,3,Friday,2009-09-21 12:00:00,2009.0,9.0,21.0,3.0,Monday,16.92,203,11-20 Years
34,Male,B.Sc,,Mid,Enterprise,Tier-1,5.0,1.0,0,4.0,141884,76.0,2023-11-11,Built ML pipeline for preprocessing,2023,11,1,11,4,Saturday,,,,,,,,,
33,Male,B.Sc,6.0,Mid,Startup,Remote,11.0,2.0,0,0.0,88095,70.0,2023-02-07,Built ML pipeline for preprocessing,2023,2,1,7,1,Tuesday,2017-02-06 12:00:00,2017.0,2.0,6.0,1.0,Monday,9.54,114,6-10 Years
26,Male,M.Sc,4.0,Mid,SME,Tier-2,7.0,1.0,0,0.0,89508,,2024-08-27,Built ML pipeline for preprocessing,2024,8,1,27,3,Tuesday,2020-08-27 00:00:00,2020.0,8.0,27.0,3.0,Thursday,5.99,72,6-10 Years
33,Male,B.Sc+Cert,10.0,Senior,SME,Tier-1,6.0,2.0,0,3.0,152354,55.0,2023-06-02,Experience in data cleaning and ETL,2023,6,2,2,2,Friday,2013-06-01 12:00:00,2013.0,6.0,1.0,2.0,Saturday,13.22,159,11-20 Years
35,Male,B.Sc,14.0,Mid,Startup,Tier-1,1.0,2.0,0,0.0,145795,55.0,2023-11-24,,2023,11,1,24,4,Friday,2009-11-23 12:00:00,2009.0,11.0,23.0,4.0,Monday,16.74,201,11-20 Years
35,Male,,11.0,Senior,Startup,Tier-3,10.0,2.0,0,1.0,147627,,2023-02-17,,2023,2,2,17,1,Friday,2012-02-17 06:00:00,2012.0,2.0,17.0,1.0,Friday,14.51,174,11-20 Years
37,Male,B.Sc,13.0,Mid,Enterprise,Tier-3,6.0,1.0,0,0.0,130377,54.0,2024-10-03,No relevant project mentioned,2024,10,1,3,4,Thursday,2011-10-03 18:00:00,2011.0,10.0,3.0,4.0,Monday,14.89,179,11-20 Years
34,Male,M.Eng,10.0,Junior,SME,Tier-1,6.0,1.0,0,0.0,125789,67.0,2023-01-06,Worked on microservices deployment,2023,1,0,6,1,Friday,2013-01-05 12:00:00,2013.0,1.0,5.0,1.0,Saturday,13.63,164,11-20 Years
32,Male,B.Sc+Cert,9.0,Junior,SME,Tier-1,3.0,2.0,0,,115946,,2024-02-18,Contributed to open-source NLP repo,2024,2,0,18,1,Sunday,2015-02-17 18:00:00,2015.0,2.0,17.0,1.0,Tuesday,11.51,138,11-20 Years
36,Male,B.Sc,17.0,Junior,Enterprise,Tier-3,7.0,1.0,0,2.0,199330,84.0,2023-03-02,,2023,3,0,2,1,Thursday,2006-03-01 18:00:00,2006.0,3.0,1.0,1.0,Wednesday,20.48,246,20+ Years
30,Male,B.Sc,5.0,Mid,Startup,Remote,6.0,0.0,1,3.0,88626,53.0,2024-03-10,Built ML pipeline for preprocessing,2024,3,1,10,1,Sunday,2019-03-10 18:00:00,2019.0,3.0,10.0,1.0,Sunday,7.45,89,6-10 Years
25,Female,B.Sc,0.0,Junior,Startup,Tier-1,1.0,1.0,0,0.0,32276,64.0,2023-12-05,Worked on microservices deployment,2023,12,0,5,4,Tuesday,2023-12-05 00:00:00,2023.0,12.0,5.0,4.0,Tuesday,2.72,33,3-5 Years
29,Male,M.Sc,2.0,Senior,Enterprise,Remote,5.0,1.0,0,1.0,103449,49.0,2023-09-26,,2023,9,2,26,3,Tuesday,2021-09-25 12:00:00,2021.0,9.0,25.0,3.0,Saturday,4.91,59,3-5 Years
26,Male,B.Sc,1.0,Mid,Enterprise,Tier-1,4.0,1.0,0,3.0,69299,54.0,2023-01-08,Contributed to open-source NLP repo,2023,1,1,8,1,Sunday,2022-01-07 18:00:00,2022.0,1.0,7.0,1.0,Friday,4.62,55,3-5 Years
