data_version,age,gender,education,experience_years,role_seniority,company_size,location_tier,skills_count,certifications,worked_remote,last_promotion_years_ago,salary_bdt,recent_project_description_length,survey_date,recent_note,survey_year,survey_month,survey_day,imputation_method
v2.0,33,Male,M.Sc,6.0,Senior,Enterprise,Tier-2,1,2,1,0,145185,57,2024-11-15,Worked on microservices deployment,2024,11,15,Iterative
v2.0,29,Male,M.Sc,9.0,Junior,Enterprise,Remote,5,0,1,0,121262,50,2024-03-08,Built ML pipeline for preprocessing,2024,3,8,Iterative
v2.0,34,Male,B.Sc+Cert,10.86,Lead,Enterprise,Remote,5,1,1,5,184875,50,2024-09-01,Experience in data cleaning and ETL,2024,9,1,Iterative
v2.0,39,Male,B.Sc,16.0,Mid,Enterprise,Tier-1,5,0,1,3,180105,59,2024-01-26,Contributed to open-source NLP repo,2024,1,26,Iterative
v2.0,29,Female,B.Sc,8.0,Junior,SME,Tier-1,5,2,0,7,114750,59,2023-12-08,Built ML pipeline for preprocessing,2023,12,8,Iterative
v2.0,29,Female,B.Sc+Cert,7.0,Junior,Startup,Tier-3,5,3,1,0,88150,81,2023-09-17,Contributed to open-source NLP repo,2023,9,17,Iterative
v2.0,39,Male,B.Sc,19.0,Mid,Enterprise,Tier-1,2,0,0,4,210347,62,2024-11-15,Built ML pipeline for preprocessing,2024,11,15,Iterative
v2.0,35,Female,M.Sc,10.0,Mid,Enterprise,Tier-1,6,0,1,3,168940,61,2023-06-23,Built ML pipeline for preprocessing,2023,6,23,Iterative
v2.0,27,Male,M.Sc,4.0,Junior,Enterprise,Tier-3,5,0,1,2,74069,59,2024-12-24,Worked on microservices deployment,2024,12,24,Iterative
v2.0,33,Male,M.Sc,12.0,Junior,SME,Tier-2,7,0,0,1,117598,60,2023-07-14,Experience in data cleaning and ETL,2023,7,14,Iterative
v2.0,27,Male,B.Sc+Cert,7.0,Senior,SME,Tier-2,4,2,1,1,111207,65,2024-03-16,Worked on microservices deployment,2024,3,16,Iterative
v2.0,27,Male,PhD,1.0,Junior,Startup,Tier-1,9,4,1,4,71583,59,2023-09-29,Contributed to open-source NLP repo,2023,9,29,Iterative
v2.0,31,Female,M.Sc,4.0,Senior,Enterprise,Tier-2,4,0,1,3,128319,76,2023-11-03,No relevant project mentioned,2023,11,3,Iterative
v2.0,20,Female,B.Sc,0.0,Mid,Startup,Tier-2,2,0,0,3,30883,43,2023-11-04,Built ML pipeline for preprocessing,2023,11,4,Iterative
v2.0,20,Male,B.Sc+Cert,0.0,Mid,Startup,Tier-1,5,0,1,0,49709,60,2024-10-10,Built ML pipeline for preprocessing,2024,10,10,Iterative
v2.0,27,Male,B.Sc,0.0,Junior,SME,Tier-1,5,0,1,2,42206,58,2024-08-17,Experience in data cleaning and ETL,2024,8,17,Iterative
v2.0,24,Male,B.Sc,0.0,Junior,SME,Tier-2,6,4,0,6,42325,66,2024-07-09,Built ML pipeline for preprocessing,2024,7,9,Iterative
v2.0,32,Male,B.Sc+Cert,10.0,Senior,Startup,Remote,5,0,1,1,122308,73,2023-07-26,Built ML pipeline for preprocessing,2023,7,26,Iterative
v2.0,25,Male,B.Sc,9.0,Junior,Enterprise,Remote,2,1,1,4,110475,51,2023-04-27,No relevant project mentioned,2023,4,27,Iterative
v2.0,22,Male,B.Sc,0.0,Junior,Enterprise,Tier-1,5,1,1,1,59600,57,2023-01-05,Worked on microservices deployment,2023,1,5,Iterative
v2.0,39,Female,B.Sc,21.0,Mid,SME,Tier-3,4,1,0,3,201222,59,2024-05-13,Built ML pipeline for preprocessing,2024,5,13,Iterative
v2.0,29,Female,B.Sc+Cert,7.0,Junior,SME,Tier-3,6,0,1,0,89231,59,2024-09-17,Built ML pipeline for preprocessing,2024,9,17,Iterative
v2.0,30,Male,B.Sc,8.0,Mid,Enterprise,Tier-3,6,1,1,0,111120,59,2023-10-28,Built ML pipeline for preprocessing,2023,10,28,Iterative
v2.0,21,Female,M.Sc,0.0,Senior,Startup,Tier-2,5,0,1,1,60792,53,2024-02-29,Worked on microservices deployment,2024,2,29,Iterative
v2.0,27,Male,B.Sc,10.0,Mid,Enterprise,Tier-1,6,2,0,2,138325,71,2023-03-31,Experience in data cleaning and ETL,2023,3,31,Iterative
v2.0,31,Male,M.Sc,7.0,Senior,Startup,Tier-3,4,0,0,1,101384,62,2023-01-28,Contributed to open-source NLP repo,2023,1,28,Iterative
v2.0,23,Male,M.Sc,0.0,Senior,SME,Tier-1,9,1,0,3,72060,51,2024-06-27,Experience in data cleaning and ETL,2024,6,27,Iterative
v2.0,32,Male,B.Sc,11.0,Junior,SME,Tier-1,4,0,1,2,112714,57,2023-08-05,No relevant project mentioned,2023,8,5,Iterative
v2.0,26,Female,B.Sc,4.0,Mid,Enterprise,Tier-2,6,0,0,6,80467,77,2023-03-12,Worked on microservices deployment,2023,3,12,Iterative
v2.0,28,Male,B.Sc,4.0,Mid,Startup,Remote,7,0,0,0,66454,74,2023-01-30,Built ML pipeline for preprocessing,2023,1,30,Iterative
v2.0,26,Male,B.Sc,6.0,Mid,Startup,Tier-1,4,1,1,2,250336,60,2023-09-13,Built ML pipeline for preprocessing,2023,9,13,Iterative
v2.0,41,Male,M.Sc,19.0,Junior,SME,Tier-2,1,2,0,5,175155,57,2024-11-01,No relevant project mentioned,2024,11,1,Iterative
v2.0,30,Male,B.Sc+Cert,7.28,Lead,SME,Tier-1,4,0,1,3,143629,51,2024-01-31,Contributed to open-source NLP repo,2024,1,31,Iterative
v2.0,24,Female,B.Sc,2.0,Mid,SME,Remote,4,2,0,3,67896,72,2024-06-04,Built ML pipeline for preprocessing,2024,6,4,Iterative
v2.0,35,Male,M.Sc,12.05,Mid,SME,Tier-2,5,1,1,0,125584,59,2023-11-19,Experience in data cleaning and ETL,2023,11,19,Iterative
v2.0,23,Male,M.Sc,0.0,Mid,SME,Tier-1,4,0,0,6,58900,64,2024-01-05,Built ML pipeline for preprocessing,2024,1,5,Iterative
v2.0,31,Male,M.Sc,10.0,Mid,Startup,Tier-1,1,1,0,4,126449,69,2023-06-05,No relevant project mentioned,2023,6,5,Iterative
v2.0,20,Male,B.Sc+Cert,0.0,Senior,Startup,Tier-2,3,1,0,3,48515,63,2023-08-02,Built ML pipeline for preprocessing,2023,8,2,Iterative
v2.0,22,Male,B.Sc,0.0,Mid,SME,Tier-1,12,1,1,5,67152,47,2024-10-27,Built ML pipeline for preprocessing,2024,10,27,Iterative
v2.0,31,Male,B.Sc,8.37,Junior,SME,Tier-1,5,0,0,2,146464,67,2023-03-24,No relevant project mentioned,2023,3,24,Iterative
v2.0,34,Male,M.Sc,11.0,Junior,Startup,Tier-2,3,1,0,1,130072,62,2024-02-09,Contributed to open-source NLP repo,2024,2,9,Iterative
v2.0,31,Female,M.Sc,9.0,Senior,Startup,Tier-2,5,1,1,2,138837,62,2024-09-04,Contributed to open-source NLP repo,2024,9,4,Iterative
v2.0,29,Female,M.Sc,9.0,Mid,SME,Tier-3,4,0,0,4,116410,47,2023-01-10,Experience in data cleaning and ETL,2023,1,10,Iterative
v2.0,28,Female,B.Sc,4.0,Lead,Startup,Tier-1,6,1,1,3,106823,66,2023-10-07,Worked on microservices deployment,2023,10,7,Iterative
v2.0,21,Male,B.Sc,0.0,Junior,SME,Tier-2,5,1,1,2,36290,59,2023-10-08,Worked on microservices deployment,2023,10,8,Iterative
v2.0,26,Male,B.Sc,6.0,Junior,SME,Tier-2,3,3,0,0,87350,54,2024-11-22,Contributed to open-source NLP repo,2024,11,22,Iterative
v2.0,27,Male,B.Sc,7.0,Junior,Startup,Tier-1,8,1,1,4,96735,59,2023-03-31,Contributed to open-source NLP repo,2023,3,31,Iterative
v2.0,36,Female,M.Sc,13.0,Mid,Startup,Tier-2,5,0,0,2,155381,57,2023-05-09,Built ML pipeline for preprocessing,2023,5,9,Iterative
v2.0,32,Male,M.Sc,11.0,Mid,Enterprise,Tier-1,7,1,0,0,179168,66,2023-11-05,Experience in data cleaning and ETL,2023,11,5,Iterative
v2.0,20,Male,B.Sc,0.0,Junior,Enterprise,Tier-3,3,0,0,2,31751,75,2024-04-29,Contributed to open-source NLP repo,2024,4,29,Iterative
v2.0,32,Male,B.Sc,6.0,Mid,SME,Tier-2,10,0,1,7,92475,64,2023-04-17,Contributed to open-source NLP repo,2023,4,17,Iterative
v2.0,28,Male,B.Sc,0.0,Mid,SME,Tier-2,9,0,0,1,44801,59,2024-05-19,Built ML pipeline for preprocessing,2024,5,19,Iterative
v2.0,26,Male,B.Sc,1.0,Junior,Enterprise,Tier-1,7,0,0,0,63464,67,2023-10-10,Built ML pipeline for preprocessing,2023,10,10,Iterative
v2.0,34,Male,M.Sc,12.0,Mid,Enterprise,Tier-1,4,1,1,0,150913,48,2023-04-17,Experience in data cleaning and ETL,2023,4,17,Iterative
v2.0,36,Female,B.Sc,14.0,Mid,SME,Tier-2,5,0,0,0,154466,64,2023-06-04,Contributed to open-source NLP repo,2023,6,4,Iterative
v2.0,36,Male,B.Sc,13.0,Junior,Startup,Tier-2,5,0,1,0,143176,63,2023-08-20,No relevant project mentioned,2023,8,20,Iterative
v2.0,25,Male,M.Sc,2.0,Junior,SME,Tier-1,6,2,0,5,73344,41,2024-03-24,Built ML pipeline for preprocessing,2024,3,24,Iterative
v2.0,28,Male,B.Sc+Cert,6.0,Junior,SME,Tier-1,7,1,0,0,111147,59,2024-01-15,Worked on microservices deployment,2024,1,15,Iterative
v2.0,32,Male,M.Eng,10.0,Mid,SME,Tier-1,6,1,1,5,131675,59,2023-11-29,Built ML pipeline for preprocessing,2023,11,29,Iterative
v2.0,36,Male,B.Sc,11.0,Senior,SME,Tier-2,8,1,0,0,392397,66,2024-08-18,Built ML pipeline for preprocessing,2024,8,18,Iterative
v2.0,27,Female,B.Sc+Cert,6.0,Mid,Enterprise,Tier-1,3,0,1,5,116332,59,2023-03-17,Built ML pipeline for preprocessing,2023,3,17,Iterative
v2.0,29,Male,B.Sc,5.0,Junior,SME,Tier-2,4,0,1,1,79732,70,2023-09-18,Worked on microservices deployment,2023,9,18,Iterative
v2.0,23,Female,B.Sc,0.0,Senior,Startup,Tier-1,3,1,0,2,53444,66,2023-12-03,Built ML pipeline for preprocessing,2023,12,3,Iterative
v2.0,23,Male,B.Sc,3.0,Lead,Startup,Tier-2,7,0,0,0,89320,52,2023-08-18,Worked on microservices deployment,2023,8,18,Iterative
v2.0,35,Male,B.Sc,9.0,Mid,SME,Tier-1,6,0,0,1,117205,67,2023-08-09,Contributed to open-source NLP repo,2023,8,9,Iterative
v2.0,38,Female,B.Sc,16.0,Lead,Startup,Tier-2,7,1,1,0,185657,59,2024-11-23,Experience in data cleaning and ETL,2024,11,23,Iterative
v2.0,30,Male,B.Sc,11.0,Mid,SME,Tier-1,5,1,0,2,148203,68,2024-02-02,Built ML pipeline for preprocessing,2024,2,2,Iterative
v2.0,36,Male,B.Sc,14.0,Mid,SME,Tier-1,4,1,0,1,157882,72,2024-12-14,Worked on microservices deployment,2024,12,14,Iterative
v2.0,32,Male,M.Eng,7.0,Mid,SME,Tier-2,5,1,1,5,121826,59,2024-02-16,Contributed to open-source NLP repo,2024,2,16,Iterative
v2.0,26,Male,B.Sc+Cert,1.0,Mid,Enterprise,Tier-1,5,3,0,0,84510,75,2024-09-21,Contributed to open-source NLP repo,2024,9,21,Iterative
v2.0,32,Female,B.Sc,6.0,Junior,SME,Tier-1,3,2,0,1,86229,47,2024-09-20,Contributed to open-source NLP repo,2024,9,20,Iterative
v2.0,39,Male,B.Sc+Cert,20.0,Senior,Startup,Tier-3,4,0,1,0,206288,49,2024-02-05,Built ML pipeline for preprocessing,2024,2,5,Iterative
v2.0,30,Female,B.Sc+Cert,9.0,Senior,Startup,Remote,6,1,0,2,123057,50,2024-12-09,Experience in data cleaning and ETL,2024,12,9,Iterative
v2.0,39,Female,M.Sc,16.0,Mid,SME,Tier-1,10,0,0,0,182737,59,2024-12-06,Experience in data cleaning and ETL,2024,12,6,Iterative
v2.0,20,Male,B.Sc,-1.91,Junior,Startup,Tier-3,5,3,0,0,29061,79,2024-05-12,Built ML pipeline for preprocessing,2024,5,12,Iterative
v2.0,35,Female,M.Sc,10.0,Junior,SME,Tier-2,2,0,1,3,118001,60,2024-09-07,Contributed to open-source NLP repo,2024,9,7,Iterative
v2.0,31,Male,B.Sc+Cert,6.0,Junior,Startup,Tier-1,7,1,0,0,89997,53,2023-06-23,Worked on microservices deployment,2023,6,23,Iterative
v2.0,28,Female,M.Sc,5.0,Junior,SME,Remote,3,1,0,3,85847,59,2023-10-28,Built ML pipeline for preprocessing,2023,10,28,Iterative
v2.0,31,Male,B.Sc,11.0,Mid,Enterprise,Tier-3,3,0,0,0,108911,59,2023-04-13,Built ML pipeline for preprocessing,2023,4,13,Iterative
v2.0,20,Male,B.Sc,1.0,Senior,Startup,Remote,6,1,1,2,67670,69,2024-06-04,Worked on microservices deployment,2024,6,4,Iterative
v2.0,29,Male,M.Sc,7.0,Junior,SME,Tier-1,6,0,0,7,92325,58,2023-06-13,No relevant project mentioned,2023,6,13,Iterative
v2.0,32,Male,B.Sc,9.06,Junior,SME,Tier-1,6,7,0,2,128716,53,2023-01-05,Experience in data cleaning and ETL,2023,1,5,Iterative
v2.0,39,Male,B.Sc,15.0,Mid,Enterprise,Tier-2,3,0,0,1,156630,59,2024-08-23,Experience in data cleaning and ETL,2024,8,23,Iterative
v2.0,27,Female,B.Sc,4.0,Junior,SME,Tier-2,7,0,0,5,67580,47,2023-06-27,No relevant project mentioned,2023,6,27,Iterative
v2.0,25,Male,M.Eng,2.0,Senior,SME,Tier-1,5,1,1,2,109316,61,2023-01-27,No relevant project mentioned,2023,1,27,Iterative
v2.0,27,Male,B.Sc+Cert,5.0,Junior,Enterprise,Remote,9,1,1,2,99750,49,2024-11-17,Contributed to open-source NLP repo,2024,11,17,Iterative
v2.0,35,Female,B.Sc,14.0,Junior,SME,Tier-2,6,0,0,2,151662,58,2023-06-10,Built ML pipeline for preprocessing,2023,6,10,Iterative
v2.0,32,Male,B.Sc+Cert,8.0,Junior,SME,Tier-2,3,0,0,1,104664,54,2023-04-25,Built ML pipeline for preprocessing,2023,4,25,Iterative
v2.0,27,Female,B.Sc,7.0,Junior,Startup,Tier-2,3,1,0,2,88771,77,2024-01-13,Worked on microservices deployment,2024,1,13,Iterative
v2.0,33,Female,M.Sc,10.0,Mid,Enterprise,Tier-2,4,0,0,3,141035,57,2023-04-07,Contributed to open-source NLP repo,2023,4,7,Iterative
v2.0,31,Female,M.Sc,4.0,Junior,Enterprise,Tier-1,8,1,1,2,108836,63,2024-11-08,Built ML pipeline for preprocessing,2024,11,8,Iterative
v2.0,36,Female,M.Eng,12.96,Mid,Enterprise,Remote,4,0,0,6,152156,55,2023-05-16,Contributed to open-source NLP repo,2023,5,16,Iterative
v2.0,26,Male,B.Sc+Cert,0.0,Mid,Enterprise,Tier-1,5,1,0,2,77212,61,2024-01-23,Built ML pipeline for preprocessing,2024,1,23,Iterative
v2.0,28,Male,B.Sc,4.0,Junior,Enterprise,Tier-1,10,0,0,2,81911,55,2023-06-13,Contributed to open-source NLP repo,2023,6,13,Iterative
v2.0,28,Female,B.Sc+Cert,3.0,Junior,SME,Remote,7,1,1,7,67754,64,2024-02-19,Worked on microservices deployment,2024,2,19,Iterative
v2.0,21,Male,B.Sc,0.0,Mid,Enterprise,Remote,5,0,1,0,49356,48,2024-12-14,Built ML pipeline for preprocessing,2024,12,14,Iterative
v2.0,32,Male,M.Sc,8.0,Mid,SME,Tier-3,5,2,0,0,104601,57,2024-11-11,Built ML pipeline for preprocessing,2024,11,11,Iterative
v2.0,32,Male,M.Sc,11.0,Senior,SME,Remote,3,2,0,0,158441,66,2023-05-16,Built ML pipeline for preprocessing,2023,5,16,Iterative
v2.0,30,Female,M.Sc,9.0,Junior,SME,Tier-2,6,2,1,7,117894,61,2023-06-07,Built ML pipeline for preprocessing,2023,6,7,Iterative
v2.0,29,Male,B.Sc,7.0,Junior,SME,Remote,4,1,0,3,105294,59,2024-02-02,Experience in data cleaning and ETL,2024,2,2,Iterative
v2.0,22,Male,B.Sc+Cert,2.0,Junior,Enterprise,Tier-1,5,2,0,1,74323,59,2024-01-01,Built ML pipeline for preprocessing,2024,1,1,Iterative
v2.0,27,Male,B.Sc,8.0,Mid,SME,Tier-3,1,3,1,0,109963,54,2023-10-29,Worked on microservices deployment,2023,10,29,Iterative
v2.0,28,Male,B.Sc,5.0,Mid,Startup,Tier-2,8,0,0,2,78201,55,2023-12-15,Worked on microservices deployment,2023,12,15,Iterative
v2.0,25,Male,M.Sc,3.0,Senior,Startup,Tier-1,1,1,0,0,84084,74,2024-01-29,No relevant project mentioned,2024,1,29,Iterative
v2.0,29,Male,B.Sc,5.0,Mid,Enterprise,Tier-2,4,2,1,5,111207,56,2023-11-20,Experience in data cleaning and ETL,2023,11,20,Iterative
v2.0,32,Male,M.Eng,8.0,Junior,SME,Tier-2,7,0,0,3,107168,62,2023-02-19,Contributed to open-source NLP repo,2023,2,19,Iterative
v2.0,41,Female,B.Sc,21.0,Mid,SME,Tier-2,7,1,1,6,226842,48,2023-11-20,Built ML pipeline for preprocessing,2023,11,20,Iterative
v2.0,31,Male,B.Sc,8.29,Senior,SME,Tier-1,7,1,0,1,128944,50,2024-05-28,Built ML pipeline for preprocessing,2024,5,28,Iterative
v2.0,32,Female,M.Eng,7.0,Junior,SME,Tier-3,2,0,1,2,82079,55,2024-04-07,No relevant project mentioned,2024,4,7,Iterative
v2.0,30,Female,B.Sc,3.0,Mid,Startup,Tier-1,7,1,0,2,79272,59,2023-03-16,Contributed to open-source NLP repo,2023,3,16,Iterative
v2.0,20,Male,B.Sc,0.0,Lead,SME,Tier-2,3,1,1,5,68987,45,2024-05-15,Worked on microservices deployment,2024,5,15,Iterative
v2.0,30,Male,M.Sc,8.0,Mid,Enterprise,Remote,6,3,0,7,138073,64,2024-12-27,Contributed to open-source NLP repo,2024,12,27,Iterative
v2.0,30,Male,B.Sc,6.0,Mid,SME,Tier-2,4,0,0,6,85805,49,2023-07-07,Built ML pipeline for preprocessing,2023,7,7,Iterative
v2.0,45,Female,M.Sc,22.0,Junior,SME,Tier-1,5,1,0,2,205524,57,2023-05-09,Experience in data cleaning and ETL,2023,5,9,Iterative
v2.0,29,Male,B.Sc,7.0,Mid,Startup,Tier-1,2,3,1,0,99141,53,2024-05-07,Built ML pipeline for preprocessing,2024,5,7,Iterative
v2.0,32,Male,M.Eng,10.0,Junior,SME,Tier-2,3,1,0,2,125369,47,2023-04-07,No relevant project mentioned,2023,4,7,Iterative
v2.0,30,Male,M.Eng,9.0,Mid,Startup,Remote,1,1,1,0,122521,49,2023-12-31,Built ML pipeline for preprocessing,2023,12,31,Iterative
v2.0,23,Male,M.Sc,0.0,Junior,SME,Remote,8,2,0,0,55768,59,2024-05-15,Built ML pipeline for preprocessing,2024,5,15,Iterative
v2.0,37,Male,B.Sc,13.74,Senior,SME,Tier-3,5,2,1,0,107524,65,2023-06-14,Experience in data cleaning and ETL,2023,6,14,Iterative
v2.0,35,Male,M.Eng,10.0,Senior,Enterprise,Tier-1,5,0,0,1,184933,59,2023-06-26,Built ML pipeline for preprocessing,2023,6,26,Iterative
v2.0,35,Female,B.Sc,10.0,Mid,SME,Tier-1,6,0,0,2,152967,53,2024-09-20,Contributed to open-source NLP repo,2024,9,20,Iterative
v2.0,25,Male,M.Sc,4.0,Junior,SME,Tier-1,1,0,0,1,63311,59,2024-12-22,Contributed to open-source NLP repo,2024,12,22,Iterative
v2.0,38,Male,B.Sc,13.0,Junior,SME,Tier-1,4,1,0,2,132455,74,2023-09-30,Experience in data cleaning and ETL,2023,9,30,Iterative
v2.0,22,Male,B.Sc+Cert,0.0,Senior,SME,Tier-1,5,1,0,0,58393,59,2023-11-23,Worked on microservices deployment,2023,11,23,Iterative
v2.0,34,Female,M.Sc,8.0,Mid,Startup,Tier-1,1,3,1,2,134124,62,2024-02-03,No relevant project mentioned,2024,2,3,Iterative
v2.0,43,Male,B.Sc,17.0,Mid,SME,Tier-2,5,0,0,3,177337,36,2024-07-16,Contributed to open-source NLP repo,2024,7,16,Iterative
v2.0,24,Female,B.Sc,0.0,Junior,Enterprise,Tier-1,1,0,1,0,46722,62,2024-02-15,Worked on microservices deployment,2024,2,15,Iterative
v2.0,27,Male,B.Sc,10.0,Mid,Startup,Tier-2,4,1,0,4,128993,59,2023-03-05,Built ML pipeline for preprocessing,2023,3,5,Iterative
v2.0,31,Male,B.Sc,7.0,Mid,SME,Remote,7,1,0,2,102483,56,2024-03-22,No relevant project mentioned,2024,3,22,Iterative
v2.0,27,Male,B.Sc+Cert,5.0,Mid,Enterprise,Tier-2,4,3,1,2,95740,53,2023-12-07,Worked on microservices deployment,2023,12,7,Iterative
v2.0,21,Male,M.Sc,0.0,Mid,SME,Tier-3,4,0,0,2,41870,56,2023-08-17,No relevant project mentioned,2023,8,17,Iterative
v2.0,30,Male,M.Sc,10.0,Senior,Enterprise,Tier-3,4,1,1,2,154614,57,2024-05-19,Worked on microservices deployment,2024,5,19,Iterative
v2.0,24,Male,B.Sc,3.0,Junior,SME,Tier-1,1,2,0,0,57119,57,2024-09-20,Contributed to open-source NLP repo,2024,9,20,Iterative
v2.0,33,Female,B.Sc,10.17,Junior,SME,Tier-1,6,1,0,3,138188,60,2023-09-07,Built ML pipeline for preprocessing,2023,9,7,Iterative
v2.0,24,Male,B.Sc+Cert,1.0,Mid,SME,Tier-1,5,3,0,2,55705,60,2023-03-11,No relevant project mentioned,2023,3,11,Iterative
v2.0,39,Male,B.Sc,18.0,Junior,Enterprise,Tier-1,4,1,0,0,197835,81,2024-05-26,Worked on microservices deployment,2024,5,26,Iterative
v2.0,25,Male,B.Sc,5.0,Senior,Enterprise,Tier-2,5,3,0,3,141658,57,2023-12-11,Contributed to open-source NLP repo,2023,12,11,Iterative
v2.0,28,Male,B.Sc,4.0,Mid,Startup,Remote,8,0,0,3,74818,49,2024-06-30,Built ML pipeline for preprocessing,2024,6,30,Iterative
v2.0,35,Male,B.Sc,11.0,Senior,SME,Remote,3,0,0,0,119158,63,2023-09-30,No relevant project mentioned,2023,9,30,Iterative
v2.0,23,Male,B.Sc,0.0,Mid,Startup,Tier-1,4,0,0,4,46100,59,2024-07-09,Worked on microservices deployment,2024,7,9,Iterative
v2.0,31,Male,B.Sc,8.0,Junior,Startup,Remote,2,1,1,1,92689,51,2023-12-11,Built ML pipeline for preprocessing,2023,12,11,Iterative
v2.0,38,Male,PhD,14.0,Junior,SME,Tier-1,3,1,0,0,182065,50,2024-04-04,Experience in data cleaning and ETL,2024,4,4,Iterative
v2.0,20,Male,B.Sc,0.0,Senior,SME,Tier-3,2,1,1,3,45599,50,2023-04-17,Built ML pipeline for preprocessing,2023,4,17,Iterative
v2.0,31,Male,B.Sc,8.1,Junior,Startup,Tier-1,6,1,0,2,101069,75,2024-05-02,No relevant project mentioned,2024,5,2,Iterative
v2.0,32,Male,B.Sc,9.0,Mid,Startup,Tier-1,5,1,1,0,99733,65,2023-02-13,Built ML pipeline for preprocessing,2023,2,13,Iterative
v2.0,35,Male,B.Sc,8.0,Senior,SME,Tier-1,2,0,0,5,127541,57,2024-05-16,No relevant project mentioned,2024,5,16,Iterative
v2.0,23,Female,B.Sc,0.0,Junior,Enterprise,Remote,1,1,0,5,43103,63,2024-02-29,No relevant project mentioned,2024,2,29,Iterative
v2.0,22,Male,B.Sc+Cert,1.0,Junior,Enterprise,Tier-1,4,3,0,4,56675,68,2023-02-18,Built ML pipeline for preprocessing,2023,2,18,Iterative
v2.0,33,Male,B.Sc,10.0,Mid,Startup,Tier-1,4,0,0,1,137437,79,2023-03-01,Worked on microservices deployment,2023,3,1,Iterative
v2.0,32,Male,B.Sc,9.0,Senior,Enterprise,Remote,8,1,1,4,145705,59,2023-09-15,Experience in data cleaning and ETL,2023,9,15,Iterative
v2.0,32,Female,B.Sc,10.0,Junior,SME,Remote,4,0,0,4,131482,58,2024-07-30,No relevant project mentioned,2024,7,30,Iterative
v2.0,32,Female,PhD,10.0,Senior,Enterprise,Tier-1,5,0,1,7,211557,54,2023-04-24,No relevant project mentioned,2023,4,24,Iterative
v2.0,26,Male,B.Sc,3.73,Mid,SME,Tier-3,6,1,1,6,48371,48,2023-12-15,Built ML pipeline for preprocessing,2023,12,15,Iterative
v2.0,31,Female,B.Sc,11.0,Lead,SME,Tier-1,4,2,0,1,172151,57,2024-02-02,Contributed to open-source NLP repo,2024,2,2,Iterative
v2.0,32,Male,M.Sc,10.0,Junior,Enterprise,Tier-1,5,0,0,0,154266,65,2024-11-04,Contributed to open-source NLP repo,2024,11,4,Iterative
v2.0,26,Male,M.Sc,1.0,Junior,Startup,Tier-2,5,0,1,1,51174,50,2024-04-14,Built ML pipeline for preprocessing,2024,4,14,Iterative
v2.0,41,Female,B.Sc,19.0,Senior,Enterprise,Tier-2,5,1,0,2,199298,76,2024-11-06,Experience in data cleaning and ETL,2024,11,6,Iterative
v2.0,33,Female,B.Sc,8.0,Senior,Enterprise,Tier-2,5,2,1,2,126726,64,2023-01-15,Worked on microservices deployment,2023,1,15,Iterative
v2.0,23,Male,M.Sc,0.0,Mid,Enterprise,Tier-2,4,0,1,3,72002,58,2024-07-02,No relevant project mentioned,2024,7,2,Iterative
v2.0,34,Male,B.Sc,9.0,Mid,SME,Tier-2,5,1,1,4,110156,69,2023-05-18,Contributed to open-source NLP repo,2023,5,18,Iterative
v2.0,24,Male,M.Eng,3.0,Senior,Startup,Tier-3,2,0,1,1,70835,56,2023-09-22,No relevant project mentioned,2023,9,22,Iterative
v2.0,35,Male,M.Sc,12.0,Junior,SME,Tier-3,5,0,1,0,125763,62,2024-07-11,Built ML pipeline for preprocessing,2024,7,11,Iterative
v2.0,37,Female,B.Sc,15.0,Mid,Enterprise,Tier-2,4,2,1,0,185031,46,2024-09-09,Built ML pipeline for preprocessing,2024,9,9,Iterative
v2.0,25,Male,B.Sc,0.0,Senior,SME,Tier-1,9,1,0,2,56139,64,2023-03-22,Contributed to open-source NLP repo,2023,3,22,Iterative
v2.0,36,Male,B.Sc,13.18,Mid,SME,Tier-2,2,1,0,4,142638,59,2023-10-30,Worked on microservices deployment,2023,10,30,Iterative
v2.0,32,Male,M.Sc,9.06,Junior,SME,Tier-3,7,1,1,5,106529,62,2023-10-01,Experience in data cleaning and ETL,2023,10,1,Iterative
v2.0,35,Male,B.Sc,11.92,Senior,SME,Tier-2,5,1,1,2,167026,61,2023-04-23,Experience in data cleaning and ETL,2023,4,23,Iterative
v2.0,41,Male,B.Sc,17.0,Junior,Startup,Tier-2,4,1,0,6,153838,69,2024-02-13,Built ML pipeline for preprocessing,2024,2,13,Iterative
v2.0,29,Male,M.Sc,6.0,Junior,SME,Tier-1,7,0,0,0,71711,43,2024-12-20,Built ML pipeline for preprocessing,2024,12,20,Iterative
v2.0,25,Female,PhD,2.0,Lead,Enterprise,Tier-2,6,0,0,2,131807,54,2023-12-31,Built ML pipeline for preprocessing,2023,12,31,Iterative
v2.0,25,Female,B.Sc,2.0,Mid,Startup,Tier-1,5,2,1,0,68810,65,2023-08-29,Built ML pipeline for preprocessing,2023,8,29,Iterative
v2.0,25,Male,B.Sc,0.0,Senior,Enterprise,Remote,4,2,0,0,78770,54,2023-03-30,Experience in data cleaning and ETL,2023,3,30,Iterative
v2.0,30,Female,B.Sc,7.0,Senior,SME,Tier-2,5,2,1,6,118033,69,2024-11-25,Built ML pipeline for preprocessing,2024,11,25,Iterative
v2.0,32,Female,B.Sc,13.0,Junior,SME,Tier-1,4,1,1,4,144791,50,2023-09-29,No relevant project mentioned,2023,9,29,Iterative
v2.0,32,Female,B.Sc,10.0,Junior,SME,Tier-2,4,1,0,0,110738,44,2023-09-12,Built ML pipeline for preprocessing,2023,9,12,Iterative
v2.0,35,Male,B.Sc,11.0,Junior,Startup,Tier-3,3,2,1,1,131527,44,2024-05-03,No relevant project mentioned,2024,5,3,Iterative
v2.0,30,Male,B.Sc,9.0,Junior,SME,Tier-1,5,1,1,0,110159,45,2023-09-02,Contributed to open-source NLP repo,2023,9,2,Iterative
v2.0,39,Male,B.Sc,18.0,Mid,Enterprise,Tier-2,3,4,1,0,211922,57,2023-04-09,No relevant project mentioned,2023,4,9,Iterative
v2.0,28,Male,B.Sc+Cert,7.0,Mid,SME,Tier-2,3,1,0,3,103459,52,2024-07-24,Built ML pipeline for preprocessing,2024,7,24,Iterative
v2.0,46,Male,M.Eng,19.0,Mid,SME,Tier-3,5,3,0,2,237357,58,2023-03-14,Built ML pipeline for preprocessing,2023,3,14,Iterative
v2.0,34,Male,M.Sc,12.0,Junior,Startup,Tier-1,5,2,1,1,164659,49,2024-09-15,Contributed to open-source NLP repo,2024,9,15,Iterative
v2.0,25,Male,B.Sc,1.0,Mid,Enterprise,Tier-2,5,0,0,0,59399,44,2024-11-07,Experience in data cleaning and ETL,2024,11,7,Iterative
v2.0,24,Female,B.Sc,0.0,Mid,SME,Remote,4,3,0,1,52628,69,2023-10-15,No relevant project mentioned,2023,10,15,Iterative
v2.0,33,Male,B.Sc,9.0,Mid,SME,Remote,4,0,1,1,130793,69,2023-07-30,Contributed to open-source NLP repo,2023,7,30,Iterative
v2.0,29,Male,M.Sc,3.0,Junior,Startup,Tier-2,6,1,1,4,61474,56,2024-06-17,No relevant project mentioned,2024,6,17,Iterative
v2.0,34,Female,B.Sc+Cert,10.0,Mid,Enterprise,Remote,10,1,0,7,168428,65,2023-03-24,No relevant project mentioned,2023,3,24,Iterative
v2.0,33,Female,B.Sc,9.0,Junior,SME,Tier-2,5,1,0,0,109725,49,2023-08-30,Built ML pipeline for preprocessing,2023,8,30,Iterative
v2.0,30,Female,B.Sc,7.0,Mid,SME,Tier-2,1,0,1,1,99675,51,2023-01-12,Built ML pipeline for preprocessing,2023,1,12,Iterative
v2.0,25,Other,B.Sc,4.0,Mid,SME,Tier-2,7,0,1,1,79968,60,2024-05-31,Contributed to open-source NLP repo,2024,5,31,Iterative
v2.0,21,Male,B.Sc,0.0,Junior,Enterprise,Tier-1,5,2,0,0,47723,72,2023-04-26,Worked on microservices deployment,2023,4,26,Iterative
v2.0,27,Female,B.Sc,6.0,Mid,Startup,Tier-2,6,1,0,0,83185,36,2023-12-13,Contributed to open-source NLP repo,2023,12,13,Iterative
v2.0,35,Male,M.Sc,10.0,Junior,Enterprise,Tier-2,4,1,1,5,124235,55,2023-01-20,No relevant project mentioned,2023,1,20,Iterative
v2.0,31,Male,M.Sc,8.0,Junior,SME,Tier-3,7,2,0,4,106313,65,2024-12-01,Worked on microservices deployment,2024,12,1,Iterative
v2.0,23,Male,B.Sc,0.0,Junior,SME,Tier-3,5,1,0,0,25973,44,2023-05-16,Worked on microservices deployment,2023,5,16,Iterative
v2.0,31,Male,B.Sc,9.0,Senior,SME,Tier-2,2,0,0,1,109843,63,2024-03-21,Experience in data cleaning and ETL,2024,3,21,Iterative
v2.0,32,Male,B.Sc,10.0,Mid,Enterprise,Tier-1,1,0,0,1,162581,48,2024-03-13,Built ML pipeline for preprocessing,2024,3,13,Iterative
v2.0,25,Male,B.Sc,3.0,Lead,SME,Tier-1,5,0,0,0,108533,55,2024-07-23,Built ML pipeline for preprocessing,2024,7,23,Iterative
v2.0,31,Female,B.Sc,8.0,Mid,Enterprise,Tier-1,3,2,1,2,144248,60,2023-06-22,Contributed to open-source NLP repo,2023,6,22,Iterative
v2.0,30,Male,B.Sc,4.0,Mid,Startup,Tier-2,6,2,0,2,77515,70,2024-12-05,Worked on microservices deployment,2024,12,5,Iterative
v2.0,23,Male,B.Sc,0.0,Mid,Enterprise,Tier-1,2,1,1,1,61418,51,2024-05-31,Built ML pipeline for preprocessing,2024,5,31,Iterative
v2.0,32,Female,B.Sc,13.0,Junior,Startup,Tier-2,4,1,1,5,155512,42,2023-06-08,No relevant project mentioned,2023,6,8,Iterative
v2.0,33,Male,M.Eng,11.0,Junior,SME,Tier-1,8,1,1,2,151933,78,2024-02-09,Experience in data cleaning and ETL,2024,2,9,Iterative
v2.0,36,Male,B.Sc,13.0,Junior,SME,Tier-3,5,1,0,1,142070,59,2024-05-26,Built ML pipeline for preprocessing,2024,5,26,Iterative
v2.0,36,Male,B.Sc,11.0,Mid,SME,Remote,3,1,1,1,115085,68,2024-10-13,Built ML pipeline for preprocessing,2024,10,13,Iterative
v2.0,22,Male,B.Sc,-0.05,Junior,SME,Tier-2,3,2,1,0,41536,55,2023-01-04,No relevant project mentioned,2023,1,4,Iterative
v2.0,24,Male,B.Sc,1.0,Junior,SME,Tier-1,5,1,0,2,53757,52,2024-08-09,No relevant project mentioned,2024,8,9,Iterative
v2.0,33,Female,B.Sc+Cert,13.0,Junior,Startup,Tier-2,5,1,0,2,143334,76,2023-04-14,Experience in data cleaning and ETL,2023,4,14,Iterative
v2.0,33,Male,B.Sc+Cert,9.0,Mid,SME,Tier-1,5,2,0,5,148725,61,2024-01-08,No relevant project mentioned,2024,1,8,Iterative
v2.0,33,Male,B.Sc,12.0,Mid,Startup,Tier-1,6,1,0,5,161056,72,2024-10-10,Built ML pipeline for preprocessing,2024,10,10,Iterative
v2.0,53,Female,M.Sc,29.0,Senior,SME,Tier-1,2,0,0,4,295552,59,2023-10-09,Worked on microservices deployment,2023,10,9,Iterative
v2.0,33,Female,B.Sc,12.0,Junior,Startup,Tier-1,5,1,0,2,149398,59,2023-10-10,Built ML pipeline for preprocessing,2023,10,10,Iterative
v2.0,37,Male,PhD,15.0,Junior,Startup,Tier-1,8,1,0,3,162534,58,2024-04-21,Built ML pipeline for preprocessing,2024,4,21,Iterative
v2.0,36,Male,B.Sc,13.0,Mid,Startup,Tier-1,6,0,0,4,128848,42,2023-08-23,Worked on microservices deployment,2023,8,23,Iterative
v2.0,34,Male,PhD,9.0,Senior,SME,Tier-1,8,1,1,0,182535,64,2024-12-02,Built ML pipeline for preprocessing,2024,12,2,Iterative
v2.0,28,Male,M.Sc,5.0,Junior,Enterprise,Tier-2,2,0,1,1,93707,75,2023-06-27,Built ML pipeline for preprocessing,2023,6,27,Iterative
v2.0,35,Male,B.Sc,11.0,Mid,Enterprise,Remote,5,1,1,0,151707,57,2023-12-04,Experience in data cleaning and ETL,2023,12,4,Iterative
v2.0,25,Male,B.Sc,1.0,Mid,Startup,Remote,8,0,0,2,53932,69,2024-05-16,Built ML pipeline for preprocessing,2024,5,16,Iterative
v2.0,29,Female,PhD,5.0,Junior,SME,Tier-1,4,0,0,4,93974,44,2023-08-10,Experience in data cleaning and ETL,2023,8,10,Iterative
v2.0,27,Male,B.Sc+Cert,8.0,Junior,SME,Tier-2,2,1,1,0,108626,44,2024-03-31,Built ML pipeline for preprocessing,2024,3,31,Iterative
v2.0,30,Male,B.Sc,10.0,Junior,SME,Remote,4,1,1,3,114817,55,2024-12-26,No relevant project mentioned,2024,12,26,Iterative
v2.0,44,Male,M.Sc,24.0,Senior,SME,Tier-1,2,0,0,1,319998,68,2024-12-25,Built ML pipeline for preprocessing,2024,12,25,Iterative
v2.0,20,Male,B.Sc,0.0,Mid,Startup,Tier-3,2,1,0,5,29704,59,2023-12-25,Worked on microservices deployment,2023,12,25,Iterative
v2.0,34,Male,B.Sc,10.0,Mid,SME,Tier-2,4,1,1,2,139782,59,2024-02-14,Contributed to open-source NLP repo,2024,2,14,Iterative
v2.0,20,Male,B.Sc,0.0,Mid,SME,Remote,4,1,0,7,41240,59,2024-08-27,Built ML pipeline for preprocessing,2024,8,27,Iterative
v2.0,27,Female,B.Sc,6.0,Mid,Startup,Remote,4,1,0,2,84362,53,2024-07-11,Built ML pipeline for preprocessing,2024,7,11,Iterative
v2.0,37,Male,M.Eng,17.0,Mid,SME,Tier-2,10,3,0,6,198958,58,2024-04-06,No relevant project mentioned,2024,4,6,Iterative
v2.0,30,Male,B.Sc,7.31,Junior,SME,Tier-2,6,0,1,1,105764,64,2023-07-10,Contributed to open-source NLP repo,2023,7,10,Iterative
v2.0,24,Male,M.Eng,1.0,Junior,Startup,Tier-1,7,1,0,2,63459,48,2023-05-25,Experience in data cleaning and ETL,2023,5,25,Iterative
v2.0,26,Male,B.Sc,0.0,Junior,SME,Tier-1,5,1,1,0,39981,71,2023-12-10,Experience in data cleaning and ETL,2023,12,10,Iterative
v2.0,34,Male,B.Sc,8.0,Mid,Enterprise,Tier-2,9,2,0,3,107003,70,2024-09-07,No relevant project mentioned,2024,9,7,Iterative
v2.0,26,Male,B.Sc,4.0,Junior,Enterprise,Tier-1,6,1,0,7,79894,46,2024-07-29,Experience in data cleaning and ETL,2024,7,29,Iterative
v2.0,31,Male,B.Sc,7.0,Mid,SME,Tier-1,6,0,0,4,97275,63,2023-06-06,Worked on microservices deployment,2023,6,6,Iterative
v2.0,30,Male,B.Sc,5.0,Junior,SME,Tier-1,4,0,0,2,83074,53,2023-11-04,Worked on microservices deployment,2023,11,4,Iterative
v2.0,26,Female,B.Sc,3.0,Senior,SME,Remote,6,0,1,1,89337,73,2023-05-08,Built ML pipeline for preprocessing,2023,5,8,Iterative
v2.0,43,Other,M.Sc,21.0,Junior,SME,Tier-1,3,0,1,1,229589,73,2023-01-24,Built ML pipeline for preprocessing,2023,1,24,Iterative
v2.0,34,Female,B.Sc,11.0,Junior,Startup,Tier-1,9,2,0,2,141062,54,2023-05-05,No relevant project mentioned,2023,5,5,Iterative
v2.0,20,Female,B.Sc,0.0,Senior,SME,Tier-2,4,3,0,1,65467,43,2023-06-24,No relevant project mentioned,2023,6,24,Iterative
v2.0,31,Male,B.Sc,7.0,Mid,SME,Tier-2,7,0,0,2,113050,76,2023-04-11,Built ML pipeline for preprocessing,2023,4,11,Iterative
v2.0,26,Female,B.Sc+Cert,1.0,Lead,SME,Tier-1,3,2,1,5,96332,54,2023-02-20,Built ML pipeline for preprocessing,2023,2,20,Iterative
v2.0,35,Male,B.Sc+Cert,14.0,Junior,Enterprise,Remote,10,1,0,6,195742,75,2023-09-15,Worked on microservices deployment,2023,9,15,Iterative
v2.0,25,Female,B.Sc,3.0,Junior,Enterprise,Tier-2,5,1,0,1,61597,58,2024-10-22,Built ML pipeline for preprocessing,2024,10,22,Iterative
v2.0,29,Other,B.Sc,11.0,Mid,Startup,Tier-2,7,1,0,2,128066,59,2023-06-17,Built ML pipeline for preprocessing,2023,6,17,Iterative
v2.0,33,Female,B.Sc,12.0,Senior,Startup,Tier-1,7,0,0,2,152865,59,2023-04-15,Built ML pipeline for preprocessing,2023,4,15,Iterative
v2.0,35,Other,B.Sc+Cert,15.0,Junior,Startup,Tier-2,4,0,0,3,156923,59,2024-08-03,Built ML pipeline for preprocessing,2024,8,3,Iterative
v2.0,23,Male,B.Sc,0.0,Senior,Enterprise,Tier-3,5,2,0,0,47552,52,2023-02-04,Built ML pipeline for preprocessing,2023,2,4,Iterative
v2.0,28,Male,B.Sc,5.35,Mid,Enterprise,Tier-1,5,2,0,4,64729,64,2024-03-03,Worked on microservices deployment,2024,3,3,Iterative
v2.0,27,Male,B.Sc,4.4,Senior,Enterprise,Tier-1,8,1,1,1,128977,69,2024-11-05,Built ML pipeline for preprocessing,2024,11,5,Iterative
v2.0,26,Male,B.Sc,3.0,Mid,SME,Tier-1,7,0,1,2,68421,74,2023-12-05,Built ML pipeline for preprocessing,2023,12,5,Iterative
v2.0,41,Male,B.Sc,18.0,Junior,Enterprise,Remote,7,2,0,4,167476,49,2024-12-20,No relevant project mentioned,2024,12,20,Iterative
v2.0,32,Male,M.Sc,9.0,Senior,SME,Tier-1,3,1,0,7,141825,55,2023-06-02,No relevant project mentioned,2023,6,2,Iterative
v2.0,22,Other,B.Sc,0.0,Senior,Enterprise,Remote,4,0,1,4,67311,51,2024-05-20,Experience in data cleaning and ETL,2024,5,20,Iterative
v2.0,36,Male,M.Sc,13.0,Mid,Enterprise,Tier-1,3,3,1,0,188224,66,2023-03-21,Built ML pipeline for preprocessing,2023,3,21,Iterative
v2.0,43,Female,B.Sc,22.0,Junior,SME,Tier-2,5,0,0,1,206181,58,2023-01-31,Worked on microservices deployment,2023,1,31,Iterative
v2.0,36,Female,B.Sc,11.0,Junior,SME,Tier-2,6,1,0,0,135209,62,2023-08-13,Built ML pipeline for preprocessing,2023,8,13,Iterative
v2.0,21,Female,B.Sc+Cert,0.0,Mid,Enterprise,Tier-1,5,1,1,6,70063,64,2023-07-28,Built ML pipeline for preprocessing,2023,7,28,Iterative
v2.0,27,Female,B.Sc,3.0,Junior,SME,Tier-2,7,2,0,1,60985,59,2023-06-29,Built ML pipeline for preprocessing,2023,6,29,Iterative
v2.0,38,Male,M.Eng,13.0,Mid,Startup,Tier-1,1,0,0,6,166735,55,2024-02-23,Built ML pipeline for preprocessing,2024,2,23,Iterative
v2.0,26,Female,B.Sc,0.0,Junior,Startup,Tier-1,2,2,1,6,31707,59,2024-05-11,No relevant project mentioned,2024,5,11,Iterative
v2.0,33,Female,B.Sc,11.0,Mid,SME,Tier-3,6,0,0,2,140772,50,2023-11-01,Built ML pipeline for preprocessing,2023,11,1,Iterative
v2.0,35,Male,B.Sc+Cert,14.0,Junior,SME,Tier-1,4,1,1,0,139423,63,2024-10-17,Built ML pipeline for preprocessing,2024,10,17,Iterative
v2.0,24,Male,B.Sc,0.0,Mid,Startup,Tier-2,9,0,1,0,45863,54,2023-11-10,Contributed to open-source NLP repo,2023,11,10,Iterative
v2.0,30,Female,B.Sc+Cert,6.0,Mid,Startup,Tier-1,5,0,0,4,100391,50,2023-11-30,Built ML pipeline for preprocessing,2023,11,30,Iterative
v2.0,20,Male,B.Sc,0.0,Mid,SME,Tier-1,5,1,1,4,61527,45,2023-03-05,Built ML pipeline for preprocessing,2023,3,5,Iterative
v2.0,24,Male,B.Sc+Cert,0.0,Mid,SME,Tier-2,2,1,0,6,39743,52,2023-11-04,Built ML pipeline for preprocessing,2023,11,4,Iterative
v2.0,28,Male,B.Sc,4.0,Junior,Startup,Tier-2,5,0,1,0,63212,52,2023-02-09,Experience in data cleaning and ETL,2023,2,9,Iterative
v2.0,23,Male,B.Sc,0.0,Mid,Startup,Tier-1,5,2,1,3,45938,61,2023-08-31,Contributed to open-source NLP repo,2023,8,31,Iterative
v2.0,40,Male,M.Sc,20.0,Senior,Startup,Tier-2,5,1,0,2,215558,57,2023-12-27,Contributed to open-source NLP repo,2023,12,27,Iterative
v2.0,21,Female,B.Sc+Cert,0.0,Mid,Startup,Tier-1,5,1,0,1,45663,63,2023-09-02,Built ML pipeline for preprocessing,2023,9,2,Iterative
v2.0,27,Male,B.Sc+Cert,7.0,Senior,Enterprise,Remote,5,3,0,2,155293,39,2024-08-31,Worked on microservices deployment,2024,8,31,Iterative
v2.0,31,Male,M.Eng,10.0,Mid,Startup,Tier-1,9,5,1,2,159517,58,2023-05-25,Built ML pipeline for preprocessing,2023,5,25,Iterative
v2.0,39,Male,B.Sc,20.0,Senior,Enterprise,Tier-1,3,0,0,1,241483,62,2024-07-21,Worked on microservices deployment,2024,7,21,Iterative
v2.0,21,Male,B.Sc,-0.73,Junior,SME,Tier-3,5,0,0,2,23910,45,2023-01-30,No relevant project mentioned,2023,1,30,Iterative
v2.0,37,Female,B.Sc,15.0,Mid,Enterprise,Tier-1,3,3,1,2,180324,60,2024-09-11,Built ML pipeline for preprocessing,2024,9,11,Iterative
v2.0,30,Male,B.Sc,6.0,Mid,Startup,Tier-1,3,1,0,2,88279,64,2024-12-26,Experience in data cleaning and ETL,2024,12,26,Iterative
v2.0,24,Male,B.Sc,0.0,Junior,Startup,Tier-1,4,3,0,1,39055,68,2024-03-03,Experience in data cleaning and ETL,2024,3,3,Iterative
v2.0,33,Male,B.Sc,13.0,Mid,Startup,Remote,3,0,1,1,165297,59,2024-01-17,No relevant project mentioned,2024,1,17,Iterative
v2.0,31,Male,B.Sc,7.0,Junior,Startup,Remote,5,0,1,6,90416,74,2024-03-28,Experience in data cleaning and ETL,2024,3,28,Iterative
v2.0,26,Female,B.Sc,4.0,Mid,SME,Tier-3,2,0,0,5,57305,59,2024-09-07,Experience in data cleaning and ETL,2024,9,7,Iterative
v2.0,30,Female,M.Sc,6.0,Mid,Startup,Tier-2,4,1,0,4,111171,65,2023-06-30,No relevant project mentioned,2023,6,30,Iterative
v2.0,28,Male,B.Sc,6.0,Mid,Startup,Tier-2,7,1,1,0,97448,53,2024-05-12,Built ML pipeline for preprocessing,2024,5,12,Iterative
v2.0,31,Male,B.Sc,9.0,Lead,Enterprise,Tier-2,1,1,0,0,159293,74,2024-09-30,Experience in data cleaning and ETL,2024,9,30,Iterative
v2.0,34,Male,B.Sc,13.0,Mid,SME,Tier-1,6,2,0,2,156135,67,2023-07-17,No relevant project mentioned,2023,7,17,Iterative
v2.0,40,Male,M.Sc,16.0,Mid,Startup,Remote,4,0,0,0,186218,67,2023-12-09,Worked on microservices deployment,2023,12,9,Iterative
v2.0,23,Male,B.Sc,0.0,Junior,Startup,Tier-1,5,1,0,2,45481,58,2023-02-02,Built ML pipeline for preprocessing,2023,2,2,Iterative
v2.0,43,Male,M.Sc,22.0,Senior,Startup,Tier-1,2,1,0,0,215934,69,2023-11-30,Contributed to open-source NLP repo,2023,11,30,Iterative
v2.0,20,Male,B.Sc,0.0,Mid,Enterprise,Remote,10,0,1,1,66064,62,2023-08-22,Contributed to open-source NLP repo,2023,8,22,Iterative
v2.0,29,Male,B.Sc,6.39,Mid,Enterprise,Tier-3,4,1,0,5,79075,52,2024-07-01,Built ML pipeline for preprocessing,2024,7,1,Iterative
v2.0,34,Female,B.Sc,11.0,Junior,Enterprise,Tier-1,6,1,1,5,145591,45,2024-06-13,Built ML pipeline for preprocessing,2024,6,13,Iterative
v2.0,32,Other,B.Sc,7.0,Mid,Enterprise,Tier-1,7,2,0,7,126851,49,2024-03-03,Worked on microservices deployment,2024,3,3,Iterative
v2.0,26,Male,B.Sc,2.0,Junior,SME,Tier-2,3,0,0,6,42643,80,2023-09-23,Built ML pipeline for preprocessing,2023,9,23,Iterative
v2.0,29,Female,B.Sc,7.0,Mid,Startup,Tier-2,3,0,0,3,89030,64,2023-10-22,Contributed to open-source NLP repo,2023,10,22,Iterative
v2.0,27,Male,B.Sc,1.0,Senior,SME,Tier-2,9,1,1,1,71946,46,2024-03-15,No relevant project mentioned,2024,3,15,Iterative
v2.0,26,Male,B.Sc+Cert,5.0,Mid,Enterprise,Tier-1,7,3,0,0,109767,55,2024-07-14,No relevant project mentioned,2024,7,14,Iterative
v2.0,35,Female,B.Sc,7.0,Mid,Enterprise,Remote,6,1,0,2,123171,74,2024-07-23,Built ML pipeline for preprocessing,2024,7,23,Iterative
v2.0,32,Female,B.Sc,9.0,Mid,SME,Tier-1,10,0,1,0,143981,63,2023-11-28,Built ML pipeline for preprocessing,2023,11,28,Iterative
v2.0,26,Female,B.Sc,1.0,Mid,SME,Tier-2,7,2,1,5,61609,68,2023-05-31,Built ML pipeline for preprocessing,2023,5,31,Iterative
v2.0,35,Male,B.Sc,10.0,Mid,Enterprise,Tier-2,3,1,0,2,125314,62,2024-10-08,Built ML pipeline for preprocessing,2024,10,8,Iterative
v2.0,32,Male,B.Sc,8.0,Mid,Startup,Tier-1,9,1,0,3,126360,65,2023-10-28,Contributed to open-source NLP repo,2023,10,28,Iterative
v2.0,35,Female,B.Sc+Cert,15.0,Junior,Enterprise,Tier-1,2,0,1,3,181936,68,2023-12-11,Experience in data cleaning and ETL,2023,12,11,Iterative
v2.0,34,Male,B.Sc,8.0,Junior,Startup,Remote,8,2,1,1,104171,67,2023-11-07,Built ML pipeline for preprocessing,2023,11,7,Iterative
v2.0,25,Male,M.Sc,2.0,Mid,SME,Remote,3,3,1,3,75387,64,2024-09-27,Worked on microservices deployment,2024,9,27,Iterative
v2.0,27,Male,B.Sc,8.0,Mid,Startup,Tier-1,3,2,0,2,113346,57,2023-07-02,Contributed to open-source NLP repo,2023,7,2,Iterative
v2.0,34,Male,PhD,8.0,Junior,SME,Remote,5,1,0,3,130419,75,2024-12-17,No relevant project mentioned,2024,12,17,Iterative
v2.0,34,Male,B.Sc,13.0,Mid,SME,Tier-1,3,0,1,4,168277,49,2023-05-27,Built ML pipeline for preprocessing,2023,5,27,Iterative
v2.0,30,Male,B.Sc,7.4,Junior,SME,Tier-2,5,1,0,1,86379,59,2024-09-12,Worked on microservices deployment,2024,9,12,Iterative
v2.0,31,Female,B.Sc,9.0,Junior,Enterprise,Tier-1,6,0,1,6,120812,60,2023-05-30,Built ML pipeline for preprocessing,2023,5,30,Iterative
v2.0,38,Male,M.Sc,19.0,Mid,SME,Remote,7,1,1,1,225922,64,2023-09-24,Contributed to open-source NLP repo,2023,9,24,Iterative
v2.0,26,Male,B.Sc,3.0,Mid,Enterprise,Tier-1,7,1,0,5,82871,57,2024-05-04,Built ML pipeline for preprocessing,2024,5,4,Iterative
v2.0,33,Male,B.Sc,11.0,Mid,Startup,Tier-2,6,1,0,2,128719,45,2023-05-11,Experience in data cleaning and ETL,2023,5,11,Iterative
v2.0,29,Male,B.Sc+Cert,8.0,Mid,Enterprise,Tier-3,3,2,0,0,126065,81,2023-05-27,No relevant project mentioned,2023,5,27,Iterative
v2.0,29,Male,B.Sc+Cert,6.0,Lead,Startup,Tier-1,7,0,0,6,114153,53,2024-08-25,Contributed to open-source NLP repo,2024,8,25,Iterative
v2.0,37,Male,B.Sc+Cert,11.0,Mid,Startup,Tier-2,3,1,0,7,119522,59,2024-01-10,Built ML pipeline for preprocessing,2024,1,10,Iterative
v2.0,35,Female,M.Sc,11.0,Junior,Startup,Tier-1,5,1,1,2,145655,71,2024-04-29,Experience in data cleaning and ETL,2024,4,29,Iterative
v2.0,35,Male,B.Sc,11.0,Mid,SME,Tier-2,5,2,0,4,134213,34,2024-05-18,Built ML pipeline for preprocessing,2024,5,18,Iterative
v2.0,38,Female,B.Sc,14.0,Junior,Enterprise,Tier-1,1,1,0,6,176501,59,2024-05-18,No relevant project mentioned,2024,5,18,Iterative
v2.0,30,Male,B.Sc,5.0,Senior,Startup,Tier-2,1,1,0,0,86894,58,2023-08-07,Contributed to open-source NLP repo,2023,8,7,Iterative
v2.0,34,Male,B.Sc,5.0,Junior,SME,Remote,4,1,0,6,83054,59,2024-05-09,Built ML pipeline for preprocessing,2024,5,9,Iterative
v2.0,28,Male,M.Sc,4.0,Mid,Enterprise,Tier-1,4,2,0,2,121955,49,2024-06-29,Built ML pipeline for preprocessing,2024,6,29,Iterative
v2.0,32,Male,B.Sc,10.0,Junior,SME,Tier-1,4,1,1,4,110641,54,2023-01-11,No relevant project mentioned,2023,1,11,Iterative
v2.0,29,Female,B.Sc,3.0,Senior,Enterprise,Tier-2,3,2,1,2,82852,67,2023-09-18,Built ML pipeline for preprocessing,2023,9,18,Iterative
v2.0,31,Male,M.Sc,6.0,Junior,Startup,Tier-3,9,0,0,2,90881,53,2023-03-12,No relevant project mentioned,2023,3,12,Iterative
v2.0,34,Male,M.Eng,17.0,Lead,Enterprise,Remote,2,2,0,5,247544,53,2023-06-13,Worked on microservices deployment,2023,6,13,Iterative
v2.0,25,Female,B.Sc,3.0,Junior,Startup,Tier-1,11,1,0,2,66811,70,2023-09-18,Experience in data cleaning and ETL,2023,9,18,Iterative
v2.0,43,Female,B.Sc,19.42,Junior,Enterprise,Tier-1,4,2,0,2,256550,59,2024-11-26,Built ML pipeline for preprocessing,2024,11,26,Iterative
v2.0,24,Female,B.Sc,0.0,Junior,SME,Tier-3,6,1,0,2,29149,57,2024-10-06,Built ML pipeline for preprocessing,2024,10,6,Iterative
v2.0,23,Male,B.Sc,0.0,Senior,SME,Tier-3,3,2,1,2,51411,68,2024-02-15,Contributed to open-source NLP repo,2024,2,15,Iterative
v2.0,37,Female,B.Sc,12.0,Senior,Startup,Tier-2,4,2,1,1,151920,54,2024-02-20,Worked on microservices deployment,2024,2,20,Iterative
v2.0,35,Male,M.Sc,14.0,Junior,Startup,Tier-1,3,1,1,0,154516,68,2023-12-11,Worked on microservices deployment,2023,12,11,Iterative
v2.0,34,Male,M.Sc,12.0,Junior,Startup,Tier-1,2,1,1,1,138738,58,2023-08-22,Contributed to open-source NLP repo,2023,8,22,Iterative
v2.0,34,Male,M.Sc,12.0,Mid,SME,Tier-1,5,3,0,1,168190,40,2023-01-15,Contributed to open-source NLP repo,2023,1,15,Iterative
v2.0,30,Male,B.Sc,7.0,Junior,Startup,Remote,2,2,0,1,90127,69,2024-09-08,Built ML pipeline for preprocessing,2024,9,8,Iterative
v2.0,25,Male,M.Eng,3.0,Junior,Enterprise,Tier-1,5,1,0,2,94410,60,2023-12-20,Built ML pipeline for preprocessing,2023,12,20,Iterative
v2.0,30,Male,B.Sc,9.0,Junior,Startup,Tier-2,7,1,1,2,108822,59,2024-04-27,Built ML pipeline for preprocessing,2024,4,27,Iterative
v2.0,26,Female,B.Sc,4.0,Junior,Enterprise,Tier-2,5,2,0,0,76876,62,2024-03-13,Experience in data cleaning and ETL,2024,3,13,Iterative
v2.0,36,Male,M.Eng,13.0,Junior,Startup,Tier-1,5,1,1,0,150599,70,2023-01-20,Built ML pipeline for preprocessing,2023,1,20,Iterative
v2.0,29,Male,B.Sc,9.0,Junior,Startup,Tier-1,3,0,0,3,100019,56,2024-04-16,Contributed to open-source NLP repo,2024,4,16,Iterative
v2.0,25,Male,B.Sc,4.0,Mid,Enterprise,Tier-2,7,1,1,2,99636,69,2023-06-11,Worked on microservices deployment,2023,6,11,Iterative
v2.0,28,Female,B.Sc+Cert,4.0,Senior,Enterprise,Tier-1,6,2,0,1,113236,69,2024-09-30,Contributed to open-source NLP repo,2024,9,30,Iterative
v2.0,32,Male,B.Sc,10.0,Junior,SME,Tier-1,5,0,0,0,107540,51,2023-02-03,Built ML pipeline for preprocessing,2023,2,3,Iterative
v2.0,27,Male,M.Sc,2.0,Mid,Startup,Tier-1,5,1,1,1,79620,65,2023-04-25,Worked on microservices deployment,2023,4,25,Iterative
v2.0,25,Female,B.Sc,3.0,Junior,SME,Tier-3,6,1,0,4,56910,65,2024-03-05,Worked on microservices deployment,2024,3,5,Iterative
v2.0,31,Female,M.Sc,8.0,Mid,SME,Remote,4,0,1,2,142731,66,2023-01-21,Contributed to open-source NLP repo,2023,1,21,Iterative
v2.0,31,Male,B.Sc,8.0,Junior,SME,Tier-2,5,0,0,0,95757,83,2023-06-16,Worked on microservices deployment,2023,6,16,Iterative
v2.0,27,Male,B.Sc,4.0,Mid,SME,Tier-3,3,0,1,1,66525,52,2023-10-23,Built ML pipeline for preprocessing,2023,10,23,Iterative
v2.0,27,Female,M.Sc,9.0,Junior,SME,Tier-2,4,1,0,7,105666,49,2023-06-21,Worked on microservices deployment,2023,6,21,Iterative
v2.0,31,Male,B.Sc,3.0,Senior,Startup,Tier-2,5,1,0,2,69959,54,2023-06-13,Built ML pipeline for preprocessing,2023,6,13,Iterative
v2.0,21,Male,B.Sc,0.0,Junior,Enterprise,Remote,3,1,1,1,39706,53,2023-08-05,Contributed to open-source NLP repo,2023,8,5,Iterative
v2.0,22,Female,B.Sc,0.0,Mid,Enterprise,Tier-2,6,0,0,5,42534,59,2023-07-18,No relevant project mentioned,2023,7,18,Iterative
v2.0,26,Male,B.Sc,6.0,Lead,Startup,Tier-1,4,0,0,1,109427,48,2023-02-19,No relevant project mentioned,2023,2,19,Iterative
v2.0,29,Male,B.Sc,7.0,Mid,SME,Remote,5,1,1,2,107367,53,2024-05-12,Built ML pipeline for preprocessing,2024,5,12,Iterative
v2.0,32,Male,B.Sc,9.0,Mid,Startup,Tier-3,3,1,1,0,99116,52,2024-03-17,Experience in data cleaning and ETL,2024,3,17,Iterative
v2.0,39,Male,B.Sc,19.0,Senior,Enterprise,Tier-1,1,2,0,0,224830,46,2023-11-26,Built ML pipeline for preprocessing,2023,11,26,Iterative
v2.0,35,Male,B.Sc,12.13,Junior,SME,Remote,8,1,0,2,128031,48,2023-11-26,Built ML pipeline for preprocessing,2023,11,26,Iterative
v2.0,29,Female,B.Sc,6.0,Junior,Startup,Tier-1,4,1,1,0,92236,65,2023-10-21,Experience in data cleaning and ETL,2023,10,21,Iterative
v2.0,30,Male,B.Sc,7.0,Lead,Startup,Tier-1,4,1,1,0,120137,59,2023-10-07,Contributed to open-source NLP repo,2023,10,7,Iterative
v2.0,24,Male,B.Sc,0.0,Junior,Startup,Tier-2,7,0,1,6,37834,52,2023-12-30,Built ML pipeline for preprocessing,2023,12,30,Iterative
v2.0,30,Male,B.Sc+Cert,10.0,Senior,SME,Tier-1,4,0,0,0,146814,62,2024-07-24,Experience in data cleaning and ETL,2024,7,24,Iterative
v2.0,28,Male,B.Sc,7.0,Junior,Enterprise,Tier-2,4,0,0,3,85910,69,2023-06-22,Built ML pipeline for preprocessing,2023,6,22,Iterative
v2.0,32,Female,B.Sc+Cert,10.0,Mid,Startup,Tier-1,9,0,0,1,106706,53,2023-06-03,Built ML pipeline for preprocessing,2023,6,3,Iterative
v2.0,25,Male,B.Sc,0.0,Mid,Startup,Tier-1,9,2,0,6,46170,65,2024-05-06,Built ML pipeline for preprocessing,2024,5,6,Iterative
v2.0,33,Male,B.Sc,12.0,Lead,SME,Tier-2,9,2,0,7,185359,58,2024-08-17,Experience in data cleaning and ETL,2024,8,17,Iterative
v2.0,39,Male,B.Sc,20.0,Mid,Startup,Tier-2,3,1,0,1,157282,59,2023-09-24,Contributed to open-source NLP repo,2023,9,24,Iterative
v2.0,29,Male,B.Sc+Cert,5.0,Junior,SME,Tier-1,6,2,0,2,82570,38,2024-10-01,No relevant project mentioned,2024,10,1,Iterative
v2.0,32,Male,M.Sc,7.0,Mid,SME,Remote,8,0,0,4,111349,53,2024-11-28,Built ML pipeline for preprocessing,2024,11,28,Iterative
v2.0,34,Female,B.Sc,11.0,Junior,SME,Tier-2,5,1,1,0,117974,60,2024-02-22,Built ML pipeline for preprocessing,2024,2,22,Iterative
v2.0,28,Female,B.Sc,2.0,Senior,Enterprise,Tier-1,7,3,1,3,99900,62,2023-09-29,Built ML pipeline for preprocessing,2023,9,29,Iterative
v2.0,31,Male,B.Sc,6.0,Senior,Enterprise,Tier-1,9,1,0,5,127278,61,2024-03-18,Built ML pipeline for preprocessing,2024,3,18,Iterative
v2.0,30,Male,B.Sc+Cert,6.0,Mid,SME,Tier-3,2,2,1,0,82743,54,2024-05-27,No relevant project mentioned,2024,5,27,Iterative
v2.0,31,Female,B.Sc,7.0,Senior,Enterprise,Tier-2,7,1,1,4,140258,41,2024-02-16,Contributed to open-source NLP repo,2024,2,16,Iterative
v2.0,25,Female,B.Sc,1.0,Junior,Enterprise,Tier-1,7,1,0,0,57420,46,2023-01-15,No relevant project mentioned,2023,1,15,Iterative
v2.0,30,Male,B.Sc,11.0,Mid,Startup,Tier-1,2,1,0,2,110344,59,2023-03-21,No relevant project mentioned,2023,3,21,Iterative
v2.0,33,Male,B.Sc,15.0,Mid,Startup,Tier-2,5,2,0,1,137839,70,2024-11-16,No relevant project mentioned,2024,11,16,Iterative
v2.0,39,Male,B.Sc+Cert,18.0,Mid,Startup,Tier-1,10,0,0,2,205480,59,2024-06-27,Built ML pipeline for preprocessing,2024,6,27,Iterative
v2.0,36,Female,M.Sc,13.0,Junior,SME,Tier-2,5,0,0,1,149521,59,2024-07-04,Built ML pipeline for preprocessing,2024,7,4,Iterative
v2.0,43,Female,M.Sc,21.0,Senior,Enterprise,Remote,5,2,0,1,252215,60,2024-12-05,No relevant project mentioned,2024,12,5,Iterative
v2.0,25,Male,B.Sc+Cert,0.0,Junior,SME,Tier-1,5,1,0,3,37755,59,2023-08-28,Experience in data cleaning and ETL,2023,8,28,Iterative
v2.0,35,Male,B.Sc,14.0,Mid,SME,Remote,3,1,0,2,165513,66,2024-08-07,Contributed to open-source NLP repo,2024,8,7,Iterative
v2.0,31,Female,B.Sc,9.0,Junior,SME,Remote,5,2,0,1,97780,67,2024-08-27,Experience in data cleaning and ETL,2024,8,27,Iterative
v2.0,43,Female,B.Sc,18.0,Senior,Startup,Remote,4,0,0,1,197018,59,2023-03-30,Worked on microservices deployment,2023,3,30,Iterative
v2.0,25,Other,B.Sc,5.0,Junior,SME,Remote,5,0,0,0,73391,54,2023-09-11,Built ML pipeline for preprocessing,2023,9,11,Iterative
v2.0,25,Female,M.Sc,3.0,Mid,Startup,Tier-3,6,1,0,2,66163,61,2023-05-19,Contributed to open-source NLP repo,2023,5,19,Iterative
v2.0,26,Male,B.Sc+Cert,5.0,Junior,Startup,Tier-2,5,0,0,0,67355,51,2024-12-10,Built ML pipeline for preprocessing,2024,12,10,Iterative
v2.0,20,Male,B.Sc,0.0,Mid,Enterprise,Tier-2,4,1,1,4,58857,72,2023-10-17,Built ML pipeline for preprocessing,2023,10,17,Iterative
v2.0,27,Male,B.Sc,6.0,Junior,Enterprise,Tier-2,4,0,1,2,75694,68,2023-11-02,Built ML pipeline for preprocessing,2023,11,2,Iterative
v2.0,25,Male,B.Sc+Cert,3.0,Mid,Enterprise,Remote,7,2,0,4,94168,74,2023-06-21,Contributed to open-source NLP repo,2023,6,21,Iterative
v2.0,31,Male,B.Sc,11.0,Junior,Enterprise,Tier-1,3,3,1,0,138651,64,2024-06-09,Built ML pipeline for preprocessing,2024,6,9,Iterative
v2.0,32,Female,B.Sc,7.0,Senior,Enterprise,Tier-1,4,1,1,3,129474,52,2023-11-24,Worked on microservices deployment,2023,11,24,Iterative
v2.0,41,Male,B.Sc,19.0,Junior,SME,Tier-1,6,1,0,1,214361,74,2023-06-02,Experience in data cleaning and ETL,2023,6,2,Iterative
v2.0,36,Female,B.Sc+Cert,16.0,Junior,SME,Tier-3,3,0,0,0,142712,45,2024-12-08,No relevant project mentioned,2024,12,8,Iterative
v2.0,27,Male,M.Sc,3.0,Mid,SME,Tier-3,4,2,0,3,70602,65,2023-06-27,No relevant project mentioned,2023,6,27,Iterative
v2.0,25,Female,M.Sc,5.0,Junior,SME,Tier-2,5,0,0,3,77469,76,2024-08-29,Built ML pipeline for preprocessing,2024,8,29,Iterative
v2.0,33,Male,M.Eng,14.0,Junior,SME,Tier-1,7,0,0,1,149445,44,2024-02-20,Built ML pipeline for preprocessing,2024,2,20,Iterative
v2.0,22,Male,B.Sc,0.0,Senior,Enterprise,Tier-2,7,1,0,5,70892,64,2023-11-07,Experience in data cleaning and ETL,2023,11,7,Iterative
v2.0,41,Male,B.Sc,17.32,Lead,Startup,Tier-1,5,0,1,3,240004,60,2024-08-12,Built ML pipeline for preprocessing,2024,8,12,Iterative
v2.0,37,Male,M.Eng,15.0,Mid,SME,Tier-2,3,0,0,1,191951,53,2023-09-01,Experience in data cleaning and ETL,2023,9,1,Iterative
v2.0,27,Female,B.Sc,1.0,Junior,SME,Tier-1,4,2,0,0,52001,36,2024-02-13,Contributed to open-source NLP repo,2024,2,13,Iterative
v2.0,20,Female,M.Sc,0.0,Junior,Startup,Remote,7,0,0,1,40154,60,2023-08-08,Built ML pipeline for preprocessing,2023,8,8,Iterative
v2.0,38,Male,B.Sc+Cert,13.0,Mid,Enterprise,Tier-2,5,1,1,1,172782,70,2024-12-19,Contributed to open-source NLP repo,2024,12,19,Iterative
v2.0,29,Male,M.Sc,9.0,Junior,Startup,Tier-2,4,3,0,0,120027,61,2024-03-11,Built ML pipeline for preprocessing,2024,3,11,Iterative
v2.0,37,Male,M.Sc,11.0,Senior,SME,Tier-3,4,1,0,1,143573,59,2023-07-03,Experience in data cleaning and ETL,2023,7,3,Iterative
v2.0,20,Male,M.Eng,1.0,Junior,Startup,Tier-2,5,3,0,0,41169,59,2024-09-18,Built ML pipeline for preprocessing,2024,9,18,Iterative
v2.0,26,Female,M.Eng,3.0,Lead,Enterprise,Tier-1,1,0,0,1,131272,59,2023-05-04,Built ML pipeline for preprocessing,2023,5,4,Iterative
v2.0,30,Female,B.Sc,6.0,Mid,SME,Tier-2,6,0,0,0,92812,73,2023-08-26,Built ML pipeline for preprocessing,2023,8,26,Iterative
v2.0,30,Male,B.Sc,7.28,Senior,SME,Remote,5,0,1,1,133377,59,2024-09-11,Built ML pipeline for preprocessing,2024,9,11,Iterative
v2.0,27,Female,B.Sc,6.0,Junior,Enterprise,Tier-2,2,1,0,0,82244,48,2024-02-10,Contributed to open-source NLP repo,2024,2,10,Iterative
v2.0,34,Male,M.Sc,11.0,Senior,SME,Tier-2,6,0,0,2,156917,69,2024-07-12,No relevant project mentioned,2024,7,12,Iterative
v2.0,24,Female,B.Sc,1.0,Junior,Startup,Remote,4,1,0,2,35137,73,2023-07-17,Built ML pipeline for preprocessing,2023,7,17,Iterative
v2.0,29,Male,M.Sc,8.0,Mid,Startup,Tier-3,4,1,1,3,102727,41,2024-07-16,Worked on microservices deployment,2024,7,16,Iterative
v2.0,31,Female,B.Sc,8.0,Senior,Enterprise,Tier-2,6,1,0,7,125825,53,2024-12-06,Built ML pipeline for preprocessing,2024,12,6,Iterative
v2.0,33,Female,M.Sc,9.0,Junior,SME,Tier-3,5,2,1,0,95312,69,2024-08-04,Contributed to open-source NLP repo,2024,8,4,Iterative
v2.0,34,Male,B.Sc,11.31,Mid,Startup,Remote,2,2,0,1,111674,35,2023-03-28,No relevant project mentioned,2023,3,28,Iterative
v2.0,23,Female,M.Sc,0.0,Mid,Startup,Remote,5,1,0,3,44118,60,2023-03-16,Contributed to open-source NLP repo,2023,3,16,Iterative
v2.0,21,Male,B.Sc,-0.93,Junior,Startup,Remote,3,0,1,0,33814,78,2024-12-05,Built ML pipeline for preprocessing,2024,12,5,Iterative
v2.0,38,Male,B.Sc,17.0,Mid,SME,Tier-2,2,0,0,0,177345,59,2023-11-29,Experience in data cleaning and ETL,2023,11,29,Iterative
v2.0,32,Male,B.Sc,10.0,Junior,Startup,Tier-1,4,0,0,0,106770,66,2024-03-06,Built ML pipeline for preprocessing,2024,3,6,Iterative
v2.0,26,Female,M.Sc,2.0,Mid,Startup,Tier-1,5,1,0,1,64411,39,2024-01-05,Contributed to open-source NLP repo,2024,1,5,Iterative
v2.0,39,Female,B.Sc,15.0,Mid,SME,Tier-1,2,0,0,1,147588,68,2023-02-13,Experience in data cleaning and ETL,2023,2,13,Iterative
v2.0,31,Female,B.Sc,9.0,Mid,SME,Remote,6,1,0,7,115623,39,2023-10-24,Experience in data cleaning and ETL,2023,10,24,Iterative
v2.0,37,Female,B.Sc+Cert,15.0,Junior,SME,Remote,6,2,0,1,174348,55,2024-04-10,No relevant project mentioned,2024,4,10,Iterative
v2.0,30,Male,M.Sc,8.0,Senior,SME,Tier-2,4,0,0,3,123701,61,2023-09-07,Worked on microservices deployment,2023,9,7,Iterative
v2.0,42,Female,B.Sc+Cert,18.0,Senior,SME,Tier-2,6,0,0,2,197807,60,2024-02-26,No relevant project mentioned,2024,2,26,Iterative
v2.0,41,Male,B.Sc,18.0,Mid,SME,Tier-1,2,1,0,1,175096,55,2024-04-17,Contributed to open-source NLP repo,2024,4,17,Iterative
v2.0,29,Male,B.Sc,6.0,Mid,Enterprise,Tier-2,5,1,0,0,92601,61,2023-09-30,Built ML pipeline for preprocessing,2023,9,30,Iterative
v2.0,36,Male,B.Sc+Cert,13.0,Mid,Startup,Tier-3,5,1,1,5,133484,68,2023-06-22,Experience in data cleaning and ETL,2023,6,22,Iterative
v2.0,34,Female,B.Sc,12.0,Mid,SME,Tier-2,4,0,0,0,136462,63,2023-08-24,Built ML pipeline for preprocessing,2023,8,24,Iterative
v2.0,38,Female,M.Sc,17.0,Mid,SME,Tier-1,5,1,1,2,200915,59,2023-02-15,Experience in data cleaning and ETL,2023,2,15,Iterative
v2.0,24,Male,B.Sc,0.0,Junior,Startup,Tier-2,4,0,0,0,27762,47,2024-01-27,Worked on microservices deployment,2024,1,27,Iterative
v2.0,34,Male,B.Sc,11.0,Mid,Enterprise,Tier-1,6,1,0,0,159754,55,2024-10-16,Built ML pipeline for preprocessing,2024,10,16,Iterative
v2.0,36,Female,B.Sc,13.0,Junior,Startup,Remote,4,0,1,0,153528,59,2023-08-21,Worked on microservices deployment,2023,8,21,Iterative
v2.0,20,Male,B.Sc,0.0,Junior,SME,Tier-1,5,4,0,2,48437,48,2024-02-21,Experience in data cleaning and ETL,2024,2,21,Iterative
v2.0,23,Female,B.Sc,6.0,Mid,SME,Remote,6,1,0,0,99439,48,2023-09-23,Worked on microservices deployment,2023,9,23,Iterative
v2.0,20,Female,B.Sc,0.0,Mid,Startup,Tier-1,3,1,0,1,40244,62,2023-07-09,No relevant project mentioned,2023,7,9,Iterative
v2.0,28,Male,B.Sc,6.0,Mid,SME,Tier-1,5,0,0,4,137790,31,2023-07-02,Contributed to open-source NLP repo,2023,7,2,Iterative
v2.0,34,Male,B.Sc,13.0,Mid,SME,Tier-2,8,1,0,4,144278,69,2023-12-23,No relevant project mentioned,2023,12,23,Iterative
v2.0,39,Female,M.Sc,15.0,Senior,Enterprise,Tier-3,4,1,0,2,195451,48,2024-12-03,Built ML pipeline for preprocessing,2024,12,3,Iterative
v2.0,30,Female,M.Eng,10.0,Mid,Enterprise,Tier-2,7,1,0,2,142467,59,2023-05-19,Built ML pipeline for preprocessing,2023,5,19,Iterative
v2.0,40,Male,M.Sc,17.0,Mid,Startup,Tier-1,4,0,1,0,188911,41,2024-06-30,Built ML pipeline for preprocessing,2024,6,30,Iterative
v2.0,22,Female,B.Sc,0.0,Junior,SME,Tier-1,5,0,0,3,39663,56,2024-05-19,Built ML pipeline for preprocessing,2024,5,19,Iterative
v2.0,20,Male,M.Sc,-1.62,Junior,Enterprise,Tier-2,2,1,0,2,38220,35,2024-04-26,Experience in data cleaning and ETL,2024,4,26,Iterative
v2.0,30,Male,M.Sc,6.0,Junior,Startup,Tier-1,9,2,1,2,103822,68,2023-12-18,No relevant project mentioned,2023,12,18,Iterative
v2.0,32,Female,M.Sc,10.0,Mid,SME,Tier-1,1,2,0,3,141073,62,2023-12-08,No relevant project mentioned,2023,12,8,Iterative
v2.0,30,Female,M.Sc,4.0,Senior,Enterprise,Tier-2,5,1,0,2,106842,49,2024-10-05,Built ML pipeline for preprocessing,2024,10,5,Iterative
v2.0,20,Male,PhD,0.0,Junior,SME,Tier-1,4,1,1,2,58452,67,2023-03-14,Experience in data cleaning and ETL,2023,3,14,Iterative
v2.0,29,Female,M.Sc,5.0,Mid,Startup,Tier-1,3,1,0,2,88157,60,2023-06-12,Worked on microservices deployment,2023,6,12,Iterative
v2.0,22,Male,B.Sc,0.0,Junior,SME,Tier-1,7,2,1,2,44834,66,2023-08-11,Built ML pipeline for preprocessing,2023,8,11,Iterative
v2.0,34,Male,M.Sc,12.0,Junior,SME,Remote,4,2,0,2,138043,44,2023-07-04,No relevant project mentioned,2023,7,4,Iterative
v2.0,32,Male,B.Sc,7.0,Senior,Enterprise,Tier-1,3,3,0,1,129663,57,2023-04-05,Built ML pipeline for preprocessing,2023,4,5,Iterative
v2.0,24,Female,B.Sc+Cert,2.0,Mid,Startup,Remote,6,0,0,0,57307,74,2024-11-14,Contributed to open-source NLP repo,2024,11,14,Iterative
v2.0,27,Male,B.Sc,2.0,Junior,Enterprise,Tier-1,4,2,0,2,70870,71,2023-11-05,Built ML pipeline for preprocessing,2023,11,5,Iterative
v2.0,24,Male,B.Sc,0.0,Mid,SME,Tier-3,3,2,1,6,35867,63,2023-05-28,Worked on microservices deployment,2023,5,28,Iterative
v2.0,30,Male,M.Eng,8.0,Mid,Startup,Tier-1,6,1,1,1,119489,74,2023-11-15,Worked on microservices deployment,2023,11,15,Iterative
v2.0,36,Female,M.Sc,15.0,Mid,SME,Tier-2,6,1,1,4,178466,49,2023-06-28,Built ML pipeline for preprocessing,2023,6,28,Iterative
v2.0,24,Male,B.Sc,3.0,Junior,SME,Tier-3,3,1,0,1,47185,75,2024-10-15,Contributed to open-source NLP repo,2024,10,15,Iterative
v2.0,33,Female,B.Sc,10.0,Mid,Startup,Tier-3,6,1,1,2,122648,59,2023-10-18,No relevant project mentioned,2023,10,18,Iterative
v2.0,27,Male,B.Sc+Cert,3.0,Junior,Startup,Tier-3,6,2,1,5,53523,41,2024-09-13,Built ML pipeline for preprocessing,2024,9,13,Iterative
v2.0,25,Male,B.Sc,2.0,Senior,Enterprise,Tier-3,2,0,0,4,64991,49,2024-05-11,Experience in data cleaning and ETL,2024,5,11,Iterative
v2.0,29,Male,B.Sc,7.0,Mid,Enterprise,Tier-1,8,1,1,5,141761,76,2023-10-28,Worked on microservices deployment,2023,10,28,Iterative
v2.0,24,Female,B.Sc,0.0,Mid,SME,Tier-2,3,1,1,0,39543,67,2023-06-10,Built ML pipeline for preprocessing,2023,6,10,Iterative
v2.0,27,Female,M.Sc,6.0,Junior,Startup,Tier-2,10,1,1,0,87612,58,2023-03-02,Worked on microservices deployment,2023,3,2,Iterative
v2.0,23,Male,M.Eng,0.0,Junior,Enterprise,Remote,4,1,0,1,55354,69,2023-03-13,Contributed to open-source NLP repo,2023,3,13,Iterative
v2.0,42,Male,B.Sc,21.0,Junior,SME,Tier-1,5,1,1,4,211724,69,2024-03-12,Worked on microservices deployment,2024,3,12,Iterative
v2.0,30,Male,B.Sc,9.0,Lead,Startup,Remote,3,0,0,4,129239,82,2024-04-26,Built ML pipeline for preprocessing,2024,4,26,Iterative
v2.0,26,Male,B.Sc,7.0,Junior,Enterprise,Tier-2,8,3,1,0,107452,59,2023-04-25,Worked on microservices deployment,2023,4,25,Iterative
v2.0,31,Male,M.Sc,8.0,Junior,Startup,Tier-2,7,0,0,0,105090,59,2023-07-25,Contributed to open-source NLP repo,2023,7,25,Iterative
v2.0,29,Male,B.Sc,7.0,Lead,SME,Tier-1,8,1,1,4,140385,53,2023-11-30,Built ML pipeline for preprocessing,2023,11,30,Iterative
v2.0,29,Male,M.Sc,4.0,Mid,SME,Tier-2,3,0,0,2,70812,39,2023-11-02,Built ML pipeline for preprocessing,2023,11,2,Iterative
v2.0,34,Male,B.Sc,12.0,Senior,SME,Tier-3,6,0,0,2,154175,63,2024-07-07,Contributed to open-source NLP repo,2024,7,7,Iterative
v2.0,35,Male,B.Sc,15.0,Junior,Startup,Tier-2,6,2,0,4,158487,59,2024-06-15,Built ML pipeline for preprocessing,2024,6,15,Iterative
v2.0,27,Female,B.Sc,6.0,Mid,SME,Remote,7,0,0,0,85678,59,2024-08-26,Worked on microservices deployment,2024,8,26,Iterative
v2.0,27,Male,B.Sc,5.0,Mid,Enterprise,Tier-3,3,1,1,0,82466,67,2024-08-02,No relevant project mentioned,2024,8,2,Iterative
v2.0,28,Male,M.Sc,4.0,Senior,SME,Tier-2,8,1,1,5,111538,59,2023-05-15,No relevant project mentioned,2023,5,15,Iterative
v2.0,20,Female,B.Sc+Cert,0.0,Junior,SME,Remote,8,3,0,0,45068,81,2024-07-31,Worked on microservices deployment,2024,7,31,Iterative
v2.0,21,Male,M.Sc,-0.68,Mid,Startup,Tier-2,5,0,0,0,46373,61,2023-05-31,Built ML pipeline for preprocessing,2023,5,31,Iterative
v2.0,38,Male,B.Sc,14.0,Senior,Enterprise,Tier-2,11,2,0,1,170945,59,2024-07-01,Built ML pipeline for preprocessing,2024,7,1,Iterative
v2.0,40,Male,B.Sc+Cert,13.0,Mid,Enterprise,Tier-1,2,1,0,1,174252,61,2023-05-20,Experience in data cleaning and ETL,2023,5,20,Iterative
v2.0,29,Male,M.Sc,5.0,Mid,Enterprise,Tier-1,3,0,1,0,93485,53,2024-02-11,No relevant project mentioned,2024,2,11,Iterative
v2.0,33,Male,B.Sc+Cert,9.0,Junior,SME,Tier-2,4,0,1,3,117053,63,2024-05-04,Contributed to open-source NLP repo,2024,5,4,Iterative
v2.0,32,Male,B.Sc,8.0,Junior,Enterprise,Remote,4,1,0,7,91954,55,2023-07-24,Worked on microservices deployment,2023,7,24,Iterative
v2.0,48,Female,B.Sc,23.0,Mid,Startup,Tier-1,8,0,0,0,251917,54,2023-10-22,Built ML pipeline for preprocessing,2023,10,22,Iterative
v2.0,37,Male,B.Sc,12.0,Mid,SME,Tier-1,4,3,1,4,139167,62,2024-08-04,Worked on microservices deployment,2024,8,4,Iterative
v2.0,29,Male,M.Sc,5.0,Lead,SME,Tier-2,9,1,0,0,147637,69,2024-11-01,Contributed to open-source NLP repo,2024,11,1,Iterative
v2.0,24,Male,B.Sc,0.0,Mid,SME,Tier-1,8,0,0,0,53719,53,2023-07-03,No relevant project mentioned,2023,7,3,Iterative
v2.0,20,Male,B.Sc,0.0,Mid,Enterprise,Tier-3,4,1,0,2,45308,55,2023-01-18,Built ML pipeline for preprocessing,2023,1,18,Iterative
v2.0,31,Male,B.Sc,10.0,Senior,SME,Tier-3,7,1,0,7,125224,45,2024-01-18,Experience in data cleaning and ETL,2024,1,18,Iterative
v2.0,25,Female,M.Sc,2.0,Junior,Startup,Tier-1,2,1,0,6,49884,73,2024-07-24,No relevant project mentioned,2024,7,24,Iterative
v2.0,21,Male,M.Sc,-1.04,Mid,SME,Remote,6,0,1,0,56345,79,2024-09-12,Worked on microservices deployment,2024,9,12,Iterative
v2.0,26,Male,B.Sc,4.0,Junior,SME,Tier-2,7,1,0,0,71365,71,2024-10-04,Contributed to open-source NLP repo,2024,10,4,Iterative
v2.0,24,Male,B.Sc,1.72,Junior,SME,Tier-2,5,4,1,6,63326,51,2024-06-25,Built ML pipeline for preprocessing,2024,6,25,Iterative
v2.0,40,Male,M.Sc,16.58,Senior,Startup,Tier-1,5,1,0,0,233649,50,2024-05-22,No relevant project mentioned,2024,5,22,Iterative
v2.0,35,Other,B.Sc+Cert,11.0,Mid,Startup,Tier-2,5,1,1,3,131380,70,2023-07-11,No relevant project mentioned,2023,7,11,Iterative
v2.0,30,Male,M.Sc,7.0,Mid,SME,Remote,6,1,0,2,124659,52,2023-07-17,Built ML pipeline for preprocessing,2023,7,17,Iterative
v2.0,39,Male,B.Sc+Cert,18.0,Mid,Enterprise,Tier-1,3,0,0,2,211269,59,2023-08-30,No relevant project mentioned,2023,8,30,Iterative
v2.0,30,Male,M.Sc,7.0,Mid,Enterprise,Tier-1,5,2,0,2,134437,44,2023-04-01,No relevant project mentioned,2023,4,1,Iterative
v2.0,25,Female,M.Sc,1.0,Junior,Enterprise,Tier-1,5,1,1,2,73940,56,2023-01-02,Contributed to open-source NLP repo,2023,1,2,Iterative
v2.0,39,Male,B.Sc,12.0,Mid,Enterprise,Tier-1,5,1,1,4,151958,59,2024-08-31,Built ML pipeline for preprocessing,2024,8,31,Iterative
v2.0,33,Male,M.Sc,11.0,Mid,Startup,Tier-1,7,3,1,0,153576,47,2024-04-09,Worked on microservices deployment,2024,4,9,Iterative
v2.0,24,Female,M.Sc,0.0,Senior,Enterprise,Tier-1,5,1,0,1,103717,64,2023-10-12,Contributed to open-source NLP repo,2023,10,12,Iterative
v2.0,29,Female,M.Sc,4.0,Junior,SME,Remote,6,0,0,1,77780,54,2023-01-04,Worked on microservices deployment,2023,1,4,Iterative
v2.0,25,Male,B.Sc,6.0,Junior,Enterprise,Tier-3,3,0,0,0,75591,70,2023-08-26,No relevant project mentioned,2023,8,26,Iterative
v2.0,22,Male,B.Sc,0.0,Mid,SME,Tier-1,5,1,0,2,49477,56,2024-07-05,Contributed to open-source NLP repo,2024,7,5,Iterative
v2.0,36,Male,B.Sc,11.0,Senior,Enterprise,Tier-3,4,1,0,2,137559,65,2024-03-14,Built ML pipeline for preprocessing,2024,3,14,Iterative
v2.0,41,Male,B.Sc,18.0,Mid,SME,Tier-1,2,0,1,0,194747,63,2024-01-25,Built ML pipeline for preprocessing,2024,1,25,Iterative
v2.0,22,Male,B.Sc,4.0,Mid,Startup,Tier-2,5,2,0,6,67831,58,2023-11-25,Contributed to open-source NLP repo,2023,11,25,Iterative
v2.0,33,Male,M.Eng,10.0,Lead,SME,Tier-1,6,0,1,2,197931,66,2023-08-29,Built ML pipeline for preprocessing,2023,8,29,Iterative
v2.0,26,Male,B.Sc,0.0,Lead,Startup,Tier-1,3,0,0,2,56662,39,2024-09-06,No relevant project mentioned,2024,9,6,Iterative
v2.0,27,Male,B.Sc,5.0,Mid,Enterprise,Remote,5,3,0,3,103627,59,2024-05-09,Built ML pipeline for preprocessing,2024,5,9,Iterative
v2.0,26,Male,B.Sc,4.0,Mid,SME,Tier-1,6,3,0,3,95773,67,2023-03-02,Built ML pipeline for preprocessing,2023,3,2,Iterative
v2.0,25,Female,M.Sc,3.0,Junior,SME,Tier-3,4,2,0,2,69482,59,2023-03-03,Built ML pipeline for preprocessing,2023,3,3,Iterative
v2.0,30,Male,B.Sc,8.0,Senior,Enterprise,Tier-2,5,1,1,1,130274,58,2024-03-27,Built ML pipeline for preprocessing,2024,3,27,Iterative
v2.0,25,Male,B.Sc,1.0,Mid,SME,Tier-1,3,3,1,1,67603,60,2023-10-04,Contributed to open-source NLP repo,2023,10,4,Iterative
v2.0,32,Male,M.Sc,13.0,Lead,SME,Tier-3,3,1,1,0,177239,77,2023-06-08,Contributed to open-source NLP repo,2023,6,8,Iterative
v2.0,30,Female,B.Sc,3.0,Junior,Startup,Tier-2,4,0,1,5,58167,68,2023-08-27,Built ML pipeline for preprocessing,2023,8,27,Iterative
v2.0,29,Male,B.Sc+Cert,4.0,Mid,SME,Tier-1,3,1,0,3,83962,55,2023-02-12,Contributed to open-source NLP repo,2023,2,12,Iterative
v2.0,25,Male,B.Sc+Cert,0.0,Mid,Enterprise,Tier-1,5,2,0,2,72806,75,2024-02-17,Contributed to open-source NLP repo,2024,2,17,Iterative
v2.0,27,Male,B.Sc,6.0,Mid,Enterprise,Tier-1,7,2,1,1,97494,46,2024-03-14,Contributed to open-source NLP repo,2024,3,14,Iterative
v2.0,35,Male,B.Sc,14.0,Junior,Enterprise,Remote,5,0,0,2,167728,70,2023-11-10,Contributed to open-source NLP repo,2023,11,10,Iterative
v2.0,33,Male,M.Sc,9.0,Mid,Startup,Tier-2,6,3,0,2,123556,52,2023-06-01,Worked on microservices deployment,2023,6,1,Iterative
v2.0,24,Male,B.Sc,0.0,Senior,Startup,Tier-1,1,0,0,1,46058,59,2023-03-21,Contributed to open-source NLP repo,2023,3,21,Iterative
v2.0,31,Male,B.Sc,8.33,Mid,Startup,Remote,5,1,0,1,111240,77,2023-05-17,No relevant project mentioned,2023,5,17,Iterative
v2.0,35,Female,B.Sc,14.0,Junior,Enterprise,Tier-1,7,3,1,5,190681,65,2024-12-25,Built ML pipeline for preprocessing,2024,12,25,Iterative
v2.0,20,Male,B.Sc+Cert,0.0,Mid,Startup,Tier-1,10,1,0,2,49867,66,2024-03-25,No relevant project mentioned,2024,3,25,Iterative
v2.0,33,Male,B.Sc,10.0,Junior,Startup,Tier-1,4,1,0,0,106517,59,2024-01-21,Contributed to open-source NLP repo,2024,1,21,Iterative
v2.0,26,Female,M.Sc,3.0,Junior,SME,Tier-2,6,0,0,1,56943,59,2024-11-07,Built ML pipeline for preprocessing,2024,11,7,Iterative
v2.0,33,Male,M.Sc,11.0,Mid,SME,Tier-1,6,1,0,1,142891,68,2024-01-18,Worked on microservices deployment,2024,1,18,Iterative
v2.0,25,Male,B.Sc,1.0,Senior,Enterprise,Tier-2,6,2,1,3,72279,61,2023-06-14,Built ML pipeline for preprocessing,2023,6,14,Iterative
v2.0,20,Male,B.Sc,0.0,Mid,SME,Remote,8,1,0,3,49774,52,2024-12-09,No relevant project mentioned,2024,12,9,Iterative
v2.0,20,Male,PhD,0.0,Mid,SME,Tier-1,4,1,0,1,76941,57,2023-10-29,Built ML pipeline for preprocessing,2023,10,29,Iterative
v2.0,30,Female,B.Sc,6.0,Junior,SME,Tier-1,9,2,0,6,85529,49,2023-02-17,No relevant project mentioned,2023,2,17,Iterative
v2.0,32,Female,M.Sc,7.0,Mid,Enterprise,Tier-1,3,1,0,5,135882,60,2023-05-07,Contributed to open-source NLP repo,2023,5,7,Iterative
v2.0,25,Male,B.Sc,0.0,Junior,SME,Tier-2,7,1,0,5,37528,66,2024-01-03,Built ML pipeline for preprocessing,2024,1,3,Iterative
v2.0,34,Male,B.Sc,12.0,Lead,SME,Remote,6,1,1,1,177331,69,2024-10-09,Built ML pipeline for preprocessing,2024,10,9,Iterative
v2.0,20,Female,B.Sc,-1.79,Senior,SME,Tier-1,5,0,0,2,59795,46,2023-02-01,Built ML pipeline for preprocessing,2023,2,1,Iterative
v2.0,30,Female,B.Sc,8.0,Mid,Startup,Tier-1,4,1,0,1,123667,66,2024-05-21,Contributed to open-source NLP repo,2024,5,21,Iterative
v2.0,23,Female,B.Sc,1.0,Mid,Enterprise,Tier-1,5,1,1,1,77306,54,2024-09-04,Worked on microservices deployment,2024,9,4,Iterative
v2.0,26,Male,M.Eng,5.0,Senior,Startup,Tier-1,3,1,1,5,100737,52,2023-03-18,Built ML pipeline for preprocessing,2023,3,18,Iterative
v2.0,30,Male,B.Sc,7.0,Mid,Enterprise,Tier-2,6,2,0,0,96037,55,2024-12-07,Experience in data cleaning and ETL,2024,12,7,Iterative
v2.0,25,Female,B.Sc,1.0,Junior,Startup,Tier-1,4,0,0,4,38154,54,2023-07-20,Worked on microservices deployment,2023,7,20,Iterative
v2.0,28,Male,B.Sc,5.0,Junior,Enterprise,Tier-1,3,1,0,2,88215,69,2023-03-09,No relevant project mentioned,2023,3,9,Iterative
v2.0,36,Male,M.Sc,9.0,Mid,Enterprise,Tier-2,1,2,0,0,148322,56,2023-01-28,Contributed to open-source NLP repo,2023,1,28,Iterative
v2.0,27,Male,B.Sc,4.0,Senior,SME,Tier-1,2,1,0,2,88443,56,2024-02-04,Worked on microservices deployment,2024,2,4,Iterative
v2.0,35,Male,M.Sc,12.12,Junior,SME,Tier-2,4,2,0,0,100837,44,2023-02-26,Experience in data cleaning and ETL,2023,2,26,Iterative
v2.0,23,Male,B.Sc,1.0,Junior,SME,Tier-1,5,1,0,0,50738,49,2023-07-22,Built ML pipeline for preprocessing,2023,7,22,Iterative
v2.0,33,Male,B.Sc,9.94,Mid,SME,Remote,8,0,1,4,111238,51,2024-07-20,Contributed to open-source NLP repo,2024,7,20,Iterative
v2.0,39,Female,B.Sc,15.0,Senior,Startup,Tier-1,5,0,1,3,181751,59,2023-03-24,Built ML pipeline for preprocessing,2023,3,24,Iterative
v2.0,20,Male,M.Eng,0.0,Junior,SME,Remote,2,2,0,0,46279,59,2024-09-09,Contributed to open-source NLP repo,2024,9,9,Iterative
v2.0,25,Female,B.Sc,2.88,Junior,Enterprise,Tier-1,5,1,0,6,43433,49,2023-09-08,Contributed to open-source NLP repo,2023,9,8,Iterative
v2.0,33,Male,B.Sc,7.0,Mid,Startup,Tier-3,3,1,0,0,91963,52,2023-12-08,Built ML pipeline for preprocessing,2023,12,8,Iterative
v2.0,29,Male,B.Sc,4.0,Mid,Enterprise,Tier-1,5,1,0,1,99047,49,2024-02-27,No relevant project mentioned,2024,2,27,Iterative
v2.0,32,Female,M.Eng,7.0,Junior,SME,Tier-2,6,0,0,0,100526,61,2024-03-14,Worked on microservices deployment,2024,3,14,Iterative
v2.0,26,Male,B.Sc,3.46,Junior,SME,Tier-1,6,1,1,0,44523,73,2024-02-18,Built ML pipeline for preprocessing,2024,2,18,Iterative
v2.0,31,Male,B.Sc,8.0,Mid,Enterprise,Tier-2,4,1,0,0,111385,53,2023-05-13,Built ML pipeline for preprocessing,2023,5,13,Iterative
v2.0,29,Male,B.Sc,8.0,Mid,SME,Tier-2,5,2,0,4,115795,62,2024-03-04,Built ML pipeline for preprocessing,2024,3,4,Iterative
v2.0,37,Male,B.Sc,15.0,Lead,SME,Tier-2,4,0,0,7,168607,62,2024-12-04,Contributed to open-source NLP repo,2024,12,4,Iterative
v2.0,32,Female,M.Sc,9.0,Mid,Enterprise,Tier-2,5,0,1,5,134251,53,2024-06-27,Worked on microservices deployment,2024,6,27,Iterative
v2.0,32,Female,M.Sc,6.0,Junior,Enterprise,Tier-1,5,2,1,2,118667,64,2024-09-01,Contributed to open-source NLP repo,2024,9,1,Iterative
v2.0,28,Male,B.Sc,6.0,Mid,Startup,Tier-1,5,1,1,3,97114,52,2023-09-25,Worked on microservices deployment,2023,9,25,Iterative
v2.0,27,Male,B.Sc,5.0,Mid,SME,Tier-2,9,1,0,2,84250,44,2023-04-17,Built ML pipeline for preprocessing,2023,4,17,Iterative
v2.0,27,Male,B.Sc,4.0,Junior,SME,Tier-1,5,1,1,1,77903,42,2023-03-07,Experience in data cleaning and ETL,2023,3,7,Iterative
v2.0,32,Female,B.Sc,13.0,Senior,Startup,Tier-1,8,0,1,3,169181,59,2023-02-21,Experience in data cleaning and ETL,2023,2,21,Iterative
v2.0,27,Male,B.Sc,5.0,Senior,Startup,Tier-1,2,0,0,7,83395,72,2024-12-11,Experience in data cleaning and ETL,2024,12,11,Iterative
v2.0,32,Male,M.Sc,8.0,Junior,SME,Tier-1,3,1,0,2,106113,55,2023-10-15,Contributed to open-source NLP repo,2023,10,15,Iterative
v2.0,42,Male,B.Sc+Cert,19.0,Junior,SME,Tier-2,2,0,1,1,188976,59,2023-08-20,Contributed to open-source NLP repo,2023,8,20,Iterative
v2.0,35,Male,PhD,12.02,Junior,Enterprise,Tier-2,2,0,1,1,190110,61,2023-06-12,No relevant project mentioned,2023,6,12,Iterative
v2.0,28,Male,B.Sc+Cert,5.0,Junior,Enterprise,Remote,4,2,1,1,100494,66,2023-08-29,Worked on microservices deployment,2023,8,29,Iterative
v2.0,37,Female,M.Sc,13.77,Mid,SME,Tier-1,4,1,0,2,159960,55,2024-01-25,Experience in data cleaning and ETL,2024,1,25,Iterative
v2.0,28,Male,M.Sc,4.0,Mid,Startup,Remote,7,1,1,2,82002,64,2023-01-22,Contributed to open-source NLP repo,2023,1,22,Iterative
v2.0,20,Male,B.Sc,2.0,Lead,Startup,Tier-2,4,0,0,0,67090,59,2024-12-29,Built ML pipeline for preprocessing,2024,12,29,Iterative
v2.0,24,Female,M.Sc,0.0,Junior,SME,Remote,7,1,0,1,55462,71,2024-11-17,No relevant project mentioned,2024,11,17,Iterative
v2.0,20,Female,B.Sc,0.0,Mid,SME,Tier-3,7,0,1,2,39428,51,2024-05-07,Built ML pipeline for preprocessing,2024,5,7,Iterative
v2.0,28,Male,B.Sc,2.0,Senior,Startup,Tier-2,8,0,1,2,66958,59,2024-11-14,Experience in data cleaning and ETL,2024,11,14,Iterative
v2.0,30,Male,M.Sc,7.0,Mid,SME,Tier-1,5,0,1,5,113743,41,2024-06-04,Built ML pipeline for preprocessing,2024,6,4,Iterative
v2.0,40,Male,B.Sc,14.0,Junior,Enterprise,Tier-1,5,0,1,1,163300,59,2023-12-28,Contributed to open-source NLP repo,2023,12,28,Iterative
v2.0,32,Male,B.Sc,9.25,Junior,Enterprise,Tier-1,2,2,1,2,101370,59,2023-02-28,Built ML pipeline for preprocessing,2023,2,28,Iterative
v2.0,29,Male,B.Sc+Cert,6.51,Junior,Enterprise,Remote,3,0,0,1,61212,76,2024-04-29,Built ML pipeline for preprocessing,2024,4,29,Iterative
v2.0,35,Male,B.Sc,12.04,Lead,SME,Remote,2,0,1,0,192614,52,2024-09-20,Built ML pipeline for preprocessing,2024,9,20,Iterative
v2.0,20,Male,B.Sc,0.0,Senior,Startup,Tier-3,4,2,1,1,43181,59,2023-04-11,Experience in data cleaning and ETL,2023,4,11,Iterative
v2.0,31,Female,B.Sc+Cert,9.0,Senior,Startup,Remote,5,1,0,1,122506,52,2023-12-06,Contributed to open-source NLP repo,2023,12,6,Iterative
v2.0,35,Male,M.Sc,12.0,Senior,Enterprise,Remote,5,0,0,3,189574,65,2024-04-30,Contributed to open-source NLP repo,2024,4,30,Iterative
v2.0,21,Male,B.Sc,0.0,Mid,SME,Tier-2,5,1,0,1,35792,65,2024-11-19,Contributed to open-source NLP repo,2024,11,19,Iterative
v2.0,37,Male,B.Sc,17.0,Senior,SME,Tier-2,5,0,1,5,184591,73,2023-01-16,Contributed to open-source NLP repo,2023,1,16,Iterative
v2.0,32,Female,B.Sc,8.0,Lead,Startup,Tier-2,8,1,1,1,120501,61,2024-05-12,Contributed to open-source NLP repo,2024,5,12,Iterative
v2.0,28,Female,B.Sc+Cert,5.0,Mid,SME,Tier-2,6,1,1,0,89322,52,2023-05-01,Built ML pipeline for preprocessing,2023,5,1,Iterative
v2.0,34,Female,M.Sc,12.0,Junior,Startup,Tier-1,6,1,0,0,138147,71,2023-08-02,Worked on microservices deployment,2023,8,2,Iterative
v2.0,44,Female,B.Sc,22.0,Mid,Startup,Tier-2,5,0,1,2,249467,64,2023-11-26,Worked on microservices deployment,2023,11,26,Iterative
v2.0,31,Female,B.Sc,8.0,Junior,SME,Tier-2,5,1,1,1,93667,51,2023-03-25,Contributed to open-source NLP repo,2023,3,25,Iterative
v2.0,31,Male,B.Sc,10.0,Junior,SME,Tier-2,4,2,0,1,115155,59,2023-06-30,No relevant project mentioned,2023,6,30,Iterative
v2.0,27,Male,B.Sc+Cert,2.0,Senior,Startup,Remote,4,4,1,0,96066,59,2024-01-21,Contributed to open-source NLP repo,2024,1,21,Iterative
v2.0,25,Male,B.Sc,1.0,Senior,Startup,Tier-1,1,1,0,3,61674,50,2023-11-19,Experience in data cleaning and ETL,2023,11,19,Iterative
v2.0,35,Female,M.Sc,10.0,Junior,Enterprise,Tier-1,8,2,1,3,150723,65,2024-07-07,Built ML pipeline for preprocessing,2024,7,7,Iterative
v2.0,25,Female,B.Sc,0.0,Mid,SME,Tier-3,5,2,1,1,43761,57,2024-03-23,Built ML pipeline for preprocessing,2024,3,23,Iterative
v2.0,30,Male,M.Sc,8.0,Senior,SME,Tier-2,7,1,1,3,142590,73,2023-03-14,No relevant project mentioned,2023,3,14,Iterative
v2.0,27,Male,B.Sc+Cert,3.0,Mid,SME,Tier-1,7,0,0,1,73344,52,2023-09-12,Experience in data cleaning and ETL,2023,9,12,Iterative
v2.0,33,Male,M.Sc,11.0,Mid,Enterprise,Tier-2,2,1,0,0,129807,67,2024-11-30,Contributed to open-source NLP repo,2024,11,30,Iterative
v2.0,32,Female,B.Sc,9.0,Mid,Startup,Tier-2,5,0,1,3,110448,60,2023-10-17,Built ML pipeline for preprocessing,2023,10,17,Iterative
v2.0,36,Male,M.Sc,14.0,Senior,Startup,Remote,6,1,0,6,169683,62,2024-05-14,Experience in data cleaning and ETL,2024,5,14,Iterative
v2.0,27,Male,M.Sc,7.0,Senior,SME,Tier-2,6,0,0,2,143654,60,2024-08-30,No relevant project mentioned,2024,8,30,Iterative
v2.0,28,Male,B.Sc,6.0,Mid,Startup,Tier-1,1,0,0,1,93264,57,2024-08-10,Contributed to open-source NLP repo,2024,8,10,Iterative
v2.0,24,Male,B.Sc+Cert,3.0,Junior,SME,Tier-2,5,0,0,1,64324,59,2023-01-02,No relevant project mentioned,2023,1,2,Iterative
v2.0,27,Female,M.Sc,3.0,Senior,SME,Remote,7,0,1,6,82417,49,2024-01-18,Built ML pipeline for preprocessing,2024,1,18,Iterative
v2.0,32,Male,B.Sc+Cert,12.0,Junior,Enterprise,Tier-2,5,1,1,1,136536,55,2024-11-20,Built ML pipeline for preprocessing,2024,11,20,Iterative
v2.0,35,Female,M.Sc,9.0,Mid,Enterprise,Tier-3,4,2,0,3,126325,63,2023-04-22,Contributed to open-source NLP repo,2023,4,22,Iterative
v2.0,24,Male,B.Sc,0.0,Junior,Enterprise,Tier-1,6,0,1,2,49130,60,2023-07-23,Worked on microservices deployment,2023,7,23,Iterative
v2.0,35,Male,B.Sc,17.0,Mid,Startup,Remote,3,1,0,2,165394,53,2023-01-26,Experience in data cleaning and ETL,2023,1,26,Iterative
v2.0,38,Male,B.Sc,19.0,Mid,Enterprise,Tier-3,2,2,0,0,189521,49,2023-04-18,Contributed to open-source NLP repo,2023,4,18,Iterative
v2.0,32,Female,B.Sc+Cert,5.0,Junior,Startup,Tier-3,5,5,1,0,77161,48,2024-11-07,Contributed to open-source NLP repo,2024,11,7,Iterative
v2.0,41,Male,M.Sc,17.54,Senior,SME,Tier-1,3,0,0,2,279619,60,2024-07-20,Built ML pipeline for preprocessing,2024,7,20,Iterative
v2.0,25,Male,M.Sc,2.0,Junior,Enterprise,Remote,9,0,0,7,71489,65,2023-10-01,Worked on microservices deployment,2023,10,1,Iterative
v2.0,23,Male,B.Sc,0.0,Senior,Startup,Tier-2,6,0,1,0,50820,63,2024-06-25,Built ML pipeline for preprocessing,2024,6,25,Iterative
v2.0,20,Female,B.Sc,0.0,Senior,SME,Remote,4,1,0,2,64568,59,2023-01-17,Contributed to open-source NLP repo,2023,1,17,Iterative
v2.0,39,Male,M.Sc,15.55,Junior,Startup,Tier-1,4,0,0,3,141004,60,2024-04-08,Worked on microservices deployment,2024,4,8,Iterative
v2.0,34,Female,B.Sc,10.0,Mid,Startup,Tier-1,6,1,0,2,145821,56,2023-10-25,Built ML pipeline for preprocessing,2023,10,25,Iterative
v2.0,30,Male,B.Sc,6.0,Junior,Enterprise,Tier-1,5,2,1,2,104941,56,2024-08-15,Experience in data cleaning and ETL,2024,8,15,Iterative
v2.0,32,Male,M.Sc,6.0,Senior,Startup,Tier-2,4,2,0,3,84376,40,2024-01-31,Built ML pipeline for preprocessing,2024,1,31,Iterative
v2.0,23,Male,B.Sc,0.96,Mid,Startup,Tier-2,6,0,0,2,39299,77,2023-01-27,Experience in data cleaning and ETL,2023,1,27,Iterative
v2.0,45,Male,B.Sc,22.0,Junior,SME,Tier-2,4,1,1,1,184740,54,2023-07-02,Worked on microservices deployment,2023,7,2,Iterative
v2.0,31,Male,B.Sc,9.0,Mid,Enterprise,Tier-2,8,1,1,5,144604,46,2024-05-30,No relevant project mentioned,2024,5,30,Iterative
v2.0,31,Male,B.Sc,9.0,Mid,Startup,Tier-3,4,0,0,2,108002,53,2024-11-05,Built ML pipeline for preprocessing,2024,11,5,Iterative
v2.0,34,Male,PhD,13.0,Senior,SME,Tier-1,1,1,0,3,182065,51,2024-03-24,Worked on microservices deployment,2024,3,24,Iterative
v2.0,33,Female,B.Sc,10.0,Junior,Enterprise,Tier-1,3,0,0,0,121681,69,2023-11-28,Built ML pipeline for preprocessing,2023,11,28,Iterative
v2.0,31,Male,B.Sc,6.0,Mid,Startup,Remote,6,0,0,2,92502,62,2024-08-06,Worked on microservices deployment,2024,8,6,Iterative
v2.0,25,Female,B.Sc,1.0,Junior,SME,Tier-2,6,2,1,0,46442,52,2024-03-31,Built ML pipeline for preprocessing,2024,3,31,Iterative
v2.0,33,Male,B.Sc,10.11,Senior,Enterprise,Tier-2,5,1,0,1,165105,62,2024-08-10,Contributed to open-source NLP repo,2024,8,10,Iterative
v2.0,41,Male,B.Sc,16.0,Junior,SME,Tier-2,7,1,0,0,176859,60,2024-02-24,Built ML pipeline for preprocessing,2024,2,24,Iterative
v2.0,38,Male,M.Sc,15.0,Mid,Enterprise,Tier-2,4,2,1,5,165140,72,2023-08-28,Built ML pipeline for preprocessing,2023,8,28,Iterative
v2.0,40,Male,B.Sc,18.0,Junior,Startup,Tier-1,5,1,0,3,177474,54,2024-05-26,Worked on microservices deployment,2024,5,26,Iterative
v2.0,27,Male,B.Sc,1.0,Mid,Enterprise,Tier-2,4,1,1,4,63224,56,2023-10-17,Experience in data cleaning and ETL,2023,10,17,Iterative
v2.0,24,Male,B.Sc,0.0,Senior,Enterprise,Remote,6,1,0,1,68400,63,2024-03-14,Built ML pipeline for preprocessing,2024,3,14,Iterative
v2.0,29,Male,M.Eng,6.36,Senior,Startup,Tier-2,5,1,0,5,123619,53,2024-06-06,Worked on microservices deployment,2024,6,6,Iterative
v2.0,30,Male,B.Sc+Cert,7.2,Senior,Startup,Tier-1,5,5,1,5,150408,60,2024-07-24,Worked on microservices deployment,2024,7,24,Iterative
v2.0,37,Female,B.Sc,13.0,Mid,Enterprise,Tier-3,4,1,0,1,154283,66,2023-09-16,Built ML pipeline for preprocessing,2023,9,16,Iterative
v2.0,20,Female,B.Sc,0.0,Senior,SME,Tier-1,3,1,0,1,61139,61,2024-12-14,Built ML pipeline for preprocessing,2024,12,14,Iterative
v2.0,39,Male,B.Sc+Cert,17.0,Mid,SME,Tier-1,6,2,1,2,182091,74,2023-09-25,Built ML pipeline for preprocessing,2023,9,25,Iterative
v2.0,29,Male,B.Sc,4.0,Senior,SME,Remote,2,3,0,0,100303,68,2023-04-23,Experience in data cleaning and ETL,2023,4,23,Iterative
v2.0,27,Male,M.Eng,7.0,Mid,Enterprise,Tier-1,5,1,0,7,157104,59,2024-08-07,Built ML pipeline for preprocessing,2024,8,7,Iterative
v2.0,24,Male,B.Sc,0.0,Mid,Enterprise,Remote,5,1,1,1,62090,59,2024-02-09,Contributed to open-source NLP repo,2024,2,9,Iterative
v2.0,20,Male,B.Sc+Cert,0.0,Junior,Startup,Tier-2,5,0,1,2,35567,58,2024-02-06,No relevant project mentioned,2024,2,6,Iterative
v2.0,35,Male,M.Sc,11.88,Mid,Startup,Tier-3,8,0,1,3,147754,69,2023-08-24,Worked on microservices deployment,2023,8,24,Iterative
v2.0,30,Male,B.Sc+Cert,7.25,Junior,Enterprise,Tier-2,4,1,1,1,126499,57,2023-01-06,Worked on microservices deployment,2023,1,6,Iterative
v2.0,22,Male,M.Sc,0.0,Senior,Enterprise,Tier-1,7,0,0,0,107225,50,2024-08-23,Built ML pipeline for preprocessing,2024,8,23,Iterative
v2.0,22,Male,B.Sc,0.0,Mid,SME,Tier-2,8,3,1,0,50266,55,2023-04-24,Experience in data cleaning and ETL,2023,4,24,Iterative
v2.0,28,Female,B.Sc+Cert,7.0,Lead,Enterprise,Remote,11,1,1,2,178171,59,2023-12-31,No relevant project mentioned,2023,12,31,Iterative
v2.0,40,Female,B.Sc,14.0,Junior,Enterprise,Tier-3,4,0,0,0,146930,57,2023-11-17,Built ML pipeline for preprocessing,2023,11,17,Iterative
v2.0,28,Male,B.Sc,6.0,Junior,Startup,Tier-2,3,1,1,3,69314,80,2023-11-07,Experience in data cleaning and ETL,2023,11,7,Iterative
v2.0,21,Female,M.Sc,0.0,Senior,Enterprise,Remote,9,1,0,1,96104,48,2023-06-17,Built ML pipeline for preprocessing,2023,6,17,Iterative
v2.0,29,Female,M.Sc,6.49,Mid,SME,Tier-1,6,0,0,2,115256,59,2023-02-21,Built ML pipeline for preprocessing,2023,2,21,Iterative
v2.0,28,Male,B.Sc+Cert,5.0,Mid,Startup,Tier-1,4,0,0,1,75401,61,2023-10-27,Contributed to open-source NLP repo,2023,10,27,Iterative
v2.0,20,Male,B.Sc,0.0,Senior,SME,Tier-1,6,2,0,0,56211,60,2023-03-03,Built ML pipeline for preprocessing,2023,3,3,Iterative
v2.0,30,Male,M.Sc,10.0,Mid,Enterprise,Tier-3,6,1,0,3,123853,52,2023-03-25,Built ML pipeline for preprocessing,2023,3,25,Iterative
v2.0,29,Female,M.Sc,6.0,Junior,Enterprise,Tier-3,2,0,0,0,77365,59,2023-12-19,Built ML pipeline for preprocessing,2023,12,19,Iterative
v2.0,34,Female,B.Sc,9.0,Senior,Startup,Tier-2,10,3,1,4,143664,65,2024-10-30,Built ML pipeline for preprocessing,2024,10,30,Iterative
v2.0,41,Male,B.Sc,23.0,Junior,Startup,Remote,5,0,0,0,224869,38,2024-05-17,Built ML pipeline for preprocessing,2024,5,17,Iterative
v2.0,37,Male,B.Sc,14.0,Senior,SME,Tier-2,5,1,0,2,191250,59,2024-10-20,Worked on microservices deployment,2024,10,20,Iterative
v2.0,28,Male,B.Sc,7.0,Junior,Enterprise,Tier-1,3,2,0,2,103953,70,2024-04-19,No relevant project mentioned,2024,4,19,Iterative
v2.0,23,Male,PhD,0.0,Mid,Enterprise,Tier-1,5,1,1,2,88170,65,2024-09-26,Contributed to open-source NLP repo,2024,9,26,Iterative
v2.0,45,Male,M.Sc,24.0,Junior,SME,Remote,6,0,0,7,238031,68,2024-05-17,Worked on microservices deployment,2024,5,17,Iterative
v2.0,30,Female,M.Sc,9.0,Mid,SME,Tier-1,7,2,1,1,139285,60,2024-11-24,Worked on microservices deployment,2024,11,24,Iterative
v2.0,30,Male,PhD,8.0,Junior,Startup,Tier-2,5,0,1,5,110622,59,2023-04-09,Contributed to open-source NLP repo,2023,4,9,Iterative
v2.0,30,Female,B.Sc,8.0,Senior,SME,Tier-1,1,1,0,0,111930,59,2024-12-02,Contributed to open-source NLP repo,2024,12,2,Iterative
v2.0,31,Female,M.Eng,9.0,Mid,Startup,Tier-1,6,1,0,1,130837,59,2023-11-02,Built ML pipeline for preprocessing,2023,11,2,Iterative
v2.0,29,Female,B.Sc,9.0,Junior,Enterprise,Tier-2,10,2,0,0,134047,62,2023-11-11,Worked on microservices deployment,2023,11,11,Iterative
v2.0,27,Male,B.Sc+Cert,4.63,Mid,Startup,Tier-1,5,1,0,2,69693,74,2024-12-10,Experience in data cleaning and ETL,2024,12,10,Iterative
v2.0,27,Male,B.Sc,6.0,Mid,SME,Remote,4,0,0,2,100538,66,2024-03-17,Worked on microservices deployment,2024,3,17,Iterative
v2.0,30,Male,B.Sc+Cert,4.0,Junior,Startup,Tier-2,5,1,0,1,72042,66,2023-09-04,Worked on microservices deployment,2023,9,4,Iterative
v2.0,27,Male,B.Sc,4.63,Junior,SME,Tier-2,6,1,1,3,118918,60,2023-09-22,Built ML pipeline for preprocessing,2023,9,22,Iterative
v2.0,26,Male,B.Sc,3.0,Mid,Startup,Tier-3,5,1,0,5,55229,58,2024-07-22,Built ML pipeline for preprocessing,2024,7,22,Iterative
v2.0,31,Male,M.Sc,8.0,Junior,SME,Tier-2,11,0,0,2,115273,63,2024-02-29,No relevant project mentioned,2024,2,29,Iterative
v2.0,28,Male,B.Sc,7.0,Junior,Startup,Remote,5,1,1,0,91052,62,2023-02-27,Contributed to open-source NLP repo,2023,2,27,Iterative
v2.0,39,Male,M.Sc,16.0,Junior,Enterprise,Tier-1,6,2,0,1,185321,69,2024-04-28,Built ML pipeline for preprocessing,2024,4,28,Iterative
v2.0,20,Male,B.Sc,-1.6,Mid,SME,Tier-1,6,1,0,1,53968,59,2023-11-20,Worked on microservices deployment,2023,11,20,Iterative
v2.0,37,Male,M.Sc,11.0,Mid,Enterprise,Tier-1,2,0,1,0,186747,61,2023-07-05,Worked on microservices deployment,2023,7,5,Iterative
v2.0,37,Female,B.Sc,11.0,Junior,SME,Remote,7,2,0,1,133308,59,2024-05-13,Contributed to open-source NLP repo,2024,5,13,Iterative
v2.0,20,Female,B.Sc,0.0,Lead,SME,Remote,3,2,0,0,76445,59,2023-03-03,No relevant project mentioned,2023,3,3,Iterative
v2.0,28,Male,B.Sc,2.0,Senior,SME,Tier-1,1,1,0,7,81066,59,2024-08-15,No relevant project mentioned,2024,8,15,Iterative
v2.0,28,Male,B.Sc,3.0,Junior,Enterprise,Tier-2,5,0,1,4,67703,48,2023-09-03,Contributed to open-source NLP repo,2023,9,3,Iterative
v2.0,22,Male,B.Sc,0.0,Junior,SME,Tier-1,4,1,0,2,37724,59,2024-05-01,Built ML pipeline for preprocessing,2024,5,1,Iterative
v2.0,25,Male,B.Sc,0.0,Senior,Startup,Tier-1,7,2,0,6,63748,48,2024-01-08,Experience in data cleaning and ETL,2024,1,8,Iterative
v2.0,23,Male,B.Sc,2.0,Mid,Enterprise,Tier-2,4,0,1,3,62791,70,2024-05-29,Contributed to open-source NLP repo,2024,5,29,Iterative
v2.0,41,Female,B.Sc,16.0,Junior,Startup,Tier-1,4,0,0,0,175937,77,2023-02-20,No relevant project mentioned,2023,2,20,Iterative
v2.0,36,Male,M.Sc,12.0,Mid,Enterprise,Tier-2,4,1,0,3,174555,60,2024-09-08,Built ML pipeline for preprocessing,2024,9,8,Iterative
v2.0,38,Male,B.Sc,15.0,Senior,Startup,Tier-2,2,1,1,0,167902,42,2023-04-09,Built ML pipeline for preprocessing,2023,4,9,Iterative
v2.0,34,Male,B.Sc,11.0,Junior,SME,Tier-3,6,2,0,0,114402,53,2023-11-19,Built ML pipeline for preprocessing,2023,11,19,Iterative
v2.0,23,Male,M.Sc,2.0,Senior,Startup,Tier-2,5,1,0,2,83615,53,2024-08-14,Contributed to open-source NLP repo,2024,8,14,Iterative
v2.0,27,Male,M.Sc,4.0,Mid,Enterprise,Tier-2,7,2,0,0,94547,75,2024-03-16,Contributed to open-source NLP repo,2024,3,16,Iterative
v2.0,33,Male,B.Sc,12.0,Mid,SME,Tier-2,4,0,1,3,134863,39,2024-02-08,Worked on microservices deployment,2024,2,8,Iterative
v2.0,23,Male,M.Sc,0.0,Senior,SME,Tier-1,5,1,1,5,71551,59,2024-02-21,Built ML pipeline for preprocessing,2024,2,21,Iterative
v2.0,34,Male,B.Sc,10.95,Junior,Startup,Tier-3,6,1,1,1,131205,59,2024-11-13,Built ML pipeline for preprocessing,2024,11,13,Iterative
v2.0,29,Male,B.Sc,8.0,Mid,SME,Tier-1,6,0,1,0,104341,88,2023-06-04,Experience in data cleaning and ETL,2023,6,4,Iterative
v2.0,28,Male,B.Sc,5.0,Mid,Enterprise,Tier-1,6,3,1,1,115123,58,2024-06-25,No relevant project mentioned,2024,6,25,Iterative
v2.0,34,Male,M.Sc,10.0,Mid,SME,Tier-2,6,0,1,2,138097,52,2024-09-02,Contributed to open-source NLP repo,2024,9,2,Iterative
v2.0,33,Female,M.Sc,8.0,Junior,Startup,Remote,5,1,0,1,100667,70,2023-05-26,Experience in data cleaning and ETL,2023,5,26,Iterative
v2.0,28,Male,B.Sc,7.0,Mid,SME,Tier-1,4,1,1,6,104731,66,2023-08-23,Experience in data cleaning and ETL,2023,8,23,Iterative
v2.0,37,Male,B.Sc,14.0,Junior,SME,Tier-1,9,1,1,0,501270,65,2024-04-18,No relevant project mentioned,2024,4,18,Iterative
v2.0,24,Male,PhD,5.0,Junior,Startup,Tier-1,4,2,1,7,110068,61,2024-02-03,Built ML pipeline for preprocessing,2024,2,3,Iterative
v2.0,34,Male,B.Sc,10.87,Junior,Startup,Tier-1,9,1,0,0,110518,67,2024-09-02,Contributed to open-source NLP repo,2024,9,2,Iterative
v2.0,34,Male,B.Sc,10.0,Mid,Enterprise,Tier-2,4,2,0,1,114257,50,2024-04-04,Contributed to open-source NLP repo,2024,4,4,Iterative
v2.0,28,Male,B.Sc+Cert,6.0,Junior,Enterprise,Tier-1,5,0,1,2,88246,71,2024-12-02,Built ML pipeline for preprocessing,2024,12,2,Iterative
v2.0,32,Female,B.Sc,8.0,Mid,Startup,Tier-3,4,3,0,2,103635,62,2024-03-08,No relevant project mentioned,2024,3,8,Iterative
v2.0,22,Male,M.Sc,0.0,Junior,Enterprise,Tier-3,6,0,1,0,43646,71,2023-09-14,Contributed to open-source NLP repo,2023,9,14,Iterative
v2.0,36,Male,M.Sc,11.0,Junior,Startup,Tier-2,5,1,1,5,125853,65,2024-12-15,Worked on microservices deployment,2024,12,15,Iterative
v2.0,29,Male,B.Sc+Cert,5.0,Junior,SME,Tier-2,3,2,1,2,81462,62,2024-03-14,Worked on microservices deployment,2024,3,14,Iterative
v2.0,27,Female,B.Sc,7.0,Junior,SME,Tier-1,7,1,0,2,94208,56,2024-06-20,Worked on microservices deployment,2024,6,20,Iterative
v2.0,36,Male,B.Sc,12.0,Mid,Startup,Tier-1,7,2,0,0,176773,79,2023-06-24,No relevant project mentioned,2023,6,24,Iterative
v2.0,26,Male,B.Sc,3.0,Mid,SME,Tier-2,4,2,0,1,69174,70,2024-12-13,Worked on microservices deployment,2024,12,13,Iterative
v2.0,22,Male,B.Sc+Cert,2.0,Lead,Enterprise,Tier-1,6,2,1,0,141353,56,2024-05-05,Contributed to open-source NLP repo,2024,5,5,Iterative
v2.0,21,Male,M.Sc,0.0,Lead,Enterprise,Tier-2,5,1,1,7,100506,77,2023-10-10,No relevant project mentioned,2023,10,10,Iterative
v2.0,34,Male,B.Sc,11.0,Mid,Startup,Tier-1,5,0,0,0,126468,76,2024-08-27,Experience in data cleaning and ETL,2024,8,27,Iterative
v2.0,22,Male,B.Sc+Cert,0.0,Senior,Startup,Tier-1,7,1,1,1,62636,51,2024-07-15,Built ML pipeline for preprocessing,2024,7,15,Iterative
v2.0,41,Male,B.Sc,22.0,Junior,Enterprise,Tier-1,6,0,1,1,229574,62,2023-08-07,Contributed to open-source NLP repo,2023,8,7,Iterative
v2.0,20,Male,B.Sc,-1.89,Mid,Startup,Tier-1,5,1,1,3,41621,61,2023-06-05,No relevant project mentioned,2023,6,5,Iterative
v2.0,40,Male,B.Sc,16.0,Mid,SME,Remote,4,2,0,0,612816,57,2023-02-26,Experience in data cleaning and ETL,2023,2,26,Iterative
v2.0,31,Male,B.Sc,7.0,Junior,Startup,Tier-1,3,1,0,4,85155,58,2024-05-25,Built ML pipeline for preprocessing,2024,5,25,Iterative
v2.0,29,Female,B.Sc+Cert,7.0,Junior,SME,Remote,7,2,0,1,93723,60,2023-12-04,Built ML pipeline for preprocessing,2023,12,4,Iterative
v2.0,27,Male,B.Sc,2.0,Junior,Startup,Tier-2,4,3,0,1,46381,50,2024-12-19,Contributed to open-source NLP repo,2024,12,19,Iterative
v2.0,32,Male,M.Eng,10.0,Mid,Enterprise,Remote,7,4,1,0,160764,56,2023-09-29,Built ML pipeline for preprocessing,2023,9,29,Iterative
v2.0,30,Male,M.Sc,8.0,Mid,Enterprise,Tier-2,6,1,0,2,125988,70,2024-12-27,Experience in data cleaning and ETL,2024,12,27,Iterative
v2.0,37,Male,B.Sc,13.0,Mid,Startup,Remote,4,0,1,1,153681,62,2023-07-03,Built ML pipeline for preprocessing,2023,7,3,Iterative
v2.0,31,Female,PhD,8.0,Mid,Enterprise,Tier-1,7,0,1,0,172825,57,2023-10-18,Built ML pipeline for preprocessing,2023,10,18,Iterative
v2.0,31,Male,B.Sc,7.0,Mid,SME,Tier-2,3,0,0,0,93705,62,2023-10-29,Built ML pipeline for preprocessing,2023,10,29,Iterative
v2.0,28,Male,B.Sc,4.0,Senior,Startup,Tier-1,6,0,1,3,104062,78,2024-08-01,Worked on microservices deployment,2024,8,1,Iterative
v2.0,30,Male,B.Sc,8.0,Junior,Enterprise,Tier-2,4,0,0,0,98000,59,2023-09-04,Contributed to open-source NLP repo,2023,9,4,Iterative
v2.0,32,Male,B.Sc+Cert,8.0,Senior,SME,Tier-2,5,0,1,0,130516,59,2023-01-16,Contributed to open-source NLP repo,2023,1,16,Iterative
v2.0,20,Male,B.Sc,0.0,Mid,Startup,Tier-2,4,1,0,2,36832,49,2023-12-01,Built ML pipeline for preprocessing,2023,12,1,Iterative
v2.0,22,Male,B.Sc,0.0,Mid,Startup,Tier-1,3,0,1,0,42252,47,2023-07-30,Worked on microservices deployment,2023,7,30,Iterative
v2.0,34,Male,B.Sc,10.91,Mid,Enterprise,Tier-1,5,1,1,1,153982,54,2024-08-08,Experience in data cleaning and ETL,2024,8,8,Iterative
v2.0,31,Female,B.Sc,4.0,Mid,Enterprise,Tier-2,5,1,1,2,80939,59,2024-01-08,Built ML pipeline for preprocessing,2024,1,8,Iterative
v2.0,29,Male,M.Sc,10.0,Junior,Enterprise,Tier-2,5,0,1,1,139905,59,2024-02-10,Contributed to open-source NLP repo,2024,2,10,Iterative
v2.0,30,Female,B.Sc,1.0,Mid,Startup,Tier-1,4,1,0,2,56315,48,2024-06-13,Worked on microservices deployment,2024,6,13,Iterative
v2.0,32,Female,B.Sc,8.0,Lead,Enterprise,Remote,3,2,0,0,154551,56,2023-01-22,Built ML pipeline for preprocessing,2023,1,22,Iterative
v2.0,27,Female,B.Sc,6.0,Mid,Startup,Remote,4,1,0,1,74258,67,2024-09-09,Built ML pipeline for preprocessing,2024,9,9,Iterative
v2.0,25,Male,B.Sc,2.69,Junior,Enterprise,Remote,8,1,0,7,51245,86,2023-04-29,Contributed to open-source NLP repo,2023,4,29,Iterative
v2.0,31,Male,B.Sc,3.0,Junior,Startup,Tier-3,7,2,1,1,58352,48,2024-06-11,Experience in data cleaning and ETL,2024,6,11,Iterative
v2.0,24,Female,B.Sc,1.0,Lead,SME,Tier-1,3,2,0,3,81964,76,2023-07-03,Built ML pipeline for preprocessing,2023,7,3,Iterative
v2.0,32,Male,PhD,10.0,Junior,SME,Remote,4,0,1,2,136618,52,2024-05-29,Experience in data cleaning and ETL,2024,5,29,Iterative
v2.0,20,Male,B.Sc,0.0,Junior,Enterprise,Tier-2,5,0,1,4,38498,63,2024-05-06,Contributed to open-source NLP repo,2024,5,6,Iterative
v2.0,36,Female,B.Sc,12.0,Mid,Enterprise,Tier-1,6,1,0,3,145783,74,2024-05-20,Built ML pipeline for preprocessing,2024,5,20,Iterative
v2.0,33,Female,B.Sc+Cert,12.0,Lead,SME,Tier-3,4,0,0,0,150363,67,2024-09-26,Built ML pipeline for preprocessing,2024,9,26,Iterative
v2.0,32,Male,B.Sc,9.0,Junior,SME,Tier-1,6,1,1,1,131097,63,2024-03-12,Built ML pipeline for preprocessing,2024,3,12,Iterative
v2.0,36,Male,M.Sc,11.0,Mid,Enterprise,Tier-2,2,1,0,5,149851,47,2023-04-15,Built ML pipeline for preprocessing,2023,4,15,Iterative
v2.0,40,Male,PhD,19.0,Mid,Startup,Tier-1,5,1,0,2,218689,44,2023-04-13,Experience in data cleaning and ETL,2023,4,13,Iterative
v2.0,36,Female,B.Sc,10.0,Junior,Enterprise,Tier-2,7,0,0,0,125739,61,2023-07-27,Worked on microservices deployment,2023,7,27,Iterative
v2.0,20,Female,B.Sc,0.0,Senior,Enterprise,Tier-2,5,3,1,1,72439,52,2024-10-22,Built ML pipeline for preprocessing,2024,10,22,Iterative
v2.0,22,Male,M.Sc,0.0,Mid,Startup,Tier-2,3,1,1,1,44752,53,2024-12-05,Contributed to open-source NLP repo,2024,12,5,Iterative
v2.0,26,Male,B.Sc,3.0,Mid,Startup,Tier-1,5,2,0,2,71499,71,2023-02-16,Experience in data cleaning and ETL,2023,2,16,Iterative
v2.0,30,Female,B.Sc,7.63,Senior,SME,Tier-2,6,0,0,2,108807,48,2023-10-31,Contributed to open-source NLP repo,2023,10,31,Iterative
v2.0,33,Male,B.Sc,8.0,Lead,Startup,Tier-2,3,0,0,2,96071,61,2023-06-16,Worked on microservices deployment,2023,6,16,Iterative
v2.0,26,Male,B.Sc,3.0,Mid,SME,Tier-1,5,1,0,1,73881,59,2024-05-08,Worked on microservices deployment,2024,5,8,Iterative
v2.0,31,Female,B.Sc,7.0,Junior,Enterprise,Remote,5,1,1,2,116166,61,2023-03-28,Worked on microservices deployment,2023,3,28,Iterative
v2.0,25,Male,B.Sc,2.98,Senior,SME,Tier-2,5,1,0,0,377596,44,2023-08-14,Built ML pipeline for preprocessing,2023,8,14,Iterative
v2.0,26,Male,B.Sc,0.0,Mid,Startup,Remote,4,2,1,1,44232,59,2023-04-30,No relevant project mentioned,2023,4,30,Iterative
v2.0,22,Male,M.Sc,0.0,Senior,SME,Tier-1,4,0,0,0,76838,50,2023-09-05,Worked on microservices deployment,2023,9,5,Iterative
v2.0,24,Male,B.Sc,0.0,Senior,SME,Tier-1,5,1,0,0,62369,59,2024-05-19,Built ML pipeline for preprocessing,2024,5,19,Iterative
v2.0,22,Female,B.Sc,1.0,Junior,Enterprise,Tier-1,4,0,0,1,55507,77,2023-12-19,Contributed to open-source NLP repo,2023,12,19,Iterative
v2.0,24,Male,M.Sc,1.0,Lead,Startup,Tier-2,1,0,1,3,76064,57,2023-05-24,Built ML pipeline for preprocessing,2023,5,24,Iterative
v2.0,36,Other,B.Sc,13.0,Mid,SME,Tier-1,4,1,1,0,147893,58,2023-12-16,Built ML pipeline for preprocessing,2023,12,16,Iterative
v2.0,24,Male,B.Sc,3.0,Mid,Enterprise,Tier-2,3,3,0,1,85917,72,2024-05-29,Built ML pipeline for preprocessing,2024,5,29,Iterative
v2.0,46,Male,B.Sc+Cert,17.0,Junior,SME,Tier-1,6,3,0,4,202192,59,2023-11-13,Experience in data cleaning and ETL,2023,11,13,Iterative
v2.0,33,Male,B.Sc,12.0,Senior,SME,Tier-1,5,0,1,1,168598,68,2023-01-26,Built ML pipeline for preprocessing,2023,1,26,Iterative
v2.0,31,Male,B.Sc,10.0,Mid,Startup,Tier-2,6,3,0,1,114304,57,2024-06-13,Experience in data cleaning and ETL,2024,6,13,Iterative
v2.0,25,Male,B.Sc,3.0,Mid,Enterprise,Remote,8,1,0,5,75016,59,2023-11-18,Built ML pipeline for preprocessing,2023,11,18,Iterative
v2.0,34,Male,B.Sc,11.0,Senior,SME,Tier-1,6,1,0,3,166847,55,2023-10-23,Built ML pipeline for preprocessing,2023,10,23,Iterative
v2.0,27,Male,B.Sc+Cert,3.0,Mid,Enterprise,Tier-3,10,2,0,4,81498,64,2023-05-11,Built ML pipeline for preprocessing,2023,5,11,Iterative
v2.0,31,Male,B.Sc+Cert,9.0,Mid,Enterprise,Tier-3,6,0,0,1,125544,51,2023-01-17,Built ML pipeline for preprocessing,2023,1,17,Iterative
v2.0,45,Female,B.Sc,25.0,Senior,SME,Tier-2,5,1,0,7,255889,52,2024-08-04,Experience in data cleaning and ETL,2024,8,4,Iterative
v2.0,29,Male,M.Sc,6.0,Mid,SME,Remote,5,1,0,0,97972,54,2023-07-04,Contributed to open-source NLP repo,2023,7,4,Iterative
v2.0,37,Female,B.Sc+Cert,14.0,Senior,Startup,Remote,2,2,0,6,167530,63,2023-02-18,Contributed to open-source NLP repo,2023,2,18,Iterative
v2.0,26,Male,B.Sc+Cert,4.0,Senior,Startup,Tier-1,3,1,1,2,97804,71,2023-03-17,Experience in data cleaning and ETL,2023,3,17,Iterative
v2.0,30,Male,B.Sc,7.0,Mid,Enterprise,Tier-2,2,0,0,2,83259,73,2024-06-11,Built ML pipeline for preprocessing,2024,6,11,Iterative
v2.0,41,Male,B.Sc,13.0,Mid,SME,Tier-2,5,1,0,2,303872,57,2023-01-06,Experience in data cleaning and ETL,2023,1,6,Iterative
v2.0,26,Male,B.Sc,3.73,Junior,SME,Tier-2,1,3,0,4,69948,64,2023-02-03,Contributed to open-source NLP repo,2023,2,3,Iterative
v2.0,41,Male,B.Sc+Cert,18.0,Mid,Enterprise,Tier-1,5,1,1,1,231091,49,2023-02-28,No relevant project mentioned,2023,2,28,Iterative
v2.0,34,Female,B.Sc,11.0,Mid,Startup,Remote,4,1,0,2,131955,50,2023-03-08,Contributed to open-source NLP repo,2023,3,8,Iterative
v2.0,27,Female,M.Sc,4.0,Senior,SME,Tier-3,3,1,1,5,85362,49,2023-09-12,Contributed to open-source NLP repo,2023,9,12,Iterative
v2.0,34,Male,B.Sc,11.0,Junior,SME,Tier-1,5,0,1,0,129920,77,2024-02-07,Worked on microservices deployment,2024,2,7,Iterative
v2.0,36,Male,B.Sc,13.0,Junior,SME,Tier-1,1,0,1,5,125040,60,2023-06-06,Built ML pipeline for preprocessing,2023,6,6,Iterative
v2.0,34,Female,B.Sc,10.0,Junior,Enterprise,Remote,10,0,0,3,140384,75,2023-02-01,Built ML pipeline for preprocessing,2023,2,1,Iterative
v2.0,21,Male,PhD,5.0,Junior,SME,Tier-1,1,0,0,3,100974,69,2023-01-10,Built ML pipeline for preprocessing,2023,1,10,Iterative
v2.0,26,Female,B.Sc,4.0,Mid,SME,Tier-2,13,1,1,0,84596,49,2024-12-04,No relevant project mentioned,2024,12,4,Iterative
v2.0,29,Female,B.Sc,6.0,Junior,SME,Tier-1,5,2,0,0,105276,65,2024-01-10,No relevant project mentioned,2024,1,10,Iterative
v2.0,30,Female,B.Sc,11.0,Junior,Startup,Tier-1,3,0,1,6,128690,55,2023-12-15,Built ML pipeline for preprocessing,2023,12,15,Iterative
v2.0,34,Male,B.Sc,9.0,Junior,SME,Tier-1,8,0,0,0,105087,56,2024-08-11,Built ML pipeline for preprocessing,2024,8,11,Iterative
v2.0,31,Male,B.Sc,7.0,Senior,SME,Tier-1,5,1,0,2,140842,65,2024-06-15,No relevant project mentioned,2024,6,15,Iterative
v2.0,22,Male,B.Sc,0.0,Senior,Enterprise,Tier-1,5,1,1,4,76867,36,2023-06-05,No relevant project mentioned,2023,6,5,Iterative
v2.0,32,Male,B.Sc,9.0,Junior,Enterprise,Tier-2,1,1,1,0,92339,78,2023-01-27,No relevant project mentioned,2023,1,27,Iterative
v2.0,34,Female,B.Sc,11.07,Mid,SME,Tier-2,1,0,1,2,122334,59,2023-06-02,No relevant project mentioned,2023,6,2,Iterative
v2.0,33,Male,B.Sc,12.0,Mid,SME,Tier-1,7,1,1,0,159260,55,2023-10-12,Worked on microservices deployment,2023,10,12,Iterative
v2.0,36,Male,B.Sc,13.0,Junior,Startup,Tier-3,5,1,1,2,128798,66,2024-09-19,Built ML pipeline for preprocessing,2024,9,19,Iterative
v2.0,35,Female,B.Sc+Cert,13.0,Mid,Startup,Tier-2,6,1,0,1,147090,56,2023-09-07,Built ML pipeline for preprocessing,2023,9,7,Iterative
v2.0,33,Female,B.Sc+Cert,9.95,Junior,SME,Tier-2,6,0,0,2,108944,65,2024-03-04,No relevant project mentioned,2024,3,4,Iterative
v2.0,30,Female,B.Sc,6.0,Senior,SME,Tier-2,7,0,0,5,87448,65,2024-07-10,Contributed to open-source NLP repo,2024,7,10,Iterative
v2.0,20,Female,M.Sc,-1.69,Junior,Startup,Tier-2,3,3,1,0,44415,55,2023-10-13,Contributed to open-source NLP repo,2023,10,13,Iterative
v2.0,33,Male,B.Sc,12.0,Lead,SME,Remote,6,1,0,1,182142,75,2024-05-20,Contributed to open-source NLP repo,2024,5,20,Iterative
v2.0,31,Male,B.Sc,10.0,Junior,Enterprise,Tier-2,5,0,1,1,119539,57,2023-10-21,Worked on microservices deployment,2023,10,21,Iterative
v2.0,32,Female,M.Eng,9.26,Mid,Startup,Tier-1,1,1,0,1,123466,69,2024-03-19,Contributed to open-source NLP repo,2024,3,19,Iterative
v2.0,22,Male,B.Sc+Cert,0.0,Senior,Enterprise,Tier-3,6,0,0,2,56329,65,2023-10-15,Contributed to open-source NLP repo,2023,10,15,Iterative
v2.0,24,Male,B.Sc,0.0,Junior,Startup,Tier-1,2,1,1,5,37078,72,2023-11-02,No relevant project mentioned,2023,11,2,Iterative
v2.0,36,Male,B.Sc,14.0,Mid,SME,Tier-1,7,1,0,7,153065,58,2023-03-12,Contributed to open-source NLP repo,2023,3,12,Iterative
v2.0,30,Male,B.Sc+Cert,7.0,Mid,Enterprise,Tier-2,3,3,0,2,92880,63,2023-06-12,Experience in data cleaning and ETL,2023,6,12,Iterative
v2.0,34,Female,B.Sc,10.0,Mid,SME,Tier-3,6,1,0,3,123045,55,2024-04-25,Worked on microservices deployment,2024,4,25,Iterative
v2.0,30,Male,B.Sc,6.0,Junior,Enterprise,Tier-1,5,2,0,2,104675,59,2024-08-10,No relevant project mentioned,2024,8,10,Iterative
v2.0,30,Male,B.Sc,7.43,Junior,Startup,Remote,8,1,0,2,134459,62,2023-12-09,No relevant project mentioned,2023,12,9,Iterative
v2.0,36,Male,B.Sc,13.0,Mid,SME,Tier-1,3,0,0,0,137670,47,2024-05-31,Built ML pipeline for preprocessing,2024,5,31,Iterative
v2.0,27,Male,M.Sc,4.0,Mid,SME,Tier-1,5,1,1,4,83277,48,2023-04-17,No relevant project mentioned,2023,4,17,Iterative
v2.0,31,Male,M.Sc,7.0,Mid,SME,Remote,5,1,0,6,109066,46,2024-09-22,No relevant project mentioned,2024,9,22,Iterative
v2.0,27,Male,PhD,2.0,Junior,Enterprise,Tier-2,9,3,0,5,89393,57,2024-08-31,Built ML pipeline for preprocessing,2024,8,31,Iterative
v2.0,27,Female,B.Sc,4.7,Junior,Enterprise,Tier-3,3,2,0,2,48335,86,2024-11-23,Built ML pipeline for preprocessing,2024,11,23,Iterative
v2.0,28,Male,B.Sc,5.0,Mid,Enterprise,Tier-3,5,0,0,1,81617,48,2024-05-12,Experience in data cleaning and ETL,2024,5,12,Iterative
v2.0,31,Male,B.Sc,7.0,Mid,Startup,Remote,3,3,0,2,94472,73,2023-01-01,Built ML pipeline for preprocessing,2023,1,1,Iterative
v2.0,27,Male,B.Sc,7.0,Mid,SME,Tier-1,3,1,1,1,104822,52,2024-08-20,Experience in data cleaning and ETL,2024,8,20,Iterative
v2.0,38,Male,B.Sc,14.0,Junior,SME,Tier-1,4,1,1,1,146354,52,2024-04-20,Built ML pipeline for preprocessing,2024,4,20,Iterative
v2.0,25,Male,PhD,6.0,Junior,SME,Tier-3,5,0,1,1,100999,55,2024-03-28,Worked on microservices deployment,2024,3,28,Iterative
v2.0,29,Female,B.Sc+Cert,1.0,Junior,Enterprise,Tier-2,2,1,1,1,45105,65,2023-03-06,Built ML pipeline for preprocessing,2023,3,6,Iterative
v2.0,27,Male,B.Sc,6.0,Junior,Startup,Tier-2,4,3,1,1,90157,71,2024-04-29,Built ML pipeline for preprocessing,2024,4,29,Iterative
v2.0,39,Female,M.Sc,15.0,Junior,SME,Tier-1,3,2,1,0,181026,58,2024-09-06,Built ML pipeline for preprocessing,2024,9,6,Iterative
v2.0,31,Male,B.Sc,5.0,Mid,SME,Tier-1,5,1,1,1,86442,80,2024-02-26,No relevant project mentioned,2024,2,26,Iterative
v2.0,36,Male,B.Sc,14.0,Mid,Enterprise,Tier-2,5,0,1,2,181411,42,2024-06-19,Worked on microservices deployment,2024,6,19,Iterative
v2.0,21,Male,M.Sc,0.0,Mid,Enterprise,Tier-1,4,0,1,0,66882,55,2023-05-31,Contributed to open-source NLP repo,2023,5,31,Iterative
v2.0,32,Female,B.Sc,10.0,Junior,SME,Tier-1,4,2,0,4,132181,56,2024-01-26,Contributed to open-source NLP repo,2024,1,26,Iterative
v2.0,35,Male,PhD,11.94,Junior,Startup,Tier-1,4,1,0,2,134603,51,2024-02-19,Built ML pipeline for preprocessing,2024,2,19,Iterative
v2.0,30,Male,M.Sc,7.18,Mid,SME,Tier-1,9,0,0,4,103642,66,2023-01-07,Built ML pipeline for preprocessing,2023,1,7,Iterative
v2.0,36,Male,B.Sc,14.0,Senior,SME,Tier-3,11,0,1,0,169030,67,2024-05-30,Built ML pipeline for preprocessing,2024,5,30,Iterative
v2.0,27,Male,M.Sc,5.0,Mid,Enterprise,Tier-3,4,2,0,4,102335,66,2024-11-24,Built ML pipeline for preprocessing,2024,11,24,Iterative
v2.0,38,Male,B.Sc,12.0,Mid,SME,Tier-1,4,0,0,6,133432,59,2024-04-10,No relevant project mentioned,2024,4,10,Iterative
v2.0,44,Male,B.Sc,22.0,Senior,SME,Tier-1,2,0,0,1,246269,78,2023-04-14,Built ML pipeline for preprocessing,2023,4,14,Iterative
v2.0,28,Male,B.Sc,6.0,Mid,SME,Tier-2,5,2,1,1,91974,53,2024-04-08,Built ML pipeline for preprocessing,2024,4,8,Iterative
v2.0,27,Male,B.Sc,5.0,Junior,SME,Tier-1,6,0,0,2,75278,70,2024-07-17,Worked on microservices deployment,2024,7,17,Iterative
v2.0,39,Male,M.Sc,16.0,Mid,Enterprise,Tier-3,3,1,1,2,158255,59,2024-08-16,Contributed to open-source NLP repo,2024,8,16,Iterative
v2.0,39,Female,B.Sc,15.0,Junior,Startup,Tier-3,4,1,1,0,143310,67,2024-07-13,Contributed to open-source NLP repo,2024,7,13,Iterative
v2.0,27,Female,M.Sc,4.89,Mid,SME,Remote,2,0,0,6,76385,61,2023-12-17,Built ML pipeline for preprocessing,2023,12,17,Iterative
v2.0,27,Female,M.Sc,5.0,Mid,Enterprise,Tier-2,6,1,1,2,389648,63,2024-12-29,No relevant project mentioned,2024,12,29,Iterative
v2.0,28,Male,B.Sc,5.0,Senior,Startup,Tier-1,8,1,1,3,98218,44,2024-01-01,Built ML pipeline for preprocessing,2024,1,1,Iterative
v2.0,22,Male,M.Eng,0.0,Junior,Enterprise,Tier-2,6,0,0,1,50766,68,2023-07-01,Built ML pipeline for preprocessing,2023,7,1,Iterative
v2.0,24,Male,B.Sc,5.0,Mid,SME,Tier-1,6,1,0,1,88804,64,2023-08-31,Built ML pipeline for preprocessing,2023,8,31,Iterative
v2.0,24,Male,B.Sc,2.0,Mid,SME,Tier-1,6,0,0,0,67251,76,2023-08-08,Built ML pipeline for preprocessing,2023,8,8,Iterative
v2.0,25,Male,B.Sc,3.0,Senior,Startup,Tier-1,5,0,0,1,88061,61,2023-07-27,Built ML pipeline for preprocessing,2023,7,27,Iterative
v2.0,30,Male,B.Sc,4.0,Senior,SME,Tier-2,2,4,1,7,85436,59,2024-09-30,Built ML pipeline for preprocessing,2024,9,30,Iterative
v2.0,31,Male,B.Sc,8.0,Lead,SME,Tier-1,5,2,0,3,134004,55,2023-07-01,Built ML pipeline for preprocessing,2023,7,1,Iterative
v2.0,39,Male,M.Sc,19.0,Junior,Startup,Tier-1,1,3,1,4,183729,38,2024-03-04,Experience in data cleaning and ETL,2024,3,4,Iterative
v2.0,24,Female,B.Sc,1.79,Mid,SME,Tier-2,5,1,0,6,39102,59,2023-02-04,Contributed to open-source NLP repo,2023,2,4,Iterative
v2.0,36,Male,B.Sc,13.0,Junior,Startup,Remote,3,2,1,0,132511,52,2024-11-05,Built ML pipeline for preprocessing,2024,11,5,Iterative
v2.0,29,Male,B.Sc+Cert,5.0,Junior,SME,Tier-1,6,0,0,2,96154,53,2024-02-25,No relevant project mentioned,2024,2,25,Iterative
v2.0,30,Male,M.Sc,8.0,Senior,Enterprise,Tier-2,3,3,1,6,150367,59,2023-07-22,Worked on microservices deployment,2023,7,22,Iterative
v2.0,34,Male,B.Sc+Cert,10.0,Lead,Startup,Tier-1,3,0,0,2,146464,70,2023-06-11,Experience in data cleaning and ETL,2023,6,11,Iterative
v2.0,23,Male,B.Sc,0.0,Junior,Startup,Remote,6,0,0,2,33554,52,2024-02-12,Built ML pipeline for preprocessing,2024,2,12,Iterative
v2.0,32,Female,M.Sc,7.0,Junior,Enterprise,Tier-1,8,0,0,1,116067,59,2023-12-15,Worked on microservices deployment,2023,12,15,Iterative
v2.0,31,Female,B.Sc+Cert,10.0,Junior,SME,Remote,4,0,0,4,129471,59,2023-01-04,Built ML pipeline for preprocessing,2023,1,4,Iterative
v2.0,33,Male,M.Sc,10.44,Senior,Startup,Tier-1,5,1,0,2,140461,40,2023-12-27,Built ML pipeline for preprocessing,2023,12,27,Iterative
v2.0,32,Female,M.Sc,12.0,Junior,SME,Tier-3,4,0,0,4,143302,69,2024-08-12,Worked on microservices deployment,2024,8,12,Iterative
v2.0,45,Other,B.Sc,21.0,Junior,Startup,Tier-1,6,1,0,7,209511,56,2024-10-25,Built ML pipeline for preprocessing,2024,10,25,Iterative
v2.0,26,Female,B.Sc,3.89,Junior,Startup,Tier-1,3,0,1,2,44404,65,2023-12-24,Built ML pipeline for preprocessing,2023,12,24,Iterative
v2.0,27,Female,B.Sc,4.0,Mid,Enterprise,Tier-1,5,1,1,2,96411,48,2024-09-19,Worked on microservices deployment,2024,9,19,Iterative
v2.0,26,Male,B.Sc,0.0,Senior,Enterprise,Tier-1,3,3,1,1,90513,59,2023-02-05,Built ML pipeline for preprocessing,2023,2,5,Iterative
v2.0,27,Male,B.Sc+Cert,5.0,Junior,SME,Tier-3,7,0,1,0,85361,62,2023-12-01,Built ML pipeline for preprocessing,2023,12,1,Iterative
v2.0,26,Male,B.Sc,2.0,Mid,Startup,Tier-2,4,1,1,3,56736,52,2023-10-18,Built ML pipeline for preprocessing,2023,10,18,Iterative
v2.0,37,Male,B.Sc+Cert,12.0,Junior,Startup,Tier-2,6,1,0,0,127523,44,2023-10-12,No relevant project mentioned,2023,10,12,Iterative
v2.0,39,Other,B.Sc+Cert,17.0,Mid,Enterprise,Remote,6,4,0,6,220798,59,2023-02-05,Contributed to open-source NLP repo,2023,2,5,Iterative
v2.0,27,Male,B.Sc,5.0,Mid,Startup,Tier-2,3,1,0,2,71404,59,2023-11-20,No relevant project mentioned,2023,11,20,Iterative
v2.0,25,Female,B.Sc,0.0,Junior,SME,Remote,4,5,0,6,49878,55,2024-04-07,Built ML pipeline for preprocessing,2024,4,7,Iterative
v2.0,33,Female,B.Sc+Cert,10.0,Junior,Startup,Tier-1,11,4,0,1,126641,43,2024-01-30,Worked on microservices deployment,2024,1,30,Iterative
v2.0,27,Female,B.Sc+Cert,7.0,Senior,SME,Remote,7,0,0,6,119800,56,2024-07-20,Built ML pipeline for preprocessing,2024,7,20,Iterative
v2.0,34,Other,B.Sc,11.0,Junior,Startup,Tier-1,3,0,0,2,127921,64,2023-02-18,Built ML pipeline for preprocessing,2023,2,18,Iterative
v2.0,31,Male,B.Sc,8.0,Mid,SME,Tier-2,2,1,0,4,84252,45,2024-04-07,Contributed to open-source NLP repo,2024,4,7,Iterative
v2.0,21,Male,B.Sc,0.0,Mid,Enterprise,Tier-2,4,1,1,0,54027,59,2023-11-09,Contributed to open-source NLP repo,2023,11,9,Iterative
v2.0,39,Male,M.Sc,16.0,Junior,SME,Tier-2,11,1,0,2,179782,36,2023-12-21,Contributed to open-source NLP repo,2023,12,21,Iterative
v2.0,41,Male,B.Sc,18.0,Mid,Startup,Tier-2,7,1,0,2,176191,58,2023-12-09,Experience in data cleaning and ETL,2023,12,9,Iterative
v2.0,26,Male,M.Sc,5.0,Senior,Enterprise,Tier-1,5,1,0,1,135998,59,2023-02-24,Experience in data cleaning and ETL,2023,2,24,Iterative
v2.0,28,Male,B.Sc,5.0,Mid,Startup,Remote,4,2,0,1,75804,55,2023-11-08,Experience in data cleaning and ETL,2023,11,8,Iterative
v2.0,32,Female,B.Sc,9.24,Junior,SME,Remote,6,1,0,5,73106,77,2023-09-17,Contributed to open-source NLP repo,2023,9,17,Iterative
v2.0,32,Male,B.Sc,10.0,Mid,SME,Remote,8,1,0,0,126266,69,2024-10-03,Experience in data cleaning and ETL,2024,10,3,Iterative
v2.0,34,Male,B.Sc,15.0,Mid,Startup,Remote,4,1,0,0,146609,59,2023-03-29,Contributed to open-source NLP repo,2023,3,29,Iterative
v2.0,42,Male,B.Sc,15.0,Mid,SME,Tier-3,7,3,0,1,169112,73,2023-11-16,Worked on microservices deployment,2023,11,16,Iterative
v2.0,29,Male,B.Sc,7.0,Mid,Enterprise,Remote,9,0,0,5,435604,48,2024-01-25,Worked on microservices deployment,2024,1,25,Iterative
v2.0,25,Male,B.Sc,5.0,Junior,Enterprise,Remote,5,2,0,2,93089,49,2023-09-27,Built ML pipeline for preprocessing,2023,9,27,Iterative
v2.0,22,Female,B.Sc,-0.11,Mid,SME,Tier-2,6,2,0,1,42073,59,2024-04-04,No relevant project mentioned,2024,4,4,Iterative
v2.0,26,Male,B.Sc,2.0,Mid,Startup,Tier-3,2,4,1,1,47358,59,2023-12-27,Worked on microservices deployment,2023,12,27,Iterative
v2.0,30,Female,PhD,9.0,Junior,SME,Remote,4,1,0,4,124577,59,2023-05-06,Built ML pipeline for preprocessing,2023,5,6,Iterative
v2.0,41,Male,B.Sc,16.0,Mid,SME,Tier-3,4,1,0,0,147797,60,2023-07-04,Experience in data cleaning and ETL,2023,7,4,Iterative
v2.0,27,Female,B.Sc,8.0,Junior,SME,Tier-2,8,0,0,2,98904,53,2023-12-31,No relevant project mentioned,2023,12,31,Iterative
v2.0,31,Male,M.Sc,11.0,Junior,SME,Tier-1,5,0,0,0,131240,55,2024-06-25,Contributed to open-source NLP repo,2024,6,25,Iterative
v2.0,30,Male,PhD,4.0,Lead,SME,Tier-3,9,1,1,1,111339,58,2024-12-20,Worked on microservices deployment,2024,12,20,Iterative
v2.0,37,Male,B.Sc,13.0,Junior,Startup,Remote,8,0,0,2,124759,53,2023-01-08,Built ML pipeline for preprocessing,2023,1,8,Iterative
v2.0,45,Female,M.Sc,21.09,Junior,Startup,Tier-1,5,4,0,2,256410,68,2024-10-15,Worked on microservices deployment,2024,10,15,Iterative
v2.0,27,Male,M.Sc,5.0,Mid,SME,Tier-1,5,2,0,3,112773,59,2024-12-24,Built ML pipeline for preprocessing,2024,12,24,Iterative
v2.0,27,Male,M.Sc,4.35,Lead,SME,Tier-1,8,1,1,0,149222,59,2024-02-18,Contributed to open-source NLP repo,2024,2,18,Iterative
v2.0,36,Other,B.Sc,11.0,Lead,Enterprise,Tier-2,9,0,1,1,163338,51,2023-05-12,Worked on microservices deployment,2023,5,12,Iterative
v2.0,34,Female,M.Sc,11.16,Mid,SME,Tier-1,6,1,1,0,202503,52,2023-12-22,Built ML pipeline for preprocessing,2023,12,22,Iterative
v2.0,41,Male,B.Sc,16.0,Junior,Enterprise,Tier-2,8,1,0,0,172197,68,2023-11-19,Worked on microservices deployment,2023,11,19,Iterative
v2.0,34,Female,M.Sc,12.0,Senior,Enterprise,Remote,4,2,1,2,185439,61,2023-04-12,Built ML pipeline for preprocessing,2023,4,12,Iterative
v2.0,28,Male,M.Sc,6.0,Mid,Enterprise,Tier-2,3,0,0,2,108293,59,2024-04-10,No relevant project mentioned,2024,4,10,Iterative
v2.0,34,Male,B.Sc,4.0,Mid,Startup,Tier-1,4,0,1,1,77807,56,2024-03-04,No relevant project mentioned,2024,3,4,Iterative
v2.0,37,Male,M.Eng,16.0,Senior,Enterprise,Remote,6,1,1,3,226067,75,2023-03-16,Built ML pipeline for preprocessing,2023,3,16,Iterative
v2.0,35,Female,B.Sc,15.0,Mid,Startup,Tier-2,8,1,1,2,152721,59,2023-04-10,No relevant project mentioned,2023,4,10,Iterative
v2.0,33,Female,M.Eng,11.0,Junior,Startup,Tier-1,5,1,0,0,112515,59,2023-08-24,Built ML pipeline for preprocessing,2023,8,24,Iterative
v2.0,36,Male,B.Sc,18.0,Senior,SME,Tier-2,6,1,1,1,200757,59,2023-09-26,Built ML pipeline for preprocessing,2023,9,26,Iterative
v2.0,37,Male,B.Sc,17.0,Mid,Startup,Tier-2,7,1,0,2,149108,55,2024-07-20,Built ML pipeline for preprocessing,2024,7,20,Iterative
v2.0,38,Male,B.Sc,15.0,Junior,Startup,Tier-3,5,0,0,5,138368,59,2023-09-11,Built ML pipeline for preprocessing,2023,9,11,Iterative
v2.0,34,Other,B.Sc+Cert,12.0,Junior,Startup,Remote,10,0,1,4,131240,64,2024-12-27,Contributed to open-source NLP repo,2024,12,27,Iterative
v2.0,29,Other,B.Sc,4.0,Mid,Startup,Tier-1,2,2,0,1,70462,65,2023-11-25,Worked on microservices deployment,2023,11,25,Iterative
v2.0,31,Male,B.Sc,9.0,Junior,SME,Tier-1,6,0,0,2,116630,41,2023-10-26,Built ML pipeline for preprocessing,2023,10,26,Iterative
v2.0,37,Female,B.Sc,17.0,Junior,Startup,Tier-1,4,0,0,1,165919,54,2024-01-05,No relevant project mentioned,2024,1,5,Iterative
v2.0,25,Female,M.Sc,3.0,Mid,SME,Tier-3,8,0,1,2,75872,62,2024-11-01,Contributed to open-source NLP repo,2024,11,1,Iterative
v2.0,32,Male,B.Sc,11.0,Senior,Enterprise,Tier-3,2,0,0,5,116708,37,2023-09-16,Experience in data cleaning and ETL,2023,9,16,Iterative
v2.0,28,Male,B.Sc,9.0,Mid,SME,Tier-2,4,0,0,2,117846,50,2023-08-16,Built ML pipeline for preprocessing,2023,8,16,Iterative
v2.0,30,Male,B.Sc,6.0,Senior,SME,Tier-1,4,0,1,1,121231,68,2024-01-12,Worked on microservices deployment,2024,1,12,Iterative
v2.0,38,Male,B.Sc,15.0,Senior,Enterprise,Remote,7,1,0,2,193373,76,2023-05-25,No relevant project mentioned,2023,5,25,Iterative
v2.0,31,Male,B.Sc,8.0,Mid,Startup,Remote,8,1,0,5,124841,75,2023-03-21,Worked on microservices deployment,2023,3,21,Iterative
v2.0,30,Male,B.Sc,6.0,Junior,SME,Tier-1,5,1,1,0,97602,54,2023-02-08,Worked on microservices deployment,2023,2,8,Iterative
v2.0,22,Female,M.Sc,0.0,Senior,Enterprise,Tier-3,5,0,0,2,65491,66,2024-12-06,Contributed to open-source NLP repo,2024,12,6,Iterative
v2.0,34,Male,B.Sc,12.0,Mid,Enterprise,Tier-2,4,3,0,1,166849,59,2024-12-09,Built ML pipeline for preprocessing,2024,12,9,Iterative
v2.0,34,Male,B.Sc,11.0,Junior,SME,Tier-1,8,2,0,0,136110,44,2023-04-07,Contributed to open-source NLP repo,2023,4,7,Iterative
v2.0,43,Male,B.Sc,20.0,Junior,Startup,Tier-1,5,1,1,1,184299,61,2023-09-03,Experience in data cleaning and ETL,2023,9,3,Iterative
v2.0,28,Male,PhD,5.0,Senior,Enterprise,Tier-1,4,1,1,1,174685,67,2023-11-29,No relevant project mentioned,2023,11,29,Iterative
v2.0,31,Male,B.Sc+Cert,9.0,Junior,Startup,Tier-1,6,0,1,0,126681,56,2024-08-10,No relevant project mentioned,2024,8,10,Iterative
v2.0,31,Male,M.Eng,12.0,Junior,SME,Tier-2,2,1,0,1,119343,68,2024-02-07,Experience in data cleaning and ETL,2024,2,7,Iterative
v2.0,39,Male,B.Sc,20.0,Mid,SME,Tier-1,5,0,0,2,203064,53,2023-10-05,Contributed to open-source NLP repo,2023,10,5,Iterative
v2.0,29,Male,B.Sc,7.0,Senior,SME,Tier-1,7,1,0,2,118487,41,2023-01-08,No relevant project mentioned,2023,1,8,Iterative
v2.0,32,Male,B.Sc,8.0,Mid,Enterprise,Tier-2,4,1,1,7,104793,61,2023-12-30,Built ML pipeline for preprocessing,2023,12,30,Iterative
v2.0,34,Male,B.Sc,9.0,Junior,Enterprise,Tier-1,7,0,0,1,119637,53,2024-03-27,Contributed to open-source NLP repo,2024,3,27,Iterative
v2.0,31,Female,B.Sc,9.0,Junior,Enterprise,Tier-3,3,1,0,2,98052,55,2024-12-11,Experience in data cleaning and ETL,2024,12,11,Iterative
v2.0,27,Male,M.Sc,2.0,Mid,Startup,Tier-2,7,1,1,1,68822,52,2023-09-09,Experience in data cleaning and ETL,2023,9,9,Iterative
v2.0,31,Male,B.Sc,8.0,Junior,SME,Tier-2,2,1,1,1,104409,72,2023-01-18,Built ML pipeline for preprocessing,2023,1,18,Iterative
v2.0,36,Female,M.Eng,12.0,Mid,Enterprise,Remote,3,1,1,2,172306,50,2024-01-25,Built ML pipeline for preprocessing,2024,1,25,Iterative
v2.0,24,Male,B.Sc,3.0,Junior,SME,Tier-1,5,0,0,2,64674,47,2023-08-30,No relevant project mentioned,2023,8,30,Iterative
v2.0,31,Male,M.Sc,6.0,Senior,Enterprise,Tier-2,4,0,0,4,140865,52,2023-09-10,Built ML pipeline for preprocessing,2023,9,10,Iterative
v2.0,26,Female,B.Sc,4.0,Mid,Enterprise,Tier-1,5,1,0,4,430108,48,2023-01-04,Experience in data cleaning and ETL,2023,1,4,Iterative
v2.0,37,Male,B.Sc,12.0,Junior,SME,Remote,6,0,1,2,142832,65,2024-01-08,No relevant project mentioned,2024,1,8,Iterative
v2.0,21,Male,M.Sc,0.0,Senior,Startup,Tier-3,4,1,1,0,47572,59,2024-02-29,Worked on microservices deployment,2024,2,29,Iterative
v2.0,27,Female,B.Sc,3.0,Junior,SME,Tier-1,7,0,1,2,70543,62,2023-06-28,Built ML pipeline for preprocessing,2023,6,28,Iterative
v2.0,32,Female,B.Sc,10.0,Junior,Enterprise,Tier-2,5,3,0,2,125309,76,2023-01-12,No relevant project mentioned,2023,1,12,Iterative
v2.0,39,Female,B.Sc,12.0,Senior,SME,Tier-1,7,0,1,0,173504,57,2023-10-20,Worked on microservices deployment,2023,10,20,Iterative
v2.0,30,Male,M.Sc,8.0,Junior,Enterprise,Remote,7,1,0,0,114431,63,2023-09-16,Contributed to open-source NLP repo,2023,9,16,Iterative
v2.0,27,Male,M.Sc,4.5,Mid,SME,Tier-1,3,0,1,1,126504,43,2024-03-04,Built ML pipeline for preprocessing,2024,3,4,Iterative
v2.0,41,Male,B.Sc,19.0,Junior,SME,Tier-3,4,0,0,1,179571,42,2024-08-19,Worked on microservices deployment,2024,8,19,Iterative
v2.0,21,Male,M.Eng,0.0,Junior,SME,Tier-1,7,1,0,2,53396,60,2023-10-22,Built ML pipeline for preprocessing,2023,10,22,Iterative
v2.0,20,Male,B.Sc,0.0,Junior,SME,Tier-2,6,1,0,3,35472,62,2023-11-29,Contributed to open-source NLP repo,2023,11,29,Iterative
v2.0,33,Male,B.Sc,5.0,Mid,Enterprise,Remote,5,0,0,1,104966,50,2023-04-22,Worked on microservices deployment,2023,4,22,Iterative
v2.0,27,Female,M.Sc,0.0,Mid,Startup,Remote,3,1,0,6,58321,71,2023-07-25,Built ML pipeline for preprocessing,2023,7,25,Iterative
v2.0,24,Male,M.Sc,2.0,Junior,Startup,Tier-1,6,3,0,0,66220,48,2023-08-10,Contributed to open-source NLP repo,2023,8,10,Iterative
v2.0,34,Male,PhD,14.0,Junior,Enterprise,Tier-2,6,1,0,0,163817,51,2024-06-13,Built ML pipeline for preprocessing,2024,6,13,Iterative
v2.0,31,Male,B.Sc,4.0,Senior,Startup,Tier-1,6,1,0,2,88717,68,2023-01-13,Built ML pipeline for preprocessing,2023,1,13,Iterative
v2.0,27,Male,M.Sc,4.0,Lead,SME,Tier-2,5,1,1,5,121433,82,2023-09-27,Worked on microservices deployment,2023,9,27,Iterative
v2.0,22,Male,M.Sc,0.0,Mid,Startup,Tier-1,3,0,0,3,51578,53,2024-07-06,Experience in data cleaning and ETL,2024,7,6,Iterative
v2.0,35,Male,B.Sc+Cert,11.0,Senior,Startup,Tier-1,4,1,1,3,152199,53,2023-02-09,Built ML pipeline for preprocessing,2023,2,9,Iterative
v2.0,34,Male,B.Sc,9.0,Mid,SME,Tier-2,6,1,1,4,116842,65,2024-05-19,Built ML pipeline for preprocessing,2024,5,19,Iterative
v2.0,29,Male,M.Sc,4.0,Junior,Enterprise,Tier-1,8,1,0,3,108791,61,2024-08-23,Worked on microservices deployment,2024,8,23,Iterative
v2.0,41,Female,B.Sc,19.0,Junior,Startup,Tier-2,1,2,0,3,181790,53,2024-09-04,Worked on microservices deployment,2024,9,4,Iterative
v2.0,24,Female,B.Sc,1.0,Junior,Startup,Tier-1,3,0,0,5,42150,45,2023-08-03,Built ML pipeline for preprocessing,2023,8,3,Iterative
v2.0,21,Male,B.Sc,0.0,Senior,Startup,Tier-1,4,0,0,2,46069,61,2023-10-31,Contributed to open-source NLP repo,2023,10,31,Iterative
v2.0,26,Male,B.Sc,0.0,Mid,SME,Tier-3,8,2,1,5,42656,65,2024-06-05,No relevant project mentioned,2024,6,5,Iterative
v2.0,30,Female,M.Sc,10.0,Mid,Startup,Tier-1,7,0,0,0,138901,50,2024-12-29,Worked on microservices deployment,2024,12,29,Iterative
v2.0,31,Female,B.Sc+Cert,9.0,Junior,SME,Tier-1,5,1,0,5,116667,53,2023-05-01,Worked on microservices deployment,2023,5,1,Iterative
v2.0,29,Male,M.Sc,7.0,Mid,Enterprise,Tier-2,5,0,0,1,134502,70,2023-11-06,Built ML pipeline for preprocessing,2023,11,6,Iterative
v2.0,32,Female,M.Sc,7.0,Senior,SME,Tier-2,5,0,0,1,120484,83,2024-11-05,Built ML pipeline for preprocessing,2024,11,5,Iterative
v2.0,22,Male,B.Sc,0.0,Senior,Startup,Tier-2,9,1,1,6,58837,53,2024-10-25,Built ML pipeline for preprocessing,2024,10,25,Iterative
v2.0,39,Female,B.Sc,17.0,Junior,SME,Tier-1,7,1,0,0,187011,69,2023-11-01,No relevant project mentioned,2023,11,1,Iterative
v2.0,30,Other,B.Sc,9.0,Mid,Enterprise,Tier-1,5,1,0,3,125807,64,2024-03-01,Contributed to open-source NLP repo,2024,3,1,Iterative
v2.0,37,Male,B.Sc,13.0,Junior,SME,Remote,8,0,0,1,141389,69,2024-04-03,Contributed to open-source NLP repo,2024,4,3,Iterative
v2.0,32,Female,B.Sc,9.0,Mid,SME,Remote,4,0,1,0,117565,63,2024-08-18,Built ML pipeline for preprocessing,2024,8,18,Iterative
v2.0,33,Male,B.Sc,8.0,Mid,SME,Tier-1,6,1,0,6,128825,46,2023-07-21,Built ML pipeline for preprocessing,2023,7,21,Iterative
v2.0,33,Female,B.Sc,10.18,Junior,Startup,Tier-2,4,0,0,0,120369,59,2024-07-15,Worked on microservices deployment,2024,7,15,Iterative
v2.0,33,Male,B.Sc,10.0,Senior,SME,Tier-1,5,1,0,4,143535,61,2024-10-22,Experience in data cleaning and ETL,2024,10,22,Iterative
v2.0,34,Female,B.Sc,13.0,Junior,Enterprise,Tier-1,4,1,0,2,147920,48,2024-02-16,Built ML pipeline for preprocessing,2024,2,16,Iterative
v2.0,38,Male,B.Sc,16.0,Senior,SME,Tier-1,4,0,1,4,194807,66,2023-08-08,Built ML pipeline for preprocessing,2023,8,8,Iterative
v2.0,31,Male,B.Sc,8.0,Junior,SME,Tier-2,2,1,0,3,99747,63,2023-06-04,Worked on microservices deployment,2023,6,4,Iterative
v2.0,34,Male,B.Sc+Cert,11.0,Mid,SME,Tier-1,6,1,1,2,156565,54,2024-08-31,Worked on microservices deployment,2024,8,31,Iterative
v2.0,29,Female,B.Sc+Cert,7.0,Senior,Startup,Remote,8,0,0,6,109534,48,2023-11-20,Experience in data cleaning and ETL,2023,11,20,Iterative
v2.0,39,Female,M.Sc,16.0,Junior,Startup,Tier-2,5,2,0,2,139924,46,2024-09-02,Worked on microservices deployment,2024,9,2,Iterative
v2.0,26,Female,B.Sc,4.0,Mid,Enterprise,Tier-1,9,0,1,4,102615,54,2023-12-06,Contributed to open-source NLP repo,2023,12,6,Iterative
v2.0,41,Female,M.Sc,18.0,Mid,Enterprise,Tier-3,5,1,0,3,199237,63,2024-01-25,No relevant project mentioned,2024,1,25,Iterative
v2.0,30,Male,M.Eng,6.0,Junior,Enterprise,Tier-1,2,0,1,1,111445,56,2023-07-05,Built ML pipeline for preprocessing,2023,7,5,Iterative
v2.0,21,Male,M.Sc,-0.8,Mid,Enterprise,Tier-2,5,1,0,2,78609,57,2023-05-14,No relevant project mentioned,2023,5,14,Iterative
v2.0,31,Male,B.Sc,11.0,Mid,SME,Tier-1,5,1,1,2,144116,51,2023-05-27,Built ML pipeline for preprocessing,2023,5,27,Iterative
v2.0,26,Male,M.Sc,7.0,Senior,Startup,Tier-1,1,0,0,3,99877,65,2023-04-23,Worked on microservices deployment,2023,4,23,Iterative
v2.0,35,Male,M.Eng,13.0,Senior,SME,Tier-1,5,1,0,2,191320,78,2024-06-12,Worked on microservices deployment,2024,6,12,Iterative
v2.0,26,Male,M.Sc,3.64,Mid,Startup,Tier-1,4,0,0,0,77431,68,2024-03-08,Built ML pipeline for preprocessing,2024,3,8,Iterative
v2.0,27,Male,M.Sc,3.0,Mid,Enterprise,Tier-1,5,1,0,0,114054,62,2024-01-22,Contributed to open-source NLP repo,2024,1,22,Iterative
v2.0,20,Male,B.Sc,0.0,Senior,Enterprise,Tier-1,5,2,1,1,84021,78,2024-01-01,Contributed to open-source NLP repo,2024,1,1,Iterative
v2.0,27,Male,B.Sc,7.0,Mid,Enterprise,Remote,3,0,0,0,102073,59,2023-02-03,No relevant project mentioned,2023,2,3,Iterative
v2.0,20,Male,B.Sc,0.0,Junior,SME,Tier-1,5,0,1,2,38571,61,2023-03-03,Worked on microservices deployment,2023,3,3,Iterative
v2.0,20,Female,M.Sc,0.0,Mid,Startup,Tier-1,4,1,0,1,50413,65,2024-03-19,No relevant project mentioned,2024,3,19,Iterative
v2.0,35,Female,B.Sc,11.0,Senior,Startup,Remote,5,2,0,5,138971,52,2023-07-15,Built ML pipeline for preprocessing,2023,7,15,Iterative
v2.0,35,Female,B.Sc,16.0,Mid,SME,Tier-2,3,1,1,3,171468,66,2023-03-28,Experience in data cleaning and ETL,2023,3,28,Iterative
v2.0,33,Male,B.Sc,9.0,Mid,SME,Tier-2,4,1,1,0,105033,76,2024-09-26,Experience in data cleaning and ETL,2024,9,26,Iterative
v2.0,24,Male,B.Sc,2.04,Junior,SME,Tier-1,4,2,0,0,43221,59,2023-09-11,Worked on microservices deployment,2023,9,11,Iterative
v2.0,30,Female,B.Sc,6.0,Lead,Enterprise,Tier-2,4,2,1,3,143023,74,2023-05-07,No relevant project mentioned,2023,5,7,Iterative
v2.0,30,Male,M.Sc,8.0,Mid,Enterprise,Tier-1,7,3,1,4,165831,80,2023-06-11,Experience in data cleaning and ETL,2023,6,11,Iterative
v2.0,23,Male,M.Sc,1.0,Mid,Startup,Tier-2,4,2,1,3,55229,59,2023-11-12,Worked on microservices deployment,2023,11,12,Iterative
v2.0,39,Male,B.Sc,16.0,Junior,Startup,Remote,5,2,1,2,165628,51,2023-06-21,Worked on microservices deployment,2023,6,21,Iterative
v2.0,35,Male,B.Sc,11.0,Junior,SME,Tier-2,5,2,1,0,120656,42,2024-02-03,Built ML pipeline for preprocessing,2024,2,3,Iterative
v2.0,29,Male,B.Sc,5.0,Senior,Startup,Tier-1,4,0,0,2,83482,50,2023-11-27,Worked on microservices deployment,2023,11,27,Iterative
v2.0,30,Male,B.Sc+Cert,7.3,Lead,Enterprise,Tier-2,9,1,1,3,168095,80,2023-12-25,Built ML pipeline for preprocessing,2023,12,25,Iterative
v2.0,31,Male,B.Sc,4.0,Junior,SME,Tier-2,7,1,0,0,58864,58,2023-09-09,Experience in data cleaning and ETL,2023,9,9,Iterative
v2.0,20,Male,B.Sc,0.0,Junior,Startup,Tier-2,3,1,0,2,23238,59,2023-01-09,Experience in data cleaning and ETL,2023,1,9,Iterative
v2.0,29,Male,B.Sc,8.0,Mid,SME,Tier-2,6,2,0,0,112170,61,2023-08-27,Built ML pipeline for preprocessing,2023,8,27,Iterative
v2.0,26,Female,M.Sc,3.0,Junior,SME,Tier-2,10,1,1,2,76844,66,2023-02-04,Worked on microservices deployment,2023,2,4,Iterative
v2.0,24,Male,B.Sc+Cert,3.0,Junior,Enterprise,Tier-2,10,0,0,2,79355,59,2024-09-07,Built ML pipeline for preprocessing,2024,9,7,Iterative
v2.0,28,Male,M.Eng,9.0,Senior,Startup,Remote,5,2,1,2,154708,60,2024-01-18,Experience in data cleaning and ETL,2024,1,18,Iterative
v2.0,41,Female,M.Sc,21.0,Senior,Enterprise,Tier-3,7,0,0,1,239509,63,2024-10-30,Contributed to open-source NLP repo,2024,10,30,Iterative
v2.0,34,Male,B.Sc,10.0,Junior,SME,Tier-1,4,1,0,2,111316,47,2024-11-16,Experience in data cleaning and ETL,2024,11,16,Iterative
v2.0,27,Male,B.Sc,2.0,Mid,Enterprise,Tier-3,7,0,0,7,54995,47,2024-12-10,Experience in data cleaning and ETL,2024,12,10,Iterative
v2.0,33,Male,B.Sc,10.0,Junior,Startup,Tier-1,2,0,0,2,101213,46,2024-12-23,Built ML pipeline for preprocessing,2024,12,23,Iterative
v2.0,38,Male,B.Sc,12.0,Junior,SME,Tier-3,5,1,1,3,131191,50,2024-12-30,Worked on microservices deployment,2024,12,30,Iterative
v2.0,36,Male,B.Sc,10.0,Junior,SME,Tier-1,4,3,0,0,116925,54,2023-07-20,Worked on microservices deployment,2023,7,20,Iterative
v2.0,30,Female,B.Sc,7.43,Mid,SME,Tier-2,5,2,1,2,89577,46,2023-08-21,Contributed to open-source NLP repo,2023,8,21,Iterative
v2.0,26,Male,B.Sc,3.0,Junior,Enterprise,Tier-3,5,1,0,0,60987,51,2024-09-19,Experience in data cleaning and ETL,2024,9,19,Iterative
v2.0,34,Male,B.Sc,13.0,Mid,SME,Tier-1,3,2,1,0,173841,59,2024-05-10,Built ML pipeline for preprocessing,2024,5,10,Iterative
v2.0,32,Male,M.Sc,10.0,Junior,Enterprise,Tier-3,5,0,1,1,116687,70,2023-03-18,Experience in data cleaning and ETL,2023,3,18,Iterative
v2.0,35,Male,M.Eng,15.0,Junior,Startup,Tier-2,5,1,0,1,157265,68,2023-08-06,Contributed to open-source NLP repo,2023,8,6,Iterative
v2.0,34,Male,M.Sc,12.0,Junior,Enterprise,Tier-1,4,2,0,2,178039,59,2024-01-09,Worked on microservices deployment,2024,1,9,Iterative
v2.0,36,Male,B.Sc,10.0,Senior,Startup,Tier-2,6,0,0,2,133903,64,2023-02-22,Built ML pipeline for preprocessing,2023,2,22,Iterative
v2.0,27,Male,M.Sc,6.0,Mid,Enterprise,Remote,5,0,0,4,107600,62,2024-08-18,Contributed to open-source NLP repo,2024,8,18,Iterative
v2.0,38,Male,B.Sc,19.0,Senior,Enterprise,Tier-1,4,0,0,1,256571,58,2023-09-15,Worked on microservices deployment,2023,9,15,Iterative
v2.0,31,Male,M.Sc,8.0,Mid,SME,Tier-2,5,4,1,3,132835,64,2023-05-12,No relevant project mentioned,2023,5,12,Iterative
v2.0,42,Male,B.Sc,23.0,Junior,SME,Tier-3,5,5,1,2,253800,59,2024-12-11,No relevant project mentioned,2024,12,11,Iterative
v2.0,26,Female,PhD,3.0,Mid,SME,Remote,5,1,0,4,93039,59,2024-01-30,Contributed to open-source NLP repo,2024,1,30,Iterative
v2.0,40,Male,B.Sc,18.0,Junior,Startup,Tier-3,4,3,1,2,163784,59,2024-08-17,Worked on microservices deployment,2024,8,17,Iterative
v2.0,31,Male,B.Sc,9.0,Mid,SME,Tier-2,2,0,0,0,108377,59,2023-09-06,Built ML pipeline for preprocessing,2023,9,6,Iterative
v2.0,26,Male,B.Sc+Cert,7.0,Junior,SME,Remote,5,1,0,2,86052,59,2024-02-02,Built ML pipeline for preprocessing,2024,2,2,Iterative
v2.0,27,Female,B.Sc,5.0,Junior,Enterprise,Tier-3,4,0,0,2,76556,59,2023-03-10,Worked on microservices deployment,2023,3,10,Iterative
v2.0,28,Male,M.Sc,4.0,Mid,Enterprise,Tier-3,7,1,0,6,84136,43,2024-10-15,Built ML pipeline for preprocessing,2024,10,15,Iterative
v2.0,33,Male,M.Sc,15.0,Mid,Enterprise,Tier-1,9,0,0,0,208081,69,2024-02-27,Built ML pipeline for preprocessing,2024,2,27,Iterative
v2.0,33,Female,M.Eng,10.0,Lead,SME,Tier-1,4,1,0,3,218883,62,2024-10-13,Built ML pipeline for preprocessing,2024,10,13,Iterative
v2.0,27,Female,PhD,3.0,Mid,Enterprise,Tier-2,8,0,1,2,101134,52,2023-12-06,Built ML pipeline for preprocessing,2023,12,6,Iterative
v2.0,30,Male,PhD,7.0,Mid,SME,Tier-2,5,1,1,1,121909,53,2024-01-09,No relevant project mentioned,2024,1,9,Iterative
v2.0,43,Male,B.Sc,20.0,Junior,SME,Tier-1,7,0,1,4,197339,65,2023-10-01,Worked on microservices deployment,2023,10,1,Iterative
v2.0,40,Female,M.Eng,19.0,Lead,SME,Tier-1,2,1,0,4,255186,54,2023-09-14,Worked on microservices deployment,2023,9,14,Iterative
v2.0,33,Other,M.Sc,7.0,Mid,Enterprise,Tier-2,3,3,0,3,119093,63,2024-05-30,Worked on microservices deployment,2024,5,30,Iterative
v2.0,30,Female,M.Sc,8.0,Mid,Enterprise,Tier-1,4,4,0,0,159599,64,2023-09-25,Contributed to open-source NLP repo,2023,9,25,Iterative
v2.0,31,Male,B.Sc,11.0,Junior,SME,Tier-1,10,0,1,1,146314,59,2023-12-23,Experience in data cleaning and ETL,2023,12,23,Iterative
v2.0,34,Male,B.Sc,12.0,Mid,Enterprise,Tier-1,7,1,0,0,174155,68,2023-11-04,Worked on microservices deployment,2023,11,4,Iterative
v2.0,24,Male,PhD,0.0,Junior,SME,Tier-3,7,4,0,1,51450,43,2024-08-24,Contributed to open-source NLP repo,2024,8,24,Iterative
v2.0,28,Female,B.Sc+Cert,4.0,Mid,Enterprise,Tier-2,4,1,0,2,83688,38,2024-06-10,Worked on microservices deployment,2024,6,10,Iterative
v2.0,20,Male,B.Sc,0.0,Senior,SME,Tier-1,7,0,1,2,76278,68,2024-10-09,Worked on microservices deployment,2024,10,9,Iterative
v2.0,32,Male,B.Sc,11.0,Lead,Startup,Tier-1,3,1,0,3,123501,55,2024-11-24,Worked on microservices deployment,2024,11,24,Iterative
v2.0,34,Female,B.Sc,9.0,Mid,SME,Tier-2,5,3,1,2,113702,64,2024-05-05,No relevant project mentioned,2024,5,5,Iterative
v2.0,27,Male,B.Sc,2.0,Senior,SME,Tier-3,5,3,0,2,78973,61,2024-09-30,Worked on microservices deployment,2024,9,30,Iterative
v2.0,39,Female,M.Sc,16.0,Junior,SME,Tier-2,2,2,1,2,183321,54,2024-09-29,Built ML pipeline for preprocessing,2024,9,29,Iterative
v2.0,23,Male,B.Sc,0.0,Senior,SME,Tier-1,5,1,0,1,71731,59,2024-12-07,Contributed to open-source NLP repo,2024,12,7,Iterative
v2.0,21,Male,B.Sc,0.0,Mid,SME,Tier-2,11,0,1,1,50520,65,2023-07-17,Contributed to open-source NLP repo,2023,7,17,Iterative
v2.0,31,Male,B.Sc,3.0,Mid,Enterprise,Remote,5,0,0,0,76176,59,2023-12-17,Worked on microservices deployment,2023,12,17,Iterative
v2.0,36,Female,B.Sc,15.0,Senior,Enterprise,Tier-1,10,3,0,4,208944,55,2023-08-06,Built ML pipeline for preprocessing,2023,8,6,Iterative
v2.0,40,Male,B.Sc+Cert,17.0,Senior,SME,Tier-2,6,1,0,5,209643,67,2023-01-08,Built ML pipeline for preprocessing,2023,1,8,Iterative
v2.0,27,Male,M.Sc,2.0,Junior,Enterprise,Tier-1,9,0,0,3,77398,58,2023-08-19,Built ML pipeline for preprocessing,2023,8,19,Iterative
v2.0,36,Female,B.Sc,12.71,Senior,SME,Tier-1,5,2,1,2,165307,73,2024-12-03,Contributed to open-source NLP repo,2024,12,3,Iterative
v2.0,30,Male,B.Sc,8.0,Junior,Enterprise,Tier-1,3,0,1,2,109900,55,2023-04-03,Built ML pipeline for preprocessing,2023,4,3,Iterative
v2.0,29,Male,B.Sc,6.0,Senior,SME,Tier-2,6,0,1,2,113363,46,2024-10-18,Worked on microservices deployment,2024,10,18,Iterative
v2.0,35,Male,PhD,14.0,Mid,Startup,Tier-1,6,1,0,0,162762,68,2023-01-16,Built ML pipeline for preprocessing,2023,1,16,Iterative
v2.0,34,Male,B.Sc,14.0,Junior,Startup,Tier-1,3,1,0,1,116197,67,2024-09-16,Built ML pipeline for preprocessing,2024,9,16,Iterative
v2.0,21,Male,B.Sc,1.0,Mid,Enterprise,Tier-1,5,1,1,7,71686,59,2023-07-15,No relevant project mentioned,2023,7,15,Iterative
v2.0,39,Male,B.Sc,15.35,Mid,SME,Tier-1,7,2,1,0,204760,56,2024-04-08,Contributed to open-source NLP repo,2024,4,8,Iterative
v2.0,38,Male,M.Sc,14.0,Mid,Enterprise,Tier-2,1,0,0,2,162067,67,2023-07-24,Built ML pipeline for preprocessing,2023,7,24,Iterative
v2.0,26,Male,M.Sc,2.0,Junior,SME,Tier-1,5,0,1,5,56545,52,2024-08-02,Contributed to open-source NLP repo,2024,8,2,Iterative
v2.0,32,Male,M.Sc,8.0,Junior,SME,Tier-1,2,2,1,1,123163,60,2023-05-07,Built ML pipeline for preprocessing,2023,5,7,Iterative
v2.0,33,Male,B.Sc,12.0,Senior,Startup,Tier-3,5,2,0,2,130584,59,2023-06-09,No relevant project mentioned,2023,6,9,Iterative
v2.0,32,Male,B.Sc,6.0,Junior,Enterprise,Tier-2,5,0,0,4,87347,58,2024-05-15,Worked on microservices deployment,2024,5,15,Iterative
v2.0,27,Male,B.Sc,4.0,Mid,Startup,Tier-2,5,1,0,2,69327,54,2024-04-10,No relevant project mentioned,2024,4,10,Iterative
v2.0,26,Male,M.Sc,3.4,Mid,Enterprise,Tier-1,8,1,1,3,90201,66,2024-05-12,Worked on microservices deployment,2024,5,12,Iterative
v2.0,30,Male,B.Sc,5.0,Junior,SME,Tier-2,3,3,0,1,77974,59,2024-03-23,Experience in data cleaning and ETL,2024,3,23,Iterative
v2.0,37,Male,M.Sc,12.0,Mid,Enterprise,Tier-1,5,0,0,3,180855,62,2024-04-08,Built ML pipeline for preprocessing,2024,4,8,Iterative
v2.0,33,Female,B.Sc+Cert,14.0,Mid,Startup,Tier-1,2,1,1,0,156954,48,2023-12-08,Contributed to open-source NLP repo,2023,12,8,Iterative
v2.0,28,Male,B.Sc+Cert,3.0,Mid,Startup,Tier-2,5,4,1,0,65924,56,2024-05-22,Built ML pipeline for preprocessing,2024,5,22,Iterative
v2.0,35,Female,B.Sc,12.0,Mid,SME,Remote,5,0,1,2,165186,66,2024-10-25,Built ML pipeline for preprocessing,2024,10,25,Iterative
v2.0,20,Female,B.Sc,0.0,Mid,SME,Tier-2,10,0,0,1,47767,51,2023-10-11,Built ML pipeline for preprocessing,2023,10,11,Iterative
v2.0,37,Male,B.Sc,14.0,Junior,Startup,Tier-1,4,0,1,2,131643,50,2023-05-31,Built ML pipeline for preprocessing,2023,5,31,Iterative
v2.0,20,Male,M.Sc,0.0,Senior,Enterprise,Remote,4,0,0,1,103808,63,2024-07-28,Built ML pipeline for preprocessing,2024,7,28,Iterative
v2.0,28,Male,M.Eng,2.0,Junior,Startup,Tier-1,5,1,0,3,58776,60,2024-11-26,Contributed to open-source NLP repo,2024,11,26,Iterative
v2.0,23,Female,B.Sc,0.0,Lead,SME,Remote,4,2,0,0,82771,66,2023-08-01,Worked on microservices deployment,2023,8,1,Iterative
v2.0,22,Male,B.Sc,0.0,Mid,Startup,Tier-1,4,0,1,6,46516,67,2024-08-07,No relevant project mentioned,2024,8,7,Iterative
v2.0,37,Male,M.Eng,15.0,Senior,SME,Tier-1,4,0,1,1,210733,56,2023-11-18,Built ML pipeline for preprocessing,2023,11,18,Iterative
v2.0,27,Male,B.Sc+Cert,5.0,Mid,SME,Tier-2,2,0,0,2,89067,56,2024-10-27,Worked on microservices deployment,2024,10,27,Iterative
v2.0,32,Female,B.Sc,12.0,Junior,Startup,Remote,4,2,0,4,110869,46,2023-07-07,No relevant project mentioned,2023,7,7,Iterative
v2.0,30,Female,M.Sc,6.0,Senior,Enterprise,Remote,5,0,1,6,146286,58,2024-07-25,Built ML pipeline for preprocessing,2024,7,25,Iterative
v2.0,33,Male,B.Sc,8.0,Junior,SME,Tier-2,6,1,0,5,96909,66,2023-07-02,Experience in data cleaning and ETL,2023,7,2,Iterative
v2.0,30,Male,B.Sc,8.0,Junior,Enterprise,Tier-2,6,0,0,0,124263,59,2024-01-19,Built ML pipeline for preprocessing,2024,1,19,Iterative
v2.0,22,Male,B.Sc+Cert,0.0,Junior,Startup,Tier-2,6,0,0,3,26553,57,2023-01-25,Experience in data cleaning and ETL,2023,1,25,Iterative
v2.0,36,Male,M.Eng,10.0,Lead,SME,Tier-2,5,1,0,2,170564,69,2024-06-20,Worked on microservices deployment,2024,6,20,Iterative
v2.0,27,Female,M.Sc,2.0,Mid,Startup,Tier-3,6,1,0,3,57324,53,2023-11-10,No relevant project mentioned,2023,11,10,Iterative
v2.0,21,Male,B.Sc,1.0,Mid,Enterprise,Tier-1,3,1,1,2,65881,65,2023-02-07,Contributed to open-source NLP repo,2023,2,7,Iterative
v2.0,27,Male,M.Eng,4.82,Mid,SME,Tier-1,5,2,0,1,101226,73,2023-10-29,Built ML pipeline for preprocessing,2023,10,29,Iterative
v2.0,39,Male,B.Sc,13.0,Mid,Enterprise,Remote,5,0,1,5,155762,51,2024-01-04,No relevant project mentioned,2024,1,4,Iterative
v2.0,35,Female,B.Sc,15.0,Senior,SME,Remote,4,2,0,5,165821,69,2023-04-10,Contributed to open-source NLP repo,2023,4,10,Iterative
v2.0,28,Female,B.Sc,5.5,Mid,Enterprise,Tier-1,4,0,0,4,62379,56,2024-01-23,Experience in data cleaning and ETL,2024,1,23,Iterative
v2.0,28,Male,B.Sc,4.0,Senior,SME,Tier-1,8,1,1,3,102388,44,2024-10-20,Built ML pipeline for preprocessing,2024,10,20,Iterative
v2.0,28,Female,M.Sc,7.0,Junior,Startup,Remote,4,0,0,3,98340,71,2024-03-21,Experience in data cleaning and ETL,2024,3,21,Iterative
v2.0,42,Male,M.Sc,22.0,Junior,Startup,Tier-2,4,3,1,0,206946,60,2024-04-14,Contributed to open-source NLP repo,2024,4,14,Iterative
v2.0,32,Male,B.Sc,5.0,Mid,SME,Tier-2,3,1,1,3,67408,75,2023-02-24,Contributed to open-source NLP repo,2023,2,24,Iterative
v2.0,33,Male,B.Sc,10.0,Mid,SME,Tier-1,6,3,1,2,277650,62,2024-05-10,Worked on microservices deployment,2024,5,10,Iterative
v2.0,36,Male,B.Sc,14.0,Mid,Startup,Remote,3,0,1,1,154530,53,2024-08-06,No relevant project mentioned,2024,8,6,Iterative
v2.0,31,Male,B.Sc,7.0,Mid,Enterprise,Tier-1,4,1,0,4,115111,70,2023-05-07,Experience in data cleaning and ETL,2023,5,7,Iterative
v2.0,28,Female,M.Sc,6.0,Junior,SME,Tier-1,3,2,0,4,99619,58,2023-11-17,No relevant project mentioned,2023,11,17,Iterative
v2.0,29,Male,M.Eng,0.0,Mid,SME,Tier-1,4,1,0,6,70618,44,2023-03-09,No relevant project mentioned,2023,3,9,Iterative
v2.0,30,Male,B.Sc,2.0,Mid,Startup,Remote,3,1,1,1,56788,59,2024-01-31,Experience in data cleaning and ETL,2024,1,31,Iterative
v2.0,30,Male,B.Sc,10.0,Junior,SME,Tier-3,3,1,0,2,114203,58,2023-06-02,No relevant project mentioned,2023,6,2,Iterative
v2.0,34,Male,M.Sc,10.0,Mid,Startup,Tier-3,4,0,1,5,121155,61,2023-05-29,Experience in data cleaning and ETL,2023,5,29,Iterative
v2.0,30,Female,M.Eng,5.0,Junior,Startup,Tier-1,2,2,0,1,77867,68,2024-02-07,No relevant project mentioned,2024,2,7,Iterative
v2.0,34,Male,B.Sc,11.0,Mid,Enterprise,Remote,9,1,0,4,162903,46,2023-08-14,No relevant project mentioned,2023,8,14,Iterative
v2.0,30,Male,B.Sc,7.0,Junior,SME,Tier-3,2,2,0,7,74943,58,2024-11-22,Built ML pipeline for preprocessing,2024,11,22,Iterative
v2.0,30,Female,M.Sc,5.0,Senior,SME,Tier-3,5,0,0,3,78056,66,2023-11-06,No relevant project mentioned,2023,11,6,Iterative
v2.0,20,Male,B.Sc,0.0,Mid,Startup,Remote,5,1,0,7,40824,54,2024-02-23,Built ML pipeline for preprocessing,2024,2,23,Iterative
v2.0,35,Male,B.Sc,11.92,Junior,SME,Tier-1,7,0,0,2,119464,65,2024-05-29,Worked on microservices deployment,2024,5,29,Iterative
v2.0,32,Male,M.Sc,11.0,Mid,Startup,Tier-2,5,3,0,0,143001,70,2023-10-16,Contributed to open-source NLP repo,2023,10,16,Iterative
v2.0,36,Male,M.Sc,12.0,Senior,SME,Remote,7,0,0,0,154209,47,2023-07-20,No relevant project mentioned,2023,7,20,Iterative
v2.0,20,Other,M.Sc,0.0,Mid,SME,Tier-3,5,1,0,3,43000,59,2024-06-02,Worked on microservices deployment,2024,6,2,Iterative
v2.0,43,Female,M.Sc,19.0,Senior,SME,Tier-2,3,0,0,0,185512,54,2024-10-28,Built ML pipeline for preprocessing,2024,10,28,Iterative
v2.0,29,Male,M.Sc,6.0,Junior,Enterprise,Tier-1,2,2,1,3,115129,58,2023-06-17,Worked on microservices deployment,2023,6,17,Iterative
v2.0,37,Female,B.Sc,13.0,Senior,SME,Tier-2,5,3,1,0,165044,59,2024-11-05,Contributed to open-source NLP repo,2024,11,5,Iterative
v2.0,24,Male,B.Sc,0.0,Mid,SME,Tier-2,7,2,0,7,48751,64,2023-12-03,Worked on microservices deployment,2023,12,3,Iterative
v2.0,34,Male,B.Sc,10.0,Junior,SME,Tier-1,6,1,0,0,130551,59,2023-10-22,Worked on microservices deployment,2023,10,22,Iterative
v2.0,24,Male,B.Sc,0.0,Mid,Startup,Remote,4,2,0,2,43060,60,2024-01-15,Built ML pipeline for preprocessing,2024,1,15,Iterative
v2.0,26,Male,M.Sc,6.0,Lead,Enterprise,Tier-1,7,1,1,3,162188,61,2023-01-11,Built ML pipeline for preprocessing,2023,1,11,Iterative
v2.0,41,Male,B.Sc+Cert,19.0,Senior,SME,Tier-1,4,1,0,4,214517,49,2023-12-23,Built ML pipeline for preprocessing,2023,12,23,Iterative
v2.0,29,Male,B.Sc+Cert,6.35,Mid,Startup,Tier-2,6,1,1,1,105120,63,2023-05-11,Worked on microservices deployment,2023,5,11,Iterative
v2.0,31,Female,M.Sc,8.0,Junior,Enterprise,Tier-2,4,0,0,6,88997,68,2023-07-24,Contributed to open-source NLP repo,2023,7,24,Iterative
v2.0,35,Male,B.Sc,12.0,Mid,Startup,Tier-1,7,3,0,2,155535,68,2024-03-11,Built ML pipeline for preprocessing,2024,3,11,Iterative
v2.0,33,Male,B.Sc,12.0,Junior,Enterprise,Tier-1,5,3,1,1,160793,64,2023-11-12,Worked on microservices deployment,2023,11,12,Iterative
v2.0,31,Male,M.Eng,10.0,Junior,Enterprise,Tier-1,4,1,0,2,132871,45,2024-08-26,Built ML pipeline for preprocessing,2024,8,26,Iterative
v2.0,32,Male,M.Sc,9.0,Mid,SME,Tier-1,4,0,0,3,125197,59,2023-11-10,Built ML pipeline for preprocessing,2023,11,10,Iterative
v2.0,44,Male,M.Sc,20.0,Senior,Startup,Tier-1,7,1,1,2,234659,64,2024-04-30,No relevant project mentioned,2024,4,30,Iterative
v2.0,30,Male,M.Sc,5.0,Mid,Startup,Tier-1,4,0,0,3,88067,63,2023-04-21,Experience in data cleaning and ETL,2023,4,21,Iterative
v2.0,31,Female,M.Sc,8.0,Junior,Startup,Tier-1,6,3,0,1,123603,73,2023-10-17,No relevant project mentioned,2023,10,17,Iterative
v2.0,36,Male,M.Eng,16.0,Mid,Startup,Tier-2,5,2,0,0,168839,44,2023-09-04,No relevant project mentioned,2023,9,4,Iterative
v2.0,37,Male,B.Sc,13.0,Senior,SME,Remote,8,1,1,1,158155,54,2024-02-16,Built ML pipeline for preprocessing,2024,2,16,Iterative
v2.0,37,Male,B.Sc,12.0,Mid,Enterprise,Tier-2,3,0,1,6,163834,59,2024-07-26,Built ML pipeline for preprocessing,2024,7,26,Iterative
v2.0,34,Male,B.Sc+Cert,13.0,Mid,SME,Tier-3,4,3,0,3,135090,60,2024-03-25,Worked on microservices deployment,2024,3,25,Iterative
v2.0,23,Male,B.Sc,2.0,Lead,SME,Tier-1,3,1,1,0,104090,50,2024-09-13,No relevant project mentioned,2024,9,13,Iterative
v2.0,40,Female,M.Sc,17.0,Senior,SME,Tier-3,6,0,0,0,190040,63,2024-02-25,No relevant project mentioned,2024,2,25,Iterative
v2.0,23,Male,B.Sc,1.0,Junior,Enterprise,Tier-2,6,0,0,2,51712,59,2024-02-04,Built ML pipeline for preprocessing,2024,2,4,Iterative
v2.0,32,Male,B.Sc+Cert,7.0,Junior,Startup,Tier-2,4,2,0,4,96105,53,2024-03-31,Built ML pipeline for preprocessing,2024,3,31,Iterative
v2.0,25,Male,B.Sc,2.0,Lead,SME,Tier-1,5,1,1,0,89316,69,2023-05-05,Built ML pipeline for preprocessing,2023,5,5,Iterative
v2.0,30,Male,M.Sc,10.0,Mid,Enterprise,Tier-1,3,0,1,2,158406,54,2024-12-15,Built ML pipeline for preprocessing,2024,12,15,Iterative
v2.0,32,Male,B.Sc,12.0,Junior,Enterprise,Tier-2,5,0,0,1,134500,61,2023-09-17,No relevant project mentioned,2023,9,17,Iterative
v2.0,32,Female,M.Sc,5.0,Mid,Enterprise,Tier-2,4,3,0,3,105591,54,2024-06-18,No relevant project mentioned,2024,6,18,Iterative
v2.0,33,Male,B.Sc,13.0,Mid,Enterprise,Remote,4,0,1,0,175444,51,2024-12-12,Built ML pipeline for preprocessing,2024,12,12,Iterative
v2.0,40,Female,B.Sc,21.0,Lead,Startup,Tier-1,5,1,1,1,239100,59,2023-03-21,Built ML pipeline for preprocessing,2023,3,21,Iterative
v2.0,33,Male,B.Sc,10.0,Junior,SME,Tier-1,3,1,1,3,108654,71,2023-09-29,Built ML pipeline for preprocessing,2023,9,29,Iterative
v2.0,29,Female,B.Sc+Cert,8.0,Mid,Startup,Tier-2,5,1,0,2,99659,54,2024-07-18,Built ML pipeline for preprocessing,2024,7,18,Iterative
v2.0,36,Male,B.Sc,16.0,Senior,SME,Remote,3,1,1,4,175204,59,2024-02-22,No relevant project mentioned,2024,2,22,Iterative
v2.0,37,Male,B.Sc,14.0,Mid,SME,Tier-1,4,1,1,0,160022,51,2024-02-06,Contributed to open-source NLP repo,2024,2,6,Iterative
v2.0,23,Male,M.Sc,6.0,Junior,SME,Tier-2,7,0,1,2,93609,55,2023-02-22,Built ML pipeline for preprocessing,2023,2,22,Iterative
v2.0,34,Female,B.Sc,13.0,Senior,Enterprise,Tier-1,5,2,0,0,170514,75,2023-09-29,Built ML pipeline for preprocessing,2023,9,29,Iterative
v2.0,34,Male,B.Sc+Cert,12.0,Mid,SME,Tier-2,5,0,1,2,149742,59,2023-08-16,Built ML pipeline for preprocessing,2023,8,16,Iterative
v2.0,28,Male,B.Sc,4.0,Mid,SME,Tier-3,5,0,1,0,77478,65,2024-11-22,No relevant project mentioned,2024,11,22,Iterative
v2.0,38,Male,M.Sc,17.0,Mid,Startup,Remote,6,2,0,0,192125,62,2024-01-06,No relevant project mentioned,2024,1,6,Iterative
v2.0,29,Female,B.Sc,2.0,Junior,Enterprise,Tier-1,4,1,1,1,72074,59,2024-12-12,Worked on microservices deployment,2024,12,12,Iterative
v2.0,31,Male,B.Sc,11.0,Senior,Startup,Tier-1,5,1,1,1,132724,61,2023-07-11,No relevant project mentioned,2023,7,11,Iterative
v2.0,29,Female,M.Sc,9.0,Mid,Startup,Tier-2,5,2,0,2,127336,50,2023-01-23,Worked on microservices deployment,2023,1,23,Iterative
v2.0,30,Male,M.Sc,10.0,Mid,Startup,Tier-1,6,1,1,2,154818,44,2024-07-05,Built ML pipeline for preprocessing,2024,7,5,Iterative
v2.0,23,Male,M.Sc,0.0,Junior,SME,Tier-2,5,0,0,1,44269,47,2023-12-02,Experience in data cleaning and ETL,2023,12,2,Iterative
v2.0,21,Male,B.Sc,0.0,Mid,Startup,Tier-2,3,1,0,0,32605,43,2023-08-18,Experience in data cleaning and ETL,2023,8,18,Iterative
v2.0,40,Female,B.Sc,17.0,Senior,Enterprise,Tier-1,8,4,0,1,247296,41,2024-06-13,No relevant project mentioned,2024,6,13,Iterative
v2.0,25,Male,B.Sc,4.0,Senior,Enterprise,Tier-3,7,1,0,0,100733,59,2024-05-02,No relevant project mentioned,2024,5,2,Iterative
v2.0,24,Female,PhD,1.8,Senior,Enterprise,Tier-1,6,1,1,0,128407,67,2023-06-13,Built ML pipeline for preprocessing,2023,6,13,Iterative
v2.0,20,Male,B.Sc,0.0,Mid,Startup,Remote,1,3,0,0,41926,69,2024-02-27,Contributed to open-source NLP repo,2024,2,27,Iterative
v2.0,26,Male,B.Sc,5.0,Mid,Enterprise,Tier-3,2,1,1,0,78701,52,2023-12-26,No relevant project mentioned,2023,12,26,Iterative
v2.0,22,Male,B.Sc,0.0,Mid,Enterprise,Tier-3,1,4,0,4,39494,60,2023-06-18,Built ML pipeline for preprocessing,2023,6,18,Iterative
v2.0,40,Male,M.Sc,18.0,Senior,Enterprise,Tier-1,4,1,1,2,242397,55,2024-05-27,Built ML pipeline for preprocessing,2024,5,27,Iterative
v2.0,36,Female,B.Sc,12.0,Mid,SME,Remote,1,0,0,2,130078,53,2023-12-14,Built ML pipeline for preprocessing,2023,12,14,Iterative
v2.0,26,Female,B.Sc+Cert,1.0,Mid,Enterprise,Tier-3,3,2,0,3,53619,70,2023-07-18,Built ML pipeline for preprocessing,2023,7,18,Iterative
v2.0,44,Female,B.Sc,20.0,Junior,Startup,Tier-1,6,2,0,6,158035,55,2023-07-31,Built ML pipeline for preprocessing,2023,7,31,Iterative
v2.0,36,Female,B.Sc+Cert,17.0,Junior,Enterprise,Tier-1,2,1,0,1,192336,70,2024-11-12,Worked on microservices deployment,2024,11,12,Iterative
v2.0,28,Male,B.Sc,3.0,Mid,Startup,Tier-1,7,2,1,1,74391,60,2023-06-01,Built ML pipeline for preprocessing,2023,6,1,Iterative
v2.0,20,Male,M.Sc,0.0,Lead,SME,Remote,8,0,1,7,104309,64,2024-07-30,Contributed to open-source NLP repo,2024,7,30,Iterative
v2.0,44,Female,B.Sc+Cert,21.0,Junior,Enterprise,Remote,3,2,1,4,211779,58,2024-06-13,Built ML pipeline for preprocessing,2024,6,13,Iterative
v2.0,22,Male,B.Sc,0.0,Junior,SME,Remote,7,4,1,2,56248,59,2023-03-31,Contributed to open-source NLP repo,2023,3,31,Iterative
v2.0,20,Female,B.Sc+Cert,1.0,Junior,Startup,Tier-3,4,1,1,2,36285,40,2023-01-14,No relevant project mentioned,2023,1,14,Iterative
v2.0,36,Female,B.Sc,11.0,Senior,Enterprise,Tier-2,5,1,0,2,153471,52,2023-01-19,No relevant project mentioned,2023,1,19,Iterative
v2.0,45,Male,B.Sc+Cert,20.0,Mid,Enterprise,Tier-1,10,1,0,2,215673,50,2023-03-23,Experience in data cleaning and ETL,2023,3,23,Iterative
v2.0,38,Other,M.Sc,14.0,Junior,Startup,Tier-1,6,0,1,3,159830,74,2024-09-12,Built ML pipeline for preprocessing,2024,9,12,Iterative
v2.0,33,Male,B.Sc,15.0,Mid,Enterprise,Tier-1,6,1,0,1,187752,51,2024-06-02,Worked on microservices deployment,2024,6,2,Iterative
v2.0,34,Male,B.Sc,11.05,Mid,SME,Tier-2,2,1,0,4,128618,55,2023-01-02,Experience in data cleaning and ETL,2023,1,2,Iterative
v2.0,35,Male,B.Sc,13.0,Mid,SME,Remote,4,3,0,5,163139,48,2023-09-20,Built ML pipeline for preprocessing,2023,9,20,Iterative
v2.0,35,Male,B.Sc,11.0,Mid,Startup,Remote,5,1,0,2,127307,60,2024-06-23,Experience in data cleaning and ETL,2024,6,23,Iterative
v2.0,32,Male,B.Sc,10.0,Junior,Startup,Tier-1,6,1,0,1,127833,69,2024-05-04,Experience in data cleaning and ETL,2024,5,4,Iterative
v2.0,31,Male,B.Sc,8.0,Mid,Startup,Tier-2,2,1,0,3,86368,69,2023-12-03,Experience in data cleaning and ETL,2023,12,3,Iterative
v2.0,30,Female,B.Sc,9.0,Junior,Startup,Tier-2,5,1,0,0,101465,40,2023-10-13,Experience in data cleaning and ETL,2023,10,13,Iterative
v2.0,25,Female,M.Sc,4.0,Junior,Enterprise,Tier-2,6,2,0,2,104201,56,2023-09-11,Worked on microservices deployment,2023,9,11,Iterative
v2.0,28,Male,B.Sc,6.0,Mid,SME,Tier-2,4,1,0,3,72055,53,2024-08-19,Worked on microservices deployment,2024,8,19,Iterative
v2.0,20,Male,B.Sc,0.0,Junior,Enterprise,Tier-1,8,0,0,0,55538,46,2024-04-29,Built ML pipeline for preprocessing,2024,4,29,Iterative
v2.0,29,Female,M.Sc,7.0,Mid,Enterprise,Remote,5,1,0,2,130601,63,2023-07-20,No relevant project mentioned,2023,7,20,Iterative
v2.0,24,Male,B.Sc,5.0,Junior,Startup,Tier-3,2,0,1,3,61843,79,2023-10-19,Built ML pipeline for preprocessing,2023,10,19,Iterative
v2.0,23,Male,B.Sc,0.0,Junior,Enterprise,Tier-3,3,1,0,1,35467,80,2023-10-05,No relevant project mentioned,2023,10,5,Iterative
v2.0,31,Male,B.Sc,9.0,Senior,Enterprise,Tier-1,7,1,1,0,162164,58,2023-12-01,Worked on microservices deployment,2023,12,1,Iterative
v2.0,38,Male,B.Sc+Cert,12.0,Mid,SME,Tier-1,4,0,0,2,145331,61,2024-08-12,No relevant project mentioned,2024,8,12,Iterative
v2.0,36,Male,M.Eng,10.0,Mid,Startup,Tier-1,5,0,0,4,127179,68,2024-02-15,Built ML pipeline for preprocessing,2024,2,15,Iterative
v2.0,21,Female,B.Sc,1.0,Senior,Enterprise,Tier-3,6,1,0,1,60964,59,2023-07-29,Built ML pipeline for preprocessing,2023,7,29,Iterative
v2.0,24,Male,M.Sc,2.0,Mid,Enterprise,Remote,11,1,0,3,92711,67,2024-09-29,Experience in data cleaning and ETL,2024,9,29,Iterative
v2.0,36,Male,B.Sc,15.0,Senior,Enterprise,Tier-2,7,1,0,1,183878,47,2023-01-10,Contributed to open-source NLP repo,2023,1,10,Iterative
v2.0,24,Male,M.Sc,0.0,Mid,Startup,Tier-3,7,1,1,0,39160,59,2023-08-28,Worked on microservices deployment,2023,8,28,Iterative
v2.0,29,Male,M.Sc,6.36,Junior,Startup,Tier-2,8,1,1,1,76100,59,2023-06-19,Experience in data cleaning and ETL,2023,6,19,Iterative
v2.0,33,Male,M.Sc,10.0,Junior,SME,Tier-1,5,2,0,1,126712,59,2024-11-11,Built ML pipeline for preprocessing,2024,11,11,Iterative
v2.0,24,Female,B.Sc,0.0,Mid,SME,Tier-3,5,2,0,5,45773,48,2024-04-17,Contributed to open-source NLP repo,2024,4,17,Iterative
v2.0,31,Female,B.Sc,6.0,Junior,Startup,Tier-3,7,1,1,2,91544,59,2024-04-16,No relevant project mentioned,2024,4,16,Iterative
v2.0,22,Male,B.Sc,2.0,Junior,SME,Tier-1,3,1,0,0,58972,54,2024-11-26,No relevant project mentioned,2024,11,26,Iterative
v2.0,26,Female,B.Sc+Cert,0.0,Junior,SME,Tier-1,6,2,1,1,51001,68,2023-08-17,Built ML pipeline for preprocessing,2023,8,17,Iterative
v2.0,32,Female,M.Sc,7.0,Junior,Enterprise,Tier-2,5,1,1,7,97341,46,2024-02-12,No relevant project mentioned,2024,2,12,Iterative
v2.0,20,Female,M.Eng,-2.01,Junior,SME,Tier-1,4,0,1,1,53763,59,2024-02-03,Worked on microservices deployment,2024,2,3,Iterative
v2.0,33,Male,PhD,12.0,Junior,SME,Remote,5,1,0,1,173720,59,2023-07-22,Contributed to open-source NLP repo,2023,7,22,Iterative
v2.0,30,Male,B.Sc,7.0,Junior,Enterprise,Tier-2,11,1,0,0,95797,49,2024-11-14,Built ML pipeline for preprocessing,2024,11,14,Iterative
v2.0,33,Male,M.Sc,12.0,Junior,Enterprise,Tier-1,5,5,1,3,139825,56,2024-08-15,Built ML pipeline for preprocessing,2024,8,15,Iterative
v2.0,31,Male,M.Sc,9.0,Mid,Startup,Tier-1,3,0,0,1,126022,65,2023-02-18,Built ML pipeline for preprocessing,2023,2,18,Iterative
v2.0,38,Male,PhD,19.0,Junior,Startup,Remote,5,1,0,2,224597,62,2024-12-27,Experience in data cleaning and ETL,2024,12,27,Iterative
v2.0,31,Male,PhD,5.0,Senior,Enterprise,Tier-3,7,0,0,2,133680,59,2024-11-19,Built ML pipeline for preprocessing,2024,11,19,Iterative
v2.0,27,Female,M.Sc,4.0,Senior,SME,Tier-3,9,2,0,0,107056,59,2023-04-05,Experience in data cleaning and ETL,2023,4,5,Iterative
v2.0,31,Female,B.Sc,5.0,Mid,Enterprise,Tier-1,11,0,1,0,99385,61,2023-04-28,Built ML pipeline for preprocessing,2023,4,28,Iterative
v2.0,33,Female,M.Sc,12.0,Mid,SME,Remote,5,1,1,6,152672,74,2024-09-01,Contributed to open-source NLP repo,2024,9,1,Iterative
v2.0,30,Male,B.Sc,6.0,Mid,Startup,Tier-2,7,1,1,5,92656,64,2023-03-15,Built ML pipeline for preprocessing,2023,3,15,Iterative
v2.0,30,Male,M.Sc,4.0,Junior,SME,Tier-2,3,1,1,2,59448,67,2023-02-06,Contributed to open-source NLP repo,2023,2,6,Iterative
v2.0,26,Male,B.Sc+Cert,3.0,Senior,SME,Remote,5,1,0,0,87905,59,2023-11-26,No relevant project mentioned,2023,11,26,Iterative
v2.0,26,Male,B.Sc,3.0,Junior,SME,Tier-1,3,1,0,1,60511,59,2024-03-01,No relevant project mentioned,2024,3,1,Iterative
v2.0,22,Male,M.Sc,0.0,Senior,Startup,Tier-2,5,1,0,2,57856,43,2023-07-06,No relevant project mentioned,2023,7,6,Iterative
v2.0,40,Male,B.Sc,16.36,Mid,Enterprise,Tier-1,7,1,0,1,205297,70,2024-01-19,Built ML pipeline for preprocessing,2024,1,19,Iterative
v2.0,23,Male,B.Sc,0.0,Junior,SME,Tier-2,5,3,0,6,38532,61,2024-04-03,Built ML pipeline for preprocessing,2024,4,3,Iterative
v2.0,26,Female,B.Sc,8.0,Mid,SME,Tier-1,7,1,1,0,110522,60,2023-11-05,Built ML pipeline for preprocessing,2023,11,5,Iterative
v2.0,26,Male,M.Sc,4.0,Mid,Enterprise,Remote,4,0,0,3,105829,47,2024-03-01,Worked on microservices deployment,2024,3,1,Iterative
v2.0,35,Female,B.Sc+Cert,13.0,Junior,SME,Tier-1,3,0,1,1,134567,62,2024-01-27,Experience in data cleaning and ETL,2024,1,27,Iterative
v2.0,28,Male,B.Sc+Cert,10.0,Mid,Enterprise,Tier-2,6,1,1,2,138133,59,2023-11-27,Built ML pipeline for preprocessing,2023,11,27,Iterative
v2.0,37,Male,B.Sc,14.0,Mid,Enterprise,Remote,1,1,0,3,153039,59,2024-02-12,Worked on microservices deployment,2024,2,12,Iterative
v2.0,26,Male,B.Sc+Cert,4.0,Mid,SME,Remote,2,1,0,1,83637,55,2023-11-03,Contributed to open-source NLP repo,2023,11,3,Iterative
v2.0,32,Male,M.Sc,9.0,Junior,SME,Tier-2,5,0,1,0,100799,65,2023-03-12,Worked on microservices deployment,2023,3,12,Iterative
v2.0,25,Male,B.Sc,5.0,Junior,Enterprise,Tier-2,6,0,1,2,82544,59,2024-03-19,No relevant project mentioned,2024,3,19,Iterative
v2.0,43,Male,B.Sc,22.0,Senior,Startup,Tier-1,5,1,1,6,239141,53,2023-05-29,Experience in data cleaning and ETL,2023,5,29,Iterative
v2.0,23,Male,B.Sc,0.0,Mid,Startup,Tier-1,4,1,0,2,44159,61,2024-03-12,Built ML pipeline for preprocessing,2024,3,12,Iterative
v2.0,32,Male,B.Sc,10.0,Mid,Enterprise,Tier-2,9,1,0,0,152021,56,2023-09-19,Experience in data cleaning and ETL,2023,9,19,Iterative
v2.0,34,Male,M.Sc,11.0,Lead,Enterprise,Tier-1,9,0,0,4,233407,49,2024-10-13,Built ML pipeline for preprocessing,2024,10,13,Iterative
v2.0,32,Female,M.Sc,9.0,Junior,Enterprise,Tier-1,2,1,0,0,135747,65,2023-12-23,Built ML pipeline for preprocessing,2023,12,23,Iterative
v2.0,29,Male,B.Sc,10.0,Mid,Startup,Tier-1,6,1,0,1,105586,52,2023-11-01,Experience in data cleaning and ETL,2023,11,1,Iterative
v2.0,29,Female,M.Sc,6.0,Senior,Startup,Tier-2,8,1,1,1,116342,54,2024-06-26,Built ML pipeline for preprocessing,2024,6,26,Iterative
v2.0,30,Male,B.Sc,8.0,Senior,Startup,Tier-2,7,0,0,1,120421,64,2023-06-04,Built ML pipeline for preprocessing,2023,6,4,Iterative
v2.0,29,Female,B.Sc,4.0,Junior,SME,Tier-1,6,1,1,1,72965,61,2023-04-26,Contributed to open-source NLP repo,2023,4,26,Iterative
v2.0,36,Female,M.Sc,16.0,Junior,SME,Tier-1,5,1,0,4,196379,63,2024-12-21,Built ML pipeline for preprocessing,2024,12,21,Iterative
v2.0,43,Male,B.Sc,17.0,Mid,SME,Tier-2,4,1,0,0,189935,74,2024-09-18,Built ML pipeline for preprocessing,2024,9,18,Iterative
v2.0,27,Male,M.Eng,2.0,Junior,Startup,Tier-2,7,1,0,2,52940,60,2023-02-20,No relevant project mentioned,2023,2,20,Iterative
v2.0,22,Female,B.Sc,0.0,Senior,SME,Tier-2,8,1,0,0,54097,59,2023-03-13,No relevant project mentioned,2023,3,13,Iterative
v2.0,29,Male,M.Sc,2.0,Junior,SME,Tier-3,3,0,1,2,46780,49,2024-10-01,No relevant project mentioned,2024,10,1,Iterative
v2.0,45,Male,B.Sc,23.0,Junior,Startup,Tier-1,2,1,0,0,234735,37,2023-05-23,Contributed to open-source NLP repo,2023,5,23,Iterative
v2.0,25,Male,M.Sc,3.0,Junior,Enterprise,Tier-1,3,1,1,1,82425,62,2023-06-16,Built ML pipeline for preprocessing,2023,6,16,Iterative
v2.0,40,Female,B.Sc,15.0,Mid,Startup,Tier-1,6,0,1,1,157728,47,2023-03-11,Built ML pipeline for preprocessing,2023,3,11,Iterative
v2.0,40,Female,B.Sc,16.0,Senior,Enterprise,Tier-2,5,0,1,0,193011,81,2024-05-10,Experience in data cleaning and ETL,2024,5,10,Iterative
v2.0,27,Male,B.Sc,3.0,Mid,Enterprise,Tier-3,8,0,0,1,65703,65,2024-06-03,Built ML pipeline for preprocessing,2024,6,3,Iterative
v2.0,33,Male,B.Sc,9.0,Senior,SME,Tier-1,5,0,0,2,140405,59,2023-06-12,Worked on microservices deployment,2023,6,12,Iterative
v2.0,40,Male,M.Eng,16.0,Junior,Startup,Tier-2,4,1,0,1,160595,51,2024-07-28,No relevant project mentioned,2024,7,28,Iterative
v2.0,28,Male,PhD,6.0,Junior,SME,Tier-2,4,1,0,1,103387,75,2023-10-14,Built ML pipeline for preprocessing,2023,10,14,Iterative
v2.0,29,Other,B.Sc,6.0,Senior,Enterprise,Remote,3,2,1,1,130684,59,2023-08-22,Worked on microservices deployment,2023,8,22,Iterative
v2.0,27,Male,B.Sc,5.0,Senior,Startup,Tier-3,6,0,0,2,87949,59,2024-12-30,Contributed to open-source NLP repo,2024,12,30,Iterative
v2.0,24,Male,M.Sc,1.89,Senior,Enterprise,Tier-2,5,1,1,3,78646,63,2023-12-10,Experience in data cleaning and ETL,2023,12,10,Iterative
v2.0,26,Male,B.Sc+Cert,5.0,Senior,Enterprise,Tier-2,10,1,1,2,106581,67,2023-09-10,Built ML pipeline for preprocessing,2023,9,10,Iterative
v2.0,23,Female,B.Sc+Cert,3.0,Mid,Enterprise,Remote,5,0,1,7,85446,50,2024-12-06,Experience in data cleaning and ETL,2024,12,6,Iterative
v2.0,30,Male,B.Sc,7.0,Junior,SME,Remote,4,0,0,6,91653,53,2023-09-14,Worked on microservices deployment,2023,9,14,Iterative
v2.0,25,Male,M.Sc,4.0,Senior,Enterprise,Tier-2,5,0,0,0,108364,66,2024-05-20,Built ML pipeline for preprocessing,2024,5,20,Iterative
v2.0,31,Male,B.Sc,8.0,Junior,Enterprise,Tier-2,3,0,0,1,113806,64,2024-04-15,Worked on microservices deployment,2024,4,15,Iterative
v2.0,21,Male,PhD,0.0,Mid,SME,Tier-2,5,0,1,2,123726,61,2023-10-16,Worked on microservices deployment,2023,10,16,Iterative
v2.0,32,Male,B.Sc+Cert,10.0,Mid,Startup,Tier-2,6,0,0,0,123098,69,2024-09-11,Built ML pipeline for preprocessing,2024,9,11,Iterative
v2.0,35,Male,B.Sc,16.0,Junior,Startup,Tier-2,4,1,0,2,161022,59,2024-07-02,Contributed to open-source NLP repo,2024,7,2,Iterative
v2.0,20,Male,B.Sc,0.0,Senior,Startup,Tier-1,4,1,0,6,51764,59,2024-05-19,Built ML pipeline for preprocessing,2024,5,19,Iterative
v2.0,32,Female,B.Sc,8.0,Junior,Enterprise,Remote,5,0,0,3,111499,56,2024-06-06,Worked on microservices deployment,2024,6,6,Iterative
v2.0,37,Female,B.Sc,14.0,Senior,SME,Tier-2,4,0,0,0,161631,60,2023-03-25,Built ML pipeline for preprocessing,2023,3,25,Iterative
v2.0,23,Other,M.Eng,1.0,Mid,Enterprise,Tier-3,4,2,0,3,70545,51,2024-12-30,Worked on microservices deployment,2024,12,30,Iterative
v2.0,40,Male,B.Sc,19.0,Mid,Enterprise,Tier-2,5,0,1,1,222875,36,2024-07-12,Contributed to open-source NLP repo,2024,7,12,Iterative
v2.0,33,Female,B.Sc,8.0,Mid,SME,Tier-3,4,2,0,6,80537,56,2023-12-11,Experience in data cleaning and ETL,2023,12,11,Iterative
v2.0,26,Male,B.Sc,2.0,Junior,SME,Tier-1,2,1,1,1,49987,60,2024-01-14,No relevant project mentioned,2024,1,14,Iterative
v2.0,30,Male,PhD,7.0,Mid,Startup,Tier-2,4,0,1,2,108287,43,2023-05-12,Built ML pipeline for preprocessing,2023,5,12,Iterative
v2.0,33,Male,M.Sc,9.0,Mid,Enterprise,Tier-2,2,2,0,3,143434,53,2023-07-30,Experience in data cleaning and ETL,2023,7,30,Iterative
v2.0,30,Male,B.Sc,5.0,Mid,SME,Tier-1,5,2,1,1,97632,62,2024-12-17,Built ML pipeline for preprocessing,2024,12,17,Iterative
v2.0,33,Male,B.Sc,14.0,Junior,SME,Remote,10,0,0,0,159108,59,2024-08-17,Worked on microservices deployment,2024,8,17,Iterative
v2.0,24,Male,PhD,0.0,Junior,Startup,Tier-1,1,1,1,0,62380,51,2023-03-18,Contributed to open-source NLP repo,2023,3,18,Iterative
v2.0,31,Male,M.Eng,7.0,Junior,Enterprise,Tier-2,4,1,1,2,104851,39,2023-05-20,Experience in data cleaning and ETL,2023,5,20,Iterative
v2.0,22,Male,B.Sc,0.0,Mid,Enterprise,Tier-1,2,0,1,6,62122,43,2023-05-08,Worked on microservices deployment,2023,5,8,Iterative
v2.0,29,Male,B.Sc,3.0,Junior,SME,Remote,4,3,0,1,65652,59,2023-03-07,Built ML pipeline for preprocessing,2023,3,7,Iterative
v2.0,25,Male,B.Sc,3.0,Senior,SME,Tier-1,2,2,0,0,93534,59,2024-10-24,Built ML pipeline for preprocessing,2024,10,24,Iterative
v2.0,26,Male,B.Sc,4.0,Mid,Enterprise,Tier-2,3,1,1,2,89848,68,2024-07-20,Worked on microservices deployment,2024,7,20,Iterative
v2.0,37,Female,M.Sc,13.0,Senior,Startup,Tier-1,8,0,1,0,186405,63,2023-05-27,Built ML pipeline for preprocessing,2023,5,27,Iterative
v2.0,37,Female,B.Sc+Cert,13.0,Senior,Startup,Tier-2,5,0,1,2,171418,59,2023-03-08,No relevant project mentioned,2023,3,8,Iterative
v2.0,34,Male,B.Sc,13.0,Junior,SME,Remote,2,1,1,1,156557,68,2024-04-16,Contributed to open-source NLP repo,2024,4,16,Iterative
v2.0,23,Male,B.Sc,0.0,Senior,Startup,Tier-1,5,0,0,2,71348,72,2023-05-31,Built ML pipeline for preprocessing,2023,5,31,Iterative
v2.0,28,Male,B.Sc,3.0,Mid,SME,Tier-2,5,0,0,0,61398,54,2023-01-04,Built ML pipeline for preprocessing,2023,1,4,Iterative
v2.0,37,Female,M.Sc,14.0,Senior,SME,Tier-1,7,0,1,0,202240,59,2023-01-18,Built ML pipeline for preprocessing,2023,1,18,Iterative
v2.0,31,Male,M.Sc,7.91,Senior,SME,Tier-2,10,3,1,3,117364,54,2024-06-07,Experience in data cleaning and ETL,2024,6,7,Iterative
v2.0,44,Male,B.Sc,19.0,Junior,Startup,Tier-2,7,1,0,0,176643,53,2023-09-13,Built ML pipeline for preprocessing,2023,9,13,Iterative
v2.0,32,Male,B.Sc,10.0,Mid,SME,Tier-2,6,1,0,4,113977,76,2024-05-23,No relevant project mentioned,2024,5,23,Iterative
v2.0,31,Male,M.Sc,8.0,Mid,SME,Tier-2,5,3,0,3,124063,69,2023-02-04,Built ML pipeline for preprocessing,2023,2,4,Iterative
v2.0,28,Male,B.Sc,9.0,Mid,SME,Tier-2,4,0,0,0,123124,65,2024-07-08,Experience in data cleaning and ETL,2024,7,8,Iterative
v2.0,31,Female,B.Sc,3.0,Junior,SME,Tier-1,4,1,0,5,67806,57,2024-08-12,Built ML pipeline for preprocessing,2024,8,12,Iterative
v2.0,29,Male,B.Sc,3.0,Junior,Enterprise,Tier-2,8,0,0,0,65911,59,2024-05-21,Experience in data cleaning and ETL,2024,5,21,Iterative
v2.0,34,Male,PhD,13.0,Mid,Startup,Tier-1,8,0,0,4,161672,59,2023-11-19,No relevant project mentioned,2023,11,19,Iterative
v2.0,36,Female,B.Sc,10.0,Mid,Enterprise,Tier-3,4,0,0,1,128308,51,2024-03-28,No relevant project mentioned,2024,3,28,Iterative
v2.0,25,Female,M.Eng,3.02,Lead,Startup,Tier-3,3,1,1,0,67250,55,2023-12-25,Built ML pipeline for preprocessing,2023,12,25,Iterative
v2.0,22,Male,B.Sc,2.0,Senior,SME,Tier-1,6,2,0,6,83675,56,2023-02-21,No relevant project mentioned,2023,2,21,Iterative
v2.0,20,Male,M.Sc,0.0,Mid,SME,Tier-1,2,1,0,6,61477,42,2024-06-12,Worked on microservices deployment,2024,6,12,Iterative
v2.0,33,Male,M.Sc,12.0,Junior,SME,Tier-1,2,1,1,2,142955,45,2024-12-23,Contributed to open-source NLP repo,2024,12,23,Iterative
v2.0,23,Female,B.Sc+Cert,0.82,Junior,Enterprise,Remote,4,2,1,1,54816,57,2023-02-02,No relevant project mentioned,2023,2,2,Iterative
v2.0,20,Male,B.Sc,0.0,Mid,SME,Tier-3,4,3,0,5,37671,57,2023-11-24,Experience in data cleaning and ETL,2023,11,24,Iterative
v2.0,32,Female,M.Sc,9.0,Senior,SME,Tier-1,9,3,1,2,165007,67,2024-03-11,Contributed to open-source NLP repo,2024,3,11,Iterative
v2.0,45,Male,M.Sc,19.0,Mid,Enterprise,Tier-2,5,0,0,1,193747,53,2024-02-23,Built ML pipeline for preprocessing,2024,2,23,Iterative
v2.0,30,Male,B.Sc,9.0,Mid,Startup,Tier-1,7,0,0,1,119250,49,2023-03-18,No relevant project mentioned,2023,3,18,Iterative
v2.0,35,Male,B.Sc,15.0,Senior,Startup,Tier-2,5,1,0,4,188574,58,2024-08-02,No relevant project mentioned,2024,8,2,Iterative
v2.0,30,Male,B.Sc,5.0,Senior,Startup,Tier-3,2,0,1,5,78112,64,2023-02-19,Built ML pipeline for preprocessing,2023,2,19,Iterative
v2.0,29,Male,B.Sc,6.27,Junior,Startup,Tier-2,7,2,0,6,89272,58,2024-03-17,Experience in data cleaning and ETL,2024,3,17,Iterative
v2.0,36,Male,B.Sc+Cert,16.0,Junior,SME,Remote,3,1,0,1,176777,56,2024-10-31,Experience in data cleaning and ETL,2024,10,31,Iterative
v2.0,28,Male,B.Sc,2.0,Junior,SME,Tier-2,9,1,0,3,54660,59,2023-07-17,Contributed to open-source NLP repo,2023,7,17,Iterative
v2.0,32,Female,B.Sc,8.0,Mid,Startup,Tier-1,6,1,0,0,109480,62,2024-04-07,Worked on microservices deployment,2024,4,7,Iterative
v2.0,32,Male,M.Sc,11.0,Lead,Startup,Tier-2,4,0,0,3,148897,59,2024-01-12,Experience in data cleaning and ETL,2024,1,12,Iterative
v2.0,26,Female,B.Sc,8.0,Junior,Enterprise,Tier-2,5,2,0,2,115377,68,2024-06-29,Worked on microservices deployment,2024,6,29,Iterative
v2.0,36,Male,B.Sc,14.0,Junior,Enterprise,Remote,3,1,0,0,160910,61,2024-03-11,Built ML pipeline for preprocessing,2024,3,11,Iterative
v2.0,29,Male,B.Sc,7.0,Senior,Enterprise,Tier-1,3,0,1,3,144752,52,2024-12-24,Built ML pipeline for preprocessing,2024,12,24,Iterative
v2.0,25,Male,B.Sc+Cert,3.01,Mid,Enterprise,Tier-2,5,3,0,0,60907,57,2023-09-29,Experience in data cleaning and ETL,2023,9,29,Iterative
v2.0,33,Male,B.Sc+Cert,11.0,Lead,Enterprise,Tier-2,2,1,1,1,150172,59,2024-07-29,Built ML pipeline for preprocessing,2024,7,29,Iterative
v2.0,25,Female,B.Sc+Cert,1.0,Mid,Enterprise,Tier-2,7,0,0,1,59920,50,2023-06-04,No relevant project mentioned,2023,6,4,Iterative
v2.0,30,Male,B.Sc,11.0,Mid,SME,Tier-1,9,2,1,4,161454,72,2023-11-17,Worked on microservices deployment,2023,11,17,Iterative
v2.0,30,Male,M.Sc,7.46,Junior,Startup,Remote,4,0,1,1,126283,74,2023-09-26,No relevant project mentioned,2023,9,26,Iterative
v2.0,37,Male,B.Sc,18.0,Junior,SME,Tier-1,5,1,1,2,204636,50,2024-07-05,Contributed to open-source NLP repo,2024,7,5,Iterative
v2.0,33,Male,B.Sc,8.0,Mid,Startup,Tier-1,1,1,1,0,118630,59,2023-06-09,Built ML pipeline for preprocessing,2023,6,9,Iterative
v2.0,30,Male,B.Sc,6.0,Mid,Enterprise,Remote,8,1,0,2,116410,53,2023-11-19,No relevant project mentioned,2023,11,19,Iterative
v2.0,35,Female,M.Sc,13.0,Junior,SME,Tier-1,2,0,0,0,160787,71,2023-01-14,Worked on microservices deployment,2023,1,14,Iterative
v2.0,38,Female,B.Sc,13.0,Senior,SME,Tier-1,5,2,1,4,136675,79,2024-01-11,Contributed to open-source NLP repo,2024,1,11,Iterative
v2.0,33,Male,B.Sc,11.0,Junior,Startup,Tier-2,5,0,0,5,113831,63,2023-04-30,Built ML pipeline for preprocessing,2023,4,30,Iterative
v2.0,30,Male,B.Sc,7.44,Mid,SME,Tier-1,5,0,0,2,129618,93,2023-11-10,No relevant project mentioned,2023,11,10,Iterative
v2.0,22,Male,B.Sc,0.0,Junior,SME,Remote,12,0,1,3,50793,75,2023-12-14,Built ML pipeline for preprocessing,2023,12,14,Iterative
v2.0,24,Male,M.Sc,0.0,Senior,Startup,Tier-2,2,1,0,1,53502,59,2023-02-15,No relevant project mentioned,2023,2,15,Iterative
v2.0,28,Male,B.Sc,2.0,Junior,SME,Tier-2,2,1,1,1,43843,62,2023-12-12,Contributed to open-source NLP repo,2023,12,12,Iterative
v2.0,26,Male,M.Sc,1.0,Senior,Startup,Tier-1,6,1,1,0,72411,69,2024-04-13,Contributed to open-source NLP repo,2024,4,13,Iterative
v2.0,29,Male,B.Sc,6.15,Junior,SME,Tier-1,7,2,1,2,116306,59,2024-01-17,Built ML pipeline for preprocessing,2024,1,17,Iterative
v2.0,30,Male,M.Eng,7.0,Mid,SME,Tier-2,4,0,0,2,130171,47,2024-09-13,Built ML pipeline for preprocessing,2024,9,13,Iterative
v2.0,33,Male,M.Sc,7.0,Mid,Enterprise,Tier-2,4,0,1,5,122253,51,2024-01-06,No relevant project mentioned,2024,1,6,Iterative
v2.0,30,Male,B.Sc,7.2,Junior,SME,Tier-3,6,1,0,5,214022,54,2024-04-03,Worked on microservices deployment,2024,4,3,Iterative
v2.0,33,Male,B.Sc,10.0,Junior,SME,Tier-1,5,2,0,6,109024,54,2023-08-07,Worked on microservices deployment,2023,8,7,Iterative
v2.0,30,Male,M.Sc,5.0,Senior,Enterprise,Tier-2,6,1,1,0,136177,47,2023-05-01,Experience in data cleaning and ETL,2023,5,1,Iterative
v2.0,20,Female,M.Eng,0.0,Senior,SME,Tier-1,4,0,0,0,79832,54,2023-10-16,Built ML pipeline for preprocessing,2023,10,16,Iterative
v2.0,24,Male,B.Sc,1.0,Junior,SME,Tier-2,6,0,1,1,49968,59,2024-05-26,Built ML pipeline for preprocessing,2024,5,26,Iterative
v2.0,29,Male,B.Sc,3.0,Junior,SME,Tier-2,5,1,1,3,57457,65,2024-07-11,Contributed to open-source NLP repo,2024,7,11,Iterative
v2.0,23,Male,B.Sc+Cert,3.0,Junior,Enterprise,Tier-1,4,2,1,1,81384,52,2023-12-04,Built ML pipeline for preprocessing,2023,12,4,Iterative
v2.0,34,Female,M.Sc,8.0,Junior,SME,Tier-2,3,1,0,5,99668,43,2024-01-16,Built ML pipeline for preprocessing,2024,1,16,Iterative
v2.0,39,Male,B.Sc,16.0,Lead,SME,Tier-1,5,1,0,3,220585,57,2024-05-20,Built ML pipeline for preprocessing,2024,5,20,Iterative
v2.0,37,Male,B.Sc,13.0,Mid,Enterprise,Tier-2,5,1,1,2,168985,62,2024-07-19,No relevant project mentioned,2024,7,19,Iterative
v2.0,29,Male,B.Sc,7.0,Mid,Startup,Tier-2,5,0,1,0,87745,64,2024-01-23,Worked on microservices deployment,2024,1,23,Iterative
v2.0,39,Female,M.Sc,14.0,Lead,Enterprise,Tier-1,7,1,1,0,261332,61,2024-07-19,No relevant project mentioned,2024,7,19,Iterative
v2.0,31,Female,B.Sc,11.0,Mid,SME,Remote,9,1,1,1,159008,52,2023-01-04,Contributed to open-source NLP repo,2023,1,4,Iterative
v2.0,28,Male,PhD,7.0,Mid,SME,Tier-2,1,1,0,7,125224,55,2024-08-14,Built ML pipeline for preprocessing,2024,8,14,Iterative
v2.0,26,Female,B.Sc,3.0,Junior,Enterprise,Remote,2,0,0,1,60967,48,2023-07-20,Worked on microservices deployment,2023,7,20,Iterative
v2.0,28,Female,B.Sc,2.0,Mid,Startup,Tier-1,4,1,0,2,57192,31,2023-07-21,Built ML pipeline for preprocessing,2023,7,21,Iterative
v2.0,28,Female,M.Sc,4.0,Mid,Enterprise,Remote,4,1,1,7,103385,55,2023-09-13,No relevant project mentioned,2023,9,13,Iterative
v2.0,31,Male,B.Sc+Cert,8.0,Junior,Enterprise,Tier-1,5,1,0,1,124571,40,2023-07-18,No relevant project mentioned,2023,7,18,Iterative
v2.0,31,Male,M.Eng,8.0,Junior,SME,Tier-2,2,0,1,0,108645,54,2023-03-14,Experience in data cleaning and ETL,2023,3,14,Iterative
v2.0,30,Male,B.Sc,7.34,Junior,Enterprise,Remote,8,2,0,2,327724,59,2024-11-18,Built ML pipeline for preprocessing,2024,11,18,Iterative
v2.0,33,Female,M.Sc,7.0,Junior,Startup,Tier-1,8,1,0,2,103867,75,2023-08-07,Contributed to open-source NLP repo,2023,8,7,Iterative
v2.0,37,Male,M.Sc,11.0,Mid,Enterprise,Tier-1,5,0,0,6,183854,62,2024-03-08,Worked on microservices deployment,2024,3,8,Iterative
v2.0,36,Male,B.Sc,10.0,Mid,SME,Tier-3,5,2,1,0,130629,66,2024-02-11,Experience in data cleaning and ETL,2024,2,11,Iterative
v2.0,21,Male,B.Sc,2.0,Mid,SME,Tier-2,5,2,1,1,61419,55,2023-04-03,Worked on microservices deployment,2023,4,3,Iterative
v2.0,20,Female,B.Sc,0.0,Junior,Startup,Tier-2,5,1,1,1,27893,52,2024-10-25,Experience in data cleaning and ETL,2024,10,25,Iterative
v2.0,36,Female,B.Sc,12.0,Mid,SME,Tier-1,4,1,0,2,140633,62,2023-03-21,No relevant project mentioned,2023,3,21,Iterative
v2.0,22,Male,B.Sc+Cert,0.0,Junior,Startup,Tier-2,4,0,0,0,28992,66,2023-07-27,Experience in data cleaning and ETL,2023,7,27,Iterative
v2.0,29,Female,B.Sc,4.0,Mid,Enterprise,Tier-1,6,2,1,3,97483,63,2023-04-02,Built ML pipeline for preprocessing,2023,4,2,Iterative
v2.0,23,Male,B.Sc+Cert,0.0,Senior,Enterprise,Remote,6,0,0,2,71252,71,2024-06-15,Built ML pipeline for preprocessing,2024,6,15,Iterative
v2.0,20,Female,B.Sc,0.0,Junior,Startup,Tier-2,5,1,0,3,31406,58,2023-02-22,Worked on microservices deployment,2023,2,22,Iterative
v2.0,33,Male,M.Sc,10.2,Senior,Startup,Tier-3,5,2,0,2,114995,58,2023-03-24,Built ML pipeline for preprocessing,2023,3,24,Iterative
v2.0,35,Male,B.Sc,12.0,Senior,Enterprise,Tier-1,1,0,0,2,183725,57,2023-03-15,Experience in data cleaning and ETL,2023,3,15,Iterative
v2.0,27,Female,B.Sc,6.0,Junior,SME,Remote,5,3,0,5,95436,53,2024-02-14,Contributed to open-source NLP repo,2024,2,14,Iterative
v2.0,20,Male,B.Sc,0.0,Junior,Startup,Tier-2,2,2,0,0,29370,64,2024-03-19,Built ML pipeline for preprocessing,2024,3,19,Iterative
v2.0,27,Female,B.Sc,7.0,Lead,SME,Remote,7,1,0,0,138711,60,2023-05-10,Built ML pipeline for preprocessing,2023,5,10,Iterative
v2.0,32,Male,M.Sc,8.0,Junior,SME,Tier-1,7,1,0,2,115397,82,2023-07-03,Contributed to open-source NLP repo,2023,7,3,Iterative
v2.0,21,Male,B.Sc,1.0,Senior,Startup,Tier-3,3,0,1,3,45102,68,2024-07-31,No relevant project mentioned,2024,7,31,Iterative
v2.0,31,Male,M.Sc,8.0,Mid,Enterprise,Tier-2,10,1,0,1,149499,59,2024-10-26,Built ML pipeline for preprocessing,2024,10,26,Iterative
v2.0,30,Male,B.Sc,3.0,Junior,SME,Tier-1,8,0,0,2,66382,38,2023-12-31,Built ML pipeline for preprocessing,2023,12,31,Iterative
v2.0,33,Male,B.Sc,11.0,Junior,Startup,Tier-2,6,0,1,0,123895,67,2023-07-15,Contributed to open-source NLP repo,2023,7,15,Iterative
v2.0,31,Male,B.Sc,9.0,Mid,Enterprise,Tier-1,2,1,1,0,139649,51,2023-01-15,Built ML pipeline for preprocessing,2023,1,15,Iterative
v2.0,24,Male,B.Sc+Cert,0.0,Mid,SME,Tier-1,5,0,0,0,54504,66,2023-07-29,Built ML pipeline for preprocessing,2023,7,29,Iterative
v2.0,37,Male,M.Sc,16.0,Mid,Startup,Tier-1,5,1,0,5,184898,70,2023-05-15,Built ML pipeline for preprocessing,2023,5,15,Iterative
v2.0,29,Female,B.Sc,5.0,Senior,Startup,Tier-2,5,1,0,2,73467,76,2024-01-19,Built ML pipeline for preprocessing,2024,1,19,Iterative
v2.0,30,Female,B.Sc,6.0,Senior,Startup,Tier-2,6,1,1,0,103969,67,2024-04-19,No relevant project mentioned,2024,4,19,Iterative
v2.0,24,Male,B.Sc,0.0,Junior,SME,Tier-2,11,0,1,0,46273,48,2024-08-16,Built ML pipeline for preprocessing,2024,8,16,Iterative
v2.0,27,Female,PhD,0.0,Senior,Startup,Tier-1,3,1,0,0,82235,53,2024-08-05,Worked on microservices deployment,2024,8,5,Iterative
v2.0,25,Male,M.Sc,1.0,Senior,SME,Tier-3,7,3,1,1,80410,77,2024-05-18,Experience in data cleaning and ETL,2024,5,18,Iterative
v2.0,29,Male,B.Sc,6.0,Senior,Startup,Remote,6,2,0,4,104791,68,2024-04-21,Contributed to open-source NLP repo,2024,4,21,Iterative
v2.0,40,Female,M.Sc,16.58,Mid,SME,Tier-1,11,0,0,1,166928,57,2023-10-24,Built ML pipeline for preprocessing,2023,10,24,Iterative
v2.0,22,Female,B.Sc,0.0,Senior,Enterprise,Tier-1,5,2,1,0,77280,53,2024-01-17,Built ML pipeline for preprocessing,2024,1,17,Iterative
v2.0,20,Male,B.Sc+Cert,0.0,Mid,SME,Tier-2,8,2,0,1,49343,67,2024-03-19,Built ML pipeline for preprocessing,2024,3,19,Iterative
v2.0,39,Female,B.Sc,16.0,Junior,SME,Tier-3,4,1,0,0,148767,55,2024-11-14,No relevant project mentioned,2024,11,14,Iterative
v2.0,29,Male,M.Sc,7.0,Lead,Enterprise,Tier-2,6,2,1,2,165558,59,2023-05-03,Contributed to open-source NLP repo,2023,5,3,Iterative
v2.0,26,Other,B.Sc,1.0,Junior,SME,Tier-2,3,1,0,3,37063,57,2023-10-16,Built ML pipeline for preprocessing,2023,10,16,Iterative
v2.0,36,Male,M.Sc,12.0,Junior,SME,Tier-1,6,1,0,1,169169,45,2023-07-29,Built ML pipeline for preprocessing,2023,7,29,Iterative
v2.0,26,Male,M.Sc,6.0,Senior,SME,Tier-3,8,2,0,0,90506,59,2024-05-08,Worked on microservices deployment,2024,5,8,Iterative
v2.0,41,Male,M.Sc,20.0,Junior,Enterprise,Tier-2,2,1,0,1,205958,53,2024-07-29,No relevant project mentioned,2024,7,29,Iterative
v2.0,34,Male,M.Sc,13.0,Senior,Startup,Tier-1,4,0,0,3,160447,67,2024-01-25,Built ML pipeline for preprocessing,2024,1,25,Iterative
v2.0,27,Male,B.Sc+Cert,4.0,Mid,SME,Tier-1,3,0,0,0,74928,47,2023-03-04,Built ML pipeline for preprocessing,2023,3,4,Iterative
v2.0,43,Female,B.Sc,19.0,Junior,SME,Tier-2,4,0,1,0,194984,55,2024-02-13,Experience in data cleaning and ETL,2024,2,13,Iterative
v2.0,26,Male,B.Sc,1.0,Mid,SME,Tier-2,8,2,1,1,54152,64,2024-06-03,No relevant project mentioned,2024,6,3,Iterative
v2.0,34,Male,B.Sc,14.0,Senior,Enterprise,Tier-2,8,2,0,1,182287,48,2023-09-02,Built ML pipeline for preprocessing,2023,9,2,Iterative
v2.0,32,Male,PhD,7.0,Mid,SME,Remote,1,1,0,0,112347,41,2023-06-14,No relevant project mentioned,2023,6,14,Iterative
v2.0,38,Male,B.Sc,14.0,Senior,Startup,Tier-1,4,4,1,0,148677,40,2023-04-03,No relevant project mentioned,2023,4,3,Iterative
v2.0,39,Male,M.Sc,15.0,Senior,Enterprise,Remote,7,1,0,0,209474,52,2023-10-11,Experience in data cleaning and ETL,2023,10,11,Iterative
v2.0,30,Male,M.Sc,3.0,Junior,Startup,Tier-2,6,0,0,1,61263,59,2024-12-11,No relevant project mentioned,2024,12,11,Iterative
v2.0,25,Male,B.Sc,1.0,Junior,Startup,Tier-2,9,3,1,0,94836,49,2023-05-04,No relevant project mentioned,2023,5,4,Iterative
v2.0,33,Male,B.Sc,11.0,Senior,SME,Remote,7,2,1,3,170660,51,2024-07-20,Contributed to open-source NLP repo,2024,7,20,Iterative
v2.0,26,Male,B.Sc,2.0,Mid,Enterprise,Tier-2,10,0,0,2,72578,63,2023-07-09,Built ML pipeline for preprocessing,2023,7,9,Iterative
v2.0,42,Female,B.Sc,20.0,Junior,Enterprise,Tier-1,6,1,0,1,223440,52,2024-10-16,Built ML pipeline for preprocessing,2024,10,16,Iterative
v2.0,31,Female,B.Sc,11.0,Senior,Enterprise,Remote,12,0,0,2,157415,75,2023-11-13,No relevant project mentioned,2023,11,13,Iterative
v2.0,28,Male,B.Sc,3.0,Senior,Startup,Tier-2,8,3,0,3,73110,83,2024-08-31,Built ML pipeline for preprocessing,2024,8,31,Iterative
v2.0,31,Male,B.Sc+Cert,7.0,Mid,SME,Tier-2,3,3,0,7,100548,65,2023-07-16,Contributed to open-source NLP repo,2023,7,16,Iterative
v2.0,22,Male,B.Sc+Cert,0.0,Mid,Startup,Remote,3,2,0,4,42125,62,2023-10-12,Experience in data cleaning and ETL,2023,10,12,Iterative
v2.0,24,Male,B.Sc,1.7,Mid,Enterprise,Tier-2,8,0,1,2,84265,54,2024-08-15,Worked on microservices deployment,2024,8,15,Iterative
v2.0,37,Male,B.Sc,13.0,Mid,SME,Tier-2,2,3,1,4,409293,46,2023-04-19,Built ML pipeline for preprocessing,2023,4,19,Iterative
v2.0,26,Male,B.Sc,0.0,Senior,Startup,Tier-3,4,1,1,2,42955,51,2023-07-28,Worked on microservices deployment,2023,7,28,Iterative
v2.0,24,Male,M.Sc,2.0,Lead,Enterprise,Tier-2,4,2,1,1,107841,55,2023-04-25,Contributed to open-source NLP repo,2023,4,25,Iterative
v2.0,33,Male,M.Eng,12.0,Mid,SME,Tier-1,5,2,0,1,173228,65,2024-05-20,No relevant project mentioned,2024,5,20,Iterative
v2.0,37,Male,B.Sc,17.0,Senior,SME,Tier-3,6,1,0,1,193995,50,2023-11-27,Built ML pipeline for preprocessing,2023,11,27,Iterative
v2.0,34,Female,B.Sc,13.0,Lead,Enterprise,Tier-1,4,1,0,0,198536,62,2023-07-23,Worked on microservices deployment,2023,7,23,Iterative
v2.0,36,Female,M.Sc,9.0,Junior,Startup,Tier-3,7,1,0,0,129664,49,2024-12-13,Built ML pipeline for preprocessing,2024,12,13,Iterative
v2.0,25,Male,M.Sc,0.0,Junior,Startup,Remote,7,0,1,0,43932,59,2024-10-28,Experience in data cleaning and ETL,2024,10,28,Iterative
v2.0,21,Male,B.Sc,0.0,Senior,Startup,Tier-1,6,1,0,6,55470,52,2023-11-11,Contributed to open-source NLP repo,2023,11,11,Iterative
v2.0,39,Female,M.Sc,17.0,Junior,SME,Tier-1,3,2,1,0,186523,59,2023-09-22,Experience in data cleaning and ETL,2023,9,22,Iterative
v2.0,28,Female,B.Sc,7.0,Junior,Startup,Tier-1,6,2,1,2,106731,51,2023-10-16,No relevant project mentioned,2023,10,16,Iterative
v2.0,28,Male,B.Sc,5.0,Junior,SME,Tier-2,4,1,1,5,74583,62,2024-08-04,Built ML pipeline for preprocessing,2024,8,4,Iterative
v2.0,38,Male,B.Sc,18.0,Mid,Startup,Remote,5,1,1,2,205170,48,2024-11-21,Contributed to open-source NLP repo,2024,11,21,Iterative
v2.0,33,Male,M.Eng,10.0,Junior,Enterprise,Tier-2,4,0,0,2,115360,68,2024-04-25,No relevant project mentioned,2024,4,25,Iterative
v2.0,33,Male,B.Sc,10.0,Junior,Startup,Tier-1,5,3,0,3,121407,62,2024-11-10,No relevant project mentioned,2024,11,10,Iterative
v2.0,43,Male,B.Sc+Cert,20.0,Lead,Startup,Tier-2,6,1,0,1,240000,54,2023-01-06,Built ML pipeline for preprocessing,2023,1,6,Iterative
v2.0,26,Male,B.Sc,3.0,Mid,Startup,Tier-3,3,2,1,0,57811,67,2024-10-05,Built ML pipeline for preprocessing,2024,10,5,Iterative
v2.0,36,Male,M.Sc,15.0,Mid,Enterprise,Tier-1,5,0,0,4,185062,49,2023-05-21,Built ML pipeline for preprocessing,2023,5,21,Iterative
v2.0,30,Male,B.Sc,8.0,Junior,SME,Tier-3,3,2,0,2,91075,55,2023-10-09,No relevant project mentioned,2023,10,9,Iterative
v2.0,32,Female,B.Sc+Cert,9.33,Mid,Enterprise,Tier-1,5,0,0,4,112050,70,2023-10-17,Built ML pipeline for preprocessing,2023,10,17,Iterative
v2.0,39,Male,B.Sc+Cert,17.0,Mid,Enterprise,Tier-3,5,2,0,0,198084,47,2023-07-24,Built ML pipeline for preprocessing,2023,7,24,Iterative
v2.0,33,Male,B.Sc,10.14,Mid,Enterprise,Tier-1,8,1,0,2,142912,55,2024-11-23,No relevant project mentioned,2024,11,23,Iterative
v2.0,33,Male,B.Sc+Cert,9.0,Junior,Enterprise,Tier-1,4,1,1,2,124721,59,2024-07-12,No relevant project mentioned,2024,7,12,Iterative
v2.0,36,Male,M.Eng,12.0,Mid,Startup,Remote,4,1,0,7,164429,87,2023-11-28,Built ML pipeline for preprocessing,2023,11,28,Iterative
v2.0,28,Female,B.Sc,5.0,Senior,Enterprise,Tier-2,6,1,0,1,131489,60,2024-10-09,Built ML pipeline for preprocessing,2024,10,9,Iterative
v2.0,25,Male,B.Sc,0.0,Mid,Enterprise,Tier-1,1,1,0,6,57885,59,2024-02-07,Experience in data cleaning and ETL,2024,2,7,Iterative
v2.0,24,Male,M.Eng,1.0,Mid,Enterprise,Remote,4,0,0,1,87071,55,2023-08-21,No relevant project mentioned,2023,8,21,Iterative
v2.0,20,Female,B.Sc+Cert,0.0,Mid,Startup,Tier-2,3,2,0,3,41287,59,2024-12-14,Built ML pipeline for preprocessing,2024,12,14,Iterative
v2.0,42,Male,B.Sc,23.0,Mid,SME,Tier-1,4,0,1,2,257874,59,2023-02-01,Built ML pipeline for preprocessing,2023,2,1,Iterative
v2.0,23,Female,B.Sc,0.0,Senior,Startup,Tier-2,5,1,1,0,56613,54,2023-07-11,Built ML pipeline for preprocessing,2023,7,11,Iterative
v2.0,29,Male,B.Sc,6.28,Junior,Startup,Remote,7,0,0,3,87690,59,2024-02-11,No relevant project mentioned,2024,2,11,Iterative
v2.0,28,Male,B.Sc,5.0,Mid,Enterprise,Tier-2,6,3,1,0,104563,68,2024-08-25,Built ML pipeline for preprocessing,2024,8,25,Iterative
v2.0,32,Male,B.Sc,8.0,Lead,Enterprise,Tier-1,6,1,1,1,142540,56,2024-08-05,Experience in data cleaning and ETL,2024,8,5,Iterative
v2.0,35,Male,M.Sc,14.0,Senior,SME,Tier-2,4,1,0,4,160679,38,2023-10-25,Worked on microservices deployment,2023,10,25,Iterative
v2.0,35,Female,M.Sc,15.0,Junior,Enterprise,Tier-2,5,1,0,6,177799,66,2023-02-04,Worked on microservices deployment,2023,2,4,Iterative
v2.0,27,Female,B.Sc,4.0,Junior,Startup,Tier-3,4,0,0,2,56392,42,2023-08-08,No relevant project mentioned,2023,8,8,Iterative
v2.0,29,Male,B.Sc+Cert,8.0,Mid,Startup,Tier-1,10,1,0,2,107222,56,2024-12-11,Built ML pipeline for preprocessing,2024,12,11,Iterative
v2.0,32,Male,B.Sc,7.0,Senior,SME,Tier-2,5,2,0,2,107523,62,2024-09-09,No relevant project mentioned,2024,9,9,Iterative
v2.0,29,Female,B.Sc,10.0,Mid,SME,Tier-1,6,0,0,4,134612,59,2023-11-28,No relevant project mentioned,2023,11,28,Iterative
v2.0,40,Female,B.Sc,12.0,Mid,Enterprise,Tier-2,5,1,1,7,157045,47,2023-02-21,Built ML pipeline for preprocessing,2023,2,21,Iterative
v2.0,33,Male,M.Sc,14.0,Junior,SME,Remote,2,0,0,2,150597,46,2023-01-17,Experience in data cleaning and ETL,2023,1,17,Iterative
v2.0,34,Male,B.Sc+Cert,6.0,Mid,SME,Tier-1,2,1,1,1,91777,80,2023-01-09,No relevant project mentioned,2023,1,9,Iterative
v2.0,34,Male,M.Sc,14.0,Mid,SME,Tier-1,3,1,0,2,179273,64,2023-06-29,Built ML pipeline for preprocessing,2023,6,29,Iterative
v2.0,37,Female,M.Eng,14.0,Lead,Startup,Tier-2,6,0,0,0,181741,76,2023-01-03,Built ML pipeline for preprocessing,2023,1,3,Iterative
v2.0,31,Male,B.Sc,7.0,Junior,Enterprise,Tier-3,6,0,0,5,105879,40,2023-10-05,No relevant project mentioned,2023,10,5,Iterative
v2.0,22,Male,B.Sc,4.0,Senior,SME,Tier-1,5,1,1,7,110038,59,2024-11-24,Built ML pipeline for preprocessing,2024,11,24,Iterative
v2.0,32,Female,B.Sc,9.33,Mid,SME,Tier-2,3,1,0,3,88866,67,2023-06-16,Built ML pipeline for preprocessing,2023,6,16,Iterative
v2.0,26,Male,B.Sc,3.0,Mid,Enterprise,Remote,8,0,1,6,72098,41,2023-09-08,Built ML pipeline for preprocessing,2023,9,8,Iterative
v2.0,27,Male,B.Sc,9.0,Senior,SME,Tier-3,3,2,0,2,138884,70,2023-10-01,Worked on microservices deployment,2023,10,1,Iterative
v2.0,34,Male,M.Sc,13.0,Junior,Enterprise,Tier-3,6,1,0,2,157991,49,2024-08-15,Experience in data cleaning and ETL,2024,8,15,Iterative
v2.0,37,Male,B.Sc,9.0,Junior,Startup,Tier-1,5,0,1,2,104199,57,2023-01-27,Built ML pipeline for preprocessing,2023,1,27,Iterative
v2.0,30,Male,M.Sc,7.47,Senior,Startup,Remote,3,2,1,2,130486,43,2023-04-28,Built ML pipeline for preprocessing,2023,4,28,Iterative
v2.0,32,Male,B.Sc,9.0,Mid,Enterprise,Tier-1,5,1,0,2,145292,62,2023-12-18,Built ML pipeline for preprocessing,2023,12,18,Iterative
v2.0,40,Male,B.Sc,18.0,Junior,Enterprise,Tier-1,5,1,0,1,183824,55,2023-07-14,Contributed to open-source NLP repo,2023,7,14,Iterative
v2.0,31,Male,M.Sc,9.0,Mid,SME,Tier-1,3,0,0,2,122527,47,2024-10-14,Worked on microservices deployment,2024,10,14,Iterative
v2.0,46,Female,B.Sc,23.0,Mid,SME,Tier-2,5,1,0,3,237209,45,2023-09-30,Experience in data cleaning and ETL,2023,9,30,Iterative
v2.0,33,Female,B.Sc+Cert,7.0,Senior,Enterprise,Remote,5,1,1,4,148923,51,2023-11-13,Built ML pipeline for preprocessing,2023,11,13,Iterative
v2.0,20,Male,M.Sc,0.0,Junior,Startup,Tier-1,6,0,0,3,44720,67,2024-02-06,Experience in data cleaning and ETL,2024,2,6,Iterative
v2.0,35,Male,B.Sc,14.0,Senior,Startup,Tier-3,5,0,1,1,154705,69,2024-06-12,Built ML pipeline for preprocessing,2024,6,12,Iterative
v2.0,32,Male,B.Sc+Cert,8.0,Junior,SME,Tier-3,4,1,1,1,108127,69,2024-11-26,Contributed to open-source NLP repo,2024,11,26,Iterative
v2.0,38,Male,B.Sc,18.0,Junior,Startup,Tier-2,3,2,1,2,174481,70,2023-02-17,Built ML pipeline for preprocessing,2023,2,17,Iterative
v2.0,34,Male,B.Sc,10.0,Junior,Startup,Tier-3,6,0,0,1,80889,49,2023-01-16,Contributed to open-source NLP repo,2023,1,16,Iterative
v2.0,29,Male,M.Sc,6.0,Senior,Enterprise,Tier-1,4,2,1,2,159144,48,2024-04-14,Contributed to open-source NLP repo,2024,4,14,Iterative
v2.0,23,Male,B.Sc,0.0,Junior,Startup,Tier-1,8,0,1,2,44344,53,2024-12-05,No relevant project mentioned,2024,12,5,Iterative
v2.0,29,Male,B.Sc,4.0,Senior,Enterprise,Remote,5,1,1,2,133970,68,2023-10-10,Contributed to open-source NLP repo,2023,10,10,Iterative
v2.0,25,Male,M.Eng,3.0,Mid,SME,Tier-2,8,2,1,1,78037,43,2023-01-14,Built ML pipeline for preprocessing,2023,1,14,Iterative
v2.0,27,Male,PhD,0.0,Lead,SME,Tier-1,3,1,0,0,117516,57,2023-12-14,No relevant project mentioned,2023,12,14,Iterative
v2.0,34,Male,B.Sc,10.0,Senior,SME,Tier-2,6,1,0,1,130607,51,2024-01-02,Experience in data cleaning and ETL,2024,1,2,Iterative
v2.0,40,Male,B.Sc,17.0,Mid,SME,Remote,5,1,0,2,163638,52,2023-08-16,Contributed to open-source NLP repo,2023,8,16,Iterative
v2.0,32,Male,M.Sc,7.0,Senior,Startup,Tier-2,4,1,0,0,106282,56,2024-09-19,Built ML pipeline for preprocessing,2024,9,19,Iterative
v2.0,23,Female,B.Sc,2.0,Mid,Startup,Tier-1,6,0,1,1,69585,70,2024-01-08,No relevant project mentioned,2024,1,8,Iterative
v2.0,33,Female,B.Sc,12.0,Senior,Enterprise,Tier-2,5,0,0,1,144418,66,2024-06-24,No relevant project mentioned,2024,6,24,Iterative
v2.0,37,Male,B.Sc,16.0,Junior,Startup,Tier-3,4,1,0,1,149170,47,2024-06-23,Built ML pipeline for preprocessing,2024,6,23,Iterative
v2.0,26,Male,B.Sc,2.0,Junior,Startup,Tier-1,4,0,0,1,51598,51,2024-02-09,Built ML pipeline for preprocessing,2024,2,9,Iterative
v2.0,29,Male,B.Sc,3.0,Mid,Enterprise,Tier-1,3,1,0,1,73357,67,2024-02-12,Worked on microservices deployment,2024,2,12,Iterative
v2.0,30,Male,B.Sc+Cert,7.0,Mid,Enterprise,Tier-2,5,0,0,0,122365,50,2024-07-11,Built ML pipeline for preprocessing,2024,7,11,Iterative
v2.0,25,Male,B.Sc+Cert,2.0,Mid,SME,Tier-2,6,1,0,0,61742,51,2023-03-01,No relevant project mentioned,2023,3,1,Iterative
v2.0,34,Female,B.Sc,10.98,Mid,Startup,Tier-1,5,1,1,3,108242,59,2024-10-21,Built ML pipeline for preprocessing,2024,10,21,Iterative
v2.0,29,Male,B.Sc,4.0,Mid,Enterprise,Tier-1,7,1,0,1,107769,65,2023-02-21,Built ML pipeline for preprocessing,2023,2,21,Iterative
v2.0,33,Female,B.Sc,9.0,Mid,Enterprise,Tier-1,5,0,0,2,141848,70,2023-05-30,Built ML pipeline for preprocessing,2023,5,30,Iterative
v2.0,25,Male,B.Sc,1.0,Junior,Startup,Tier-1,5,2,0,1,47002,66,2024-10-17,Built ML pipeline for preprocessing,2024,10,17,Iterative
v2.0,27,Male,B.Sc,4.8,Lead,Startup,Tier-1,1,0,0,7,99661,54,2024-10-22,Experience in data cleaning and ETL,2024,10,22,Iterative
v2.0,34,Female,M.Sc,10.0,Senior,Enterprise,Tier-2,6,2,0,1,167854,61,2023-06-21,Built ML pipeline for preprocessing,2023,6,21,Iterative
v2.0,28,Male,B.Sc,6.0,Senior,Enterprise,Tier-2,5,4,0,2,116179,59,2023-11-14,Worked on microservices deployment,2023,11,14,Iterative
v2.0,40,Male,M.Sc,18.0,Mid,Enterprise,Tier-2,6,1,0,0,230442,67,2024-10-22,Experience in data cleaning and ETL,2024,10,22,Iterative
v2.0,28,Male,B.Sc,5.0,Mid,Startup,Tier-2,4,1,0,2,80607,46,2024-09-07,No relevant project mentioned,2024,9,7,Iterative
v2.0,31,Male,M.Sc,8.03,Lead,SME,Tier-1,7,0,1,2,130303,52,2024-05-03,No relevant project mentioned,2024,5,3,Iterative
v2.0,36,Other,B.Sc,12.0,Senior,SME,Tier-2,7,1,0,0,141280,59,2024-10-12,Built ML pipeline for preprocessing,2024,10,12,Iterative
v2.0,21,Male,M.Sc,0.0,Senior,Startup,Tier-1,5,2,0,0,67626,71,2024-09-23,Built ML pipeline for preprocessing,2024,9,23,Iterative
v2.0,20,Other,B.Sc,0.0,Mid,Startup,Tier-1,6,0,0,7,41959,57,2024-07-02,No relevant project mentioned,2024,7,2,Iterative
v2.0,21,Female,B.Sc,0.0,Mid,Startup,Tier-1,3,3,1,5,62058,53,2024-11-14,Contributed to open-source NLP repo,2024,11,14,Iterative
v2.0,38,Female,B.Sc+Cert,13.0,Senior,SME,Remote,3,1,1,3,184015,67,2023-05-04,Built ML pipeline for preprocessing,2023,5,4,Iterative
v2.0,27,Male,B.Sc,9.0,Junior,SME,Tier-1,9,0,0,5,110435,49,2023-10-05,Worked on microservices deployment,2023,10,5,Iterative
v2.0,45,Male,B.Sc+Cert,24.0,Mid,Enterprise,Remote,6,0,0,0,230033,42,2023-07-31,Experience in data cleaning and ETL,2023,7,31,Iterative
v2.0,27,Female,M.Sc,4.68,Senior,Enterprise,Tier-1,4,1,0,3,128209,59,2024-12-06,Experience in data cleaning and ETL,2024,12,6,Iterative
v2.0,31,Male,B.Sc,7.0,Mid,Enterprise,Tier-2,1,2,1,1,88549,51,2024-03-02,No relevant project mentioned,2024,3,2,Iterative
v2.0,39,Male,B.Sc,17.0,Mid,Enterprise,Tier-3,10,0,0,2,193308,64,2024-04-03,Built ML pipeline for preprocessing,2024,4,3,Iterative
v2.0,42,Male,B.Sc,19.0,Mid,Startup,Tier-1,1,1,0,3,189681,84,2024-06-16,Contributed to open-source NLP repo,2024,6,16,Iterative
v2.0,42,Male,M.Sc,22.0,Lead,SME,Tier-1,5,1,1,0,272544,72,2024-10-18,Experience in data cleaning and ETL,2024,10,18,Iterative
v2.0,37,Male,M.Sc,13.0,Mid,SME,Remote,5,0,0,3,163512,57,2023-10-19,Built ML pipeline for preprocessing,2023,10,19,Iterative
v2.0,36,Male,B.Sc,15.0,Senior,Startup,Tier-2,6,0,0,1,152516,69,2023-05-22,Built ML pipeline for preprocessing,2023,5,22,Iterative
v2.0,34,Male,B.Sc,9.0,Mid,Enterprise,Tier-1,2,3,1,1,134134,46,2024-11-07,Worked on microservices deployment,2024,11,7,Iterative
v2.0,35,Female,M.Eng,18.0,Mid,Startup,Tier-1,2,1,1,5,189657,65,2024-01-23,Experience in data cleaning and ETL,2024,1,23,Iterative
v2.0,27,Male,B.Sc,3.0,Mid,SME,Remote,2,1,1,5,63043,59,2024-10-07,Built ML pipeline for preprocessing,2024,10,7,Iterative
v2.0,25,Female,B.Sc,6.0,Mid,SME,Remote,9,0,1,0,100746,42,2023-06-27,Contributed to open-source NLP repo,2023,6,27,Iterative
v2.0,30,Male,B.Sc+Cert,5.0,Mid,SME,Tier-2,6,3,1,2,112876,67,2023-03-26,Built ML pipeline for preprocessing,2023,3,26,Iterative
v2.0,29,Female,B.Sc,3.0,Mid,SME,Tier-1,5,1,1,1,78856,68,2023-07-24,Contributed to open-source NLP repo,2023,7,24,Iterative
v2.0,27,Male,B.Sc,0.0,Junior,SME,Tier-3,5,0,0,0,25893,59,2024-07-03,No relevant project mentioned,2024,7,3,Iterative
v2.0,34,Female,M.Eng,15.0,Junior,Startup,Tier-1,4,3,0,5,169367,69,2023-12-01,Worked on microservices deployment,2023,12,1,Iterative
v2.0,36,Male,B.Sc,14.0,Junior,Startup,Tier-2,7,2,0,0,133578,47,2024-01-24,No relevant project mentioned,2024,1,24,Iterative
v2.0,31,Female,B.Sc,5.0,Senior,Enterprise,Tier-2,7,1,1,0,102368,71,2023-06-15,Contributed to open-source NLP repo,2023,6,15,Iterative
v2.0,39,Male,B.Sc,15.6,Junior,Startup,Tier-1,5,2,0,0,183526,66,2024-06-19,Contributed to open-source NLP repo,2024,6,19,Iterative
v2.0,23,Female,B.Sc,3.0,Junior,Startup,Tier-2,6,1,0,1,60108,59,2024-06-13,Built ML pipeline for preprocessing,2024,6,13,Iterative
v2.0,29,Other,M.Eng,10.0,Junior,SME,Remote,10,2,0,0,133291,57,2024-11-02,No relevant project mentioned,2024,11,2,Iterative
v2.0,26,Male,B.Sc,1.0,Mid,Startup,Tier-3,2,1,0,2,37778,71,2023-08-10,Built ML pipeline for preprocessing,2023,8,10,Iterative
v2.0,20,Male,B.Sc,-1.88,Junior,SME,Tier-1,3,2,1,1,42762,59,2024-09-05,Built ML pipeline for preprocessing,2024,9,5,Iterative
v2.0,30,Female,B.Sc,9.0,Mid,SME,Tier-1,7,1,0,1,121141,62,2023-11-24,Built ML pipeline for preprocessing,2023,11,24,Iterative
v2.0,29,Male,M.Sc,9.0,Junior,Enterprise,Tier-1,10,2,1,0,123266,64,2024-08-23,No relevant project mentioned,2024,8,23,Iterative
v2.0,39,Female,B.Sc,16.0,Senior,Enterprise,Tier-1,6,0,0,1,184738,62,2024-10-31,No relevant project mentioned,2024,10,31,Iterative
v2.0,34,Male,M.Sc,11.0,Lead,Startup,Tier-2,1,0,0,1,153111,52,2024-08-22,Built ML pipeline for preprocessing,2024,8,22,Iterative
v2.0,24,Male,B.Sc,4.0,Lead,SME,Tier-2,5,0,1,1,108130,53,2024-02-18,Built ML pipeline for preprocessing,2024,2,18,Iterative
v2.0,41,Female,B.Sc,21.0,Mid,Startup,Tier-1,7,1,0,0,211564,51,2023-05-13,No relevant project mentioned,2023,5,13,Iterative
v2.0,37,Male,B.Sc,16.0,Mid,Startup,Tier-1,1,1,0,2,166610,43,2023-06-28,Built ML pipeline for preprocessing,2023,6,28,Iterative
v2.0,33,Female,B.Sc,10.0,Mid,SME,Tier-1,8,0,1,1,120811,55,2023-10-16,Built ML pipeline for preprocessing,2023,10,16,Iterative
v2.0,29,Male,B.Sc+Cert,6.0,Mid,Startup,Tier-2,7,0,0,3,82092,68,2024-09-18,Built ML pipeline for preprocessing,2024,9,18,Iterative
v2.0,24,Male,B.Sc,1.93,Mid,SME,Tier-2,6,1,1,0,47407,63,2023-12-15,No relevant project mentioned,2023,12,15,Iterative
v2.0,28,Male,B.Sc,5.0,Junior,Enterprise,Tier-2,4,1,1,1,90767,50,2023-10-14,Worked on microservices deployment,2023,10,14,Iterative
v2.0,37,Male,B.Sc,16.0,Senior,Enterprise,Tier-3,5,0,0,2,182794,54,2023-12-30,No relevant project mentioned,2023,12,30,Iterative
v2.0,41,Male,B.Sc,19.0,Junior,Enterprise,Tier-3,5,1,0,6,182662,63,2023-03-24,Built ML pipeline for preprocessing,2023,3,24,Iterative
v2.0,39,Male,B.Sc,13.0,Mid,Startup,Tier-2,3,2,0,4,143098,73,2023-08-25,Contributed to open-source NLP repo,2023,8,25,Iterative
v2.0,27,Male,B.Sc,6.0,Mid,SME,Tier-1,2,3,0,5,91987,69,2024-03-13,Experience in data cleaning and ETL,2024,3,13,Iterative
v2.0,23,Male,B.Sc,5.0,Mid,Startup,Tier-2,3,0,0,4,66820,56,2023-08-27,Experience in data cleaning and ETL,2023,8,27,Iterative
v2.0,31,Female,M.Sc,6.0,Senior,SME,Tier-1,6,1,0,2,129027,61,2024-03-20,Experience in data cleaning and ETL,2024,3,20,Iterative
v2.0,20,Male,B.Sc,0.0,Mid,Startup,Tier-1,5,1,1,5,44834,51,2023-03-07,Contributed to open-source NLP repo,2023,3,7,Iterative
v2.0,32,Male,B.Sc,9.0,Mid,Startup,Remote,3,5,1,2,127882,57,2024-10-21,Contributed to open-source NLP repo,2024,10,21,Iterative
v2.0,29,Male,B.Sc+Cert,5.0,Mid,SME,Tier-1,5,1,1,1,103908,66,2024-12-16,Built ML pipeline for preprocessing,2024,12,16,Iterative
v2.0,27,Male,B.Sc,6.0,Junior,Enterprise,Tier-2,6,0,0,1,86279,55,2023-04-24,Worked on microservices deployment,2023,4,24,Iterative
v2.0,20,Female,B.Sc,0.0,Mid,Enterprise,Tier-2,3,1,0,2,51432,69,2023-07-08,Contributed to open-source NLP repo,2023,7,8,Iterative
v2.0,33,Male,B.Sc,10.0,Lead,SME,Tier-1,4,1,0,4,179844,63,2024-08-18,Worked on microservices deployment,2024,8,18,Iterative
v2.0,27,Male,B.Sc,5.0,Lead,SME,Tier-1,4,1,1,0,510836,41,2023-10-03,Worked on microservices deployment,2023,10,3,Iterative
v2.0,23,Male,M.Sc,0.0,Mid,SME,Tier-2,5,0,1,0,57463,51,2024-09-03,Built ML pipeline for preprocessing,2024,9,3,Iterative
v2.0,20,Male,B.Sc,1.0,Junior,SME,Tier-1,7,1,1,4,54666,46,2023-10-29,Worked on microservices deployment,2023,10,29,Iterative
v2.0,30,Female,M.Sc,7.0,Junior,Startup,Tier-1,11,1,0,2,115350,53,2024-12-10,Built ML pipeline for preprocessing,2024,12,10,Iterative
v2.0,41,Male,B.Sc,17.0,Mid,Enterprise,Remote,10,2,0,4,198742,64,2024-06-29,No relevant project mentioned,2024,6,29,Iterative
v2.0,40,Female,B.Sc,18.0,Senior,SME,Tier-2,1,0,0,7,179483,59,2024-08-13,No relevant project mentioned,2024,8,13,Iterative
v2.0,27,Male,M.Sc,4.0,Mid,Startup,Tier-1,5,0,0,1,90053,59,2024-10-04,Contributed to open-source NLP repo,2024,10,4,Iterative
v2.0,26,Male,B.Sc,4.0,Senior,Startup,Tier-1,2,2,1,0,90565,59,2024-08-06,Contributed to open-source NLP repo,2024,8,6,Iterative
v2.0,33,Female,M.Sc,10.22,Mid,Startup,Tier-2,2,0,0,1,127040,76,2024-10-12,Contributed to open-source NLP repo,2024,10,12,Iterative
v2.0,24,Male,B.Sc,1.0,Junior,SME,Tier-1,1,1,1,5,44966,67,2024-11-16,Built ML pipeline for preprocessing,2024,11,16,Iterative
v2.0,32,Male,M.Sc,7.0,Junior,Enterprise,Tier-1,5,0,1,0,122638,65,2024-04-24,No relevant project mentioned,2024,4,24,Iterative
v2.0,35,Male,B.Sc,7.0,Junior,SME,Tier-2,3,0,0,2,92483,57,2024-03-01,No relevant project mentioned,2024,3,1,Iterative
v2.0,37,Male,B.Sc+Cert,14.0,Mid,SME,Tier-1,3,2,1,0,164557,76,2023-01-17,Built ML pipeline for preprocessing,2023,1,17,Iterative
v2.0,29,Male,B.Sc,1.0,Junior,Enterprise,Tier-2,5,0,0,1,50012,55,2023-02-16,No relevant project mentioned,2023,2,16,Iterative
v2.0,29,Male,B.Sc+Cert,6.0,Mid,Startup,Tier-2,4,1,1,1,100491,51,2023-01-30,Experience in data cleaning and ETL,2023,1,30,Iterative
v2.0,25,Male,B.Sc,3.0,Mid,Startup,Tier-1,5,1,1,4,68036,51,2024-01-27,Contributed to open-source NLP repo,2024,1,27,Iterative
v2.0,25,Male,M.Sc,0.0,Junior,SME,Tier-1,6,0,0,3,51961,66,2023-02-09,Worked on microservices deployment,2023,2,9,Iterative
v2.0,29,Male,B.Sc,6.0,Junior,Enterprise,Tier-2,4,3,0,4,104686,76,2024-12-11,Built ML pipeline for preprocessing,2024,12,11,Iterative
v2.0,32,Male,B.Sc+Cert,8.0,Junior,SME,Tier-2,3,2,1,1,91738,71,2024-10-29,Worked on microservices deployment,2024,10,29,Iterative
v2.0,35,Male,B.Sc,12.0,Mid,SME,Tier-1,7,1,0,2,154939,59,2023-10-11,Built ML pipeline for preprocessing,2023,10,11,Iterative
v2.0,25,Male,B.Sc,2.0,Mid,Enterprise,Tier-1,2,3,1,2,86545,64,2023-02-28,Built ML pipeline for preprocessing,2023,2,28,Iterative
v2.0,39,Female,B.Sc,17.0,Junior,Enterprise,Remote,7,1,0,2,184203,59,2023-11-26,Built ML pipeline for preprocessing,2023,11,26,Iterative
v2.0,28,Male,B.Sc,6.0,Senior,Startup,Tier-1,6,2,0,1,125915,48,2024-12-26,Built ML pipeline for preprocessing,2024,12,26,Iterative
v2.0,30,Female,B.Sc,6.0,Mid,Enterprise,Remote,5,1,1,3,113228,52,2023-09-20,No relevant project mentioned,2023,9,20,Iterative
v2.0,26,Male,B.Sc+Cert,3.0,Mid,Startup,Tier-1,5,1,0,2,75803,59,2023-11-20,Built ML pipeline for preprocessing,2023,11,20,Iterative
v2.0,20,Male,PhD,0.0,Mid,SME,Tier-1,5,1,0,0,77962,56,2023-01-24,Worked on microservices deployment,2023,1,24,Iterative
v2.0,35,Male,B.Sc,12.09,Senior,Startup,Tier-2,4,1,1,0,124495,66,2023-12-20,Built ML pipeline for preprocessing,2023,12,20,Iterative
v2.0,34,Male,B.Sc+Cert,13.0,Mid,SME,Tier-1,8,1,0,0,165955,73,2023-02-23,Contributed to open-source NLP repo,2023,2,23,Iterative
v2.0,28,Male,B.Sc,5.69,Mid,SME,Tier-1,5,0,0,0,80316,42,2024-11-14,Built ML pipeline for preprocessing,2024,11,14,Iterative
v2.0,30,Male,B.Sc,8.0,Mid,Enterprise,Tier-1,8,2,0,1,137978,60,2023-11-01,Worked on microservices deployment,2023,11,1,Iterative
v2.0,33,Male,M.Sc,10.18,Senior,SME,Remote,5,3,1,1,140582,51,2023-11-15,Built ML pipeline for preprocessing,2023,11,15,Iterative
v2.0,21,Female,M.Sc,0.0,Mid,SME,Tier-1,2,0,0,0,57604,61,2024-12-21,Built ML pipeline for preprocessing,2024,12,21,Iterative
v2.0,27,Male,PhD,8.0,Mid,Startup,Tier-2,2,0,1,2,110864,48,2023-02-14,No relevant project mentioned,2023,2,14,Iterative
v2.0,35,Male,B.Sc,15.0,Senior,Enterprise,Tier-3,6,2,0,7,171604,65,2023-12-28,No relevant project mentioned,2023,12,28,Iterative
v2.0,22,Female,M.Sc,0.0,Senior,Enterprise,Tier-3,5,1,0,0,70550,64,2024-04-05,Built ML pipeline for preprocessing,2024,4,5,Iterative
v2.0,32,Male,B.Sc,12.0,Junior,Startup,Tier-2,6,3,0,1,130933,59,2023-01-07,No relevant project mentioned,2023,1,7,Iterative
v2.0,22,Male,B.Sc,0.0,Junior,Enterprise,Tier-1,3,1,1,1,58922,70,2023-09-16,Experience in data cleaning and ETL,2023,9,16,Iterative
v2.0,33,Male,B.Sc,10.0,Junior,SME,Tier-1,2,0,0,2,115399,69,2023-03-29,Worked on microservices deployment,2023,3,29,Iterative
v2.0,30,Female,PhD,9.0,Senior,SME,Tier-1,7,0,0,2,142415,59,2023-07-08,Contributed to open-source NLP repo,2023,7,8,Iterative
v2.0,20,Female,M.Eng,0.0,Mid,Enterprise,Tier-1,3,0,0,2,73647,64,2024-03-30,Built ML pipeline for preprocessing,2024,3,30,Iterative
v2.0,37,Male,M.Sc,16.0,Junior,Startup,Tier-1,6,1,0,3,185413,58,2024-06-25,Built ML pipeline for preprocessing,2024,6,25,Iterative
v2.0,26,Male,B.Sc,5.0,Junior,Enterprise,Tier-1,5,0,0,4,78512,49,2024-05-31,No relevant project mentioned,2024,5,31,Iterative
v2.0,25,Female,B.Sc,5.0,Junior,SME,Remote,7,1,0,7,78110,60,2023-12-26,Built ML pipeline for preprocessing,2023,12,26,Iterative
v2.0,31,Male,B.Sc,9.0,Junior,Startup,Remote,4,1,0,1,110579,55,2024-01-04,Worked on microservices deployment,2024,1,4,Iterative
v2.0,37,Male,B.Sc,16.0,Junior,Enterprise,Tier-1,9,1,1,7,181111,67,2023-07-19,No relevant project mentioned,2023,7,19,Iterative
v2.0,24,Male,B.Sc,0.0,Mid,Enterprise,Tier-1,4,2,0,3,60586,51,2023-01-07,No relevant project mentioned,2023,1,7,Iterative
v2.0,30,Male,M.Sc,7.0,Junior,Startup,Tier-1,7,0,0,3,110914,78,2024-11-09,Worked on microservices deployment,2024,11,9,Iterative
v2.0,33,Male,B.Sc,9.0,Junior,Startup,Tier-1,5,2,0,2,105647,73,2024-01-21,Contributed to open-source NLP repo,2024,1,21,Iterative
v2.0,34,Male,B.Sc,13.0,Senior,Enterprise,Tier-1,4,0,0,5,165175,59,2024-11-13,Experience in data cleaning and ETL,2024,11,13,Iterative
v2.0,31,Male,B.Sc,10.0,Senior,Startup,Remote,1,3,0,6,138350,57,2024-01-31,Built ML pipeline for preprocessing,2024,1,31,Iterative
v2.0,28,Male,B.Sc,6.0,Junior,Enterprise,Tier-1,7,1,0,0,109531,54,2024-06-23,Worked on microservices deployment,2024,6,23,Iterative
v2.0,25,Female,B.Sc,0.0,Junior,Enterprise,Tier-1,5,2,1,2,52143,50,2024-09-11,No relevant project mentioned,2024,9,11,Iterative
v2.0,31,Male,B.Sc+Cert,7.0,Mid,SME,Tier-1,7,1,0,6,109141,58,2023-05-27,Built ML pipeline for preprocessing,2023,5,27,Iterative
v2.0,24,Male,B.Sc,0.0,Mid,SME,Remote,5,1,0,1,58992,59,2023-10-11,Experience in data cleaning and ETL,2023,10,11,Iterative
v2.0,20,Male,M.Eng,0.0,Junior,SME,Remote,6,0,0,0,45587,48,2023-04-09,Contributed to open-source NLP repo,2023,4,9,Iterative
v2.0,33,Male,B.Sc,10.04,Junior,SME,Tier-3,5,0,1,0,107719,51,2024-08-10,Contributed to open-source NLP repo,2024,8,10,Iterative
v2.0,35,Male,B.Sc,8.0,Junior,Enterprise,Tier-2,5,0,0,2,98941,59,2024-08-26,Built ML pipeline for preprocessing,2024,8,26,Iterative
v2.0,20,Male,B.Sc,0.0,Mid,Enterprise,Tier-1,3,1,0,3,62845,64,2024-05-21,Built ML pipeline for preprocessing,2024,5,21,Iterative
v2.0,24,Female,B.Sc+Cert,4.0,Senior,SME,Tier-1,7,2,0,0,113552,69,2024-04-18,No relevant project mentioned,2024,4,18,Iterative
v2.0,34,Female,M.Sc,10.94,Senior,SME,Tier-2,5,2,1,3,167707,58,2024-12-10,Contributed to open-source NLP repo,2024,12,10,Iterative
v2.0,42,Male,B.Sc,18.0,Mid,Startup,Tier-3,4,0,0,5,177469,64,2023-05-27,Built ML pipeline for preprocessing,2023,5,27,Iterative
v2.0,30,Male,B.Sc,8.0,Mid,SME,Tier-1,6,1,0,0,114681,63,2024-07-29,Built ML pipeline for preprocessing,2024,7,29,Iterative
v2.0,26,Male,B.Sc,1.0,Mid,SME,Tier-1,2,0,0,0,50920,61,2024-05-17,No relevant project mentioned,2024,5,17,Iterative
v2.0,29,Female,M.Sc,6.3,Mid,SME,Tier-2,6,2,1,4,111671,62,2023-02-19,Built ML pipeline for preprocessing,2023,2,19,Iterative
v2.0,38,Female,B.Sc+Cert,14.0,Junior,Startup,Tier-1,5,1,0,5,163056,56,2024-06-05,Experience in data cleaning and ETL,2024,6,5,Iterative
v2.0,26,Male,M.Sc,0.0,Mid,Enterprise,Tier-2,3,1,1,0,52647,45,2023-08-13,No relevant project mentioned,2023,8,13,Iterative
v2.0,25,Male,B.Sc,4.0,Senior,SME,Tier-1,4,1,1,3,89849,52,2023-03-23,Experience in data cleaning and ETL,2023,3,23,Iterative
v2.0,27,Female,B.Sc,3.0,Mid,Enterprise,Tier-1,5,3,0,2,87170,69,2023-07-01,Worked on microservices deployment,2023,7,1,Iterative
v2.0,24,Male,B.Sc,0.0,Senior,Enterprise,Tier-2,4,0,0,0,55486,60,2024-06-05,Worked on microservices deployment,2024,6,5,Iterative
v2.0,31,Male,B.Sc,12.0,Mid,SME,Remote,8,0,0,4,149668,63,2023-12-26,Contributed to open-source NLP repo,2023,12,26,Iterative
v2.0,40,Male,B.Sc,17.0,Mid,SME,Tier-1,5,0,0,2,163955,66,2023-08-23,Built ML pipeline for preprocessing,2023,8,23,Iterative
v2.0,32,Male,M.Sc,9.0,Junior,SME,Tier-1,6,2,1,3,142383,77,2023-11-22,Experience in data cleaning and ETL,2023,11,22,Iterative
v2.0,28,Female,M.Sc,7.0,Mid,Startup,Tier-1,4,1,0,1,127354,59,2024-04-11,Worked on microservices deployment,2024,4,11,Iterative
v2.0,28,Female,B.Sc,4.0,Senior,Enterprise,Tier-2,5,1,0,4,94341,45,2024-03-22,Worked on microservices deployment,2024,3,22,Iterative
v2.0,21,Male,M.Eng,1.0,Mid,Startup,Tier-3,6,0,0,1,44473,53,2024-06-29,Contributed to open-source NLP repo,2024,6,29,Iterative
v2.0,35,Male,B.Sc,11.0,Junior,SME,Tier-1,3,0,1,1,137706,51,2023-02-12,Worked on microservices deployment,2023,2,12,Iterative
v2.0,30,Male,B.Sc,9.0,Junior,Startup,Tier-1,5,2,0,1,103992,59,2024-01-17,Worked on microservices deployment,2024,1,17,Iterative
v2.0,29,Male,B.Sc,4.0,Mid,Enterprise,Remote,7,1,0,0,84919,51,2023-05-13,Built ML pipeline for preprocessing,2023,5,13,Iterative
v2.0,49,Male,B.Sc,24.0,Mid,SME,Tier-3,6,0,0,5,228238,55,2024-02-07,Worked on microservices deployment,2024,2,7,Iterative
v2.0,32,Male,B.Sc,7.0,Mid,SME,Tier-2,5,1,1,0,88539,53,2024-09-16,Built ML pipeline for preprocessing,2024,9,16,Iterative
v2.0,25,Male,B.Sc,2.64,Lead,SME,Tier-1,5,1,0,2,94005,55,2024-01-05,Built ML pipeline for preprocessing,2024,1,5,Iterative
v2.0,27,Male,B.Sc,6.0,Mid,Enterprise,Tier-1,5,0,0,2,99694,54,2023-02-23,No relevant project mentioned,2023,2,23,Iterative
v2.0,37,Male,PhD,16.0,Mid,Startup,Tier-3,10,1,1,2,181059,39,2024-10-15,Contributed to open-source NLP repo,2024,10,15,Iterative
v2.0,31,Male,B.Sc,5.0,Junior,SME,Tier-2,6,2,0,1,67732,56,2024-07-14,Built ML pipeline for preprocessing,2024,7,14,Iterative
v2.0,21,Male,B.Sc,0.0,Junior,SME,Tier-2,5,2,0,4,33702,59,2023-06-08,Contributed to open-source NLP repo,2023,6,8,Iterative
v2.0,36,Male,B.Sc,15.0,Mid,Startup,Tier-1,2,0,1,2,155154,65,2023-05-18,Experience in data cleaning and ETL,2023,5,18,Iterative
v2.0,26,Other,M.Sc,5.0,Senior,Startup,Tier-2,5,1,0,0,97793,72,2024-06-16,No relevant project mentioned,2024,6,16,Iterative
v2.0,41,Male,B.Sc,17.0,Mid,Startup,Tier-3,7,2,0,1,171835,68,2023-09-11,Worked on microservices deployment,2023,9,11,Iterative
v2.0,36,Male,M.Eng,7.0,Mid,Startup,Remote,7,0,0,2,122436,59,2023-10-29,Experience in data cleaning and ETL,2023,10,29,Iterative
v2.0,27,Female,B.Sc,6.0,Junior,SME,Tier-1,1,2,1,3,83300,57,2024-12-15,No relevant project mentioned,2024,12,15,Iterative
v2.0,38,Other,B.Sc,16.0,Lead,Startup,Tier-2,4,1,1,2,199357,62,2024-09-10,Built ML pipeline for preprocessing,2024,9,10,Iterative
v2.0,30,Male,M.Sc,9.0,Lead,SME,Tier-2,4,0,0,1,163057,56,2023-03-15,Contributed to open-source NLP repo,2023,3,15,Iterative
v2.0,35,Female,B.Sc,13.0,Mid,Startup,Remote,7,0,0,2,146991,70,2024-06-15,No relevant project mentioned,2024,6,15,Iterative
v2.0,33,Male,B.Sc,9.0,Junior,Startup,Tier-3,4,0,0,1,95874,59,2023-10-04,Worked on microservices deployment,2023,10,4,Iterative
v2.0,25,Male,B.Sc,2.0,Mid,Enterprise,Remote,5,3,0,0,77146,50,2024-02-25,Built ML pipeline for preprocessing,2024,2,25,Iterative
v2.0,26,Male,M.Sc,0.0,Senior,SME,Remote,5,2,1,6,73341,59,2023-02-26,Contributed to open-source NLP repo,2023,2,26,Iterative
v2.0,36,Male,B.Sc,16.0,Mid,Startup,Tier-1,3,0,1,1,184139,72,2024-07-22,No relevant project mentioned,2024,7,22,Iterative
v2.0,28,Male,B.Sc,5.0,Mid,SME,Tier-3,8,3,0,1,84181,54,2023-03-10,Built ML pipeline for preprocessing,2023,3,10,Iterative
v2.0,28,Male,PhD,8.0,Junior,Startup,Tier-2,5,0,1,5,97791,47,2023-07-17,Worked on microservices deployment,2023,7,17,Iterative
v2.0,24,Male,B.Sc,1.0,Junior,Startup,Tier-1,7,0,0,0,48631,69,2023-06-01,Contributed to open-source NLP repo,2023,6,1,Iterative
v2.0,33,Male,M.Eng,10.0,Junior,Startup,Tier-1,7,0,0,2,125103,44,2024-12-20,Experience in data cleaning and ETL,2024,12,20,Iterative
v2.0,42,Male,M.Sc,19.0,Senior,Enterprise,Tier-1,2,0,1,4,251281,77,2023-07-07,No relevant project mentioned,2023,7,7,Iterative
v2.0,24,Male,B.Sc,2.0,Mid,Enterprise,Tier-3,2,2,0,1,45952,82,2024-10-24,Contributed to open-source NLP repo,2024,10,24,Iterative
v2.0,30,Male,B.Sc,7.0,Senior,Enterprise,Tier-1,8,1,0,4,138083,82,2023-02-16,Built ML pipeline for preprocessing,2023,2,16,Iterative
v2.0,38,Female,B.Sc,15.0,Junior,Enterprise,Remote,3,0,0,3,177457,40,2024-05-14,No relevant project mentioned,2024,5,14,Iterative
v2.0,30,Female,B.Sc,5.0,Senior,Enterprise,Tier-2,5,0,0,2,112960,68,2024-12-20,Built ML pipeline for preprocessing,2024,12,20,Iterative
v2.0,33,Female,B.Sc,11.0,Senior,Enterprise,Tier-2,5,0,0,0,149730,70,2023-08-31,Worked on microservices deployment,2023,8,31,Iterative
v2.0,24,Male,M.Sc,6.0,Junior,SME,Tier-1,2,0,1,7,100621,46,2023-06-29,Experience in data cleaning and ETL,2023,6,29,Iterative
v2.0,33,Female,B.Sc+Cert,11.0,Senior,SME,Tier-2,4,1,0,2,124067,34,2023-05-21,Built ML pipeline for preprocessing,2023,5,21,Iterative
v2.0,29,Male,M.Sc,7.0,Junior,Startup,Tier-2,8,0,0,2,98730,67,2024-05-13,Contributed to open-source NLP repo,2024,5,13,Iterative
v2.0,36,Male,B.Sc,9.0,Junior,SME,Tier-1,14,1,0,5,122374,47,2023-01-08,No relevant project mentioned,2023,1,8,Iterative
v2.0,37,Male,B.Sc,18.0,Junior,SME,Tier-3,5,4,1,1,183792,59,2023-04-12,Contributed to open-source NLP repo,2023,4,12,Iterative
v2.0,46,Male,M.Eng,25.0,Senior,Enterprise,Tier-2,7,0,0,2,337886,59,2023-06-09,Built ML pipeline for preprocessing,2023,6,9,Iterative
v2.0,33,Male,B.Sc,8.0,Senior,SME,Tier-1,4,1,1,5,133543,62,2024-04-14,Built ML pipeline for preprocessing,2024,4,14,Iterative
v2.0,32,Male,B.Sc,9.34,Junior,SME,Tier-3,3,0,0,1,93936,65,2024-10-18,Experience in data cleaning and ETL,2024,10,18,Iterative
v2.0,31,Female,M.Sc,8.0,Mid,SME,Tier-1,8,0,0,4,131582,67,2023-01-05,Built ML pipeline for preprocessing,2023,1,5,Iterative
v2.0,28,Male,B.Sc,5.0,Mid,Startup,Tier-2,6,1,1,1,85603,65,2024-01-14,Contributed to open-source NLP repo,2024,1,14,Iterative
v2.0,32,Male,B.Sc+Cert,12.0,Senior,SME,Tier-2,4,1,0,3,127589,59,2024-01-16,Built ML pipeline for preprocessing,2024,1,16,Iterative
v2.0,28,Female,M.Sc,5.0,Junior,SME,Tier-1,5,1,0,2,91586,60,2024-08-28,Built ML pipeline for preprocessing,2024,8,28,Iterative
v2.0,31,Male,B.Sc,8.0,Mid,SME,Tier-2,4,2,1,0,94869,59,2024-12-29,Built ML pipeline for preprocessing,2024,12,29,Iterative
v2.0,38,Male,B.Sc+Cert,14.0,Mid,SME,Tier-2,2,1,0,0,154457,58,2024-11-14,Built ML pipeline for preprocessing,2024,11,14,Iterative
v2.0,24,Male,B.Sc,1.0,Junior,Startup,Tier-2,7,1,1,1,48763,67,2024-10-11,Built ML pipeline for preprocessing,2024,10,11,Iterative
v2.0,37,Male,B.Sc,13.89,Mid,SME,Tier-1,9,1,0,3,178069,59,2023-10-31,Built ML pipeline for preprocessing,2023,10,31,Iterative
v2.0,38,Male,B.Sc,15.0,Mid,SME,Tier-1,7,0,1,2,176183,74,2023-06-05,Contributed to open-source NLP repo,2023,6,5,Iterative
v2.0,29,Male,B.Sc,5.0,Junior,SME,Tier-1,6,0,1,5,85676,60,2023-10-27,Built ML pipeline for preprocessing,2023,10,27,Iterative
v2.0,20,Male,B.Sc,3.0,Lead,SME,Remote,5,2,0,1,102741,65,2024-11-01,No relevant project mentioned,2024,11,1,Iterative
v2.0,26,Male,B.Sc,2.0,Junior,Startup,Tier-1,1,0,0,4,45736,68,2023-09-29,Experience in data cleaning and ETL,2023,9,29,Iterative
v2.0,38,Male,B.Sc,15.0,Lead,Startup,Tier-2,3,1,0,0,146044,57,2023-05-03,Built ML pipeline for preprocessing,2023,5,3,Iterative
v2.0,30,Male,B.Sc,8.0,Junior,SME,Remote,4,4,1,1,111422,64,2024-05-25,Built ML pipeline for preprocessing,2024,5,25,Iterative
v2.0,24,Male,M.Sc,4.0,Junior,SME,Tier-3,6,2,1,0,70510,57,2023-10-06,Contributed to open-source NLP repo,2023,10,6,Iterative
v2.0,27,Female,M.Eng,4.0,Junior,SME,Tier-3,5,2,0,5,64666,62,2024-01-02,Experience in data cleaning and ETL,2024,1,2,Iterative
v2.0,35,Male,B.Sc,8.0,Senior,Enterprise,Remote,6,2,0,2,141165,55,2024-06-16,Experience in data cleaning and ETL,2024,6,16,Iterative
v2.0,33,Male,B.Sc,10.0,Senior,Startup,Tier-1,5,1,0,1,141963,64,2024-12-20,Built ML pipeline for preprocessing,2024,12,20,Iterative
v2.0,29,Male,B.Sc,7.0,Junior,Startup,Tier-1,4,2,1,2,82223,41,2024-09-21,No relevant project mentioned,2024,9,21,Iterative
v2.0,28,Male,B.Sc,6.0,Junior,SME,Tier-1,2,3,1,2,90029,66,2023-05-03,Built ML pipeline for preprocessing,2023,5,3,Iterative
v2.0,28,Male,M.Sc,5.56,Mid,SME,Tier-1,7,0,0,4,134192,51,2024-12-13,Built ML pipeline for preprocessing,2024,12,13,Iterative
v2.0,24,Male,M.Sc,3.0,Mid,SME,Tier-2,8,1,1,2,74840,48,2024-01-21,Worked on microservices deployment,2024,1,21,Iterative
v2.0,40,Female,B.Sc,20.0,Senior,Enterprise,Tier-1,7,3,0,1,249088,52,2024-02-01,Built ML pipeline for preprocessing,2024,2,1,Iterative
v2.0,28,Female,B.Sc,3.0,Junior,Enterprise,Tier-3,5,0,1,6,54214,59,2023-10-28,Built ML pipeline for preprocessing,2023,10,28,Iterative
v2.0,37,Male,B.Sc,13.0,Mid,Startup,Tier-1,4,2,0,6,168780,76,2024-01-29,No relevant project mentioned,2024,1,29,Iterative
v2.0,39,Female,B.Sc,15.57,Mid,Enterprise,Tier-1,4,2,1,0,222550,68,2024-08-25,Built ML pipeline for preprocessing,2024,8,25,Iterative
v2.0,36,Male,B.Sc,11.0,Lead,Startup,Tier-2,4,0,1,3,134632,59,2024-08-15,Experience in data cleaning and ETL,2024,8,15,Iterative
v2.0,27,Male,PhD,0.0,Mid,SME,Tier-1,3,0,1,1,77796,53,2023-08-04,Contributed to open-source NLP repo,2023,8,4,Iterative
v2.0,32,Male,M.Sc,12.0,Junior,SME,Tier-3,2,0,1,3,115284,71,2023-01-01,Contributed to open-source NLP repo,2023,1,1,Iterative
v2.0,30,Male,B.Sc,7.0,Junior,SME,Remote,8,1,0,2,83448,67,2023-05-24,No relevant project mentioned,2023,5,24,Iterative
v2.0,25,Female,M.Sc,3.0,Mid,Startup,Tier-3,2,2,1,1,63336,81,2023-09-07,Worked on microservices deployment,2023,9,7,Iterative
v2.0,32,Male,B.Sc+Cert,10.0,Mid,SME,Tier-1,3,2,1,7,130245,52,2023-06-20,Worked on microservices deployment,2023,6,20,Iterative
v2.0,23,Male,M.Sc,1.0,Senior,SME,Remote,10,0,0,1,87669,60,2023-05-14,Worked on microservices deployment,2023,5,14,Iterative
v2.0,37,Female,B.Sc,17.0,Mid,Startup,Tier-1,3,1,0,2,154132,56,2023-03-17,Worked on microservices deployment,2023,3,17,Iterative
v2.0,27,Male,B.Sc,0.0,Mid,Startup,Tier-3,3,1,1,4,30576,51,2024-04-24,No relevant project mentioned,2024,4,24,Iterative
v2.0,31,Male,M.Eng,6.0,Mid,SME,Tier-1,7,0,0,0,129495,45,2024-09-15,Built ML pipeline for preprocessing,2024,9,15,Iterative
v2.0,32,Male,M.Sc,8.0,Mid,SME,Tier-1,3,1,0,1,140850,58,2023-09-24,Experience in data cleaning and ETL,2023,9,24,Iterative
v2.0,28,Female,M.Sc,5.23,Junior,SME,Remote,7,2,1,0,107034,76,2024-04-10,Experience in data cleaning and ETL,2024,4,10,Iterative
v2.0,34,Female,B.Sc+Cert,15.0,Junior,Startup,Tier-1,5,0,0,4,186563,49,2024-03-25,Built ML pipeline for preprocessing,2024,3,25,Iterative
v2.0,27,Male,B.Sc+Cert,5.0,Mid,Enterprise,Tier-3,4,0,1,4,83617,56,2023-04-06,Worked on microservices deployment,2023,4,6,Iterative
v2.0,35,Male,B.Sc,12.0,Junior,Startup,Tier-1,5,3,0,2,107935,63,2023-10-03,Built ML pipeline for preprocessing,2023,10,3,Iterative
v2.0,22,Male,B.Sc,0.0,Junior,Enterprise,Tier-3,4,5,0,0,45492,59,2024-07-03,No relevant project mentioned,2024,7,3,Iterative
v2.0,31,Female,B.Sc,6.0,Junior,SME,Remote,4,1,0,2,77225,54,2023-11-08,No relevant project mentioned,2023,11,8,Iterative
v2.0,42,Male,B.Sc,21.0,Junior,SME,Tier-2,5,1,0,3,244974,52,2023-12-13,Built ML pipeline for preprocessing,2023,12,13,Iterative
v2.0,24,Male,M.Sc,6.0,Junior,Enterprise,Tier-2,5,0,1,2,100562,67,2023-09-24,Worked on microservices deployment,2023,9,24,Iterative
v2.0,26,Female,M.Sc,3.0,Mid,Startup,Tier-2,4,2,1,1,82530,67,2023-10-01,Built ML pipeline for preprocessing,2023,10,1,Iterative
v2.0,33,Male,B.Sc,10.0,Mid,Startup,Remote,8,0,0,1,120592,50,2024-08-15,Built ML pipeline for preprocessing,2024,8,15,Iterative
v2.0,31,Male,M.Sc,8.0,Mid,SME,Tier-1,5,2,1,2,126511,77,2023-04-08,Contributed to open-source NLP repo,2023,4,8,Iterative
v2.0,32,Male,M.Sc,11.0,Mid,Startup,Tier-2,9,1,1,0,149184,60,2024-07-10,No relevant project mentioned,2024,7,10,Iterative
v2.0,33,Female,B.Sc,9.0,Lead,SME,Tier-1,3,1,1,0,160568,62,2024-10-27,Worked on microservices deployment,2024,10,27,Iterative
v2.0,34,Male,B.Sc,14.0,Junior,Startup,Tier-1,2,0,1,0,132078,53,2023-11-11,Worked on microservices deployment,2023,11,11,Iterative
v2.0,37,Male,B.Sc,14.0,Mid,Enterprise,Tier-1,6,0,0,2,173319,56,2023-05-14,Experience in data cleaning and ETL,2023,5,14,Iterative
v2.0,32,Male,B.Sc,9.0,Junior,SME,Tier-2,5,1,0,0,101499,57,2024-07-08,Experience in data cleaning and ETL,2024,7,8,Iterative
v2.0,29,Male,B.Sc,7.0,Mid,Startup,Remote,8,1,1,1,104784,59,2023-04-04,Contributed to open-source NLP repo,2023,4,4,Iterative
v2.0,34,Male,B.Sc,9.0,Senior,Enterprise,Tier-1,4,0,1,2,150780,46,2023-06-29,No relevant project mentioned,2023,6,29,Iterative
v2.0,41,Male,B.Sc,22.0,Mid,SME,Tier-2,8,0,0,2,222321,48,2023-09-13,Built ML pipeline for preprocessing,2023,9,13,Iterative
v2.0,29,Other,M.Sc,9.0,Mid,SME,Tier-2,7,2,1,2,132180,54,2023-01-17,Built ML pipeline for preprocessing,2023,1,17,Iterative
v2.0,24,Male,M.Sc,0.0,Mid,SME,Tier-2,3,0,0,0,46856,47,2024-09-20,Built ML pipeline for preprocessing,2024,9,20,Iterative
v2.0,37,Male,M.Eng,13.69,Mid,SME,Remote,6,1,0,2,162392,69,2024-07-11,No relevant project mentioned,2024,7,11,Iterative
v2.0,29,Male,B.Sc,7.0,Junior,SME,Tier-1,8,2,0,0,96938,41,2024-11-11,Worked on microservices deployment,2024,11,11,Iterative
v2.0,20,Male,B.Sc,0.0,Mid,SME,Tier-1,7,1,0,1,61212,54,2023-05-21,Built ML pipeline for preprocessing,2023,5,21,Iterative
v2.0,35,Female,B.Sc+Cert,13.0,Mid,Startup,Tier-1,1,2,1,2,152046,59,2024-01-25,Worked on microservices deployment,2024,1,25,Iterative
v2.0,27,Male,B.Sc,4.0,Junior,Enterprise,Remote,5,0,0,2,80587,55,2024-12-26,No relevant project mentioned,2024,12,26,Iterative
v2.0,29,Male,PhD,7.0,Junior,Enterprise,Remote,5,1,0,3,118697,70,2024-11-20,Worked on microservices deployment,2024,11,20,Iterative
v2.0,32,Male,M.Eng,8.0,Senior,Startup,Tier-1,2,2,0,1,130088,54,2023-02-17,Contributed to open-source NLP repo,2023,2,17,Iterative
v2.0,31,Male,B.Sc,10.0,Junior,Enterprise,Tier-1,8,0,0,0,141309,55,2024-09-02,Worked on microservices deployment,2024,9,2,Iterative
v2.0,34,Male,PhD,14.0,Junior,SME,Tier-2,5,1,0,1,172101,68,2023-09-19,No relevant project mentioned,2023,9,19,Iterative
v2.0,27,Male,B.Sc,4.66,Mid,Startup,Tier-3,2,0,1,1,91889,59,2024-07-23,No relevant project mentioned,2024,7,23,Iterative
v2.0,33,Female,B.Sc,10.0,Junior,Startup,Tier-2,3,0,0,1,90521,77,2023-09-10,Worked on microservices deployment,2023,9,10,Iterative
v2.0,28,Female,M.Sc,6.0,Mid,Startup,Remote,6,3,1,0,101987,68,2024-12-03,No relevant project mentioned,2024,12,3,Iterative
v2.0,34,Male,B.Sc,8.0,Mid,Enterprise,Tier-3,8,1,0,1,109917,51,2024-05-27,Worked on microservices deployment,2024,5,27,Iterative
v2.0,34,Female,B.Sc+Cert,14.0,Senior,SME,Remote,5,1,1,2,169323,60,2023-06-05,Worked on microservices deployment,2023,6,5,Iterative
v2.0,24,Male,B.Sc,0.0,Junior,SME,Tier-2,7,1,0,6,99165,61,2024-08-25,Contributed to open-source NLP repo,2024,8,25,Iterative
v2.0,37,Male,B.Sc,16.0,Mid,Startup,Tier-1,2,0,0,3,178196,52,2023-07-29,Contributed to open-source NLP repo,2023,7,29,Iterative
v2.0,27,Male,M.Sc,3.0,Senior,SME,Tier-3,5,1,1,4,81541,44,2023-11-20,Built ML pipeline for preprocessing,2023,11,20,Iterative
v2.0,35,Male,M.Sc,12.0,Junior,SME,Tier-2,4,0,1,1,158108,63,2023-02-10,Built ML pipeline for preprocessing,2023,2,10,Iterative
v2.0,32,Male,B.Sc,8.0,Junior,Enterprise,Tier-1,5,1,0,0,112471,50,2023-12-28,Built ML pipeline for preprocessing,2023,12,28,Iterative
v2.0,41,Male,B.Sc,19.0,Senior,Enterprise,Tier-1,5,0,0,1,232656,61,2024-01-07,Experience in data cleaning and ETL,2024,1,7,Iterative
v2.0,29,Male,M.Eng,7.0,Junior,SME,Tier-2,3,1,0,1,92660,66,2024-02-20,Built ML pipeline for preprocessing,2024,2,20,Iterative
v2.0,28,Male,B.Sc,1.0,Mid,SME,Tier-2,6,1,0,3,57748,64,2024-09-26,Built ML pipeline for preprocessing,2024,9,26,Iterative
v2.0,30,Male,M.Eng,6.0,Junior,SME,Tier-2,12,0,0,6,95669,76,2024-12-09,No relevant project mentioned,2024,12,9,Iterative
v2.0,28,Female,M.Sc,2.0,Junior,Enterprise,Tier-1,6,1,0,4,78505,52,2024-10-23,No relevant project mentioned,2024,10,23,Iterative
v2.0,35,Male,M.Sc,12.0,Junior,Startup,Tier-2,4,1,1,1,124161,45,2024-01-12,Built ML pipeline for preprocessing,2024,1,12,Iterative
v2.0,20,Male,M.Sc,0.0,Mid,SME,Tier-1,4,0,1,4,66545,67,2023-11-09,Worked on microservices deployment,2023,11,9,Iterative
v2.0,24,Male,B.Sc,2.1,Mid,Enterprise,Tier-2,2,0,0,1,59682,59,2023-10-05,Built ML pipeline for preprocessing,2023,10,5,Iterative
v2.0,24,Male,M.Sc,2.0,Junior,Startup,Tier-2,3,0,1,0,47230,59,2023-11-18,Contributed to open-source NLP repo,2023,11,18,Iterative
v2.0,36,Female,B.Sc+Cert,16.0,Senior,Startup,Tier-3,7,1,0,1,171392,59,2024-07-08,Worked on microservices deployment,2024,7,8,Iterative
v2.0,40,Male,B.Sc,16.0,Mid,SME,Tier-3,8,1,0,2,177399,74,2023-02-03,Built ML pipeline for preprocessing,2023,2,3,Iterative
v2.0,29,Male,B.Sc+Cert,7.0,Lead,Startup,Tier-3,4,1,1,3,123779,59,2023-04-24,Worked on microservices deployment,2023,4,24,Iterative
v2.0,29,Female,B.Sc,6.3,Lead,SME,Tier-3,5,1,1,1,116681,50,2023-01-02,Built ML pipeline for preprocessing,2023,1,2,Iterative
v2.0,30,Male,B.Sc,8.0,Senior,SME,Tier-2,1,0,1,0,108099,63,2024-07-24,Built ML pipeline for preprocessing,2024,7,24,Iterative
v2.0,37,Male,B.Sc,10.0,Senior,SME,Tier-1,4,1,1,0,152288,59,2023-02-05,No relevant project mentioned,2023,2,5,Iterative
v2.0,24,Male,B.Sc+Cert,0.0,Mid,Startup,Tier-2,5,0,0,0,37039,74,2023-01-08,Contributed to open-source NLP repo,2023,1,8,Iterative
v2.0,31,Female,B.Sc,7.0,Senior,Enterprise,Tier-2,6,0,0,6,119837,47,2023-06-10,No relevant project mentioned,2023,6,10,Iterative
v2.0,36,Male,B.Sc+Cert,12.72,Junior,Startup,Tier-2,5,0,1,6,145176,52,2024-03-27,No relevant project mentioned,2024,3,27,Iterative
v2.0,33,Male,B.Sc+Cert,11.0,Junior,Enterprise,Tier-1,5,1,0,6,147449,59,2024-06-13,Contributed to open-source NLP repo,2024,6,13,Iterative
v2.0,31,Male,B.Sc,9.0,Senior,Startup,Remote,5,1,0,1,128333,59,2024-07-29,Worked on microservices deployment,2024,7,29,Iterative
v2.0,36,Male,B.Sc,13.0,Mid,SME,Tier-1,7,1,0,2,157455,53,2024-07-26,No relevant project mentioned,2024,7,26,Iterative
v2.0,20,Male,M.Sc,0.0,Senior,Startup,Tier-1,6,1,1,7,94929,68,2023-03-24,Experience in data cleaning and ETL,2023,3,24,Iterative
v2.0,34,Male,B.Sc,12.0,Senior,Startup,Remote,4,1,1,7,159198,63,2023-01-10,Built ML pipeline for preprocessing,2023,1,10,Iterative
v2.0,26,Male,M.Sc,6.0,Junior,Startup,Tier-3,5,0,0,2,62524,70,2024-03-09,Worked on microservices deployment,2024,3,9,Iterative
v2.0,20,Female,B.Sc,0.0,Senior,SME,Tier-1,11,1,1,3,73230,48,2024-09-09,No relevant project mentioned,2024,9,9,Iterative
v2.0,33,Female,B.Sc,10.0,Junior,SME,Remote,7,0,1,1,121212,59,2023-08-21,Built ML pipeline for preprocessing,2023,8,21,Iterative
v2.0,38,Male,M.Sc,14.0,Junior,Startup,Tier-1,2,0,0,2,158150,37,2023-08-10,Worked on microservices deployment,2023,8,10,Iterative
v2.0,29,Female,B.Sc,8.0,Mid,Enterprise,Tier-3,7,0,0,0,123273,49,2024-07-04,Experience in data cleaning and ETL,2024,7,4,Iterative
v2.0,36,Male,B.Sc,12.0,Junior,Startup,Tier-2,5,0,0,5,116863,79,2023-11-17,Built ML pipeline for preprocessing,2023,11,17,Iterative
v2.0,40,Male,B.Sc,16.0,Mid,SME,Tier-2,6,0,0,0,185128,61,2024-10-06,Built ML pipeline for preprocessing,2024,10,6,Iterative
v2.0,38,Male,B.Sc,16.0,Mid,Startup,Tier-3,4,1,1,2,163826,61,2023-10-09,Built ML pipeline for preprocessing,2023,10,9,Iterative
v2.0,40,Female,B.Sc,16.0,Junior,SME,Tier-1,3,0,1,1,172629,63,2023-04-30,Built ML pipeline for preprocessing,2023,4,30,Iterative
v2.0,34,Female,M.Eng,11.0,Senior,Enterprise,Tier-1,3,1,0,1,208143,46,2023-03-04,Contributed to open-source NLP repo,2023,3,4,Iterative
v2.0,30,Male,B.Sc,9.0,Mid,SME,Tier-2,10,1,1,1,110374,57,2024-11-16,Built ML pipeline for preprocessing,2024,11,16,Iterative
v2.0,20,Female,B.Sc,0.0,Junior,Startup,Tier-1,7,2,0,3,42129,62,2024-06-26,No relevant project mentioned,2024,6,26,Iterative
v2.0,29,Male,M.Sc,3.0,Junior,Startup,Remote,4,0,0,0,69404,52,2023-06-18,Contributed to open-source NLP repo,2023,6,18,Iterative
v2.0,25,Female,B.Sc,1.0,Senior,Enterprise,Tier-2,7,2,1,3,72772,58,2024-10-13,No relevant project mentioned,2024,10,13,Iterative
v2.0,43,Female,B.Sc,20.0,Senior,Startup,Tier-1,7,1,0,0,218041,58,2023-09-30,Built ML pipeline for preprocessing,2023,9,30,Iterative
v2.0,29,Male,B.Sc+Cert,6.0,Junior,SME,Tier-2,4,2,1,0,93661,62,2024-10-19,No relevant project mentioned,2024,10,19,Iterative
v2.0,31,Female,M.Sc,8.23,Junior,Startup,Tier-1,5,2,0,2,79623,84,2024-12-06,No relevant project mentioned,2024,12,6,Iterative
v2.0,33,Male,M.Sc,10.0,Senior,Startup,Tier-1,7,0,0,0,154319,53,2024-01-04,No relevant project mentioned,2024,1,4,Iterative
v2.0,30,Male,M.Sc,8.0,Mid,Startup,Tier-2,8,1,0,7,110427,59,2024-04-16,Worked on microservices deployment,2024,4,16,Iterative
v2.0,40,Male,B.Sc,16.0,Junior,Enterprise,Remote,4,1,0,4,191623,60,2023-10-22,Built ML pipeline for preprocessing,2023,10,22,Iterative
v2.0,26,Male,M.Sc,5.0,Mid,Enterprise,Tier-2,1,2,0,3,379988,56,2023-03-15,Experience in data cleaning and ETL,2023,3,15,Iterative
v2.0,31,Female,B.Sc,11.0,Mid,SME,Tier-1,5,2,1,1,144193,68,2024-04-03,Worked on microservices deployment,2024,4,3,Iterative
v2.0,26,Male,B.Sc,4.0,Senior,Startup,Tier-2,5,0,0,0,70545,58,2024-10-09,Experience in data cleaning and ETL,2024,10,9,Iterative
v2.0,22,Male,B.Sc,0.0,Junior,SME,Tier-1,10,1,0,7,47147,55,2024-08-25,Built ML pipeline for preprocessing,2024,8,25,Iterative
v2.0,26,Female,B.Sc,5.0,Mid,SME,Tier-1,5,1,0,0,86416,46,2024-06-21,Experience in data cleaning and ETL,2024,6,21,Iterative
v2.0,30,Female,B.Sc,8.0,Junior,SME,Tier-3,4,3,1,4,96334,70,2024-08-10,Experience in data cleaning and ETL,2024,8,10,Iterative
v2.0,27,Male,B.Sc+Cert,4.0,Lead,Startup,Remote,8,4,0,0,100003,71,2024-06-30,No relevant project mentioned,2024,6,30,Iterative
v2.0,26,Other,B.Sc,3.88,Senior,Enterprise,Tier-1,3,1,1,1,90655,41,2023-07-26,Built ML pipeline for preprocessing,2023,7,26,Iterative
v2.0,22,Male,B.Sc,0.0,Mid,SME,Tier-2,3,0,0,3,35643,53,2023-06-14,Built ML pipeline for preprocessing,2023,6,14,Iterative
v2.0,30,Female,B.Sc,7.0,Mid,Enterprise,Remote,7,0,0,6,108998,75,2023-05-04,Built ML pipeline for preprocessing,2023,5,4,Iterative
v2.0,21,Male,B.Sc,0.0,Mid,Startup,Tier-1,11,2,1,0,56072,67,2023-09-30,No relevant project mentioned,2023,9,30,Iterative
v2.0,35,Male,M.Sc,11.91,Senior,Startup,Tier-1,4,1,0,1,114129,55,2024-01-17,Worked on microservices deployment,2024,1,17,Iterative
v2.0,30,Male,B.Sc,6.0,Junior,Startup,Remote,3,1,0,3,79499,56,2024-04-18,Contributed to open-source NLP repo,2024,4,18,Iterative
v2.0,21,Male,B.Sc,0.0,Senior,Enterprise,Tier-3,8,1,0,0,63200,53,2023-12-20,No relevant project mentioned,2023,12,20,Iterative
v2.0,28,Male,B.Sc,7.0,Junior,SME,Tier-1,5,2,1,0,104971,65,2023-04-07,Contributed to open-source NLP repo,2023,4,7,Iterative
v2.0,25,Male,M.Sc,1.0,Junior,Enterprise,Tier-1,8,0,0,0,67193,60,2023-03-23,Built ML pipeline for preprocessing,2023,3,23,Iterative
v2.0,32,Male,B.Sc,9.0,Mid,Enterprise,Tier-1,7,1,0,2,148209,59,2024-06-20,Contributed to open-source NLP repo,2024,6,20,Iterative
v2.0,38,Female,B.Sc,14.98,Senior,SME,Tier-2,4,1,0,3,160572,59,2023-12-27,Contributed to open-source NLP repo,2023,12,27,Iterative
v2.0,20,Male,B.Sc,0.0,Senior,SME,Tier-3,4,1,0,6,44540,58,2023-03-02,No relevant project mentioned,2023,3,2,Iterative
v2.0,31,Male,B.Sc,6.0,Mid,Enterprise,Tier-2,3,1,1,1,78651,59,2023-04-04,No relevant project mentioned,2023,4,4,Iterative
v2.0,29,Male,B.Sc,7.0,Mid,SME,Tier-2,8,0,0,2,104792,43,2023-12-31,Worked on microservices deployment,2023,12,31,Iterative
v2.0,34,Male,M.Sc,8.0,Senior,SME,Tier-1,5,1,1,2,146915,54,2024-10-14,Built ML pipeline for preprocessing,2024,10,14,Iterative
v2.0,31,Female,M.Sc,7.0,Junior,SME,Tier-1,5,1,1,0,111908,76,2023-10-23,Experience in data cleaning and ETL,2023,10,23,Iterative
v2.0,25,Female,M.Eng,6.0,Senior,Enterprise,Tier-1,5,2,0,1,154605,57,2024-11-12,Worked on microservices deployment,2024,11,12,Iterative
v2.0,28,Male,B.Sc,1.0,Mid,SME,Tier-3,3,3,1,2,55956,55,2023-06-19,Built ML pipeline for preprocessing,2023,6,19,Iterative
v2.0,25,Male,B.Sc,2.0,Mid,Enterprise,Tier-2,7,4,0,0,80564,59,2023-10-26,Contributed to open-source NLP repo,2023,10,26,Iterative
v2.0,36,Female,B.Sc,8.0,Junior,Startup,Tier-1,4,1,1,2,107631,50,2024-12-08,Experience in data cleaning and ETL,2024,12,8,Iterative
v2.0,30,Male,PhD,6.0,Mid,SME,Tier-2,5,0,0,7,113750,59,2024-10-29,Worked on microservices deployment,2024,10,29,Iterative
v2.0,41,Female,M.Sc,21.0,Junior,Startup,Tier-3,4,2,1,5,235806,51,2024-09-02,Worked on microservices deployment,2024,9,2,Iterative
v2.0,30,Male,M.Sc,8.0,Junior,Startup,Tier-2,5,1,0,1,97396,46,2023-11-13,No relevant project mentioned,2023,11,13,Iterative
v2.0,26,Female,B.Sc,1.0,Junior,Enterprise,Tier-1,5,1,1,1,54224,52,2024-10-06,Contributed to open-source NLP repo,2024,10,6,Iterative
v2.0,21,Male,B.Sc,3.0,Junior,Enterprise,Tier-1,3,0,1,1,82572,56,2024-10-12,Built ML pipeline for preprocessing,2024,10,12,Iterative
v2.0,20,Male,B.Sc,0.0,Mid,Enterprise,Tier-1,3,2,0,5,59836,63,2023-09-21,Experience in data cleaning and ETL,2023,9,21,Iterative
v2.0,20,Female,M.Sc,0.0,Senior,Enterprise,Tier-3,4,0,0,7,67026,41,2024-10-22,Built ML pipeline for preprocessing,2024,10,22,Iterative
v2.0,32,Male,B.Sc+Cert,8.0,Junior,Startup,Tier-2,6,0,1,4,102504,68,2024-04-24,No relevant project mentioned,2024,4,24,Iterative
v2.0,33,Male,B.Sc+Cert,10.0,Mid,Startup,Tier-3,5,1,0,2,107062,65,2023-09-18,Built ML pipeline for preprocessing,2023,9,18,Iterative
v2.0,21,Male,B.Sc,1.0,Mid,SME,Remote,4,1,1,0,50376,59,2024-06-29,Experience in data cleaning and ETL,2024,6,29,Iterative
v2.0,35,Male,B.Sc,11.0,Mid,Enterprise,Remote,5,0,1,6,152969,64,2024-06-04,Built ML pipeline for preprocessing,2024,6,4,Iterative
v2.0,27,Male,B.Sc+Cert,5.0,Senior,Startup,Tier-1,5,2,1,5,116051,59,2023-02-12,No relevant project mentioned,2023,2,12,Iterative
v2.0,31,Male,M.Sc,7.0,Mid,Enterprise,Tier-1,2,1,0,4,138036,62,2023-04-06,Worked on microservices deployment,2023,4,6,Iterative
v2.0,40,Male,B.Sc,14.0,Senior,SME,Tier-2,5,0,0,1,168120,59,2024-01-29,Contributed to open-source NLP repo,2024,1,29,Iterative
v2.0,35,Male,B.Sc,16.0,Mid,Enterprise,Tier-1,5,2,1,2,173718,54,2024-06-07,Contributed to open-source NLP repo,2024,6,7,Iterative
v2.0,28,Female,B.Sc,5.89,Mid,SME,Tier-3,3,1,0,0,79512,49,2023-12-21,Worked on microservices deployment,2023,12,21,Iterative
v2.0,25,Male,B.Sc,2.0,Mid,SME,Remote,5,2,0,6,71311,59,2024-02-06,Built ML pipeline for preprocessing,2024,2,6,Iterative
v2.0,20,Male,B.Sc,0.0,Senior,Enterprise,Tier-2,5,0,0,6,58224,59,2024-04-15,Worked on microservices deployment,2024,4,15,Iterative
v2.0,26,Male,M.Sc,2.0,Senior,Enterprise,Tier-1,5,1,1,1,124731,58,2024-10-13,No relevant project mentioned,2024,10,13,Iterative
v2.0,29,Male,B.Sc,11.0,Mid,Startup,Tier-1,4,1,0,3,138114,59,2023-10-14,No relevant project mentioned,2023,10,14,Iterative
v2.0,24,Male,B.Sc,1.0,Senior,Enterprise,Tier-1,6,2,1,2,97454,47,2023-10-10,Built ML pipeline for preprocessing,2023,10,10,Iterative
v2.0,29,Male,B.Sc,7.0,Junior,Enterprise,Tier-3,5,1,0,1,83541,59,2024-06-16,Contributed to open-source NLP repo,2024,6,16,Iterative
v2.0,30,Male,M.Eng,10.0,Senior,Startup,Tier-1,8,0,0,1,152411,59,2023-09-26,Built ML pipeline for preprocessing,2023,9,26,Iterative
v2.0,29,Male,M.Sc,7.0,Junior,Startup,Tier-1,5,3,1,1,114668,49,2024-07-10,Built ML pipeline for preprocessing,2024,7,10,Iterative
v2.0,26,Male,B.Sc,2.0,Junior,SME,Tier-1,2,0,0,1,59734,57,2024-11-17,Contributed to open-source NLP repo,2024,11,17,Iterative
v2.0,31,Male,B.Sc+Cert,8.53,Junior,SME,Remote,3,0,0,1,106725,50,2023-10-08,Built ML pipeline for preprocessing,2023,10,8,Iterative
v2.0,33,Male,B.Sc+Cert,9.89,Lead,Enterprise,Tier-2,8,2,1,4,190527,68,2023-03-18,Worked on microservices deployment,2023,3,18,Iterative
v2.0,23,Male,B.Sc,0.0,Senior,Startup,Remote,9,1,0,1,50170,58,2024-12-10,Experience in data cleaning and ETL,2024,12,10,Iterative
v2.0,38,Male,B.Sc,18.0,Senior,SME,Tier-3,1,2,0,4,182311,69,2023-12-21,Built ML pipeline for preprocessing,2023,12,21,Iterative
v2.0,29,Male,M.Sc,7.0,Senior,SME,Tier-2,2,1,0,2,113994,58,2023-09-12,Contributed to open-source NLP repo,2023,9,12,Iterative
v2.0,30,Female,M.Eng,8.0,Mid,Startup,Tier-1,3,2,0,4,139459,69,2024-10-29,No relevant project mentioned,2024,10,29,Iterative
v2.0,34,Male,B.Sc+Cert,11.0,Senior,SME,Tier-1,6,3,1,5,176828,45,2024-02-29,Contributed to open-source NLP repo,2024,2,29,Iterative
v2.0,31,Male,B.Sc+Cert,6.0,Lead,Startup,Tier-2,7,1,0,0,112475,75,2023-01-04,Contributed to open-source NLP repo,2023,1,4,Iterative
v2.0,36,Male,M.Sc,6.0,Mid,Startup,Remote,6,0,0,1,82609,48,2023-03-25,Built ML pipeline for preprocessing,2023,3,25,Iterative
v2.0,32,Male,B.Sc,6.0,Junior,SME,Tier-1,8,3,0,0,99598,63,2024-12-09,Built ML pipeline for preprocessing,2024,12,9,Iterative
v2.0,26,Male,B.Sc,0.0,Mid,Enterprise,Tier-1,5,2,0,1,66246,75,2023-08-02,No relevant project mentioned,2023,8,2,Iterative
v2.0,32,Male,B.Sc,10.0,Lead,Startup,Tier-2,8,0,0,0,135496,59,2024-10-18,Built ML pipeline for preprocessing,2024,10,18,Iterative
v2.0,23,Female,B.Sc,0.0,Senior,SME,Tier-1,4,1,0,2,64159,74,2023-02-26,Contributed to open-source NLP repo,2023,2,26,Iterative
v2.0,31,Male,M.Sc,5.0,Senior,Startup,Tier-2,4,0,1,4,110316,65,2023-06-03,Contributed to open-source NLP repo,2023,6,3,Iterative
v2.0,30,Female,M.Sc,7.0,Senior,Startup,Tier-1,8,1,1,2,142535,43,2024-09-03,No relevant project mentioned,2024,9,3,Iterative
v2.0,29,Male,M.Sc,4.0,Senior,SME,Tier-1,6,2,1,1,111924,59,2024-12-12,Built ML pipeline for preprocessing,2024,12,12,Iterative
v2.0,29,Male,B.Sc,7.0,Senior,Enterprise,Tier-1,11,0,0,0,162560,48,2024-02-05,Experience in data cleaning and ETL,2024,2,5,Iterative
v2.0,20,Male,M.Sc,0.0,Mid,Startup,Tier-2,2,0,0,0,37065,60,2024-06-03,Experience in data cleaning and ETL,2024,6,3,Iterative
v2.0,27,Male,B.Sc,6.0,Junior,Enterprise,Tier-2,5,0,1,3,101636,73,2024-06-05,Worked on microservices deployment,2024,6,5,Iterative
v2.0,31,Male,B.Sc,2.0,Mid,Startup,Tier-1,3,1,0,0,54640,69,2024-09-27,Built ML pipeline for preprocessing,2024,9,27,Iterative
v2.0,31,Male,M.Sc,7.0,Mid,Enterprise,Remote,8,2,1,6,134328,71,2023-09-27,Worked on microservices deployment,2023,9,27,Iterative
v2.0,24,Male,M.Sc,2.0,Senior,Enterprise,Tier-1,4,0,1,2,96911,67,2024-06-22,Built ML pipeline for preprocessing,2024,6,22,Iterative
v2.0,38,Female,PhD,14.0,Mid,SME,Tier-1,7,1,0,2,200400,59,2024-05-26,Built ML pipeline for preprocessing,2024,5,26,Iterative
v2.0,25,Female,B.Sc,0.0,Junior,Startup,Tier-2,9,0,0,0,27649,61,2024-05-31,Built ML pipeline for preprocessing,2024,5,31,Iterative
v2.0,36,Male,B.Sc,14.0,Junior,SME,Tier-1,6,1,0,2,157368,47,2024-02-16,Built ML pipeline for preprocessing,2024,2,16,Iterative
v2.0,33,Male,B.Sc,12.0,Mid,SME,Tier-2,4,3,0,5,136213,40,2024-10-06,Built ML pipeline for preprocessing,2024,10,6,Iterative
v2.0,26,Male,B.Sc,0.0,Mid,Enterprise,Remote,2,2,1,6,56180,69,2023-12-08,No relevant project mentioned,2023,12,8,Iterative
v2.0,41,Male,B.Sc,15.0,Junior,SME,Tier-2,7,2,1,0,169623,70,2023-05-20,Contributed to open-source NLP repo,2023,5,20,Iterative
v2.0,23,Male,M.Sc,0.0,Junior,SME,Tier-2,9,0,1,4,51275,53,2023-09-21,Built ML pipeline for preprocessing,2023,9,21,Iterative
v2.0,36,Male,B.Sc+Cert,16.0,Mid,Enterprise,Tier-2,4,0,0,1,198835,50,2024-03-24,Worked on microservices deployment,2024,3,24,Iterative
v2.0,36,Male,B.Sc,13.0,Junior,Enterprise,Tier-1,7,1,1,1,144484,39,2023-08-15,Contributed to open-source NLP repo,2023,8,15,Iterative
v2.0,26,Male,B.Sc+Cert,6.0,Junior,SME,Tier-2,7,1,1,2,88189,59,2023-03-01,No relevant project mentioned,2023,3,1,Iterative
v2.0,38,Other,B.Sc,10.0,Mid,Enterprise,Tier-1,4,0,1,7,141857,65,2023-03-21,No relevant project mentioned,2023,3,21,Iterative
v2.0,28,Male,B.Sc+Cert,1.0,Mid,SME,Remote,3,1,1,0,62370,59,2023-02-24,Worked on microservices deployment,2023,2,24,Iterative
v2.0,32,Female,B.Sc,11.0,Mid,SME,Tier-1,3,1,0,0,143678,62,2024-08-28,Contributed to open-source NLP repo,2024,8,28,Iterative
v2.0,32,Male,B.Sc,5.0,Junior,SME,Tier-2,6,0,0,2,68626,57,2024-03-02,Built ML pipeline for preprocessing,2024,3,2,Iterative
v2.0,29,Male,B.Sc,7.0,Senior,Enterprise,Remote,3,1,0,5,137402,38,2024-07-06,No relevant project mentioned,2024,7,6,Iterative
v2.0,35,Male,B.Sc+Cert,12.0,Mid,SME,Tier-3,4,2,0,2,140140,69,2024-06-05,Built ML pipeline for preprocessing,2024,6,5,Iterative
v2.0,35,Male,B.Sc,11.0,Junior,SME,Remote,5,1,1,1,147462,46,2023-08-14,Built ML pipeline for preprocessing,2023,8,14,Iterative
v2.0,20,Male,B.Sc,0.0,Junior,SME,Tier-2,5,1,0,7,35273,63,2023-04-26,Experience in data cleaning and ETL,2023,4,26,Iterative
v2.0,38,Male,B.Sc+Cert,12.0,Junior,SME,Tier-1,5,0,0,7,120729,63,2023-12-06,Contributed to open-source NLP repo,2023,12,6,Iterative
v2.0,20,Male,B.Sc,0.0,Junior,SME,Tier-3,2,1,0,2,24287,59,2023-04-17,Experience in data cleaning and ETL,2023,4,17,Iterative
v2.0,36,Male,B.Sc,12.0,Junior,Enterprise,Tier-1,3,0,1,4,142737,59,2024-06-02,Worked on microservices deployment,2024,6,2,Iterative
v2.0,37,Male,B.Sc,13.0,Mid,SME,Tier-1,5,0,0,3,143301,52,2024-06-16,Worked on microservices deployment,2024,6,16,Iterative
v2.0,23,Male,B.Sc,0.0,Mid,Startup,Tier-3,7,1,0,1,31417,60,2023-11-27,Worked on microservices deployment,2023,11,27,Iterative
v2.0,28,Male,B.Sc+Cert,7.0,Mid,Enterprise,Tier-2,2,3,0,0,128591,71,2023-04-11,Built ML pipeline for preprocessing,2023,4,11,Iterative
v2.0,23,Male,M.Sc,1.07,Senior,Enterprise,Remote,2,1,0,2,92953,75,2023-08-03,No relevant project mentioned,2023,8,3,Iterative
v2.0,29,Male,B.Sc,5.0,Junior,SME,Remote,7,0,1,6,77953,59,2024-07-09,Built ML pipeline for preprocessing,2024,7,9,Iterative
v2.0,28,Male,PhD,6.0,Senior,Startup,Remote,1,0,0,5,117821,62,2023-08-11,Built ML pipeline for preprocessing,2023,8,11,Iterative
v2.0,35,Female,B.Sc,11.0,Junior,Enterprise,Tier-1,6,0,0,0,122763,53,2023-07-29,Built ML pipeline for preprocessing,2023,7,29,Iterative
v2.0,38,Male,B.Sc,13.0,Mid,Enterprise,Tier-2,4,0,1,0,152682,65,2023-12-10,Built ML pipeline for preprocessing,2023,12,10,Iterative
v2.0,38,Female,B.Sc,16.0,Junior,Startup,Tier-3,4,2,0,5,125526,58,2024-12-26,Worked on microservices deployment,2024,12,26,Iterative
v2.0,27,Male,B.Sc,4.0,Senior,Startup,Remote,9,1,1,2,86319,50,2024-03-03,Contributed to open-source NLP repo,2024,3,3,Iterative
v2.0,29,Male,B.Sc,8.0,Mid,SME,Tier-1,6,2,1,1,110973,51,2023-03-06,No relevant project mentioned,2023,3,6,Iterative
v2.0,20,Male,B.Sc+Cert,1.0,Junior,SME,Tier-1,7,2,1,2,58879,48,2023-09-11,Built ML pipeline for preprocessing,2023,9,11,Iterative
v2.0,25,Male,M.Sc,3.0,Mid,Startup,Remote,9,2,0,0,80688,65,2024-06-01,No relevant project mentioned,2024,6,1,Iterative
v2.0,36,Male,B.Sc,14.0,Junior,SME,Tier-1,7,1,0,6,172832,56,2023-10-21,No relevant project mentioned,2023,10,21,Iterative
v2.0,40,Female,M.Sc,10.0,Senior,SME,Tier-2,6,1,0,4,140341,45,2023-08-09,Worked on microservices deployment,2023,8,9,Iterative
v2.0,23,Male,M.Sc,0.0,Mid,Enterprise,Tier-1,5,0,0,6,90142,67,2024-03-02,Built ML pipeline for preprocessing,2024,3,2,Iterative
v2.0,26,Male,B.Sc+Cert,4.0,Junior,SME,Tier-2,5,1,0,0,70212,60,2023-11-09,Built ML pipeline for preprocessing,2023,11,9,Iterative
v2.0,30,Male,B.Sc+Cert,4.0,Mid,SME,Tier-3,2,0,0,4,60364,50,2024-12-15,Experience in data cleaning and ETL,2024,12,15,Iterative
v2.0,32,Female,B.Sc,9.0,Junior,Enterprise,Tier-1,3,0,0,2,118872,59,2024-04-08,Worked on microservices deployment,2024,4,8,Iterative
v2.0,25,Male,M.Sc,1.0,Mid,Startup,Tier-2,5,0,0,1,54920,57,2024-08-04,Contributed to open-source NLP repo,2024,8,4,Iterative
v2.0,33,Male,M.Sc,13.0,Junior,Startup,Tier-1,6,2,1,2,141394,64,2024-07-30,Built ML pipeline for preprocessing,2024,7,30,Iterative
v2.0,27,Male,M.Sc,3.0,Mid,Enterprise,Tier-1,4,1,1,6,121060,61,2023-09-09,Contributed to open-source NLP repo,2023,9,9,Iterative
v2.0,30,Female,B.Sc,6.0,Lead,Startup,Tier-1,6,0,0,3,121773,50,2024-11-25,Worked on microservices deployment,2024,11,25,Iterative
v2.0,33,Other,B.Sc,8.0,Junior,Enterprise,Tier-3,6,0,1,1,91938,52,2023-04-22,Contributed to open-source NLP repo,2023,4,22,Iterative
v2.0,30,Male,B.Sc,10.0,Lead,Startup,Tier-1,6,0,1,7,145458,76,2023-10-18,Built ML pipeline for preprocessing,2023,10,18,Iterative
v2.0,27,Female,B.Sc,7.0,Mid,Startup,Tier-2,1,2,0,1,86814,44,2023-10-07,Contributed to open-source NLP repo,2023,10,7,Iterative
v2.0,29,Female,B.Sc,10.0,Junior,Enterprise,Tier-2,4,2,0,4,132599,69,2023-10-21,Built ML pipeline for preprocessing,2023,10,21,Iterative
v2.0,29,Male,M.Sc,2.0,Mid,SME,Tier-2,3,1,0,4,59969,58,2024-05-29,Experience in data cleaning and ETL,2024,5,29,Iterative
v2.0,28,Male,B.Sc,1.0,Mid,Enterprise,Tier-2,5,1,1,3,69523,59,2023-06-28,No relevant project mentioned,2023,6,28,Iterative
v2.0,28,Male,M.Sc,7.0,Mid,Startup,Tier-2,11,2,0,2,120461,58,2023-07-08,No relevant project mentioned,2023,7,8,Iterative
v2.0,40,Female,B.Sc,14.0,Junior,Startup,Tier-1,8,0,1,0,172919,51,2023-06-17,Built ML pipeline for preprocessing,2023,6,17,Iterative
v2.0,33,Male,B.Sc+Cert,8.0,Junior,Enterprise,Tier-2,4,0,1,7,108609,44,2023-02-23,Built ML pipeline for preprocessing,2023,2,23,Iterative
v2.0,28,Female,B.Sc,9.0,Senior,SME,Tier-1,6,1,1,2,155281,65,2024-07-31,Contributed to open-source NLP repo,2024,7,31,Iterative
v2.0,34,Male,B.Sc,9.0,Mid,SME,Remote,4,0,0,2,113570,67,2024-09-18,Built ML pipeline for preprocessing,2024,9,18,Iterative
v2.0,28,Female,M.Sc,0.0,Mid,Startup,Tier-3,7,0,0,0,41993,59,2023-11-12,Worked on microservices deployment,2023,11,12,Iterative
v2.0,37,Male,M.Eng,15.0,Junior,SME,Tier-1,2,1,0,0,170949,72,2023-09-28,Built ML pipeline for preprocessing,2023,9,28,Iterative
v2.0,32,Male,B.Sc,4.0,Senior,Enterprise,Tier-2,2,1,0,2,144338,48,2024-12-26,No relevant project mentioned,2024,12,26,Iterative
v2.0,29,Female,B.Sc,8.0,Lead,Enterprise,Remote,4,1,1,4,159655,59,2024-03-05,Contributed to open-source NLP repo,2024,3,5,Iterative
v2.0,33,Female,B.Sc,9.0,Junior,SME,Tier-1,10,1,1,1,114316,51,2024-09-13,Contributed to open-source NLP repo,2024,9,13,Iterative
v2.0,21,Female,B.Sc+Cert,0.0,Junior,SME,Tier-3,9,1,1,0,44348,59,2023-07-02,Contributed to open-source NLP repo,2023,7,2,Iterative
v2.0,23,Male,B.Sc,1.0,Senior,SME,Tier-1,5,1,0,2,74340,64,2023-09-17,Built ML pipeline for preprocessing,2023,9,17,Iterative
v2.0,23,Male,M.Sc,0.0,Senior,SME,Tier-2,2,1,0,3,60050,70,2023-01-24,No relevant project mentioned,2023,1,24,Iterative
v2.0,31,Male,B.Sc,9.0,Mid,Enterprise,Remote,3,1,1,1,123306,62,2023-04-04,Experience in data cleaning and ETL,2023,4,4,Iterative
v2.0,40,Male,B.Sc,19.0,Senior,Startup,Tier-2,5,1,1,3,187245,43,2023-09-13,Built ML pipeline for preprocessing,2023,9,13,Iterative
v2.0,43,Male,B.Sc,19.0,Mid,Startup,Tier-2,6,2,0,0,169821,59,2023-08-02,Worked on microservices deployment,2023,8,2,Iterative
v2.0,34,Male,B.Sc,10.0,Junior,Enterprise,Remote,8,1,1,1,127638,60,2024-05-10,Contributed to open-source NLP repo,2024,5,10,Iterative
v2.0,33,Male,M.Sc,10.12,Mid,Startup,Tier-3,3,4,0,2,140282,63,2023-02-09,Worked on microservices deployment,2023,2,9,Iterative
v2.0,20,Other,B.Sc+Cert,0.0,Mid,Startup,Tier-2,5,0,0,4,40971,64,2024-04-07,Experience in data cleaning and ETL,2024,4,7,Iterative
v2.0,27,Male,B.Sc,2.0,Lead,SME,Tier-2,5,1,1,1,57671,83,2024-03-11,Built ML pipeline for preprocessing,2024,3,11,Iterative
v2.0,25,Male,M.Eng,2.0,Junior,Enterprise,Tier-2,5,1,1,1,62752,62,2024-07-02,Experience in data cleaning and ETL,2024,7,2,Iterative
v2.0,26,Male,B.Sc,0.0,Mid,SME,Tier-3,4,0,0,2,35353,58,2024-12-16,Worked on microservices deployment,2024,12,16,Iterative
v2.0,29,Male,B.Sc,6.0,Senior,SME,Remote,6,4,1,2,116127,46,2023-07-30,Worked on microservices deployment,2023,7,30,Iterative
v2.0,27,Male,B.Sc,4.0,Junior,Enterprise,Tier-3,5,0,1,2,58720,44,2023-05-03,Experience in data cleaning and ETL,2023,5,3,Iterative
v2.0,20,Female,B.Sc+Cert,0.0,Mid,Enterprise,Tier-3,7,1,0,1,47616,57,2024-04-03,Experience in data cleaning and ETL,2024,4,3,Iterative
v2.0,34,Female,M.Sc,9.0,Senior,Enterprise,Tier-1,4,0,1,3,174341,53,2023-10-13,No relevant project mentioned,2023,10,13,Iterative
v2.0,24,Female,M.Sc,5.0,Mid,Startup,Tier-3,5,0,0,4,82261,54,2023-10-03,Built ML pipeline for preprocessing,2023,10,3,Iterative
v2.0,31,Other,M.Eng,8.0,Mid,Startup,Tier-3,6,1,0,0,99036,59,2023-09-01,Built ML pipeline for preprocessing,2023,9,1,Iterative
v2.0,42,Male,M.Sc,19.0,Senior,SME,Tier-3,5,1,0,1,218277,66,2023-05-23,No relevant project mentioned,2023,5,23,Iterative
v2.0,24,Male,B.Sc+Cert,6.0,Junior,Startup,Tier-1,8,0,0,3,88243,54,2023-11-16,Built ML pipeline for preprocessing,2023,11,16,Iterative
v2.0,20,Male,M.Sc,0.0,Lead,Startup,Remote,5,3,0,3,78695,59,2024-01-10,Experience in data cleaning and ETL,2024,1,10,Iterative
v2.0,28,Male,B.Sc+Cert,3.0,Mid,Startup,Tier-1,3,1,0,4,74504,56,2024-03-08,Built ML pipeline for preprocessing,2024,3,8,Iterative
v2.0,37,Male,B.Sc,15.0,Mid,SME,Tier-1,2,2,1,3,319992,69,2024-08-01,Built ML pipeline for preprocessing,2024,8,1,Iterative
v2.0,42,Male,B.Sc,17.0,Mid,SME,Tier-2,5,0,0,2,189683,83,2023-05-02,No relevant project mentioned,2023,5,2,Iterative
v2.0,23,Male,B.Sc,1.0,Lead,Enterprise,Tier-2,6,0,0,2,79783,59,2023-08-23,Built ML pipeline for preprocessing,2023,8,23,Iterative
v2.0,33,Male,B.Sc,14.0,Junior,Startup,Tier-1,7,0,1,0,144420,90,2024-03-04,Contributed to open-source NLP repo,2024,3,4,Iterative
v2.0,27,Male,M.Sc,3.0,Junior,SME,Tier-3,5,2,0,0,59008,64,2023-05-06,Contributed to open-source NLP repo,2023,5,6,Iterative
v2.0,29,Male,B.Sc,7.0,Junior,Startup,Tier-1,5,1,0,6,88805,55,2024-06-27,No relevant project mentioned,2024,6,27,Iterative
v2.0,46,Male,M.Sc,24.0,Junior,SME,Tier-1,7,3,0,6,199189,60,2023-07-22,Built ML pipeline for preprocessing,2023,7,22,Iterative
v2.0,21,Male,B.Sc,0.0,Mid,SME,Tier-1,6,3,0,3,57360,62,2023-09-30,Experience in data cleaning and ETL,2023,9,30,Iterative
v2.0,32,Male,B.Sc,9.14,Lead,SME,Remote,11,2,0,1,118853,60,2023-06-23,Built ML pipeline for preprocessing,2023,6,23,Iterative
v2.0,33,Female,B.Sc,10.0,Senior,Enterprise,Tier-1,10,0,0,2,165591,62,2023-08-26,Built ML pipeline for preprocessing,2023,8,26,Iterative
v2.0,37,Male,B.Sc+Cert,17.0,Junior,Enterprise,Tier-1,7,3,0,3,200915,50,2024-04-06,Worked on microservices deployment,2024,4,6,Iterative
v2.0,31,Male,B.Sc,8.21,Mid,SME,Tier-2,10,1,0,2,129721,59,2023-04-20,Experience in data cleaning and ETL,2023,4,20,Iterative
v2.0,32,Female,B.Sc,4.0,Mid,Enterprise,Tier-2,4,1,0,3,72972,54,2024-02-16,Contributed to open-source NLP repo,2024,2,16,Iterative
v2.0,28,Male,M.Sc,6.0,Junior,SME,Tier-3,6,0,0,0,84808,44,2023-03-12,Contributed to open-source NLP repo,2023,3,12,Iterative
v2.0,32,Male,M.Sc,10.0,Senior,Enterprise,Remote,4,0,0,1,167035,76,2024-10-17,Experience in data cleaning and ETL,2024,10,17,Iterative
v2.0,28,Male,B.Sc,5.38,Senior,SME,Tier-3,8,1,1,2,94809,71,2024-12-18,No relevant project mentioned,2024,12,18,Iterative
v2.0,34,Male,B.Sc,10.0,Senior,SME,Tier-1,8,1,0,6,135932,77,2023-12-23,Worked on microservices deployment,2023,12,23,Iterative
v2.0,28,Female,B.Sc,4.0,Mid,Enterprise,Tier-2,6,1,0,5,84644,53,2024-02-27,Worked on microservices deployment,2024,2,27,Iterative
v2.0,32,Female,B.Sc+Cert,11.0,Mid,Startup,Tier-2,9,0,1,3,147513,60,2023-08-29,Experience in data cleaning and ETL,2023,8,29,Iterative
v2.0,30,Male,B.Sc,4.0,Junior,SME,Tier-1,2,0,1,0,69633,69,2024-08-25,Contributed to open-source NLP repo,2024,8,25,Iterative
v2.0,37,Male,B.Sc,12.0,Mid,Enterprise,Tier-1,4,1,0,1,173187,49,2024-10-31,Contributed to open-source NLP repo,2024,10,31,Iterative
v2.0,30,Male,B.Sc,10.0,Mid,Enterprise,Tier-2,2,1,0,0,136787,56,2024-12-19,Experience in data cleaning and ETL,2024,12,19,Iterative
v2.0,20,Male,B.Sc,0.0,Senior,Startup,Tier-1,5,1,1,2,48571,59,2024-07-22,Built ML pipeline for preprocessing,2024,7,22,Iterative
v2.0,38,Male,M.Sc,16.0,Senior,SME,Remote,10,2,1,1,198638,60,2024-07-21,No relevant project mentioned,2024,7,21,Iterative
v2.0,25,Male,B.Sc,2.74,Lead,Enterprise,Tier-3,8,2,0,2,69795,51,2024-11-09,No relevant project mentioned,2024,11,9,Iterative
v2.0,26,Male,B.Sc,6.0,Senior,Enterprise,Tier-1,2,1,0,7,136911,56,2023-05-07,No relevant project mentioned,2023,5,7,Iterative
v2.0,26,Male,B.Sc,4.0,Junior,SME,Tier-1,4,0,1,1,73283,63,2024-03-01,No relevant project mentioned,2024,3,1,Iterative
v2.0,38,Male,B.Sc,14.0,Mid,Enterprise,Remote,4,3,0,1,189263,59,2024-06-13,Worked on microservices deployment,2024,6,13,Iterative
v2.0,20,Male,B.Sc,0.0,Junior,Enterprise,Tier-1,2,1,1,0,195444,63,2023-03-16,No relevant project mentioned,2023,3,16,Iterative
v2.0,49,Male,M.Eng,23.0,Junior,Startup,Tier-3,5,2,0,2,242657,46,2023-10-05,Experience in data cleaning and ETL,2023,10,5,Iterative
v2.0,36,Female,M.Sc,12.0,Mid,Enterprise,Tier-2,5,1,1,2,171147,64,2024-05-08,Built ML pipeline for preprocessing,2024,5,8,Iterative
v2.0,31,Male,B.Sc+Cert,10.0,Mid,SME,Remote,4,0,1,3,129699,52,2024-01-23,Contributed to open-source NLP repo,2024,1,23,Iterative
v2.0,30,Male,B.Sc+Cert,4.0,Mid,SME,Tier-3,3,1,0,2,74924,59,2024-06-19,Built ML pipeline for preprocessing,2024,6,19,Iterative
v2.0,32,Female,M.Sc,10.0,Junior,SME,Tier-1,5,1,0,5,126364,61,2024-04-06,No relevant project mentioned,2024,4,6,Iterative
v2.0,33,Male,B.Sc,9.0,Junior,SME,Tier-1,5,1,0,1,134752,62,2023-11-04,No relevant project mentioned,2023,11,4,Iterative
v2.0,34,Male,M.Sc,14.0,Junior,Enterprise,Tier-2,1,1,0,2,139614,53,2024-08-01,No relevant project mentioned,2024,8,1,Iterative
v2.0,33,Male,M.Eng,10.0,Junior,SME,Remote,7,2,0,3,128323,59,2023-05-03,No relevant project mentioned,2023,5,3,Iterative
v2.0,31,Male,M.Sc,10.0,Junior,Enterprise,Tier-1,8,0,0,1,145363,35,2023-10-14,Built ML pipeline for preprocessing,2023,10,14,Iterative
v2.0,29,Male,B.Sc,9.0,Mid,Enterprise,Tier-2,3,0,0,1,111468,56,2023-02-22,Built ML pipeline for preprocessing,2023,2,22,Iterative
v2.0,29,Male,B.Sc,6.0,Senior,Enterprise,Tier-1,4,1,1,2,133276,61,2024-03-20,Built ML pipeline for preprocessing,2024,3,20,Iterative
v2.0,29,Male,M.Eng,5.0,Mid,SME,Remote,7,1,0,0,102056,56,2023-05-01,Built ML pipeline for preprocessing,2023,5,1,Iterative
v2.0,37,Female,M.Sc,15.0,Mid,Startup,Tier-3,6,0,1,5,164859,56,2024-11-28,Built ML pipeline for preprocessing,2024,11,28,Iterative
v2.0,34,Male,PhD,7.0,Junior,SME,Tier-1,8,2,1,0,117372,61,2024-02-23,Built ML pipeline for preprocessing,2024,2,23,Iterative
v2.0,20,Male,B.Sc,0.0,Lead,Enterprise,Tier-1,1,1,0,0,87829,77,2023-03-17,Worked on microservices deployment,2023,3,17,Iterative
v2.0,34,Female,B.Sc,7.0,Junior,Startup,Tier-1,8,0,0,2,93386,60,2023-03-25,Worked on microservices deployment,2023,3,25,Iterative
v2.0,31,Male,B.Sc,9.0,Senior,Enterprise,Tier-2,9,1,0,2,149118,53,2023-11-03,Built ML pipeline for preprocessing,2023,11,3,Iterative
v2.0,30,Female,M.Sc,6.0,Senior,Enterprise,Tier-2,4,0,0,2,144272,59,2024-03-20,Experience in data cleaning and ETL,2024,3,20,Iterative
v2.0,28,Male,B.Sc,4.0,Senior,Enterprise,Tier-1,5,0,1,1,94945,51,2024-10-20,No relevant project mentioned,2024,10,20,Iterative
v2.0,37,Female,B.Sc,14.0,Junior,SME,Remote,2,1,0,0,144092,59,2023-12-03,Worked on microservices deployment,2023,12,3,Iterative
v2.0,36,Male,PhD,9.0,Mid,SME,Tier-2,4,2,1,0,143627,74,2024-01-16,Built ML pipeline for preprocessing,2024,1,16,Iterative
v2.0,25,Female,B.Sc,5.0,Junior,Enterprise,Tier-3,4,0,1,0,76986,70,2024-05-31,No relevant project mentioned,2024,5,31,Iterative
v2.0,32,Female,M.Eng,9.34,Junior,SME,Tier-1,2,0,0,0,108063,70,2023-04-11,Built ML pipeline for preprocessing,2023,4,11,Iterative
v2.0,24,Male,B.Sc,6.0,Junior,Enterprise,Tier-1,7,0,0,3,92678,59,2023-04-10,Built ML pipeline for preprocessing,2023,4,10,Iterative
v2.0,22,Male,M.Eng,0.0,Senior,SME,Tier-2,7,0,0,2,68912,42,2023-06-22,Built ML pipeline for preprocessing,2023,6,22,Iterative
v2.0,26,Male,M.Sc,3.0,Senior,Enterprise,Tier-2,4,0,1,1,127213,51,2024-03-07,Contributed to open-source NLP repo,2024,3,7,Iterative
v2.0,35,Male,B.Sc+Cert,10.0,Junior,Enterprise,Tier-2,6,0,0,1,132818,59,2023-04-18,Experience in data cleaning and ETL,2023,4,18,Iterative
v2.0,36,Male,B.Sc+Cert,13.0,Mid,Startup,Remote,6,0,1,7,154154,37,2023-01-28,Built ML pipeline for preprocessing,2023,1,28,Iterative
v2.0,33,Male,B.Sc,14.0,Lead,Startup,Tier-2,3,1,1,3,132587,56,2023-09-22,Worked on microservices deployment,2023,9,22,Iterative
v2.0,34,Male,B.Sc,11.12,Mid,Enterprise,Tier-1,5,1,0,4,141884,76,2023-11-11,Built ML pipeline for preprocessing,2023,11,11,Iterative
v2.0,33,Male,B.Sc,6.0,Mid,Startup,Remote,11,2,0,0,88095,70,2023-02-07,Built ML pipeline for preprocessing,2023,2,7,Iterative
v2.0,26,Male,M.Sc,4.0,Mid,SME,Tier-2,7,1,0,0,89508,59,2024-08-27,Built ML pipeline for preprocessing,2024,8,27,Iterative
v2.0,33,Male,B.Sc+Cert,10.0,Senior,SME,Tier-1,6,2,0,3,152354,55,2023-06-02,Experience in data cleaning and ETL,2023,6,2,Iterative
v2.0,35,Male,B.Sc,14.0,Mid,Startup,Tier-1,1,2,0,0,145795,55,2023-11-24,Built ML pipeline for preprocessing,2023,11,24,Iterative
v2.0,35,Male,B.Sc,11.0,Senior,Startup,Tier-3,10,2,0,1,147627,59,2023-02-17,Built ML pipeline for preprocessing,2023,2,17,Iterative
v2.0,37,Male,B.Sc,13.0,Mid,Enterprise,Tier-3,6,1,0,0,130377,54,2024-10-03,No relevant project mentioned,2024,10,3,Iterative
v2.0,34,Male,M.Eng,10.0,Junior,SME,Tier-1,6,1,0,0,125789,67,2023-01-06,Worked on microservices deployment,2023,1,6,Iterative
v2.0,32,Male,B.Sc+Cert,9.0,Junior,SME,Tier-1,3,2,0,2,115946,59,2024-02-18,Contributed to open-source NLP repo,2024,2,18,Iterative
v2.0,36,Male,B.Sc,17.0,Junior,Enterprise,Tier-3,7,1,0,2,199330,84,2023-03-02,Built ML pipeline for preprocessing,2023,3,2,Iterative
v2.0,30,Male,B.Sc,5.0,Mid,Startup,Remote,6,0,1,3,88626,53,2024-03-10,Built ML pipeline for preprocessing,2024,3,10,Iterative
v2.0,25,Female,B.Sc,0.0,Junior,Startup,Tier-1,1,1,0,0,32276,64,2023-12-05,Worked on microservices deployment,2023,12,5,Iterative
v2.0,29,Male,M.Sc,2.0,Senior,Enterprise,Remote,5,1,0,1,103449,49,2023-09-26,Built ML pipeline for preprocessing,2023,9,26,Iterative
v2.0,26,Male,B.Sc,1.0,Mid,Enterprise,Tier-1,4,1,0,3,69299,54,2023-01-08,Contributed to open-source NLP repo,2023,1,8,Iterative
