EmployeeID,Age,Gender,Department,City,ExperienceYears,AnnualSalary,PerformanceScore,WeeklyHours,ProjectsCompleted,SatisfactionScore,CommuteKm,BMI,MonthlySalesK,DiscountPercent,JoinDate
1,31,Male,Sales,Mumbai,10,518415,73,37.3,1,7.3,1.0,29.2,61.88,20,2022-05-09
2,34,Male,IT,Kolkata,11,1532171,88,40.4,5,9.4,11.1,28.9,483.15,20,2020-09-12
3,40,Female,Marketing,Chennai,21,571512,73,35.1,3,8.0,1.3,25.9,80.1,10,2020-11-29
4,29,Female,IT,Mumbai,8,1111900,79,39.6,4,9.1,9.8,24.1,502.63,30,2020-04-24
5,33,Male,HR,Chennai,12,2067096,77,43.4,7,8.6,9.3,29.6,234.04,20,2022-03-28
6,18,Male,Finance,Pune,0,395788,100,43.9,4,5.5,7.6,28.1,84.6,0,2023-10-25
7,30,Female,IT,Chennai,11,415243,60,46.1,6,6.9,2.4,29.2,84.44,20,2021-02-11
8,40,Female,Operations,Pune,21,562295,88,37.3,3,7.4,3.3,21.7,161.72,25,2022-09-22
9,41,Male,IT,Jaipur,22,950225,49,44.8,4,9.3,14.0,21.6,216.01,25,2023-08-23
10,20,Male,Sales,Chennai,0,964070,90,48.3,5,7.5,1.0,25.0,104.73,10,2023-10-02
11,23,Male,IT,Jaipur,4,520861,76,43.1,3,4.6,13.4,25.8,128.89,30,2020-08-11
12,33,Male,Sales,Jaipur,13,655734,81,42.0,9,10.0,21.7,29.3,230.71,15,2022-09-12
13,34,Male,Sales,Kolkata,11,847421,84,41.2,8,8.9,15.2,24.4,90.51,0,2023-04-01
14,32,Female,Sales,Delhi,11,252267,71,47.6,5,6.6,1.0,24.0,217.72,10,2025-03-29
15,32,Male,Sales,Hyderabad,11,1114796,89,30.9,6,5.3,1.7,23.4,126.94,5,2022-01-26
16,31,Female,IT,Pune,12,1338442,85,38.9,2,7.0,4.0,22.2,95.33,25,2023-07-22
17,38,Female,Operations,Mumbai,17,530743,65,35.8,2,7.9,7.0,24.2,242.93,0,2020-06-03
18,44,Female,Finance,Delhi,22,637232,69,40.7,5,5.8,24.9,28.6,266.35,5,2025-06-22
19,34,Female,Sales,Chennai,14,1476557,69,43.0,2,8.3,5.8,29.7,61.17,5,2024-07-30
20,39,Female,Sales,Kolkata,17,1483838,70,37.3,8,3.6,9.2,31.1,286.8,0,2023-05-06
21,21,Other,HR,Mumbai,0,3288187,81,37.1,6,5.6,16.0,15.7,86.69,25,2025-02-28
22,29,Male,IT,Hyderabad,6,1266562,82,39.8,3,6.3,16.5,21.1,68.85,15,2023-01-27
23,36,Female,HR,Chennai,14,591614,67,36.7,5,7.3,1.1,22.2,156.64,10,2020-07-10
24,38,Male,Sales,Pune,17,1304330,59,55.8,6,8.5,15.2,21.1,122.94,5,2023-09-05
25,26,Male,IT,Jaipur,3,1476067,55,45.6,5,4.8,10.9,14.2,226.71,20,2022-05-23
26,37,Male,IT,Hyderabad,15,415359,63,42.1,1,7.1,15.0,28.8,99.4,20,2020-06-14
27,36,Male,IT,Kolkata,14,621264,80,39.3,6,10.0,10.3,25.5,99.17,10,2024-03-23
28,20,Female,Finance,Bengaluru,0,883823,88,38.0,5,7.7,22.0,18.4,218.77,20,2023-03-01
29,31,Male,Sales,Pune,11,853723,71,41.7,6,6.3,6.6,34.2,287.56,25,2023-01-09
30,51,Female,IT,Pune,29,662004,82,42.3,1,6.0,14.4,23.4,208.67,20,2025-05-27
31,32,Male,Operations,Pune,10,1490144,70,47.9,3,7.6,21.3,29.6,62.58,10,2024-10-07
32,27,Male,IT,Kolkata,8,797386,58,41.0,4,5.0,7.4,30.9,97.23,20,2025-05-31
33,26,Male,IT,Hyderabad,7,1433258,63,40.4,6,7.0,13.2,19.3,107.51,10,2021-01-07
34,25,Female,Marketing,Hyderabad,4,657218,75,36.3,4,6.0,7.8,23.5,222.69,0,2020-07-09
35,30,Female,Marketing,Jaipur,8,729944,84,37.7,4,7.3,4.5,30.8,191.09,25,2022-09-18
36,31,Other,IT,Bengaluru,12,533574,88,40.6,6,7.5,4.1,24.9,200.45,0,2023-03-21
37,31,Male,Sales,Jaipur,10,886544,86,43.4,5,8.6,35.7,30.5,85.0,20,2024-04-14
38,23,Female,Sales,Jaipur,4,1014391,81,45.5,4,10.0,1.3,28.3,308.83,10,2023-09-14
39,38,Male,Sales,Jaipur,19,542172,78,39.9,2,7.4,3.2,23.3,46.98,20,2023-09-16
40,34,Female,Finance,Hyderabad,11,620118,68,42.9,4,5.9,1.6,23.1,286.41,10,2022-10-21
41,24,Male,Sales,Chennai,5,473372,72,41.1,4,6.7,17.4,24.1,327.47,30,2024-03-28
42,37,Male,Operations,Kolkata,17,554708,85,38.1,3,5.6,4.8,17.6,198.48,15,2024-07-24
43,33,Male,Marketing,Kolkata,10,872496,72,48.2,2,5.7,7.0,21.2,79.91,5,2025-03-14
44,29,Female,Sales,Bengaluru,9,477335,95,40.9,3,7.4,35.3,22.9,179.53,25,2021-08-20
45,26,Male,Operations,Delhi,6,948720,74,33.6,8,6.6,6.4,31.5,371.91,30,2020-01-06
46,31,Female,IT,Delhi,12,521593,83,36.6,5,9.8,47.4,21.2,97.02,30,2024-05-07
47,27,Female,IT,Kolkata,7,1033601,79,50.8,4,9.7,4.8,31.9,78.94,15,2023-08-23
48,39,Male,HR,Jaipur,20,1260106,79,42.9,4,5.0,7.0,18.5,106.74,5,2021-05-15
49,22,Male,Sales,Kolkata,0,864535,72,39.3,3,9.7,27.8,24.9,186.37,15,2025-04-19
50,26,Male,IT,Hyderabad,6,884834,85,43.5,6,2.8,4.2,18.8,87.87,25,2024-05-12
51,32,Female,IT,Hyderabad,13,1212990,71,42.6,3,7.0,17.5,31.2,186.1,0,2025-01-24
52,31,Male,Sales,Delhi,11,1134733,72,45.5,5,3.1,9.1,21.9,36.01,15,2025-06-04
53,37,Male,Operations,Mumbai,16,2466412,59,50.3,9,9.7,5.5,23.0,160.72,25,2024-03-13
54,28,Male,Sales,Pune,7,640256,63,33.2,1,5.9,14.5,21.1,178.49,0,2025-04-21
55,58,Female,Sales,Delhi,35,970280,82,38.3,6,8.6,21.5,20.7,1057.7,10,2020-03-08
56,30,Female,Operations,Mumbai,10,2154906,68,46.8,4,6.4,35.7,34.9,216.59,5,2023-08-07
57,19,Male,IT,Delhi,0,1593275,54,42.8,3,7.4,17.9,21.8,312.94,10,2024-10-24
58,56,Male,Marketing,Pune,37,1546835,72,45.2,6,6.9,6.6,26.6,137.99,20,2020-08-11
59,27,Female,Sales,Hyderabad,8,469502,77,29.6,6,6.3,28.9,20.2,169.01,10,2023-07-02
60,26,Female,HR,Hyderabad,5,1963699,65,35.5,5,6.8,7.2,21.8,98.29,15,2022-03-27
61,29,Male,Marketing,Delhi,9,732519,77,39.8,2,7.4,37.7,25.5,181.82,15,2021-12-25
62,46,Female,Operations,Hyderabad,26,971461,58,38.2,3,7.1,22.4,26.4,84.47,20,2021-04-08
63,38,Female,IT,Pune,19,1049643,56,36.3,3,7.3,5.2,15.5,102.3,25,2022-03-31
64,44,Female,Sales,Kolkata,21,627701,81,38.0,5,6.4,1.0,23.8,59.61,25,2020-06-16
65,31,Male,IT,Bengaluru,11,834562,89,42.1,4,4.8,1.0,25.0,114.61,0,2021-02-22
66,31,Male,IT,Mumbai,9,600915,81,50.3,5,4.2,19.7,24.5,180.09,25,2023-08-04
67,29,Male,Operations,Jaipur,6,555802,77,47.5,1,6.0,5.0,26.6,122.01,20,2023-07-20
68,40,Female,Marketing,Delhi,19,500002,82,42.2,6,6.5,17.8,22.4,146.35,30,2023-04-01
69,18,Other,IT,Chennai,0,844210,82,46.6,2,8.7,4.5,26.1,142.33,30,2021-08-10
70,47,Female,IT,Jaipur,24,1881097,84,31.1,2,5.6,38.0,21.6,114.57,30,2021-12-04
71,36,Female,Sales,Jaipur,14,250147,74,35.2,4,7.3,1.0,18.5,183.67,10,2020-07-12
72,25,Female,IT,Delhi,4,587952,71,38.7,7,6.5,10.8,20.7,288.19,15,2023-08-10
73,36,Female,Sales,Chennai,17,1527681,57,46.3,5,9.5,2.0,41.8,55.62,20,2024-04-27
74,20,Male,Sales,Delhi,1,403528,70,39.6,4,9.0,1.0,20.8,91.15,15,2023-06-04
75,30,Male,Sales,Jaipur,10,1239948,91,44.7,4,7.3,8.4,17.6,135.74,5,2024-06-28
76,20,Female,IT,Mumbai,0,559024,62,40.6,2,7.3,29.0,23.0,319.87,15,2022-10-25
77,27,Male,HR,Mumbai,4,1168209,82,45.9,2,8.1,1.8,19.1,220.15,0,2025-01-29
78,38,Female,Finance,Kolkata,16,766004,78,45.2,6,7.5,1.4,20.2,421.9,0,2023-07-18
79,27,Male,Marketing,Chennai,5,1033977,74,42.3,7,8.7,8.5,26.5,121.25,25,2022-03-03
80,39,Male,Marketing,Bengaluru,16,1986004,74,41.2,2,8.8,20.2,25.9,133.1,25,2021-01-08
81,34,Male,Sales,Bengaluru,14,705390,71,45.3,3,6.6,12.5,24.7,30.38,0,2024-11-08
82,29,Male,HR,Jaipur,8,1859940,68,45.9,3,8.6,19.4,22.3,193.33,20,2024-08-11
83,35,Female,Sales,Hyderabad,12,566580,82,34.5,6,6.5,11.4,15.8,124.57,30,2025-04-25
84,44,Female,Marketing,Delhi,24,1315716,80,44.7,4,9.4,5.5,27.3,113.52,20,2020-11-10
85,24,Male,HR,Delhi,3,1049700,52,37.0,4,6.8,5.9,19.8,163.47,10,2023-12-12
86,18,Other,IT,Bengaluru,0,624528,86,49.0,7,8.9,22.4,27.7,112.85,0,2023-01-31
87,18,Female,IT,Delhi,0,624260,69,43.6,2,7.1,9.7,23.6,75.44,20,2020-09-22
88,30,Female,HR,Jaipur,9,797649,72,33.5,4,8.9,12.3,19.7,68.98,0,2024-08-29
89,36,Female,Sales,Bengaluru,14,531038,79,35.3,8,7.9,9.1,26.9,150.48,20,2020-11-11
90,38,Female,Marketing,Pune,19,1066647,87,42.5,4,5.1,8.3,27.4,180.35,10,2022-09-16
91,33,Male,Marketing,Pune,13,863325,93,44.8,6,7.8,53.1,21.8,115.11,30,2022-01-28
92,29,Male,Finance,Bengaluru,7,676928,74,43.0,5,4.0,8.3,26.2,74.83,15,2025-06-02
93,33,Female,Sales,Jaipur,10,675671,88,41.9,5,7.5,9.9,24.9,122.94,15,2022-10-29
94,23,Male,IT,Mumbai,4,1150719,78,35.0,7,6.5,1.8,24.5,108.21,15,2020-11-01
95,25,Male,Operations,Kolkata,4,712547,67,50.2,4,4.7,4.3,23.2,250.93,25,2020-08-12
96,43,Male,IT,Bengaluru,20,453384,73,40.8,2,7.5,13.7,22.6,119.66,25,2021-02-21
97,21,Female,Operations,Pune,1,876205,84,40.3,2,5.2,9.5,25.7,589.01,25,2023-08-10
98,35,Male,Sales,Hyderabad,15,722449,67,44.1,10,6.6,5.1,21.1,115.02,25,2023-01-17
99,18,Female,Operations,Hyderabad,0,1449472,94,54.0,6,7.6,9.9,21.7,115.21,25,2023-04-16
100,33,Male,Sales,Mumbai,14,1573289,78,35.2,6,8.2,2.7,21.3,303.1,25,2020-05-01
101,35,Female,Sales,Pune,16,1287451,72,44.7,4,8.5,8.2,24.4,163.81,5,2024-10-08
102,26,Female,Marketing,Hyderabad,3,752968,74,41.8,4,7.7,12.2,29.6,126.55,10,2020-06-26
103,30,Female,Finance,Pune,8,518354,77,41.8,6,5.7,1.0,19.4,85.09,15,2023-11-06
104,18,Female,IT,Hyderabad,0,1770509,74,39.6,6,8.4,14.5,24.2,348.57,20,2024-11-23
105,35,Male,IT,Mumbai,16,908966,63,47.8,5,6.1,1.5,28.8,72.47,0,2025-01-14
106,18,Male,Sales,Pune,0,711560,73,35.0,3,6.4,1.0,19.7,144.07,5,2024-04-23
107,40,Female,HR,Jaipur,20,665017,85,49.4,1,4.9,5.1,23.1,73.36,20,2020-09-17
108,32,Female,IT,Jaipur,9,1034794,67,39.1,2,6.3,33.3,27.1,194.75,30,2023-09-14
109,21,Male,Sales,Pune,0,1316652,83,35.0,5,5.3,16.8,26.4,208.74,10,2021-04-24
110,38,Female,IT,Chennai,17,820844,60,42.8,9,4.9,2.3,20.9,226.99,0,2025-06-14
111,26,Male,IT,Kolkata,6,530727,86,38.5,5,7.5,1.9,32.3,144.06,15,2025-06-05
112,24,Male,Sales,Mumbai,4,649213,81,50.6,3,4.6,2.5,19.6,398.49,20,2021-03-20
113,18,Female,Marketing,Bengaluru,0,880869,77,53.8,3,7.9,9.6,33.0,237.11,20,2023-08-21
114,29,Male,Operations,Jaipur,10,644731,81,42.3,3,8.6,1.0,19.5,171.15,25,2022-05-05
115,31,Female,HR,Jaipur,9,529790,81,30.6,3,6.6,7.4,18.0,217.13,5,2024-01-15
116,28,Female,Operations,Pune,9,1002901,73,43.0,4,7.3,1.0,28.8,136.7,25,2021-07-16
117,26,Female,Operations,Delhi,7,643530,73,43.8,5,7.5,6.1,21.6,120.38,20,2021-05-13
118,38,Female,IT,Pune,15,3758564,74,46.1,6,9.5,12.4,28.3,262.64,30,2023-11-18
119,39,Female,Operations,Hyderabad,16,1180394,67,47.2,3,6.5,2.1,25.5,49.8,10,2022-02-25
120,33,Female,Finance,Pune,10,392843,69,45.0,5,3.7,4.7,18.5,283.85,15,2022-10-01
121,34,Female,HR,Kolkata,14,2007052,87,48.0,6,8.3,12.1,29.7,215.22,0,2020-07-06
122,39,Male,IT,Mumbai,18,966598,75,44.1,7,6.6,10.9,25.9,111.8,10,2022-04-27
123,30,Female,Operations,Delhi,11,705251,77,40.8,3,7.6,4.3,27.3,236.52,5,2024-01-16
124,25,Male,Finance,Pune,3,1445169,65,46.3,4,5.6,23.6,30.8,95.74,15,2025-06-06
125,27,Female,Operations,Chennai,7,819848,89,35.4,7,5.4,13.7,21.7,449.41,15,2025-04-15
126,30,Male,Operations,Kolkata,9,734154,64,40.7,4,5.7,7.2,26.3,190.94,20,2022-11-03
127,47,Female,Finance,Chennai,27,2097552,65,39.3,1,7.0,2.2,30.4,195.62,25,2023-10-19
128,20,Male,Operations,Pune,0,1385112,54,44.9,5,7.3,7.5,28.3,272.51,5,2021-12-07
129,42,Female,HR,Mumbai,21,753071,74,46.0,2,5.6,1.2,24.0,227.68,0,2021-09-06
130,45,Female,Operations,Delhi,22,925144,79,49.4,3,5.5,19.2,26.5,176.76,25,2022-06-04
131,22,Male,HR,Pune,0,2491918,84,41.0,3,9.4,2.5,29.3,107.82,10,2023-10-05
132,39,Female,IT,Mumbai,18,1463843,65,36.4,8,6.4,1.1,29.8,117.38,25,2020-10-16
133,24,Male,IT,Jaipur,2,977949,74,36.9,2,6.4,1.0,28.5,393.86,15,2022-04-17
134,29,Male,Finance,Pune,9,427659,65,43.0,3,7.2,8.6,19.9,166.15,20,2024-08-13
135,42,Male,IT,Bengaluru,19,2507776,74,44.3,4,8.6,5.1,24.5,268.23,0,2024-05-07
136,35,Female,IT,Kolkata,16,676416,68,43.4,5,6.3,9.3,27.1,81.23,10,2023-03-18
137,31,Female,Sales,Kolkata,8,1245049,94,55.6,1,7.0,21.2,30.8,344.44,15,2020-10-18
138,27,Male,HR,Mumbai,7,3064311,71,35.2,6,5.0,24.4,24.9,581.39,30,2022-12-30
139,18,Male,Finance,Hyderabad,0,993870,90,38.6,7,6.8,1.3,23.4,257.59,0,2025-03-18
140,38,Male,Operations,Delhi,15,550889,66,45.1,3,5.9,1.0,19.5,240.44,30,2021-04-24
141,29,Male,Sales,Delhi,6,862333,76,37.0,3,9.2,14.2,30.0,145.6,0,2024-02-05
142,34,Male,Operations,Delhi,13,419665,70,37.3,2,7.7,2.9,27.7,185.84,5,2020-06-26
143,36,Male,IT,Kolkata,13,745739,71,40.9,6,5.3,18.1,21.3,544.35,25,2024-11-28
144,29,Male,Sales,Pune,10,648542,86,43.9,1,6.6,26.3,23.3,68.34,10,2020-09-27
145,21,Female,Marketing,Jaipur,1,912451,87,50.2,4,5.0,1.0,27.7,165.45,10,2020-06-20
146,29,Male,Operations,Chennai,7,2022516,86,36.5,6,6.2,22.5,18.4,132.59,20,2020-04-22
147,28,Female,Sales,Pune,6,976751,90,48.4,9,7.4,18.2,26.3,231.56,0,2021-06-22
148,30,Female,Finance,Pune,7,784673,62,35.5,5,4.9,3.1,21.6,151.43,30,2020-01-26
149,33,Male,Operations,Pune,13,1239391,86,31.5,3,4.9,3.8,27.7,75.03,20,2023-10-10
150,37,Female,Operations,Mumbai,18,1222597,71,49.2,2,5.6,4.1,25.5,461.8,5,2022-08-08
151,18,Female,IT,Bengaluru,0,6337170,94,48.8,8,9.2,22.7,24.6,194.74,20,2021-05-02
152,18,Male,IT,Bengaluru,0,1152265,87,46.8,3,7.6,1.7,25.4,169.73,5,2021-04-29
153,28,Female,IT,Chennai,8,1137343,93,38.5,5,5.8,1.5,25.6,79.48,15,2021-09-23
154,18,Female,Sales,Pune,0,351592,79,44.1,8,6.6,4.3,25.3,223.51,15,2024-10-16
155,20,Male,Sales,Delhi,0,1189498,79,43.3,5,5.1,33.3,28.1,53.31,30,2020-06-02
156,35,Male,Operations,Chennai,15,746307,75,50.6,8,5.8,5.2,27.3,267.82,15,2024-12-14
157,39,Male,Sales,Kolkata,20,537291,86,46.2,3,5.3,3.4,18.9,67.34,25,2022-01-05
158,19,Female,Operations,Kolkata,0,972267,77,41.9,5,6.5,7.7,31.6,105.41,5,2025-06-17
159,36,Female,Marketing,Pune,14,250000,81,43.1,1,7.5,4.6,27.1,219.83,20,2020-02-27
160,30,Female,IT,Bengaluru,11,1989181,66,46.7,1,7.5,11.0,24.8,58.21,10,2025-02-22
161,22,Female,IT,Chennai,1,1081924,63,44.6,5,5.6,1.0,23.9,279.72,20,2020-07-25
162,29,Male,IT,Jaipur,7,535183,82,40.2,4,6.2,1.6,30.2,320.46,30,2025-05-30
163,28,Female,Operations,Bengaluru,7,896045,72,40.5,4,6.2,12.1,27.4,286.32,10,2022-07-03
164,38,Female,Marketing,Pune,15,835467,75,47.1,5,8.0,5.6,22.0,209.13,5,2020-11-29
165,19,Male,Marketing,Mumbai,0,628706,80,44.7,5,7.5,10.8,23.4,188.06,0,2022-06-02
166,37,Male,Sales,Bengaluru,17,1577624,72,47.1,4,6.3,1.2,21.7,117.43,15,2020-11-10
167,33,Female,Marketing,Jaipur,10,628648,75,42.4,5,7.7,6.1,21.6,145.11,0,2023-08-07
168,28,Male,Marketing,Hyderabad,8,1635278,73,38.4,5,6.8,13.2,22.8,257.74,30,2023-04-22
169,33,Male,Operations,Jaipur,13,696320,78,38.7,4,8.9,8.7,25.6,53.56,5,2025-06-13
170,34,Other,HR,Kolkata,11,459951,81,44.8,8,6.6,1.1,17.3,170.74,30,2021-07-19
171,18,Female,IT,Kolkata,0,1017988,72,44.2,5,7.6,18.1,25.6,74.24,20,2023-06-01
172,28,Female,Sales,Kolkata,8,758827,76,52.2,6,9.8,1.0,20.4,239.7,10,2024-09-22
173,20,Male,Operations,Hyderabad,0,1269889,75,47.3,4,6.4,2.8,22.5,543.42,30,2022-11-23
174,42,Male,IT,Kolkata,23,1272851,61,48.4,7,9.0,3.8,21.4,293.98,25,2025-03-05
175,34,Male,Finance,Jaipur,13,1669180,76,38.0,4,6.3,10.2,26.1,240.16,10,2023-08-27
176,31,Male,Finance,Delhi,8,337545,76,41.5,4,9.1,6.6,23.3,123.4,10,2021-03-22
177,21,Male,HR,Chennai,2,528889,78,35.8,3,6.4,4.7,27.3,76.92,25,2021-09-03
178,36,Female,Operations,Kolkata,14,1477524,86,38.0,2,6.9,5.9,28.7,164.38,25,2023-12-31
179,34,Female,Operations,Hyderabad,14,1283488,87,47.4,1,7.8,19.8,26.7,208.91,25,2025-01-16
180,31,Female,Sales,Kolkata,10,692671,78,43.1,3,4.0,10.5,26.0,334.65,30,2023-10-26
181,28,Male,Operations,Bengaluru,5,772383,80,33.9,9,7.7,10.3,31.2,208.8,15,2023-07-21
182,25,Male,HR,Bengaluru,5,7377800,79,40.5,1,7.0,5.1,30.7,80.72,20,2021-09-18
183,40,Male,Operations,Chennai,19,873102,91,35.0,6,9.3,1.0,20.5,150.82,25,2023-08-25
184,35,Female,IT,Pune,14,811371,65,38.2,2,6.1,14.3,24.9,181.74,25,2020-07-25
185,29,Male,IT,Mumbai,10,412832,68,35.1,4,5.0,21.4,20.1,320.25,15,2021-08-27
186,38,Male,IT,Bengaluru,16,1049164,85,49.5,5,4.6,1.3,24.0,108.18,10,2021-06-24
187,29,Female,Operations,Chennai,7,1103094,76,43.4,3,9.8,13.1,26.7,88.48,15,2025-05-10
188,21,Male,HR,Mumbai,0,675633,60,31.6,7,7.7,19.1,19.0,82.29,20,2022-09-15
189,36,Female,IT,Pune,14,877323,60,48.7,1,6.5,12.8,25.0,165.72,25,2023-03-03
190,36,Female,Finance,Mumbai,15,863429,99,34.7,6,8.7,26.7,30.5,168.72,5,2022-11-01
191,42,Female,Sales,Bengaluru,20,910774,59,40.0,6,7.2,7.0,23.0,162.89,15,2022-07-04
192,23,Male,Sales,Pune,0,1790945,100,46.1,1,5.7,20.9,25.5,71.31,20,2022-08-26
193,31,Female,Sales,Bengaluru,11,1507327,65,46.7,5,6.5,27.3,25.9,143.57,25,2024-01-17
194,27,Female,Sales,Kolkata,5,627410,79,44.0,8,9.0,13.4,26.1,134.81,20,2020-10-02
195,33,Male,IT,Jaipur,10,368248,74,49.7,3,5.6,6.5,31.9,216.05,5,2021-07-14
196,27,Male,Finance,Kolkata,6,956114,80,33.7,2,6.0,9.7,30.5,103.8,25,2021-08-18
197,26,Female,Operations,Delhi,4,770767,54,34.3,4,5.1,13.2,25.1,107.1,30,2022-12-29
198,29,Male,Finance,Delhi,6,389016,93,43.6,5,6.7,1.0,22.4,216.66,20,2020-03-07
199,27,Female,Operations,Bengaluru,8,351855,83,41.7,2,6.5,31.3,30.2,305.88,20,2020-04-20
200,39,Female,Operations,Jaipur,20,1409102,75,47.3,1,5.0,18.0,22.9,295.22,5,2023-10-30
201,51,Male,Sales,Hyderabad,32,981836,86,39.5,4,6.8,2.0,22.3,123.75,25,2023-06-14
202,36,Male,IT,Chennai,17,969538,67,29.6,4,5.5,5.2,23.4,484.36,10,2022-01-08
203,27,Other,Finance,Pune,8,513921,98,45.5,6,7.0,26.0,25.6,82.39,0,2022-03-01
204,32,Female,Operations,Chennai,9,887063,91,36.1,4,6.7,1.2,26.0,164.39,5,2023-10-04
205,29,Male,Operations,Kolkata,9,1127345,69,34.8,1,6.7,1.0,26.0,297.65,20,2024-08-09
206,33,Male,Finance,Chennai,13,970091,82,49.4,5,7.1,14.5,19.2,119.92,30,2025-03-12
207,25,Female,Finance,Delhi,2,1319563,78,41.8,1,6.1,40.4,32.5,438.8,0,2023-02-07
208,36,Female,Sales,Mumbai,13,1446909,71,39.2,8,5.9,2.1,20.7,102.14,30,2023-03-07
209,42,Female,Finance,Hyderabad,23,515655,59,40.2,3,5.6,3.2,29.2,118.26,5,2021-10-12
210,25,Male,IT,Chennai,4,620127,75,46.5,1,6.5,3.9,18.9,95.51,10,2024-12-02
211,24,Male,Finance,Mumbai,3,492770,76,47.4,1,7.5,1.0,23.5,54.88,0,2024-07-22
212,25,Male,Sales,Hyderabad,6,817783,69,24.4,3,7.4,15.9,31.3,100.36,20,2020-07-04
213,25,Female,Operations,Delhi,3,490649,82,42.1,3,7.6,15.8,22.9,212.93,10,2022-01-26
214,34,Male,Operations,Jaipur,15,1037245,89,51.0,2,5.3,5.7,22.0,110.76,30,2020-06-08
215,25,Male,Finance,Chennai,3,1057737,73,36.3,5,7.3,12.4,25.9,104.11,10,2023-05-17
216,32,Male,HR,Mumbai,10,689610,70,36.3,5,7.4,10.2,24.7,58.5,0,2024-12-29
217,30,Female,Operations,Kolkata,9,1071328,73,36.8,3,2.5,24.2,28.4,248.64,30,2024-04-20
218,37,Female,Sales,Jaipur,16,807587,88,40.4,4,3.7,13.8,23.3,351.63,5,2022-09-01
219,41,Male,Finance,Jaipur,22,927747,67,36.2,1,6.3,6.6,20.7,537.35,15,2021-04-14
220,41,Female,Marketing,Mumbai,21,404475,70,38.6,5,7.0,16.3,24.9,154.96,5,2023-11-09
221,35,Female,Sales,Hyderabad,12,1023544,65,41.6,7,6.2,9.6,26.1,161.22,20,2023-02-10
222,18,Female,Marketing,Delhi,0,1271674,78,46.5,2,7.5,6.1,26.9,103.61,25,2023-11-02
223,31,Female,Operations,Jaipur,8,584041,69,46.8,4,8.4,50.0,25.4,191.62,25,2025-05-27
224,18,Male,IT,Bengaluru,0,915800,61,48.8,1,4.7,11.5,24.1,198.42,25,2020-01-01
225,36,Male,IT,Kolkata,15,1846144,74,39.2,5,5.2,5.1,22.6,228.24,5,2022-07-20
226,42,Female,Sales,Mumbai,21,490254,69,37.4,4,4.4,3.5,22.8,136.46,15,2024-04-25
227,33,Female,IT,Pune,13,586298,84,38.2,5,6.2,6.4,17.7,108.31,25,2024-08-31
228,32,Female,IT,Mumbai,12,748834,83,39.0,4,8.0,32.0,30.5,44.59,5,2024-02-15
229,33,Male,Sales,Chennai,11,1247742,82,43.3,5,6.6,7.9,24.2,191.58,20,2024-11-14
230,32,Male,Marketing,Delhi,13,867790,81,50.4,6,5.2,2.3,28.3,131.42,0,2023-10-12
231,35,Female,Marketing,Delhi,14,849987,87,38.5,4,6.0,14.5,24.5,60.85,10,2022-07-12
232,34,Female,IT,Hyderabad,15,1267172,79,44.1,2,6.9,1.0,20.0,136.63,30,2023-07-15
233,20,Female,Marketing,Pune,0,857022,73,35.8,6,6.3,9.9,27.8,273.0,0,2022-04-23
234,44,Female,Sales,Delhi,25,683056,88,46.1,4,6.4,11.4,25.0,63.5,30,2020-12-09
235,21,Female,IT,Mumbai,1,594323,57,46.0,5,5.8,26.2,22.0,255.51,15,2022-04-27
236,40,Female,IT,Mumbai,18,880523,92,43.2,6,2.1,1.3,22.5,171.3,15,2021-09-25
237,34,Male,IT,Delhi,14,1359219,91,49.3,5,8.8,3.8,23.7,23.26,25,2023-01-09
238,37,Female,HR,Hyderabad,18,714098,87,46.8,3,6.3,1.0,25.7,165.66,5,2021-12-05
239,30,Male,Operations,Pune,10,1300972,87,42.9,1,8.2,6.9,32.2,60.8,25,2022-03-09
240,35,Male,HR,Hyderabad,12,1350803,68,40.2,8,7.5,12.2,27.5,177.17,20,2022-10-04
241,33,Male,Operations,Mumbai,10,857876,76,41.5,6,8.0,6.5,24.8,269.6,10,2022-08-07
242,32,Female,Operations,Pune,9,937425,72,41.5,6,7.0,1.0,28.4,46.56,0,2022-12-03
243,30,Male,IT,Chennai,10,1368998,69,46.4,7,5.7,5.4,24.9,140.03,30,2021-07-19
244,26,Male,Sales,Jaipur,4,1188748,69,40.9,3,6.5,41.9,21.2,199.31,10,2023-08-13
245,38,Male,Sales,Chennai,15,419740,85,43.8,2,9.1,8.0,30.9,136.92,25,2022-09-30
246,34,Male,Marketing,Delhi,13,726519,80,44.6,5,9.1,5.7,24.5,57.22,25,2025-06-03
247,25,Female,IT,Delhi,6,1017067,72,38.7,3,9.6,1.7,27.6,242.85,15,2021-01-27
248,41,Female,IT,Hyderabad,21,840591,82,45.4,5,6.9,20.7,16.1,193.68,25,2020-05-24
249,34,Male,Operations,Bengaluru,12,924552,71,38.8,4,8.1,6.4,30.5,48.76,10,2023-10-13
250,21,Male,Sales,Kolkata,0,960839,78,34.7,4,8.6,69.1,21.6,274.42,25,2022-05-31
251,36,Male,IT,Hyderabad,14,544753,67,38.5,6,9.1,1.0,30.8,65.15,25,2024-08-11
252,31,Female,IT,Mumbai,12,579027,87,46.6,5,7.3,1.2,31.8,42.72,25,2020-06-07
253,30,Female,Finance,Mumbai,8,1370430,57,38.5,4,9.4,5.1,26.9,262.46,30,2020-09-03
254,36,Female,Operations,Kolkata,17,653147,69,47.7,5,6.7,13.4,22.3,276.82,0,2021-03-30
255,20,Male,Sales,Pune,0,783579,82,38.3,4,7.1,2.6,19.9,116.66,20,2023-06-15
256,42,Female,Sales,Chennai,20,540400,74,39.4,2,7.5,12.8,27.9,209.51,10,2023-06-16
257,39,Male,Sales,Bengaluru,20,521504,58,43.5,6,7.5,2.7,29.3,154.92,15,2023-06-29
258,32,Female,HR,Pune,9,420318,69,41.9,5,3.5,1.0,26.6,244.8,25,2022-01-07
259,34,Male,Sales,Mumbai,14,977105,73,46.7,3,8.9,15.0,23.4,101.19,25,2020-11-17
260,45,Male,IT,Hyderabad,24,954623,76,44.7,2,8.8,1.1,21.0,204.33,5,2022-05-04
261,33,Male,Operations,Delhi,12,1055850,80,42.7,6,6.2,8.9,30.3,98.13,25,2020-08-30
262,39,Female,IT,Kolkata,17,2606608,92,46.1,4,6.9,2.5,22.2,198.55,20,2021-04-20
263,33,Male,IT,Jaipur,10,1535987,77,40.9,3,7.1,17.4,25.5,105.98,5,2024-03-31
264,34,Male,Operations,Chennai,14,700984,80,49.0,1,8.1,6.0,18.8,431.2,20,2022-12-11
265,25,Male,Finance,Pune,2,5488519,62,44.7,3,5.1,39.4,28.9,84.86,10,2024-05-03
266,37,Female,Marketing,Delhi,17,477809,65,35.0,5,4.3,9.5,20.2,127.48,0,2021-01-01
267,18,Male,Operations,Chennai,0,2028635,81,38.1,1,8.2,5.4,27.4,156.09,30,2025-06-20
268,18,Male,IT,Delhi,0,1040335,73,47.5,3,8.0,6.5,30.2,64.28,15,2021-08-14
269,30,Male,Operations,Hyderabad,8,895113,71,47.8,5,6.0,12.9,24.6,137.73,20,2023-05-14
270,49,Female,IT,Bengaluru,28,1017631,75,44.7,5,5.6,4.3,17.9,135.18,25,2021-08-05
271,23,Female,IT,Jaipur,4,250000,65,42.0,3,7.2,1.0,16.8,144.95,30,2021-07-16
272,29,Female,IT,Mumbai,7,922316,84,29.4,2,4.9,14.7,20.2,91.59,10,2022-12-12
273,23,Female,IT,Jaipur,1,1202578,68,38.9,5,7.3,11.8,24.5,131.34,20,2024-07-08
274,32,Male,IT,Mumbai,10,1119024,73,39.9,7,6.7,2.3,23.9,115.25,25,2022-09-08
275,45,Female,Finance,Chennai,23,934291,66,33.1,5,6.7,10.3,24.2,115.08,20,2024-09-21
276,38,Female,IT,Hyderabad,16,485658,86,40.8,3,7.1,36.1,28.9,98.68,0,2022-02-05
277,36,Male,HR,Jaipur,13,708703,58,44.4,4,6.5,17.6,27.8,1471.02,5,2024-01-23
278,40,Male,Sales,Pune,21,494952,77,39.4,2,4.8,4.5,23.7,168.46,5,2021-10-19
279,35,Male,Marketing,Mumbai,16,947355,82,41.6,6,5.9,34.4,23.5,312.72,5,2020-05-25
280,26,Male,HR,Jaipur,7,815716,94,43.3,4,6.1,11.9,16.4,213.53,10,2021-10-01
281,30,Female,Sales,Jaipur,11,1952401,80,40.0,4,6.2,17.5,29.8,84.24,5,2024-10-29
282,37,Female,HR,Chennai,16,867143,70,44.5,1,6.0,2.2,28.1,301.23,5,2022-11-06
283,44,Female,Marketing,Hyderabad,21,754565,86,37.0,4,8.5,5.0,23.9,330.5,30,2022-06-10
284,26,Female,Sales,Jaipur,4,775106,71,47.1,6,6.5,10.9,28.3,240.75,30,2022-02-15
285,27,Female,Sales,Pune,4,855045,87,42.3,2,6.0,25.2,25.4,55.05,25,2021-09-15
286,49,Female,Operations,Kolkata,28,591477,63,47.6,1,5.2,11.8,26.7,216.51,15,2023-01-21
287,34,Male,Sales,Chennai,12,883744,80,43.6,4,8.9,6.5,27.4,121.05,20,2025-03-20
288,28,Female,HR,Kolkata,9,1089711,77,40.0,6,7.1,6.3,29.2,161.69,0,2023-03-09
289,25,Female,Finance,Delhi,6,632623,76,41.2,2,6.1,12.0,22.6,249.48,25,2023-07-21
290,22,Male,Sales,Pune,3,823170,71,36.1,5,9.6,4.1,22.7,384.13,20,2021-06-17
291,41,Female,IT,Hyderabad,19,752212,79,44.5,2,7.7,1.7,21.9,30.71,0,2024-02-27
292,36,Female,IT,Chennai,17,1215984,78,43.4,3,7.9,1.1,21.7,74.02,15,2024-04-26
293,24,Female,Sales,Chennai,2,853508,84,45.7,5,10.0,3.2,21.6,204.45,10,2020-10-24
294,24,Male,Operations,Chennai,3,473364,72,49.4,4,6.4,1.2,27.2,194.72,30,2023-10-14
295,32,Female,IT,Delhi,13,779048,58,41.7,5,5.6,3.5,29.7,48.76,30,2021-03-20
296,43,Female,Sales,Kolkata,20,4254660,70,36.0,1,6.6,7.5,21.6,273.66,15,2023-11-18
297,44,Female,Marketing,Hyderabad,23,784425,65,42.8,3,6.9,8.1,28.8,465.29,5,2023-08-14
298,28,Female,Sales,Jaipur,8,417065,75,41.5,4,4.0,1.9,27.3,188.97,25,2021-11-06
299,41,Female,IT,Jaipur,22,2472369,67,33.1,6,10.0,20.4,24.7,143.74,10,2021-11-13
300,29,Female,Marketing,Chennai,6,1614114,65,46.9,6,8.4,2.5,25.5,185.02,0,2024-12-17
301,24,Male,Sales,Bengaluru,2,941633,62,40.2,5,7.8,65.8,20.7,206.15,25,2024-11-17
302,36,Male,Sales,Delhi,17,2050971,70,41.0,5,6.8,12.0,24.0,51.65,30,2023-04-25
303,46,Female,Finance,Bengaluru,23,418725,82,45.1,5,6.4,13.8,25.7,160.81,30,2021-03-12
304,33,Male,Sales,Kolkata,12,639366,61,44.4,6,8.8,12.0,29.8,128.93,15,2020-06-14
305,38,Female,IT,Hyderabad,15,1783541,75,34.2,6,5.8,6.4,20.8,477.46,0,2023-05-06
306,37,Female,IT,Chennai,14,909831,85,36.4,6,7.1,1.4,25.8,348.47,5,2023-10-04
307,35,Male,Marketing,Chennai,14,864376,73,34.2,2,6.1,1.0,24.0,152.5,5,2024-01-17
308,23,Female,Sales,Chennai,3,683295,79,42.3,5,8.0,1.0,32.5,164.56,15,2020-10-23
309,35,Male,HR,Bengaluru,13,691593,88,32.8,1,7.8,22.9,25.3,142.48,10,2021-03-26
310,41,Female,Operations,Bengaluru,22,250000,66,50.4,7,7.6,15.7,21.7,207.13,10,2022-06-08
311,18,Female,Operations,Pune,0,905115,64,40.7,5,7.8,1.2,18.8,149.21,30,2020-01-26
312,30,Male,Sales,Mumbai,8,555321,65,49.4,5,3.4,7.5,19.0,42.85,5,2024-06-05
313,40,Male,Operations,Chennai,17,1718071,64,37.9,4,6.1,13.8,23.3,180.78,0,2022-11-20
314,44,Male,Sales,Pune,21,944862,69,39.9,5,8.2,3.3,35.3,69.96,30,2023-04-03
315,41,Female,Marketing,Kolkata,19,713251,63,41.7,5,8.7,13.6,28.9,157.34,20,2022-01-23
316,38,Female,Sales,Mumbai,15,593419,52,51.4,7,3.9,8.8,24.7,180.55,25,2023-01-13
317,41,Female,HR,Hyderabad,21,920762,70,42.4,5,5.5,8.0,18.7,215.72,20,2022-06-30
318,23,Male,Sales,Jaipur,2,1231003,78,39.1,6,9.0,2.1,23.0,156.82,5,2024-09-14
319,28,Male,Sales,Chennai,6,792993,54,37.2,4,4.9,1.9,15.0,17.24,20,2021-09-09
320,34,Female,IT,Chennai,14,967498,76,49.4,9,6.1,41.9,32.7,353.44,25,2025-01-31
321,39,Female,IT,Delhi,16,643201,70,40.9,4,6.2,9.0,22.8,519.96,5,2020-02-16
322,46,Male,Operations,Jaipur,23,793548,84,39.2,7,6.0,4.0,27.3,228.75,15,2024-07-03
323,28,Male,IT,Mumbai,8,8054440,77,44.6,6,8.3,9.7,22.4,363.15,5,2021-02-12
324,36,Female,Finance,Hyderabad,17,980133,84,44.2,3,8.2,37.5,24.5,287.98,25,2023-09-25
325,39,Female,Operations,Pune,19,1415033,68,44.9,6,8.4,7.8,20.4,188.24,20,2024-02-10
326,19,Male,IT,Jaipur,0,629566,66,43.9,4,8.2,4.1,22.5,242.08,20,2021-01-31
327,33,Male,IT,Chennai,10,1104001,68,48.5,2,6.7,10.4,22.8,154.54,15,2022-04-23
328,23,Female,Sales,Bengaluru,0,2279712,93,43.8,2,7.5,29.7,20.6,70.0,25,2022-01-12
329,38,Female,Finance,Delhi,19,1229891,83,41.7,4,7.7,1.6,26.7,372.44,0,2020-02-08
330,35,Male,Sales,Pune,12,543223,58,31.3,5,7.6,11.0,25.7,167.9,25,2021-12-20
331,37,Male,Operations,Delhi,16,1073335,76,47.3,2,8.1,9.0,18.3,37.98,0,2025-06-16
332,30,Male,Operations,Delhi,11,614318,52,30.3,6,7.2,1.4,27.3,374.25,20,2024-01-18
333,39,Male,HR,Hyderabad,16,629771,77,38.3,1,4.3,27.0,27.9,259.13,15,2022-06-16
334,21,Male,Sales,Mumbai,0,602127,72,41.4,1,7.9,6.2,31.8,93.01,15,2021-07-24
335,34,Female,Marketing,Kolkata,15,909349,58,37.4,7,8.3,3.1,27.7,634.67,15,2023-10-20
336,37,Male,IT,Mumbai,18,927712,76,42.5,2,6.5,8.4,29.0,188.65,20,2023-01-24
337,46,Male,Operations,Jaipur,26,871478,76,40.1,6,7.8,14.7,21.9,148.49,25,2022-03-07
338,29,Female,IT,Jaipur,9,907664,75,32.3,5,9.0,5.2,23.5,309.32,0,2023-04-24
339,47,Female,Operations,Chennai,26,1716760,80,38.1,6,7.0,4.5,27.4,71.83,0,2022-08-01
340,28,Male,Operations,Jaipur,9,770923,66,29.6,1,7.2,13.5,22.8,106.81,30,2023-09-28
341,27,Male,Operations,Mumbai,6,757515,86,45.3,2,6.1,16.3,26.2,79.97,0,2023-03-06
342,35,Male,Marketing,Hyderabad,13,1081567,64,37.8,4,7.0,13.4,29.3,226.26,25,2023-12-11
343,27,Female,Sales,Jaipur,7,1084074,74,41.2,7,5.9,16.5,25.2,77.48,0,2023-07-22
344,35,Male,IT,Bengaluru,14,656638,84,40.0,5,5.1,6.9,25.6,175.51,5,2021-07-12
345,37,Male,IT,Pune,16,401885,80,47.6,4,8.2,5.4,22.1,179.25,30,2024-01-23
346,36,Female,IT,Hyderabad,17,1264150,68,39.8,5,8.2,19.7,18.8,108.38,5,2025-06-09
347,31,Female,Sales,Mumbai,12,620432,85,39.9,6,10.0,11.2,25.9,424.63,0,2023-11-15
348,43,Male,IT,Chennai,22,932331,67,48.2,3,10.0,31.5,25.0,277.54,30,2024-03-29
349,33,Female,Operations,Kolkata,11,878321,81,43.0,3,6.2,30.1,28.1,91.91,10,2022-11-02
350,40,Male,IT,Pune,21,580417,79,42.5,2,8.0,4.4,24.6,163.76,5,2022-11-23
351,29,Female,Operations,Chennai,7,639115,58,32.3,6,6.4,1.1,27.4,119.81,15,2025-04-18
352,38,Female,Operations,Bengaluru,15,412678,63,53.3,2,5.7,3.6,27.0,76.82,20,2020-08-28
353,42,Female,Operations,Bengaluru,22,651181,76,41.3,3,8.3,64.1,20.2,75.08,15,2021-01-04
354,29,Male,Operations,Jaipur,8,1170201,78,46.0,3,7.9,14.2,27.1,293.41,25,2022-05-16
355,32,Male,IT,Bengaluru,9,1154982,67,37.4,5,6.3,1.0,17.4,151.14,15,2023-10-06
356,18,Male,Sales,Delhi,0,1259487,94,30.5,4,6.2,1.5,24.1,244.24,10,2022-11-24
357,26,Female,IT,Delhi,5,1086561,94,31.4,3,7.9,7.6,25.4,78.31,0,2025-01-07
358,35,Female,Operations,Jaipur,14,1243375,73,32.3,5,7.6,2.2,22.6,151.87,25,2023-04-14
359,39,Female,Finance,Kolkata,16,898551,100,45.3,4,6.1,1.6,35.5,23.9,0,2024-09-10
360,32,Female,Operations,Jaipur,12,1079547,77,39.3,3,5.8,35.3,21.4,213.11,30,2020-04-09
361,35,Female,IT,Kolkata,12,374893,67,45.2,5,8.0,5.9,24.9,112.83,25,2020-11-11
362,39,Female,IT,Delhi,19,791961,82,40.6,5,6.1,11.0,26.5,72.26,10,2023-06-11
363,37,Male,Sales,Jaipur,14,955361,88,38.8,2,6.4,19.4,24.8,196.73,5,2022-12-07
364,23,Male,Sales,Mumbai,4,816348,80,36.9,4,5.8,17.6,28.7,125.45,30,2022-03-15
365,40,Female,Marketing,Jaipur,19,669186,77,39.2,3,4.6,1.3,19.6,155.43,0,2020-01-28
366,37,Female,Operations,Jaipur,17,1204409,85,39.0,8,5.8,1.1,18.1,94.3,30,2020-02-02
367,31,Female,Sales,Bengaluru,8,1186910,68,35.6,6,5.3,1.0,25.5,100.0,25,2022-06-30
368,41,Male,IT,Kolkata,21,1278306,72,42.6,5,8.4,10.9,19.2,162.3,15,2022-03-29
369,22,Female,Operations,Jaipur,3,951983,76,42.2,5,7.6,11.7,23.2,197.03,15,2020-02-12
370,39,Male,Marketing,Bengaluru,19,1230216,88,35.5,3,6.7,6.5,20.6,114.21,30,2020-11-27
371,28,Male,IT,Bengaluru,5,894321,69,45.2,6,8.4,3.6,24.5,187.04,30,2025-01-05
372,18,Female,HR,Mumbai,0,2223666,74,36.7,4,9.3,24.8,19.7,169.1,0,2025-03-12
373,46,Female,Operations,Mumbai,23,395151,69,42.7,4,7.7,4.1,23.3,132.79,25,2024-11-17
374,42,Male,Operations,Bengaluru,21,1185116,83,37.2,5,6.0,1.1,28.5,87.8,10,2023-07-13
375,30,Male,HR,Kolkata,11,725365,70,37.6,6,6.8,1.9,25.3,328.89,25,2020-11-05
376,35,Male,Operations,Hyderabad,16,448969,73,41.2,3,6.3,6.2,23.1,560.03,20,2024-06-02
377,26,Female,Operations,Kolkata,5,449705,67,43.6,1,6.4,8.8,16.4,158.23,20,2023-02-04
378,30,Female,Sales,Hyderabad,8,691947,83,42.5,8,9.1,1.6,26.2,68.06,15,2021-11-25
379,47,Female,IT,Bengaluru,28,1945779,73,39.6,6,6.6,3.4,19.8,98.13,30,2024-05-13
380,30,Male,Operations,Pune,10,708794,78,39.6,5,5.4,18.1,27.4,376.83,25,2022-05-17
381,45,Male,IT,Delhi,25,1085314,74,43.6,5,7.5,2.9,23.0,134.62,20,2022-01-26
382,36,Male,Sales,Hyderabad,16,669780,72,44.8,5,8.3,1.0,28.7,148.04,10,2020-05-18
383,38,Male,Marketing,Chennai,19,1384649,67,43.1,2,5.3,7.2,24.4,101.34,10,2020-07-01
384,36,Female,HR,Chennai,16,2085457,60,29.8,3,4.6,14.7,21.4,161.15,20,2020-06-23
385,36,Female,IT,Bengaluru,17,1730413,87,42.0,2,7.8,21.9,31.7,164.04,20,2023-05-27
386,28,Male,Operations,Kolkata,8,931922,87,42.5,5,8.9,4.0,23.9,36.63,5,2021-09-20
387,44,Male,IT,Pune,21,1354588,70,41.0,3,7.4,3.3,23.7,170.96,20,2024-03-20
388,18,Male,Sales,Kolkata,0,2973396,74,43.1,5,5.1,1.3,22.7,326.19,5,2021-09-15
389,25,Female,Sales,Chennai,6,2004247,70,39.1,4,8.5,11.6,15.1,181.25,0,2025-03-26
390,38,Male,Operations,Chennai,17,1297694,71,43.9,3,6.4,1.1,24.2,500.5,25,2023-02-13
391,49,Female,IT,Chennai,27,1122157,74,51.0,1,6.6,38.3,27.0,181.24,15,2024-04-10
392,30,Female,Finance,Jaipur,7,787713,77,39.8,3,6.9,7.5,24.0,336.67,5,2024-03-01
393,39,Female,Sales,Hyderabad,18,444664,76,43.3,3,6.9,49.8,24.2,176.08,10,2023-03-11
394,28,Female,IT,Delhi,6,571847,74,44.4,5,7.3,18.3,29.3,56.02,25,2023-10-20
395,27,Male,Operations,Kolkata,8,521635,73,34.4,1,5.4,25.8,29.7,101.29,15,2022-12-26
396,32,Female,Marketing,Pune,10,1343755,75,45.6,4,8.9,1.0,26.7,139.61,30,2023-07-06
397,47,Male,Sales,Chennai,25,918089,67,46.6,1,5.7,1.2,22.0,140.85,0,2025-02-20
398,39,Male,IT,Jaipur,16,848788,76,48.5,5,9.8,6.2,27.0,184.13,30,2023-05-12
399,35,Female,HR,Mumbai,15,1342761,61,35.7,8,7.2,10.9,26.2,71.64,25,2022-11-08
400,32,Male,HR,Pune,13,263022,85,46.0,5,5.8,17.9,32.2,88.74,10,2021-08-19
401,32,Male,IT,Bengaluru,13,1453216,75,32.5,4,8.0,18.5,32.8,91.8,25,2023-11-17
402,43,Female,Operations,Chennai,22,558150,73,38.1,3,8.0,1.0,25.2,103.57,20,2021-03-12
403,33,Male,Operations,Kolkata,12,802764,91,48.1,10,7.9,2.6,26.7,218.5,0,2025-06-20
404,38,Male,Sales,Delhi,16,579817,76,38.6,7,8.2,3.3,23.2,383.79,20,2024-06-24
405,49,Female,Sales,Delhi,26,774426,74,42.9,3,8.1,1.0,24.1,173.8,20,2021-08-25
406,34,Male,IT,Delhi,11,1311685,66,49.8,1,4.8,1.0,25.6,155.44,25,2024-03-18
407,23,Female,Sales,Jaipur,3,667709,74,40.7,2,6.6,3.0,23.9,128.54,15,2023-03-16
408,41,Male,IT,Mumbai,20,912929,91,40.3,7,5.7,8.3,26.1,138.23,0,2022-01-05
409,38,Female,Finance,Hyderabad,19,674790,70,44.0,4,6.1,13.8,31.5,68.17,5,2024-10-17
410,33,Male,Sales,Chennai,12,756870,58,43.1,3,5.2,17.2,25.3,82.39,5,2024-01-21
411,32,Female,IT,Jaipur,13,1249448,63,41.0,2,7.3,2.8,18.4,133.49,10,2020-10-11
412,29,Female,Finance,Chennai,6,1144536,72,39.2,6,5.7,1.0,23.7,93.56,20,2025-02-14
413,20,Male,Sales,Kolkata,0,992513,62,42.9,5,7.6,9.7,25.5,147.85,0,2025-02-09
414,39,Female,Marketing,Jaipur,17,829448,73,47.7,5,5.3,1.0,23.5,92.86,15,2024-08-02
415,30,Male,IT,Bengaluru,11,600740,64,34.4,4,9.6,7.4,20.1,202.13,10,2023-08-16
416,39,Female,HR,Delhi,18,1056203,67,39.3,5,5.7,1.2,19.3,185.76,30,2020-11-19
417,31,Male,IT,Bengaluru,10,1132786,88,46.3,3,7.1,18.1,19.8,134.27,5,2022-11-02
418,34,Female,HR,Bengaluru,14,529182,75,41.4,5,8.7,3.3,26.6,83.77,20,2024-02-27
419,30,Male,IT,Chennai,7,1720835,77,45.5,7,9.0,8.9,26.2,245.37,0,2022-03-10
420,29,Female,Sales,Bengaluru,10,720719,64,46.4,4,8.4,2.6,24.3,187.49,0,2024-06-20
421,39,Female,Sales,Chennai,17,3896916,62,38.9,7,6.0,1.3,25.8,102.67,25,2024-07-27
422,31,Male,Sales,Hyderabad,8,966627,88,42.6,2,6.0,5.9,29.5,94.87,30,2024-12-15
423,24,Male,Sales,Jaipur,4,545482,49,36.7,6,7.2,27.3,30.0,70.8,30,2021-05-13
424,30,Male,Finance,Kolkata,9,2029709,72,42.4,5,6.9,3.9,20.9,278.05,20,2024-06-09
425,44,Male,IT,Chennai,23,1093640,72,40.1,6,6.1,11.9,24.2,62.12,5,2020-04-16
426,30,Male,Sales,Bengaluru,8,1158234,70,42.2,5,7.0,3.4,27.0,100.5,25,2021-02-16
427,31,Male,Operations,Kolkata,8,913979,92,44.7,6,8.1,1.0,18.1,65.0,30,2025-01-30
428,42,Male,IT,Kolkata,20,704682,68,36.6,5,8.1,2.0,27.9,150.39,15,2022-04-08
429,49,Male,HR,Mumbai,28,1527623,64,40.8,5,7.6,3.5,28.5,152.93,25,2022-01-24
430,29,Male,IT,Pune,9,1045751,61,46.2,4,7.8,3.4,23.7,190.5,5,2020-01-26
431,35,Female,HR,Mumbai,15,634599,77,38.8,4,5.7,12.9,34.4,126.0,15,2024-03-21
432,42,Female,Sales,Chennai,19,369265,63,43.6,3,7.9,8.1,24.6,129.75,10,2024-02-10
433,28,Male,IT,Delhi,6,961189,77,39.6,4,7.0,2.6,17.2,74.41,0,2024-11-13
434,30,Male,HR,Chennai,7,4290255,71,45.6,5,7.0,10.5,24.0,153.51,20,2022-12-01
435,46,Male,Finance,Kolkata,26,754071,73,38.1,7,6.0,11.3,27.6,283.79,30,2024-12-23
436,34,Male,Operations,Bengaluru,11,1136948,73,37.3,7,8.7,37.9,35.3,129.0,30,2024-02-15
437,29,Female,Finance,Mumbai,10,1724955,84,35.1,8,6.8,5.8,22.8,219.99,30,2022-12-01
438,42,Female,Sales,Mumbai,23,1215528,62,39.6,7,6.3,13.0,25.2,106.95,30,2025-04-17
439,31,Male,Operations,Chennai,11,672912,71,49.0,3,7.6,1.8,23.3,170.74,0,2024-06-17
440,27,Female,IT,Chennai,8,1208379,56,36.3,7,4.3,19.8,21.5,108.73,0,2020-08-16
441,44,Male,IT,Chennai,22,633233,83,45.0,6,6.2,5.9,23.1,106.4,30,2023-10-23
442,36,Male,IT,Pune,17,1514551,72,36.6,4,6.3,13.1,23.2,426.12,20,2021-10-17
443,24,Female,Marketing,Jaipur,1,349251,100,39.6,3,8.0,16.0,23.4,576.97,10,2024-07-27
444,24,Male,Finance,Jaipur,1,753161,58,50.4,4,6.7,23.3,22.0,132.27,30,2024-06-08
445,20,Male,Finance,Delhi,0,1326688,66,36.6,5,7.7,5.4,30.0,187.3,0,2020-07-15
446,27,Female,Sales,Chennai,4,1060884,83,31.0,2,7.1,14.0,29.1,98.93,30,2023-10-05
447,25,Female,Marketing,Chennai,5,398908,60,44.5,5,7.3,52.4,29.8,140.01,0,2024-06-14
448,26,Male,Marketing,Chennai,6,1190348,69,52.1,6,8.9,9.2,25.1,281.17,20,2024-09-10
449,22,Male,IT,Mumbai,0,516717,66,44.9,7,7.6,2.8,26.0,67.6,30,2024-03-22
450,54,Female,Marketing,Delhi,35,1843116,81,31.3,7,6.1,10.3,20.8,228.46,10,2023-05-26
451,27,Male,IT,Pune,4,995235,73,43.6,6,8.4,1.0,28.5,99.75,5,2022-03-30
452,18,Male,Operations,Bengaluru,0,616749,81,49.3,6,7.9,6.5,19.6,139.84,20,2021-05-21
453,36,Male,IT,Chennai,13,754117,77,39.0,3,7.0,5.7,25.1,326.09,0,2024-05-22
454,37,Female,IT,Mumbai,16,1688171,72,34.4,4,7.7,35.1,23.0,126.1,25,2023-10-20
455,42,Male,Operations,Delhi,23,1455467,72,41.6,8,5.9,30.1,23.2,188.31,30,2021-05-25
456,29,Other,Sales,Jaipur,9,345939,65,38.0,4,7.5,23.4,21.4,325.93,10,2024-09-27
457,35,Male,Operations,Pune,13,514657,77,45.5,5,6.2,1.6,20.1,127.08,10,2021-05-15
458,44,Male,IT,Jaipur,25,1671020,74,49.3,4,9.6,8.7,28.0,336.11,15,2020-12-15
459,30,Female,Operations,Mumbai,8,1063581,78,40.6,7,10.0,8.7,20.1,141.52,0,2020-01-11
460,25,Male,Marketing,Jaipur,5,1516958,87,44.0,7,9.6,3.5,24.8,142.94,10,2022-05-27
461,40,Male,Sales,Jaipur,19,831166,67,44.5,6,7.3,1.0,27.0,98.18,0,2020-11-24
462,23,Male,Sales,Jaipur,2,507057,53,44.4,1,3.6,22.2,24.4,131.91,0,2024-06-11
463,37,Female,Sales,Pune,18,838021,75,40.0,3,7.1,2.0,21.5,152.33,30,2020-08-23
464,49,Male,IT,Jaipur,27,1229562,50,39.5,1,9.0,12.1,24.2,108.81,0,2021-07-14
465,51,Male,Sales,Pune,31,619029,73,37.5,6,6.6,1.4,25.1,200.31,0,2021-01-07
466,35,Male,Sales,Mumbai,14,890951,75,38.5,5,5.9,17.7,19.2,82.73,30,2022-01-10
467,32,Female,HR,Bengaluru,13,396261,61,40.2,4,10.0,25.9,27.2,224.85,15,2025-03-10
468,48,Female,Marketing,Bengaluru,29,549251,88,39.2,4,9.0,22.5,20.2,164.98,10,2022-07-07
469,30,Male,Sales,Pune,10,1495850,71,44.0,6,10.0,2.5,28.5,284.79,20,2024-11-17
470,29,Male,IT,Kolkata,9,673198,74,38.8,5,6.0,18.8,16.7,128.21,20,2021-06-14
471,31,Male,IT,Pune,10,738420,81,37.9,4,10.0,54.7,28.1,107.0,25,2021-12-12
472,18,Female,Sales,Hyderabad,0,1022316,55,41.1,2,8.1,3.0,17.7,428.36,30,2024-05-12
473,42,Male,Operations,Bengaluru,22,587415,70,43.4,3,7.0,3.2,22.2,216.93,15,2020-07-10
474,24,Female,Sales,Delhi,2,655845,75,41.4,4,6.6,1.0,23.5,165.92,30,2020-01-25
475,26,Male,Sales,Pune,3,3910893,69,47.8,7,4.3,23.0,22.6,239.72,15,2020-11-12
476,33,Male,IT,Pune,12,950405,87,45.3,6,7.3,6.7,24.0,52.32,5,2025-03-02
477,38,Other,Finance,Bengaluru,15,675704,68,52.0,7,10.0,27.1,20.3,170.97,20,2021-11-16
478,23,Female,Operations,Hyderabad,1,4295412,66,40.6,5,7.1,1.9,22.3,114.5,15,2024-07-26
479,42,Male,Sales,Delhi,21,706485,80,44.0,6,4.7,4.9,28.2,368.47,5,2022-02-23
480,24,Female,Finance,Bengaluru,5,780126,80,37.1,6,7.0,3.2,18.3,74.73,30,2024-10-05
481,42,Female,Finance,Kolkata,21,816670,61,42.4,8,5.4,13.0,29.0,129.03,0,2020-01-26
482,19,Male,IT,Delhi,0,691858,67,41.9,1,7.5,4.1,18.5,150.52,30,2022-05-17
483,26,Male,IT,Hyderabad,7,1909036,56,40.7,2,7.5,3.0,29.9,41.63,20,2023-05-24
484,41,Female,Finance,Kolkata,21,1746056,59,43.4,3,7.5,11.1,25.5,91.98,0,2021-03-09
485,21,Male,Sales,Pune,0,952482,65,42.1,5,6.5,1.2,24.6,150.05,15,2024-01-26
486,30,Female,Marketing,Mumbai,7,785855,79,33.4,4,8.2,1.0,29.6,105.46,25,2023-09-01
487,41,Female,Finance,Chennai,22,586142,87,39.5,5,9.3,13.8,26.1,223.11,30,2025-06-07
488,37,Male,Sales,Hyderabad,17,801551,54,44.1,6,7.2,7.7,21.4,179.58,0,2025-06-13
489,30,Female,HR,Delhi,9,1035434,73,36.4,5,5.6,25.2,26.8,406.19,20,2020-01-17
490,35,Male,Sales,Mumbai,15,1099886,78,43.7,9,4.3,1.4,22.9,103.7,15,2024-04-22
491,25,Other,Marketing,Jaipur,2,521398,79,43.9,8,7.8,2.9,23.8,202.69,30,2022-01-10
492,38,Female,Sales,Kolkata,16,810741,48,41.1,7,8.3,13.3,21.0,34.79,0,2025-01-06
493,38,Male,Sales,Kolkata,17,514931,69,35.8,5,7.9,26.9,19.9,48.99,20,2023-06-16
494,40,Female,Sales,Delhi,19,1796852,86,37.6,5,6.2,34.4,12.8,410.02,25,2025-06-08
495,31,Female,HR,Delhi,9,682240,73,39.2,4,8.4,5.4,23.4,111.77,30,2024-11-12
496,39,Male,HR,Kolkata,19,626570,83,33.6,4,7.9,9.4,29.3,68.28,25,2023-10-25
497,26,Female,Operations,Mumbai,7,375954,78,51.1,4,5.5,16.7,27.0,130.74,0,2023-09-29
498,30,Female,IT,Mumbai,8,1551288,85,43.9,7,6.3,1.0,18.2,127.02,10,2021-07-02
499,37,Male,IT,Kolkata,17,952386,69,43.1,5,7.9,6.7,29.1,164.83,20,2023-08-12
500,30,Female,HR,Kolkata,11,1717731,77,45.1,4,9.2,8.4,28.7,280.85,30,2024-04-09
501,28,Male,Sales,Mumbai,9,1149464,69,46.5,6,6.1,1.0,15.8,93.77,5,2022-07-18
502,23,Female,Sales,Hyderabad,1,2226280,62,45.3,8,7.0,1.0,25.8,95.4,10,2025-01-06
503,34,Male,Operations,Mumbai,13,782189,78,40.9,5,7.3,1.0,22.1,69.84,20,2024-10-16
504,54,Female,Finance,Pune,33,1353422,80,46.5,7,8.8,2.0,25.2,97.26,5,2020-06-19
505,30,Male,Marketing,Mumbai,9,482628,51,38.3,7,5.5,2.6,24.2,51.16,25,2021-07-29
506,36,Female,Marketing,Jaipur,17,996749,73,37.0,5,8.2,2.7,27.0,34.05,30,2020-05-11
507,18,Male,Marketing,Chennai,0,1367170,81,40.0,5,7.0,5.6,27.3,88.03,0,2021-10-14
508,28,Female,Finance,Bengaluru,6,1062775,60,37.4,4,6.6,25.8,29.9,301.75,30,2022-06-10
509,30,Female,Sales,Pune,8,634146,82,47.2,4,5.5,4.0,28.0,419.18,0,2025-02-10
510,28,Female,Sales,Pune,8,785089,76,41.5,5,6.6,5.1,27.8,149.0,10,2023-11-27
511,42,Female,Operations,Mumbai,19,580943,73,43.5,5,7.5,27.9,26.8,37.37,0,2025-03-28
512,32,Female,Sales,Mumbai,9,1293688,71,41.3,8,8.8,1.5,22.1,120.59,20,2024-12-23
513,43,Female,IT,Bengaluru,23,1547981,57,35.5,3,7.2,4.2,27.6,56.71,30,2021-05-11
514,25,Male,IT,Jaipur,3,687695,61,42.8,5,5.5,23.5,21.9,221.46,15,2023-09-04
515,38,Male,Sales,Jaipur,16,1174505,84,46.0,3,7.7,24.5,27.4,179.42,0,2024-03-05
516,34,Male,Sales,Jaipur,14,955800,76,40.5,5,5.7,4.9,27.1,136.3,0,2023-08-21
517,19,Male,Marketing,Hyderabad,0,766274,90,36.3,4,8.0,1.0,23.8,78.21,0,2022-12-25
518,37,Male,IT,Kolkata,18,1343188,79,48.5,6,7.3,4.1,20.9,217.71,0,2021-01-14
519,20,Female,IT,Bengaluru,0,612198,74,45.6,7,9.2,6.7,23.1,240.77,30,2024-10-13
520,40,Male,IT,Bengaluru,20,729951,75,40.5,5,7.1,1.3,17.6,240.21,15,2024-02-13
521,27,Male,Marketing,Chennai,7,937629,85,40.6,6,8.0,3.8,20.7,158.51,5,2022-04-20
522,40,Male,Marketing,Kolkata,18,2227967,63,36.8,7,3.4,9.0,27.7,70.66,10,2022-03-11
523,18,Male,Marketing,Chennai,0,1523138,62,43.3,4,6.6,1.0,26.1,221.67,10,2023-07-01
524,28,Female,Marketing,Pune,8,1198751,72,38.6,5,8.4,21.6,24.6,157.61,20,2020-11-13
525,45,Male,Operations,Mumbai,23,1404262,70,41.7,5,5.9,28.1,27.1,169.26,15,2023-10-22
526,43,Male,IT,Delhi,21,726437,62,39.1,5,6.1,18.3,25.1,219.38,20,2022-06-24
527,29,Male,Finance,Kolkata,8,1128128,63,47.4,4,9.2,10.4,20.6,106.28,20,2024-12-02
528,29,Female,Sales,Jaipur,9,871242,91,45.6,1,8.0,4.9,19.4,83.64,15,2023-11-15
529,31,Female,IT,Pune,12,3890529,78,40.2,2,8.7,2.0,21.0,240.0,0,2024-07-07
530,20,Male,Sales,Mumbai,0,906643,76,38.3,4,6.5,2.4,28.9,79.31,15,2024-10-25
531,30,Male,IT,Bengaluru,8,964093,70,45.9,7,5.1,8.2,15.7,199.17,25,2024-06-26
532,39,Male,Sales,Mumbai,19,586015,81,41.3,4,6.7,28.5,23.7,367.2,25,2022-07-27
533,29,Female,Finance,Bengaluru,8,822462,100,37.4,7,5.6,5.0,29.6,423.7,10,2024-05-26
534,33,Female,Sales,Jaipur,13,1202148,66,38.0,6,7.3,1.7,19.7,99.67,15,2020-05-18
535,48,Female,Sales,Jaipur,26,2193723,80,47.2,4,7.7,26.8,23.0,236.2,0,2020-05-06
536,29,Male,HR,Pune,6,1151583,71,45.9,4,6.1,3.5,23.3,137.08,5,2024-02-28
537,40,Male,Sales,Mumbai,18,1445873,90,44.6,8,6.4,2.5,24.1,200.58,30,2021-02-28
538,24,Female,Marketing,Delhi,3,1941077,70,43.7,2,8.3,1.3,28.0,149.79,20,2021-11-08
539,47,Male,Operations,Chennai,26,1337638,77,51.2,6,5.5,1.0,24.5,188.54,15,2025-04-02
540,38,Male,Sales,Bengaluru,15,486659,71,37.7,7,9.0,25.3,21.8,111.84,20,2025-01-26
541,21,Male,Marketing,Kolkata,0,437293,62,36.4,3,6.9,1.0,25.7,153.4,15,2022-09-05
542,27,Male,Sales,Bengaluru,5,1538143,93,32.3,4,9.4,14.3,26.7,132.21,5,2020-08-24
543,18,Male,Marketing,Pune,0,472467,83,42.2,5,7.7,1.0,19.9,114.17,0,2020-09-16
544,26,Female,Marketing,Bengaluru,5,714815,78,44.6,4,10.0,2.8,28.9,465.45,30,2021-03-27
545,26,Male,IT,Bengaluru,5,1223986,77,38.1,4,8.9,11.7,20.8,112.85,5,2024-09-19
546,38,Male,Sales,Delhi,19,740166,73,45.6,5,9.8,3.8,25.5,170.8,0,2020-05-02
547,31,Male,Sales,Jaipur,11,586503,88,45.3,5,6.4,5.1,29.2,220.59,10,2024-01-26
548,37,Female,IT,Pune,17,942909,65,44.2,2,7.1,38.7,21.4,73.66,10,2020-06-24
549,46,Male,Marketing,Hyderabad,25,2839797,74,37.3,7,8.4,4.6,28.2,111.66,15,2020-02-05
550,24,Female,Finance,Bengaluru,3,2106421,79,36.5,6,6.9,3.6,31.5,148.99,5,2020-10-27
551,41,Male,Sales,Jaipur,19,1076055,64,40.7,4,6.9,13.6,27.6,264.98,25,2020-04-01
552,27,Male,Finance,Mumbai,4,514038,69,42.4,6,5.1,1.9,18.1,64.57,10,2025-06-20
553,23,Male,Operations,Pune,3,1463356,82,42.8,5,5.0,5.1,24.2,267.4,20,2023-03-22
554,24,Female,IT,Pune,5,920924,63,36.3,3,4.1,4.8,20.5,100.12,0,2023-11-20
555,33,Male,Marketing,Mumbai,13,1042945,91,48.3,3,4.5,1.6,21.3,178.37,15,2023-10-12
556,29,Male,IT,Mumbai,8,1411970,72,46.6,6,7.2,1.5,24.0,86.82,15,2024-03-01
557,46,Male,Sales,Mumbai,26,745675,86,48.8,7,6.8,27.3,22.5,409.25,20,2020-08-08
558,35,Female,Operations,Jaipur,14,1747044,74,41.7,2,6.7,20.6,19.2,151.72,0,2023-04-30
559,23,Male,HR,Hyderabad,3,709780,66,44.1,4,8.6,22.3,21.3,134.18,10,2024-03-30
560,34,Male,HR,Chennai,12,599963,80,45.3,5,7.9,30.0,22.3,94.14,30,2022-11-07
561,33,Female,Operations,Bengaluru,10,1993670,72,51.4,5,4.2,4.2,23.5,284.1,15,2022-10-07
562,31,Male,IT,Chennai,10,714021,94,44.7,1,6.2,16.0,28.3,181.62,25,2021-10-06
563,34,Female,Operations,Chennai,11,1807085,73,44.3,7,6.2,10.6,22.3,245.14,5,2021-06-27
564,23,Male,IT,Bengaluru,1,941887,77,40.6,4,5.4,11.3,26.4,187.82,25,2021-06-22
565,24,Male,IT,Delhi,2,2152522,65,48.9,2,5.6,9.4,20.6,114.55,30,2024-04-13
566,28,Male,Sales,Delhi,7,1809935,100,37.7,5,7.6,6.4,20.1,102.08,20,2021-03-16
567,43,Male,IT,Chennai,20,832378,63,34.3,6,5.9,12.1,24.8,64.32,5,2023-03-18
568,40,Female,Operations,Chennai,17,588528,66,46.3,6,5.5,1.0,29.9,266.79,25,2021-04-14
569,31,Male,Marketing,Bengaluru,10,540628,80,43.3,4,7.7,3.1,27.3,217.71,10,2024-03-15
570,42,Female,Sales,Hyderabad,22,910629,87,43.3,4,9.5,9.4,25.3,174.12,30,2023-05-25
571,41,Male,Finance,Hyderabad,21,761565,61,39.8,5,6.0,4.0,26.3,229.03,15,2020-02-05
572,45,Female,IT,Jaipur,24,811752,74,44.2,10,5.0,4.8,22.3,90.86,30,2025-04-13
573,26,Female,HR,Bengaluru,4,692405,75,47.4,5,9.2,11.0,25.9,252.91,5,2024-03-26
574,24,Female,Marketing,Chennai,4,1058841,70,36.4,5,8.4,1.0,22.5,153.55,5,2022-06-15
575,35,Female,Finance,Jaipur,15,844390,71,48.5,8,9.4,25.5,24.3,105.95,10,2023-02-28
576,30,Female,IT,Chennai,11,574340,70,38.2,4,6.5,1.7,16.8,173.77,0,2021-10-12
577,29,Male,Operations,Bengaluru,6,868775,77,42.7,5,6.5,12.1,23.7,273.97,0,2025-03-15
578,35,Male,IT,Kolkata,15,1032232,82,47.9,3,7.8,2.4,26.2,161.69,20,2023-04-17
579,28,Female,IT,Hyderabad,9,2411485,67,50.0,4,8.1,2.9,24.5,472.87,5,2020-12-03
580,32,Male,Operations,Jaipur,9,476887,75,37.0,6,5.0,14.7,28.8,59.48,10,2022-12-22
581,42,Female,Operations,Hyderabad,20,986308,81,39.7,1,6.2,6.9,19.8,127.78,10,2024-10-17
582,21,Female,Sales,Bengaluru,1,4094910,78,39.7,5,5.4,29.7,32.3,150.44,10,2020-03-09
583,26,Female,Sales,Hyderabad,6,953239,63,41.7,5,5.0,7.3,25.5,39.17,25,2024-03-17
584,29,Female,Sales,Delhi,8,1206241,73,41.1,3,6.7,23.4,21.1,31.72,25,2023-06-11
585,32,Male,Operations,Chennai,11,567809,66,30.2,4,9.6,8.4,27.5,194.01,15,2020-04-01
586,32,Female,HR,Pune,13,517741,81,39.6,7,10.0,1.1,29.3,253.9,0,2021-01-15
587,28,Female,IT,Bengaluru,5,565314,87,38.4,3,8.6,16.1,19.5,109.55,10,2020-12-30
588,31,Male,Sales,Bengaluru,11,1107395,87,43.8,6,5.8,12.3,22.7,130.35,30,2020-12-15
589,47,Female,Sales,Kolkata,27,1201082,79,36.8,7,4.2,19.0,24.3,93.98,0,2025-03-03
590,41,Male,Finance,Chennai,19,965863,84,38.6,6,4.9,1.0,18.6,132.83,25,2025-01-23
591,47,Female,Sales,Pune,26,1140079,88,35.6,6,5.9,15.4,25.0,183.36,15,2021-09-06
592,50,Female,IT,Mumbai,28,1615241,80,34.4,6,3.6,26.1,23.8,202.06,10,2024-06-02
593,53,Male,IT,Chennai,32,1374035,68,39.1,5,7.1,1.1,27.2,65.19,30,2024-05-07
594,26,Female,Sales,Kolkata,5,1945730,83,38.5,1,7.1,1.7,22.7,205.02,30,2021-10-31
595,44,Female,IT,Chennai,24,980558,63,33.8,5,7.2,5.0,20.7,352.48,30,2022-03-26
596,42,Male,Finance,Hyderabad,20,1107067,67,37.8,5,4.9,1.0,29.3,339.27,5,2022-03-26
597,26,Male,Operations,Mumbai,6,1193633,57,39.2,3,4.7,1.0,24.2,242.43,15,2024-04-28
598,40,Female,IT,Jaipur,17,2572815,78,33.3,4,7.7,6.6,26.1,89.73,20,2024-01-30
599,38,Male,Marketing,Jaipur,18,1016350,67,40.4,5,5.8,1.0,18.4,106.87,15,2020-02-05
600,26,Male,IT,Pune,3,524916,77,37.1,4,8.1,26.8,28.2,111.83,20,2021-05-14
601,48,Male,IT,Chennai,29,1450345,64,40.0,5,10.0,16.6,28.9,138.25,25,2021-06-10
602,30,Male,Operations,Mumbai,7,1042046,58,43.8,2,8.9,2.9,26.1,278.31,25,2024-05-12
603,36,Female,IT,Hyderabad,13,477235,85,41.3,7,6.8,44.7,29.9,117.95,0,2023-12-23
604,31,Female,IT,Jaipur,10,724884,78,36.0,3,8.4,5.1,24.8,134.86,25,2022-10-18
605,36,Male,Marketing,Mumbai,16,774090,89,37.6,3,6.2,4.5,26.9,180.5,20,2023-04-12
606,36,Female,HR,Hyderabad,16,436460,83,36.6,4,7.9,58.1,26.1,163.91,5,2024-04-19
607,35,Male,IT,Bengaluru,15,723042,58,36.1,6,9.9,17.2,17.8,100.16,15,2021-04-06
608,38,Female,Marketing,Delhi,18,634518,65,44.8,4,6.1,28.5,25.1,106.11,15,2022-04-20
609,33,Female,Sales,Mumbai,11,1498034,77,35.4,3,5.5,1.1,22.6,89.23,30,2023-09-01
610,25,Male,Operations,Chennai,3,835129,82,41.4,3,7.4,1.0,25.6,173.87,25,2023-05-20
611,27,Female,Operations,Mumbai,5,443092,77,45.2,1,7.0,6.3,18.4,155.87,15,2020-05-24
612,37,Female,Sales,Pune,18,2263197,50,33.3,6,4.2,11.9,29.9,112.21,0,2020-10-25
613,40,Male,IT,Delhi,21,624669,61,37.1,7,6.9,14.2,28.1,129.4,30,2021-05-16
614,33,Male,Marketing,Hyderabad,13,1140455,65,35.9,3,7.3,5.4,28.3,57.39,15,2023-12-31
615,26,Male,Sales,Kolkata,4,1724007,78,41.8,6,8.4,8.5,24.8,330.08,15,2023-06-20
616,50,Female,IT,Chennai,28,2183845,59,33.8,8,5.5,13.3,24.9,84.16,5,2021-04-04
617,39,Male,IT,Jaipur,16,807133,86,35.5,3,8.7,3.8,23.1,156.46,30,2020-04-24
618,23,Female,Marketing,Bengaluru,1,700729,79,43.1,8,6.6,28.4,15.6,87.2,5,2021-04-11
619,33,Female,Finance,Pune,13,690326,91,39.0,7,7.6,2.9,29.2,145.49,20,2022-05-30
620,35,Male,IT,Jaipur,15,815763,71,45.8,4,6.2,4.0,28.5,183.8,20,2021-05-24
621,26,Male,Marketing,Delhi,7,1797209,87,37.6,5,8.5,4.4,26.2,329.26,25,2023-11-07
622,28,Male,IT,Hyderabad,5,580818,73,39.4,7,6.2,2.0,23.5,539.61,30,2020-11-19
623,29,Female,Operations,Kolkata,10,1694651,71,42.7,3,6.7,4.9,26.6,83.14,15,2021-09-22
624,25,Female,Sales,Pune,5,1098525,79,46.6,4,6.6,4.7,28.2,233.86,20,2024-02-22
625,34,Male,HR,Mumbai,15,850754,81,42.2,6,7.5,12.9,24.3,147.25,20,2023-04-15
626,30,Male,Marketing,Hyderabad,9,1197420,78,44.1,5,6.3,2.0,25.7,115.8,0,2022-06-16
627,33,Female,IT,Pune,12,2330887,88,47.4,7,8.4,17.8,23.5,207.43,10,2022-08-17
628,34,Female,IT,Hyderabad,12,414119,84,32.8,2,7.9,21.4,17.8,111.14,0,2025-05-19
629,18,Female,Finance,Mumbai,0,1016517,74,41.4,2,9.9,11.3,29.2,243.18,10,2022-08-11
630,18,Male,IT,Chennai,0,1487181,81,33.6,5,5.9,1.0,21.7,120.96,30,2021-04-01
631,21,Female,Finance,Chennai,2,968298,66,48.2,3,6.8,9.1,26.2,83.25,0,2021-11-01
632,45,Male,Sales,Hyderabad,23,1271417,58,43.2,9,6.1,17.7,25.5,166.79,5,2022-11-03
633,43,Male,Sales,Jaipur,20,1730610,66,41.7,3,8.5,7.8,27.1,176.59,0,2020-01-15
634,26,Female,Marketing,Mumbai,3,365890,82,33.1,6,3.4,3.9,26.3,187.69,5,2024-10-01
635,33,Male,Finance,Jaipur,11,1096805,87,42.1,4,7.5,33.0,26.6,221.61,0,2024-05-29
636,37,Male,HR,Hyderabad,16,825904,84,41.1,4,5.4,17.3,27.2,197.65,0,2020-01-31
637,29,Male,Operations,Jaipur,9,1558786,80,37.0,5,7.0,7.8,24.4,260.88,10,2023-09-06
638,18,Female,Finance,Bengaluru,0,1184898,68,46.2,6,6.9,4.0,18.1,175.64,10,2021-01-13
639,32,Female,IT,Hyderabad,12,753486,66,42.2,3,7.4,28.4,24.1,132.47,5,2021-01-08
640,44,Male,Sales,Jaipur,22,1548962,76,37.4,5,6.0,11.7,25.3,158.25,10,2023-09-04
641,35,Male,Operations,Chennai,14,1006764,52,44.0,2,6.0,1.0,28.5,101.84,20,2020-09-15
642,51,Female,Sales,Delhi,28,905464,90,45.0,3,8.0,22.0,24.5,217.57,20,2024-05-16
643,42,Female,Sales,Bengaluru,23,662874,91,36.1,1,5.0,3.1,18.6,382.64,15,2024-10-23
644,33,Female,Marketing,Kolkata,13,958071,78,46.4,3,4.1,1.0,17.9,134.68,30,2020-11-24
645,34,Male,HR,Kolkata,12,1475294,56,39.5,5,8.8,34.7,29.1,78.79,25,2021-07-18
646,33,Female,Finance,Jaipur,10,1547930,73,42.6,7,8.8,16.8,31.3,239.34,25,2022-08-13
647,28,Male,IT,Mumbai,8,887357,77,48.9,6,7.7,17.6,25.2,559.81,10,2023-08-04
648,24,Male,Operations,Mumbai,3,979898,74,40.7,2,6.5,21.0,38.2,145.31,20,2022-02-08
649,20,Male,Sales,Mumbai,0,1237966,62,39.8,4,8.3,6.0,22.1,220.5,30,2022-06-20
650,39,Male,Sales,Kolkata,20,948936,64,41.4,4,9.7,19.4,29.7,718.02,10,2022-01-04
651,36,Female,Marketing,Chennai,14,371084,66,27.2,6,7.2,4.7,19.5,128.34,30,2020-12-18
652,41,Female,Marketing,Bengaluru,20,742968,58,40.3,6,7.0,23.3,21.8,146.65,15,2025-01-08
653,29,Male,Marketing,Hyderabad,7,1090475,79,48.5,3,5.1,2.7,28.2,52.58,25,2022-04-08
654,35,Male,Finance,Kolkata,14,621607,70,51.9,8,8.6,1.0,24.5,174.02,10,2020-02-23
655,18,Male,Sales,Bengaluru,0,879522,75,44.6,6,8.0,2.5,24.5,154.85,20,2024-12-24
656,39,Other,IT,Hyderabad,18,1382463,69,37.7,5,9.0,4.7,27.4,465.6,30,2023-01-07
657,29,Female,IT,Mumbai,10,1642568,72,44.4,2,2.9,7.5,20.6,162.61,20,2022-06-15
658,24,Male,Sales,Pune,2,1066899,75,46.5,3,8.2,3.5,23.6,179.0,30,2025-04-14
659,38,Female,Marketing,Hyderabad,18,495633,82,38.9,7,6.9,11.3,24.9,210.8,0,2024-05-05
660,43,Male,HR,Bengaluru,24,1148102,73,42.1,7,6.0,1.5,20.7,668.53,15,2024-07-06
661,22,Male,Operations,Hyderabad,0,1615320,83,37.2,7,6.1,50.9,26.2,184.56,30,2020-07-11
662,31,Female,Sales,Chennai,12,742278,74,42.2,5,5.7,1.0,22.9,59.32,15,2021-01-07
663,18,Female,Operations,Chennai,0,671747,69,32.6,3,7.4,9.3,24.7,237.47,10,2020-08-08
664,30,Male,Sales,Bengaluru,11,1871313,80,28.3,1,6.3,9.7,25.1,115.39,5,2025-05-20
665,35,Male,Sales,Jaipur,15,2436679,69,46.1,1,4.8,4.6,23.8,160.27,20,2022-12-04
666,25,Male,Marketing,Bengaluru,3,799286,82,40.1,7,5.7,7.9,24.7,119.44,30,2024-04-27
667,30,Male,Finance,Mumbai,7,1769136,89,39.7,7,6.9,1.0,19.6,116.84,20,2020-04-17
668,38,Female,IT,Delhi,18,864239,61,34.5,4,6.0,8.2,30.2,181.25,0,2025-03-03
669,20,Male,Operations,Bengaluru,0,767873,89,36.0,1,7.5,6.2,33.4,62.05,20,2023-10-01
670,32,Female,IT,Hyderabad,13,1156945,97,44.9,8,5.7,3.9,26.6,145.52,25,2023-11-19
671,23,Female,Sales,Mumbai,3,1651582,84,40.4,4,5.3,3.6,33.0,119.66,10,2024-10-18
672,29,Female,HR,Bengaluru,6,898383,72,48.1,4,6.3,3.1,24.9,228.39,30,2023-11-21
673,35,Female,HR,Jaipur,16,664005,68,40.8,4,3.7,5.0,20.4,123.67,25,2020-04-25
674,29,Male,Finance,Bengaluru,8,467495,78,37.9,7,6.0,2.1,22.5,161.05,0,2023-11-03
675,41,Male,IT,Chennai,18,603814,79,40.1,5,4.5,17.6,21.7,90.54,25,2020-03-13
676,30,Female,Operations,Hyderabad,10,1363530,73,40.1,3,7.0,12.2,35.7,121.37,15,2023-01-03
677,37,Male,IT,Kolkata,16,811086,70,52.3,4,8.0,14.9,28.0,158.52,15,2020-09-13
678,37,Male,HR,Jaipur,17,769789,67,37.3,5,6.8,2.9,21.8,101.06,30,2024-02-02
679,27,Female,Finance,Kolkata,7,769871,63,39.0,6,3.9,37.4,27.1,286.76,5,2021-03-20
680,24,Male,Operations,Jaipur,4,958389,92,45.4,5,5.9,12.3,18.3,221.1,5,2022-04-22
681,30,Male,IT,Pune,8,1337804,81,38.1,1,7.2,2.9,26.7,260.1,10,2023-04-09
682,40,Male,IT,Mumbai,19,1278578,68,43.0,3,8.3,9.9,22.3,233.21,10,2023-11-14
683,36,Male,IT,Jaipur,13,1570561,68,43.2,5,7.2,52.8,19.2,116.43,20,2021-01-07
684,31,Female,Operations,Chennai,11,697782,75,52.4,4,9.7,13.3,24.2,301.88,25,2024-06-11
685,36,Female,Operations,Kolkata,17,607931,73,46.8,4,7.3,4.6,24.0,56.41,25,2021-09-19
686,30,Female,Sales,Jaipur,9,976463,100,39.6,3,5.5,14.3,25.2,102.74,10,2024-07-02
687,18,Male,HR,Chennai,0,889479,72,40.8,2,7.6,13.2,23.7,102.57,0,2020-02-17
688,38,Male,Sales,Mumbai,15,1002111,58,47.1,7,8.2,24.8,21.3,208.52,0,2020-04-25
689,31,Female,Sales,Mumbai,8,558149,68,50.9,5,6.0,53.0,24.9,171.4,10,2024-02-07
690,25,Female,HR,Mumbai,2,493812,57,43.5,6,6.3,1.0,18.6,93.31,5,2020-11-28
691,20,Female,IT,Hyderabad,0,6148640,86,42.8,6,7.0,1.0,31.2,75.52,25,2020-05-03
692,22,Female,IT,Jaipur,0,415956,62,50.2,5,5.5,13.6,29.1,81.84,30,2021-10-15
693,20,Male,HR,Jaipur,0,504288,80,34.7,11,6.0,7.4,28.1,371.27,15,2022-07-15
694,40,Male,HR,Delhi,20,1259437,88,43.2,3,4.5,28.3,27.5,144.25,5,2020-02-14
695,28,Male,Marketing,Jaipur,9,549126,75,30.9,6,6.7,34.4,27.3,256.23,0,2025-05-13
696,31,Male,IT,Mumbai,10,739989,80,37.0,3,8.3,7.7,28.2,68.21,5,2021-03-04
697,44,Female,IT,Jaipur,23,983886,69,43.5,2,7.9,12.0,27.0,170.01,30,2021-05-25
698,24,Female,Marketing,Kolkata,1,476967,75,42.0,2,9.9,3.7,18.1,118.75,30,2024-04-25
699,32,Male,Finance,Pune,9,885915,80,37.6,8,5.1,11.1,35.0,185.52,25,2021-01-20
700,43,Male,Marketing,Bengaluru,20,659120,71,36.1,4,7.8,2.7,21.8,193.79,10,2022-08-10
701,37,Female,IT,Jaipur,17,706946,43,42.1,4,6.1,1.7,25.2,349.54,10,2020-10-17
702,27,Male,Sales,Chennai,8,611906,89,38.5,6,7.4,15.2,23.6,221.9,5,2020-07-07
703,33,Male,Sales,Mumbai,12,949168,48,35.7,5,8.6,20.2,30.7,141.28,30,2021-06-18
704,33,Female,Sales,Bengaluru,14,716826,78,40.5,5,5.6,4.1,27.4,136.55,5,2023-04-22
705,38,Female,Sales,Chennai,18,6556456,76,32.6,4,7.0,9.8,21.3,152.01,5,2024-03-24
706,27,Male,Operations,Hyderabad,6,1169650,69,36.8,5,6.5,32.5,25.7,42.49,25,2024-03-10
707,29,Female,Operations,Chennai,7,1262742,89,35.0,5,9.8,23.6,25.1,126.48,15,2023-05-17
708,33,Male,IT,Bengaluru,13,769727,52,44.1,5,8.2,12.5,26.7,125.06,25,2020-02-15
709,32,Male,Marketing,Bengaluru,9,678105,77,47.2,6,4.0,14.2,26.8,160.79,25,2020-11-09
710,34,Female,Sales,Jaipur,14,957554,84,30.6,7,7.1,4.0,21.3,134.61,0,2023-10-06
711,30,Female,IT,Pune,8,317143,95,48.7,2,7.3,1.0,32.2,105.9,15,2024-08-07
712,28,Female,IT,Chennai,7,590903,76,41.6,3,6.3,20.2,27.2,250.41,20,2022-04-15
713,27,Male,Marketing,Chennai,8,989392,83,38.7,3,5.1,48.7,32.0,86.11,25,2024-08-30
714,32,Female,Sales,Bengaluru,13,932602,55,44.3,3,3.6,16.2,21.5,366.1,15,2020-08-27
715,26,Male,Finance,Kolkata,5,676213,91,42.9,6,6.0,21.6,21.1,247.61,0,2025-01-03
716,35,Female,Finance,Hyderabad,12,1557058,63,42.3,7,7.1,1.0,23.7,92.91,30,2023-10-25
717,38,Male,HR,Kolkata,15,741523,78,48.7,5,4.5,12.1,18.4,202.36,0,2022-10-20
718,32,Male,Operations,Mumbai,12,1120346,77,36.1,6,7.9,21.3,26.1,174.13,15,2024-03-14
719,27,Male,Sales,Jaipur,7,1648453,86,43.1,7,4.7,5.9,25.9,48.89,25,2022-11-24
720,18,Male,Operations,Chennai,0,883632,76,35.2,6,6.9,2.3,18.7,125.06,5,2021-11-27
721,40,Male,Sales,Mumbai,20,981060,65,44.2,5,6.9,8.9,23.7,259.03,0,2022-05-07
722,26,Male,IT,Mumbai,7,749064,76,41.0,9,9.5,1.5,20.0,66.74,25,2021-02-06
723,18,Male,IT,Delhi,0,489818,86,39.8,4,5.8,1.0,27.9,155.26,20,2020-01-19
724,28,Female,Operations,Bengaluru,7,883749,92,44.1,7,5.7,19.5,20.8,98.83,20,2020-10-24
725,34,Male,Operations,Delhi,15,1357422,72,42.2,8,7.0,6.8,25.9,310.59,20,2024-09-08
726,41,Female,Finance,Kolkata,19,465284,62,36.9,2,7.2,1.0,20.3,240.43,25,2020-03-22
727,27,Other,IT,Chennai,7,742079,82,40.0,7,5.5,24.6,24.2,283.48,25,2023-05-24
728,21,Male,Finance,Jaipur,0,990551,64,48.1,4,9.8,10.8,21.2,118.23,5,2021-12-14
729,38,Male,Finance,Hyderabad,17,483298,73,35.9,3,7.7,2.5,18.7,292.0,20,2021-10-19
730,35,Female,Sales,Hyderabad,16,449604,85,39.8,3,7.0,3.8,29.1,174.58,5,2021-06-05
731,28,Other,Operations,Pune,8,618647,70,50.4,6,4.4,8.6,22.2,134.18,15,2023-07-10
732,43,Male,HR,Delhi,23,1304108,73,44.0,6,6.7,31.2,31.5,191.02,25,2023-03-06
733,36,Male,IT,Bengaluru,17,969461,76,42.8,7,7.5,9.7,22.6,117.78,30,2025-06-02
734,35,Male,Sales,Hyderabad,16,646978,68,42.9,4,4.6,30.0,19.1,204.91,30,2023-05-13
735,38,Male,Sales,Jaipur,16,713881,66,34.3,6,5.8,25.6,23.7,143.9,20,2021-12-02
736,28,Male,HR,Bengaluru,9,1165905,85,36.6,7,7.2,4.5,21.9,131.71,10,2025-01-14
737,34,Female,Operations,Bengaluru,14,981188,88,40.9,4,5.5,6.6,26.2,135.87,10,2022-01-20
738,38,Female,Sales,Bengaluru,16,581424,70,49.9,1,7.6,14.3,23.6,338.23,10,2020-10-17
739,37,Male,Sales,Mumbai,15,1703840,68,42.3,5,7.2,2.6,31.7,189.65,0,2021-07-05
740,35,Female,IT,Chennai,12,5602348,69,41.5,3,7.2,1.0,19.7,150.74,5,2020-12-08
741,37,Female,Sales,Chennai,15,709440,76,38.4,4,7.0,16.9,30.2,73.32,0,2021-08-11
742,19,Female,IT,Jaipur,0,676242,79,53.6,3,7.0,8.9,17.8,123.89,15,2020-09-15
743,34,Female,Operations,Mumbai,15,772398,68,37.9,3,7.1,6.9,25.2,177.28,30,2023-04-24
744,36,Male,HR,Bengaluru,15,686404,58,45.1,4,7.2,38.5,26.5,110.38,25,2025-03-04
745,39,Male,Finance,Kolkata,18,1564332,80,45.7,5,9.9,1.0,23.6,116.64,20,2020-12-05
746,36,Male,Marketing,Bengaluru,17,847704,75,38.7,3,6.2,5.5,27.4,316.99,15,2024-04-02
747,19,Female,IT,Mumbai,0,1308478,76,44.9,4,6.8,1.9,18.9,209.84,20,2022-02-25
748,32,Female,Marketing,Bengaluru,9,789759,81,39.1,5,8.1,2.1,36.4,218.97,5,2025-03-09
749,31,Male,Operations,Chennai,11,589529,70,49.4,1,7.5,13.1,21.2,162.94,30,2024-01-07
750,22,Male,IT,Pune,3,1462602,66,38.4,5,7.5,10.7,24.4,227.9,30,2020-10-30
751,18,Male,Operations,Delhi,0,906939,68,48.9,3,5.8,3.3,23.1,315.98,0,2022-06-11
752,25,Male,Finance,Chennai,5,1600944,80,44.7,5,5.7,22.7,22.3,85.31,5,2021-11-19
753,36,Male,Operations,Mumbai,16,957018,82,42.2,4,9.7,12.5,23.1,102.27,30,2022-01-21
754,25,Male,IT,Delhi,4,1223649,54,45.5,3,3.3,1.4,32.5,192.59,20,2020-05-26
755,36,Female,Finance,Delhi,13,407514,67,37.2,2,9.9,13.1,26.1,431.84,10,2025-05-03
756,26,Female,HR,Hyderabad,6,813778,74,40.3,3,9.9,1.9,27.4,206.48,10,2023-11-09
757,30,Male,HR,Hyderabad,10,880952,81,45.2,4,7.2,1.0,25.9,243.86,5,2024-07-22
758,21,Female,IT,Jaipur,1,1679245,75,45.0,6,8.7,14.4,21.9,333.97,15,2024-11-28
759,37,Female,Sales,Hyderabad,15,682453,74,48.7,3,6.4,5.6,17.5,292.87,5,2020-10-29
760,27,Male,Marketing,Bengaluru,8,1377052,87,30.8,6,5.2,16.9,23.0,74.3,15,2023-04-21
761,23,Male,Operations,Jaipur,3,664538,62,47.9,3,5.8,12.7,25.6,262.09,10,2020-01-09
762,30,Male,Sales,Pune,10,350977,74,50.7,4,5.5,36.6,26.9,348.31,10,2024-04-23
763,30,Female,Sales,Hyderabad,11,1541009,73,43.8,1,8.0,1.0,29.7,134.63,5,2025-04-22
764,29,Male,Sales,Hyderabad,8,684833,75,32.6,7,8.2,9.4,23.1,158.29,5,2024-11-23
765,46,Female,Sales,Hyderabad,24,862292,91,44.4,4,7.3,1.6,20.1,190.61,0,2021-12-30
766,34,Female,Operations,Hyderabad,14,605541,65,40.3,1,6.6,56.7,22.1,225.65,10,2024-10-13
767,22,Female,Operations,Kolkata,0,1437884,85,42.8,6,10.0,3.1,29.6,959.05,15,2023-02-15
768,34,Male,Sales,Jaipur,13,775565,65,44.5,7,8.3,7.5,24.7,164.17,20,2020-10-05
769,22,Male,IT,Pune,3,589263,77,43.6,2,7.7,33.6,25.0,447.97,5,2021-07-28
770,28,Male,Operations,Jaipur,5,567367,83,40.5,6,8.9,22.9,22.2,128.29,10,2024-04-21
771,24,Female,IT,Mumbai,2,1617217,93,42.5,6,8.7,9.6,18.8,194.01,10,2025-01-30
772,26,Male,IT,Kolkata,6,1116591,72,45.8,5,7.1,26.6,24.4,134.6,5,2023-04-25
773,48,Male,Sales,Mumbai,26,427322,67,41.4,4,9.9,8.6,22.4,154.96,30,2024-02-03
774,33,Male,Sales,Kolkata,14,735463,68,44.2,7,8.0,3.4,22.7,228.02,15,2021-06-06
775,27,Male,HR,Hyderabad,4,1604630,65,39.6,2,7.0,3.1,30.8,72.47,5,2021-07-20
776,43,Female,IT,Pune,21,857907,71,38.1,5,8.0,45.4,27.2,115.72,10,2022-06-27
777,24,Male,Sales,Bengaluru,2,843727,58,29.8,5,8.4,21.5,30.4,256.71,5,2022-04-26
778,38,Male,Marketing,Pune,17,486522,80,33.6,5,7.2,23.9,27.1,95.04,15,2025-01-27
779,42,Other,HR,Delhi,22,950734,87,48.2,7,5.5,16.5,18.5,252.81,10,2021-05-31
780,37,Female,Operations,Delhi,18,585821,59,32.4,1,6.9,2.6,24.4,83.9,30,2022-05-20
781,32,Male,Sales,Chennai,13,659760,93,46.7,6,6.1,3.3,28.4,120.14,20,2020-02-03
782,31,Female,Sales,Bengaluru,9,1105073,70,35.9,5,4.7,3.0,22.6,94.03,0,2021-06-09
783,43,Female,Operations,Jaipur,20,2089454,75,43.7,4,7.0,16.5,29.9,271.83,15,2023-11-12
784,32,Male,Operations,Bengaluru,9,483158,80,45.0,1,7.0,14.3,24.5,160.77,25,2020-07-18
785,43,Female,Sales,Bengaluru,22,668833,73,41.4,1,4.9,3.1,25.9,255.65,25,2024-03-29
786,37,Male,Sales,Delhi,17,731413,69,41.4,5,7.6,17.3,23.3,105.64,0,2022-06-09
787,34,Female,IT,Chennai,13,2758494,93,44.2,4,5.0,3.9,19.9,109.57,25,2024-06-22
788,33,Female,Marketing,Jaipur,13,340472,73,51.1,3,7.3,35.8,30.7,69.82,25,2023-04-04
789,29,Female,Finance,Bengaluru,6,933376,57,43.1,3,8.6,1.2,26.9,86.97,30,2020-12-31
790,41,Female,Sales,Mumbai,19,1032706,78,35.0,4,7.6,22.5,27.3,541.05,25,2020-02-19
791,41,Female,Marketing,Mumbai,18,1447256,62,44.8,5,7.6,11.1,18.0,83.35,30,2025-02-15
792,26,Male,Marketing,Delhi,5,868845,74,36.7,3,7.8,17.3,25.7,151.04,10,2022-02-16
793,23,Female,Sales,Pune,3,694334,77,36.5,1,6.8,1.9,21.3,129.95,15,2020-11-01
794,35,Male,Marketing,Hyderabad,14,813984,63,45.8,1,6.6,2.8,23.6,78.93,20,2022-07-31
795,22,Female,IT,Delhi,0,1312607,63,43.2,5,9.6,16.1,18.8,59.78,30,2023-08-11
796,41,Male,Operations,Bengaluru,21,921274,96,35.9,7,7.3,14.3,25.7,178.49,5,2022-12-04
797,22,Male,HR,Bengaluru,1,1437174,68,48.1,2,8.1,7.4,23.8,69.1,25,2022-03-09
798,43,Female,IT,Pune,22,1179618,95,45.4,8,7.4,24.1,26.9,305.76,15,2022-02-11
799,27,Female,Finance,Pune,6,715860,91,43.1,1,8.9,4.8,34.7,372.72,30,2023-11-28
800,44,Female,Marketing,Hyderabad,21,345865,80,42.8,9,7.5,4.5,21.8,213.97,5,2024-07-10
801,35,Male,IT,Jaipur,12,981859,78,40.4,1,5.2,2.6,21.4,91.9,10,2021-04-07
802,40,Female,IT,Jaipur,17,767924,77,42.2,3,5.4,23.9,27.3,562.68,5,2023-11-10
803,26,Male,Marketing,Mumbai,6,1131169,82,52.6,3,5.2,1.0,31.4,261.91,30,2022-12-13
804,26,Male,Finance,Kolkata,3,1201159,64,37.5,4,6.3,3.3,23.1,105.74,0,2020-07-07
805,32,Female,Sales,Pune,11,1244333,77,45.4,2,5.7,18.8,27.1,90.86,20,2020-06-30
806,38,Male,Sales,Chennai,18,674824,59,45.2,4,5.3,6.9,26.7,51.05,15,2022-05-19
807,33,Other,IT,Hyderabad,11,587735,60,38.8,9,8.2,18.2,13.3,121.29,30,2023-09-28
808,44,Male,Sales,Bengaluru,25,651256,66,37.8,2,7.8,59.9,20.2,163.96,10,2021-08-08
809,18,Female,Operations,Delhi,0,2395091,64,36.5,6,5.1,24.4,19.4,388.17,25,2023-05-23
810,33,Female,Sales,Delhi,13,673247,58,37.3,4,8.8,4.4,25.1,102.45,5,2020-08-09
811,38,Male,Marketing,Kolkata,16,1592041,90,36.7,6,8.7,6.1,24.2,118.21,10,2023-02-24
812,45,Male,IT,Chennai,26,941912,69,35.7,1,9.8,4.0,25.3,113.02,5,2025-01-21
813,29,Female,Sales,Delhi,8,936969,62,34.9,6,8.6,10.2,27.3,97.34,30,2021-03-19
814,42,Female,Sales,Delhi,22,724521,76,42.9,1,9.1,18.0,29.8,132.7,20,2024-06-18
815,35,Male,IT,Pune,14,1174676,55,43.5,3,8.2,77.6,22.3,129.69,0,2023-09-30
816,36,Male,Sales,Pune,13,599637,87,38.9,3,6.3,17.8,28.5,327.6,30,2023-04-07
817,43,Male,Sales,Hyderabad,21,802861,70,40.7,9,10.0,26.0,27.9,400.27,15,2023-10-07
818,35,Male,IT,Jaipur,12,587645,78,40.5,1,9.3,5.3,31.4,261.52,15,2020-08-10
819,18,Female,Sales,Delhi,0,591921,79,41.1,4,4.5,46.7,28.0,105.45,20,2023-03-20
820,40,Male,Sales,Hyderabad,18,1110156,73,39.6,7,9.9,4.2,26.9,135.85,0,2021-04-29
821,21,Female,HR,Delhi,0,899512,79,48.8,3,9.5,12.2,27.9,254.96,0,2023-07-10
822,36,Female,Sales,Jaipur,16,738404,86,43.6,2,7.3,3.3,31.9,66.22,20,2023-10-27
823,41,Female,Sales,Pune,20,989450,74,34.2,5,7.7,7.8,23.6,144.62,20,2024-05-16
824,38,Male,Marketing,Delhi,15,462732,56,50.3,6,9.5,13.6,35.0,133.68,0,2022-12-06
825,22,Male,Operations,Kolkata,0,1990313,55,50.2,4,6.5,11.7,21.8,183.0,30,2020-02-03
826,36,Female,Operations,Bengaluru,13,1214803,73,38.7,2,9.1,4.9,30.5,246.51,25,2020-05-15
827,29,Female,IT,Pune,9,786715,68,40.2,2,5.8,2.6,26.8,336.15,0,2025-03-27
828,28,Male,Operations,Jaipur,5,810362,69,35.8,5,8.5,15.2,22.1,96.85,15,2024-03-15
829,44,Male,IT,Delhi,23,645138,78,38.3,1,5.4,16.9,17.6,99.03,10,2023-11-05
830,30,Female,Sales,Delhi,7,790794,75,42.8,3,5.4,2.6,27.8,66.15,10,2021-01-15
831,25,Female,IT,Hyderabad,3,1292598,64,44.3,1,8.2,3.6,27.0,38.79,25,2025-03-24
832,18,Female,HR,Delhi,0,1297259,77,36.5,6,7.3,3.0,20.7,166.0,10,2020-02-22
833,41,Female,Operations,Chennai,20,873822,71,46.4,5,7.2,11.9,27.1,44.95,20,2024-08-15
834,18,Female,Operations,Delhi,0,1313434,64,47.8,5,9.8,2.8,26.3,111.84,15,2020-08-08
835,29,Male,Sales,Bengaluru,6,1578077,82,44.3,2,4.4,1.0,28.0,285.78,30,2020-11-02
836,29,Female,Marketing,Mumbai,6,824909,61,46.6,5,8.4,7.7,28.2,72.55,10,2022-01-09
837,43,Female,IT,Kolkata,24,454203,89,43.4,5,6.5,4.7,25.1,265.02,30,2024-03-24
838,24,Male,Operations,Chennai,3,1371593,78,27.7,4,6.8,5.4,20.3,245.79,20,2020-09-20
839,29,Female,Operations,Kolkata,6,595345,88,43.1,4,7.4,3.2,23.4,348.49,30,2020-08-25
840,37,Male,Sales,Jaipur,14,1133897,55,45.3,5,8.0,22.9,26.5,156.33,20,2023-06-23
841,42,Female,Operations,Bengaluru,22,1992025,74,32.5,6,4.9,1.7,27.9,85.1,30,2020-12-20
842,29,Male,IT,Mumbai,6,2051210,57,46.8,6,6.6,16.1,23.5,342.6,15,2021-06-21
843,27,Male,Finance,Delhi,8,1447678,75,42.5,2,7.6,7.5,27.9,163.63,5,2022-02-15
844,38,Female,Marketing,Jaipur,15,720361,85,36.6,6,8.6,38.7,19.8,179.86,15,2023-11-08
845,34,Female,Operations,Delhi,12,765013,85,53.0,3,5.1,16.2,22.2,495.33,25,2024-10-14
846,23,Male,IT,Delhi,1,1635253,67,39.8,6,8.1,1.6,23.3,230.79,25,2024-12-12
847,28,Female,Marketing,Chennai,8,2613157,75,41.7,6,6.9,7.1,22.0,138.82,5,2022-06-20
848,35,Female,IT,Jaipur,13,2168749,76,41.3,3,10.0,8.8,21.6,83.03,25,2024-06-07
849,32,Female,Sales,Hyderabad,10,1932618,71,42.4,2,4.0,6.9,24.3,277.78,25,2023-12-14
850,41,Female,Sales,Kolkata,20,645370,64,50.0,3,4.6,4.6,21.4,140.88,30,2020-11-29
851,48,Female,Operations,Pune,29,1034743,69,43.3,2,6.5,8.6,32.4,408.0,15,2020-06-18
852,35,Male,IT,Kolkata,12,641175,88,44.7,5,6.1,7.4,18.8,135.55,0,2020-08-23
853,22,Male,Sales,Mumbai,0,775313,64,44.2,5,9.3,32.3,21.5,65.76,25,2021-03-14
854,43,Male,HR,Pune,23,1142135,78,39.1,3,6.9,4.0,26.3,384.47,25,2022-12-10
855,37,Male,IT,Delhi,14,1139207,82,44.4,6,9.3,22.0,23.2,340.75,5,2024-01-05
856,27,Female,IT,Pune,5,863309,63,42.6,3,8.7,9.3,22.5,92.05,5,2021-03-10
857,36,Female,Operations,Pune,13,1066125,68,45.6,6,6.8,11.6,26.9,121.55,0,2022-06-02
858,23,Male,Sales,Hyderabad,3,576310,80,30.2,4,8.7,12.0,31.4,34.01,15,2023-03-01
859,42,Female,HR,Mumbai,21,1251404,67,37.4,6,9.0,3.5,16.5,225.42,30,2021-05-29
860,32,Female,IT,Mumbai,9,942559,75,43.1,5,7.1,2.1,22.8,155.62,20,2020-07-18
861,37,Female,Sales,Mumbai,17,868986,61,49.7,4,5.9,7.4,25.4,110.8,0,2024-07-23
862,38,Female,Operations,Bengaluru,19,957036,68,43.0,3,5.6,6.7,23.8,136.1,0,2021-02-22
863,33,Female,Operations,Bengaluru,11,1535304,75,39.7,4,6.7,3.3,25.7,99.39,0,2021-09-28
864,43,Female,IT,Pune,20,671575,71,36.6,5,7.0,3.2,21.4,277.84,30,2024-01-04
865,21,Male,IT,Mumbai,0,555508,69,40.8,6,5.2,10.9,21.4,144.63,30,2023-05-26
866,23,Male,IT,Jaipur,1,733158,72,38.4,1,5.8,1.3,26.6,99.61,0,2022-09-20
867,26,Female,Operations,Kolkata,4,1073236,75,45.3,7,8.6,1.0,24.4,81.87,25,2020-10-12
868,41,Female,Finance,Delhi,22,1955576,76,46.0,6,5.5,3.6,20.2,871.55,0,2021-04-26
869,24,Female,IT,Jaipur,5,504528,86,50.7,2,7.9,10.6,20.4,79.15,0,2024-07-27
870,34,Female,Operations,Hyderabad,15,1671701,71,39.1,4,7.5,43.1,35.8,21.89,20,2020-12-19
871,34,Male,Sales,Jaipur,15,663585,75,37.3,1,6.5,17.4,28.4,153.4,30,2023-04-24
872,32,Female,IT,Jaipur,12,2004577,80,41.3,3,8.4,15.0,25.5,45.83,30,2023-04-04
873,26,Female,Finance,Bengaluru,3,962729,79,43.8,6,9.7,10.4,30.3,442.79,25,2022-03-26
874,37,Female,Operations,Hyderabad,18,1024117,87,44.5,3,5.9,8.6,25.9,78.72,5,2023-02-22
875,28,Male,Operations,Bengaluru,6,934488,83,44.3,3,4.6,3.0,21.3,161.89,20,2021-04-11
876,20,Male,Operations,Delhi,0,814546,61,50.3,4,6.6,4.3,23.5,216.28,25,2021-05-23
877,24,Male,IT,Bengaluru,5,408650,88,41.5,4,4.7,1.0,33.9,84.87,0,2022-03-31
878,25,Male,Operations,Hyderabad,2,557767,91,42.0,2,5.2,14.3,17.9,50.05,15,2022-04-03
879,38,Female,Operations,Mumbai,18,601223,65,42.4,3,5.7,37.6,20.8,137.4,0,2021-07-10
880,38,Male,Operations,Bengaluru,19,2140675,78,45.7,2,5.0,9.3,22.9,227.77,20,2022-03-21
881,29,Male,Operations,Hyderabad,8,651039,63,38.2,1,7.2,1.6,23.3,58.73,5,2020-04-29
882,40,Female,Sales,Pune,19,1022540,60,40.9,5,7.3,6.3,27.9,191.93,20,2023-04-01
883,32,Male,HR,Pune,9,753500,84,36.0,3,6.2,4.2,23.3,122.36,30,2021-07-15
884,35,Male,IT,Kolkata,16,1246090,58,50.4,6,5.3,5.0,29.6,384.81,30,2025-05-05
885,30,Female,Sales,Pune,8,1207209,83,38.7,5,6.4,12.0,25.9,228.19,10,2020-04-20
886,41,Male,IT,Pune,22,604347,83,53.6,5,7.5,17.2,26.6,37.46,15,2023-11-22
887,29,Female,IT,Kolkata,7,349599,67,44.0,5,7.2,28.2,24.5,156.52,20,2022-11-23
888,42,Male,Operations,Mumbai,22,1662159,73,45.1,7,9.7,7.1,25.1,354.51,10,2024-10-12
889,40,Male,Sales,Delhi,17,376561,90,47.8,5,7.2,10.7,28.1,93.3,0,2022-08-02
890,18,Male,Marketing,Delhi,0,1075744,66,41.1,5,8.0,16.8,21.9,205.97,10,2023-08-29
891,25,Female,IT,Mumbai,4,355096,85,51.2,8,7.3,16.0,19.0,294.38,0,2022-07-12
892,20,Male,Sales,Delhi,0,1703180,81,40.8,5,7.3,7.7,25.9,284.25,0,2024-06-28
893,39,Female,Operations,Hyderabad,19,1206891,63,38.6,7,6.2,11.7,24.5,469.43,20,2020-05-21
894,31,Female,Finance,Mumbai,11,641096,65,44.5,3,8.1,6.7,23.6,229.37,20,2024-12-05
895,31,Male,IT,Mumbai,12,2419787,77,49.6,5,7.1,1.9,29.9,137.09,25,2021-06-07
896,42,Male,IT,Delhi,23,1004620,63,48.4,2,4.7,21.8,25.2,192.55,5,2020-03-15
897,38,Female,Finance,Hyderabad,19,537219,56,43.2,5,5.3,3.3,26.0,213.8,0,2023-08-16
898,27,Male,Operations,Bengaluru,7,910796,65,48.0,4,7.8,1.5,23.4,121.9,0,2020-04-02
899,41,Female,IT,Jaipur,22,1101808,68,41.4,4,6.5,1.0,25.7,109.08,5,2023-08-06
900,43,Male,IT,Delhi,20,1790096,70,43.5,6,7.1,2.7,23.5,267.73,5,2020-01-08
901,22,Female,Operations,Jaipur,1,544388,88,44.3,3,6.9,28.2,26.1,125.9,30,2020-06-26
902,29,Male,Operations,Jaipur,7,2800640,59,39.8,4,7.2,8.9,20.0,239.95,20,2021-02-18
903,31,Female,IT,Kolkata,12,1434170,80,45.7,7,5.3,12.1,22.8,65.12,25,2023-09-14
904,24,Male,Marketing,Kolkata,1,494999,61,44.3,6,6.6,1.0,21.7,71.0,25,2024-04-13
905,41,Female,IT,Delhi,22,2094475,74,38.9,6,7.3,8.6,20.8,147.12,0,2023-10-06
906,32,Female,IT,Mumbai,12,1025818,63,33.4,4,6.6,1.8,20.5,112.54,20,2025-04-15
907,23,Female,HR,Hyderabad,0,1024539,76,41.1,3,7.2,6.9,23.4,150.9,20,2020-10-16
908,44,Female,Operations,Pune,24,1025649,89,43.5,4,6.3,1.0,27.2,27.87,5,2022-10-27
909,38,Female,Operations,Hyderabad,17,1196515,85,44.2,5,7.9,15.2,30.1,110.08,15,2020-05-28
910,18,Male,Sales,Chennai,0,1107656,89,48.7,3,7.0,2.4,24.6,123.65,30,2023-09-07
911,37,Male,IT,Chennai,14,962409,78,43.3,8,8.4,4.5,26.3,64.91,25,2020-06-26
912,40,Male,IT,Hyderabad,19,1454893,65,43.0,7,6.0,23.4,23.6,101.04,10,2025-05-13
913,29,Female,Operations,Delhi,6,655928,75,45.3,4,7.3,1.0,17.7,122.32,30,2023-02-23
914,28,Female,Sales,Bengaluru,6,1231530,66,50.6,4,7.8,24.6,22.5,69.91,15,2024-10-31
915,31,Male,IT,Bengaluru,8,905200,87,58.8,4,6.6,30.5,27.1,343.94,30,2021-09-02
916,29,Male,Marketing,Jaipur,6,775220,78,49.0,3,10.0,2.1,29.4,191.72,0,2023-05-01
917,51,Female,Sales,Hyderabad,30,1810824,79,41.1,2,7.6,18.1,25.4,116.78,15,2023-10-28
918,23,Male,Sales,Chennai,1,1401475,84,45.8,4,4.8,26.8,11.5,185.06,10,2024-05-26
919,35,Female,Sales,Pune,12,410341,62,44.1,5,9.8,12.8,17.3,194.37,25,2024-12-28
920,31,Female,Sales,Mumbai,10,1477820,73,42.7,1,9.1,10.7,21.9,130.18,5,2023-09-26
921,33,Male,Operations,Bengaluru,10,1500128,71,50.5,4,6.2,1.0,18.1,168.78,0,2025-05-10
922,35,Male,IT,Chennai,16,791032,89,37.3,7,8.5,8.0,25.3,158.13,15,2024-01-08
923,27,Female,Operations,Delhi,5,1204481,77,39.4,1,3.6,5.6,19.5,147.73,30,2024-09-29
924,36,Male,Sales,Pune,14,794326,82,45.1,5,7.3,9.2,26.2,191.64,30,2021-03-29
925,27,Female,Sales,Pune,4,522309,93,35.4,1,5.5,3.5,23.1,79.05,15,2021-03-26
926,36,Female,Marketing,Jaipur,13,1132712,61,36.8,8,6.1,2.5,29.1,41.4,30,2022-05-17
927,29,Male,Operations,Delhi,7,579997,84,45.0,1,8.5,7.5,26.6,78.92,5,2021-04-07
928,30,Female,Sales,Delhi,8,1110336,62,49.2,7,9.2,8.9,20.8,233.28,15,2020-08-05
929,34,Male,Finance,Mumbai,12,993954,63,40.7,1,8.1,5.8,29.8,159.16,30,2024-05-02
930,29,Female,IT,Bengaluru,10,993876,81,54.7,7,6.1,8.5,24.8,34.53,30,2020-04-19
931,18,Female,Sales,Delhi,0,657963,47,45.1,5,10.0,1.7,19.5,83.4,10,2023-09-03
932,34,Male,IT,Chennai,15,1447134,80,35.0,3,6.9,12.1,22.4,296.52,25,2023-11-26
933,42,Female,IT,Delhi,20,796871,90,41.2,4,7.1,6.5,19.8,293.36,15,2021-02-07
934,56,Female,Marketing,Bengaluru,33,854567,75,46.9,4,6.2,17.5,22.7,258.23,20,2020-07-02
935,18,Male,Finance,Pune,0,1355978,85,43.9,4,7.3,22.2,21.4,603.58,0,2023-06-23
936,29,Female,Sales,Mumbai,10,505388,78,41.3,5,8.5,42.0,23.7,95.45,5,2020-06-21
937,19,Male,Marketing,Hyderabad,0,767090,67,43.6,1,6.2,4.4,26.2,401.18,20,2022-05-03
938,29,Male,HR,Delhi,10,661607,82,44.8,3,8.1,18.5,23.9,162.99,25,2020-11-05
939,40,Female,IT,Jaipur,21,1056444,82,48.4,4,5.2,15.5,27.6,219.13,15,2021-06-23
940,34,Female,Operations,Hyderabad,12,614664,87,54.8,3,6.0,3.6,23.9,228.04,0,2023-12-17
941,40,Male,Finance,Hyderabad,21,962604,58,38.2,6,5.1,27.0,26.0,227.94,30,2025-04-14
942,42,Male,Marketing,Chennai,20,674504,66,27.9,2,7.2,19.7,20.6,70.42,5,2020-06-10
943,35,Female,Finance,Chennai,12,1431618,82,52.5,2,5.6,10.9,30.2,170.7,30,2022-07-03
944,39,Female,Sales,Hyderabad,17,670734,92,45.1,6,5.8,36.9,38.1,217.67,5,2024-06-11
945,48,Male,Marketing,Hyderabad,25,845868,60,44.1,8,6.3,28.6,25.0,261.8,15,2025-04-09
946,25,Male,Sales,Chennai,3,1858569,73,41.3,2,7.7,12.9,31.6,202.23,20,2024-06-21
947,26,Female,Sales,Delhi,6,1400496,76,50.0,1,5.7,1.9,30.0,325.88,5,2023-03-28
948,22,Male,Sales,Mumbai,2,1051169,81,41.7,5,5.3,1.0,26.3,291.8,20,2023-09-10
949,35,Female,Finance,Delhi,13,747451,74,44.9,5,5.2,3.1,27.0,215.89,30,2025-02-24
950,34,Male,Finance,Pune,11,1041112,84,43.1,6,7.1,15.3,22.0,170.43,25,2023-07-16
951,41,Male,Sales,Chennai,20,653756,61,46.6,1,7.4,11.5,21.9,416.63,5,2020-01-03
952,29,Male,IT,Bengaluru,7,798259,94,40.1,5,8.6,7.4,21.7,152.92,15,2024-06-01
953,46,Male,Operations,Pune,24,1019653,70,46.7,6,8.4,22.1,19.9,119.23,10,2022-12-29
954,41,Male,Sales,Hyderabad,21,1070944,61,44.3,6,8.6,12.1,22.2,217.13,5,2021-12-09
955,21,Female,Sales,Delhi,2,800074,69,47.5,9,3.5,2.8,16.0,750.55,5,2024-09-02
956,44,Male,Operations,Mumbai,24,1189626,64,38.1,4,7.1,4.5,29.1,336.45,10,2020-10-31
957,44,Male,IT,Pune,22,750857,76,37.9,4,6.2,4.5,21.2,96.75,10,2021-10-14
958,32,Female,Operations,Chennai,10,740978,78,53.8,7,6.4,3.8,21.3,186.42,20,2024-01-16
959,18,Female,Marketing,Chennai,0,896893,95,42.6,4,7.3,2.7,25.8,59.15,20,2022-04-06
960,22,Female,HR,Jaipur,2,887367,77,42.6,6,4.9,1.7,20.4,242.76,0,2022-07-31
961,44,Male,Finance,Kolkata,25,1123094,71,36.3,8,9.2,4.8,28.2,342.78,25,2021-11-16
962,34,Female,Sales,Chennai,11,884811,79,46.7,2,5.5,30.6,22.8,139.66,0,2020-10-14
963,23,Female,Marketing,Kolkata,3,836431,81,37.8,5,8.5,2.7,23.0,302.39,0,2021-06-10
964,34,Male,Sales,Bengaluru,14,1025893,72,40.6,5,6.3,12.1,25.2,179.42,25,2022-02-17
965,33,Female,IT,Delhi,12,938312,81,40.4,5,6.0,1.0,25.8,114.55,20,2023-06-25
966,42,Male,IT,Hyderabad,21,713458,59,37.4,6,9.8,16.4,19.2,114.85,0,2024-06-09
967,41,Female,IT,Bengaluru,21,2747528,66,42.1,3,6.0,25.5,25.4,254.13,20,2024-04-03
968,27,Male,Sales,Chennai,8,1677356,61,39.4,4,4.5,12.3,21.1,385.13,10,2020-07-23
969,33,Female,Operations,Jaipur,10,508987,79,47.3,7,5.5,8.8,32.1,63.76,30,2022-04-25
970,26,Female,Sales,Pune,7,665413,83,42.1,5,7.8,11.3,23.5,220.9,5,2025-01-11
971,32,Male,IT,Jaipur,10,616245,65,39.5,6,6.3,13.6,27.7,145.63,15,2025-06-11
972,39,Male,Sales,Chennai,20,1156128,53,38.9,4,10.0,9.6,28.6,246.37,15,2020-11-18
973,44,Male,Operations,Jaipur,21,699011,68,41.0,6,5.8,6.4,19.1,322.1,25,2022-03-22
974,34,Female,Sales,Chennai,11,969250,62,39.4,1,7.8,19.6,23.9,133.29,0,2022-08-11
975,30,Male,Sales,Delhi,9,1012175,100,43.2,8,8.0,15.7,30.6,443.19,5,2021-02-15
976,50,Male,IT,Pune,31,1314284,98,45.4,6,7.0,1.0,29.0,273.39,15,2024-05-23
977,18,Male,HR,Jaipur,0,1242708,81,38.4,3,8.0,2.8,29.6,162.15,15,2020-12-15
978,33,Female,Sales,Jaipur,11,1147997,81,54.2,7,7.1,15.2,22.8,118.87,25,2022-04-27
979,38,Female,Finance,Mumbai,19,1108176,71,44.8,3,5.2,21.4,27.4,100.92,25,2023-01-14
980,35,Female,Sales,Delhi,15,1324638,95,36.6,8,6.4,17.0,20.8,110.96,20,2024-01-24
981,31,Male,Sales,Mumbai,11,523300,50,42.6,4,7.1,14.0,28.2,52.07,20,2020-04-12
982,24,Male,Finance,Jaipur,1,1023783,56,41.7,5,10.0,11.5,31.0,191.36,10,2024-02-14
983,43,Male,Sales,Jaipur,23,581605,63,49.8,3,9.9,1.9,25.6,92.49,25,2021-10-18
984,30,Male,Operations,Bengaluru,10,934838,67,42.0,4,6.6,28.2,28.7,55.43,20,2022-10-19
985,22,Male,Sales,Delhi,1,1646484,74,46.8,5,9.3,4.5,27.5,256.7,10,2023-07-01
986,31,Male,IT,Chennai,11,836408,68,38.6,5,8.6,10.1,32.2,119.59,5,2024-07-15
987,31,Female,IT,Delhi,10,327075,73,39.9,4,6.6,10.7,25.1,85.2,20,2022-04-03
988,33,Male,IT,Hyderabad,11,510711,82,35.6,1,6.9,12.5,29.3,159.02,5,2024-01-22
989,42,Female,Sales,Bengaluru,19,782225,84,41.2,3,8.8,9.3,20.3,345.22,20,2022-10-19
990,39,Female,Sales,Chennai,16,2945506,74,41.5,7,8.4,10.1,25.5,155.77,15,2023-07-31
991,27,Female,Finance,Kolkata,6,1145230,73,39.4,3,7.9,2.4,26.9,223.54,15,2024-07-14
992,34,Female,Sales,Pune,12,1015368,78,40.5,7,6.6,29.9,15.1,249.63,30,2020-08-17
993,46,Female,Sales,Hyderabad,26,1145032,85,36.6,3,7.0,3.0,23.7,133.22,25,2023-11-10
994,32,Female,Sales,Delhi,9,3827608,59,38.8,4,9.6,3.8,26.6,157.91,10,2023-02-06
995,26,Female,Sales,Pune,7,1080070,53,46.7,5,6.0,3.1,25.7,180.16,30,2024-12-12
996,38,Female,HR,Chennai,18,2067900,73,35.1,1,5.9,9.6,25.3,336.25,5,2025-01-17
997,34,Female,IT,Bengaluru,11,1765761,88,40.1,6,4.7,17.3,25.4,368.93,15,2020-07-13
998,28,Male,Operations,Mumbai,7,728898,66,47.7,2,4.1,1.5,18.3,103.22,20,2024-10-13
999,27,Female,Marketing,Pune,6,578091,73,51.3,4,8.4,5.8,23.3,163.3,10,2022-07-06
1000,36,Female,IT,Chennai,17,7704954,88,38.9,7,6.8,10.4,16.2,183.21,25,2022-08-31
1001,39,Other,IT,Mumbai,19,5805303,85,42.6,2,4.8,8.3,26.1,182.05,30,2023-03-15
1002,31,Female,Sales,Hyderabad,12,666232,82,46.2,6,6.2,10.5,27.9,214.02,15,2021-08-22
1003,34,Male,Marketing,Delhi,13,828928,62,38.9,2,9.3,1.0,30.2,68.01,20,2023-05-17
1004,34,Female,Sales,Hyderabad,15,554324,73,40.5,5,4.1,19.6,21.7,116.59,30,2023-01-12
1005,22,Female,Marketing,Mumbai,2,1630126,70,37.1,4,7.1,1.0,24.5,115.44,25,2022-04-05
1006,46,Male,Marketing,Chennai,27,588763,87,40.3,5,9.2,27.3,23.7,102.13,0,2022-10-26
1007,34,Female,IT,Delhi,11,1261179,52,35.8,6,7.8,30.1,26.5,58.76,0,2022-03-16
1008,21,Female,IT,Chennai,1,577540,76,48.0,9,6.4,10.9,27.8,233.83,15,2024-04-22
1009,41,Male,Sales,Bengaluru,19,1121774,96,43.5,7,5.3,5.9,24.5,171.59,10,2022-02-01
1010,24,Female,Sales,Bengaluru,3,891788,67,37.8,4,6.3,1.3,27.7,673.25,20,2020-04-25
1011,39,Female,IT,Mumbai,17,359215,75,49.8,3,8.7,6.7,23.6,77.51,25,2021-05-19
1012,25,Male,IT,Hyderabad,4,903212,66,46.6,8,6.5,29.8,24.9,162.89,10,2021-09-23
1013,27,Male,Marketing,Chennai,7,549572,70,39.0,3,6.9,1.4,18.0,260.78,10,2023-04-04
1014,28,Male,Finance,Bengaluru,9,907587,92,45.5,5,5.5,24.8,23.7,86.05,30,2023-08-12
1015,22,Male,HR,Jaipur,0,1550015,73,31.5,4,7.9,2.6,28.9,91.29,5,2021-10-09
1016,30,Male,HR,Chennai,7,757623,67,43.7,3,7.1,8.6,23.2,268.22,25,2022-09-06
1017,35,Female,Finance,Jaipur,15,1013232,82,41.4,1,8.1,20.2,24.3,58.24,10,2024-12-24
1018,22,Male,Operations,Pune,1,951707,87,41.1,4,5.4,3.2,22.2,46.53,20,2023-05-02
1019,24,Male,Sales,Hyderabad,3,931001,81,41.5,2,8.1,7.3,19.8,127.76,10,2024-08-14
1020,34,Female,Marketing,Mumbai,15,549996,63,42.9,4,6.8,27.3,19.1,240.01,20,2021-01-19
1021,21,Male,Operations,Chennai,1,1391115,58,42.0,2,8.0,31.2,26.3,108.87,5,2022-12-07
1022,55,Female,Sales,Pune,32,887559,74,43.5,7,8.7,26.2,21.9,501.93,30,2024-01-14
1023,19,Female,HR,Chennai,0,814324,66,39.4,7,7.6,11.9,21.0,282.35,20,2024-03-17
1024,45,Female,IT,Bengaluru,22,1117323,77,45.5,6,7.1,3.4,22.9,228.53,20,2022-08-29
1025,28,Male,Marketing,Kolkata,7,1033534,88,43.7,5,8.5,1.0,19.5,34.51,10,2021-03-10
1026,31,Female,Operations,Jaipur,8,547870,68,44.3,8,5.6,6.1,29.7,100.02,30,2023-06-21
1027,33,Female,Finance,Kolkata,12,556625,75,48.0,6,6.3,5.7,27.9,183.59,10,2021-12-11
1028,33,Male,Marketing,Pune,13,1640587,70,36.9,1,7.9,10.8,24.9,130.24,5,2021-08-27
1029,34,Female,Marketing,Kolkata,13,1232104,78,51.4,6,5.6,4.9,32.1,428.25,10,2022-04-18
1030,34,Male,Operations,Pune,13,808436,72,51.2,9,6.3,12.1,24.4,209.1,20,2024-03-26
1031,23,Female,Operations,Pune,1,2651721,68,37.6,5,4.0,30.3,18.1,163.59,20,2024-04-12
1032,44,Male,Finance,Chennai,25,1289905,56,42.1,3,5.8,7.3,30.4,225.13,10,2024-12-24
1033,36,Female,Operations,Mumbai,16,2231719,88,44.0,1,6.7,8.4,27.1,153.8,15,2021-02-24
1034,24,Male,Operations,Bengaluru,3,882484,71,42.9,6,7.0,1.0,25.0,109.06,25,2024-11-23
1035,31,Male,Sales,Hyderabad,12,718257,76,45.1,1,6.1,1.7,20.9,107.77,0,2020-04-25
1036,30,Male,Operations,Bengaluru,11,1012294,63,44.6,6,6.5,12.1,23.3,163.26,20,2024-02-04
1037,32,Female,Operations,Kolkata,12,471629,63,42.9,6,7.8,3.7,27.1,465.84,5,2020-12-19
1038,29,Male,Sales,Kolkata,10,817343,77,39.7,4,5.4,12.7,23.3,66.26,15,2025-01-03
1039,37,Male,IT,Pune,14,978377,59,47.6,5,7.1,19.2,28.1,135.28,0,2021-01-23
1040,33,Male,Sales,Bengaluru,13,437317,72,37.3,4,6.0,2.5,20.6,449.43,30,2020-08-17
1041,36,Other,Finance,Mumbai,14,701905,74,41.4,5,9.8,17.1,23.5,55.32,5,2021-01-11
1042,30,Male,Sales,Bengaluru,10,1260842,78,45.4,4,8.1,1.0,21.9,204.49,25,2021-12-24
1043,30,Male,Finance,Jaipur,8,4022323,81,38.6,3,6.8,14.1,28.1,171.46,15,2020-03-16
1044,35,Female,Marketing,Mumbai,12,1617435,78,44.5,6,7.9,9.7,22.5,153.7,5,2022-08-07
1045,30,Male,Finance,Jaipur,7,282007,77,41.7,7,8.6,10.2,27.2,146.27,20,2020-09-24
1046,38,Female,HR,Bengaluru,15,1609777,79,32.0,8,8.2,3.8,24.1,133.36,0,2022-10-29
1047,36,Male,HR,Delhi,17,384729,80,47.9,8,6.9,5.3,16.5,35.13,30,2021-03-22
1048,34,Male,Finance,Hyderabad,15,823788,75,41.4,1,8.8,17.5,24.6,162.02,10,2020-08-31
1049,32,Female,Operations,Kolkata,13,633615,75,34.5,3,7.5,21.4,28.7,173.76,25,2023-06-19
1050,34,Other,Marketing,Mumbai,13,965923,75,51.4,3,7.0,30.5,25.8,157.54,5,2022-06-08
1051,35,Male,Operations,Mumbai,13,406532,78,39.9,4,6.5,1.8,21.1,220.84,5,2025-06-15
1052,44,Male,Sales,Bengaluru,21,842419,76,41.1,7,6.0,26.5,22.6,101.38,15,2020-10-30
1053,32,Female,Sales,Pune,13,930388,70,44.9,2,8.9,8.6,21.7,229.73,0,2020-11-01
1054,40,Female,Finance,Mumbai,17,1618696,72,34.4,5,4.5,6.4,32.8,111.85,0,2021-08-26
1055,42,Female,Operations,Chennai,23,841281,82,43.9,5,6.1,10.0,21.9,29.08,15,2020-08-22
1056,35,Male,Sales,Kolkata,16,615947,72,40.6,5,7.6,25.3,25.4,253.44,5,2023-03-08
1057,31,Male,Sales,Pune,11,936648,52,39.8,3,4.7,3.0,27.4,74.15,10,2023-09-03
1058,34,Male,HR,Hyderabad,14,653073,80,32.3,8,8.3,39.9,13.6,42.11,10,2021-04-26
1059,21,Male,Finance,Delhi,0,344811,95,44.3,6,6.5,7.2,22.3,64.75,15,2023-12-11
1060,39,Female,Operations,Hyderabad,19,1064575,53,54.4,4,8.0,23.3,21.0,79.88,15,2022-08-14
1061,38,Male,Sales,Pune,19,485812,62,55.2,6,5.7,1.9,24.9,238.41,10,2024-01-26
1062,21,Female,Finance,Delhi,1,839655,82,49.6,6,6.1,10.3,27.5,188.32,10,2023-08-09
1063,38,Female,IT,Bengaluru,15,625929,59,40.0,4,5.8,4.9,26.0,170.03,30,2024-11-04
1064,27,Male,Finance,Kolkata,4,520746,74,26.7,3,8.6,59.5,18.5,101.51,10,2021-09-28
1065,37,Male,Operations,Pune,14,508962,90,45.7,6,10.0,8.2,24.8,279.72,0,2021-02-18
1066,49,Male,Sales,Pune,27,1237590,100,49.9,6,6.3,20.8,24.5,274.84,0,2024-05-17
1067,32,Male,Operations,Chennai,12,1104082,54,39.2,2,8.8,22.4,27.9,328.83,10,2024-11-11
1068,32,Female,Sales,Chennai,9,1883198,76,43.0,7,7.9,1.0,20.3,74.4,30,2020-04-25
1069,31,Male,Sales,Mumbai,11,1211230,64,43.0,2,4.9,12.1,20.7,119.21,30,2020-09-04
1070,24,Female,Sales,Mumbai,2,1496266,72,42.5,4,6.7,5.2,20.8,319.64,0,2020-12-13
1071,26,Female,Sales,Bengaluru,5,824420,62,51.2,1,5.0,9.6,20.4,242.96,25,2022-08-24
1072,47,Female,Sales,Mumbai,26,1489097,77,42.3,8,7.6,4.7,23.0,675.63,10,2024-08-13
1073,34,Male,Operations,Chennai,14,1494014,78,53.4,6,7.2,2.9,21.3,200.0,20,2024-11-07
1074,33,Female,Operations,Bengaluru,14,531053,80,46.2,5,7.2,23.4,24.8,296.11,25,2022-01-16
1075,34,Male,IT,Bengaluru,14,1026881,59,43.2,8,7.1,1.0,24.7,311.91,30,2020-11-14
1076,18,Female,IT,Mumbai,0,549962,76,40.4,6,8.4,1.0,27.7,135.27,30,2020-07-20
1077,40,Male,Finance,Chennai,21,1251493,84,41.7,6,7.0,4.2,23.7,62.03,30,2022-01-27
1078,34,Male,Finance,Mumbai,14,861496,64,40.9,5,7.1,63.4,19.9,247.6,25,2020-05-05
1079,34,Female,Operations,Delhi,13,561275,86,45.2,3,6.4,5.8,18.8,98.5,10,2024-04-27
1080,33,Female,Operations,Delhi,13,844378,59,33.1,3,8.8,1.9,20.7,77.13,15,2022-09-01
1081,29,Female,Sales,Kolkata,10,1034894,77,40.3,1,8.2,30.1,25.1,156.05,25,2021-04-23
1082,38,Male,IT,Chennai,17,2136924,88,43.8,2,7.5,1.1,28.5,420.93,15,2022-05-28
1083,46,Female,Sales,Chennai,25,855937,69,40.5,5,6.7,2.1,20.9,359.11,30,2020-02-26
1084,33,Male,Sales,Bengaluru,12,388521,92,47.3,2,5.9,1.4,20.9,66.24,10,2023-08-26
1085,39,Male,Operations,Delhi,16,1096373,68,45.9,5,6.8,10.3,29.5,96.6,0,2024-09-07
1086,23,Female,IT,Delhi,1,1012360,80,45.1,5,8.2,13.6,24.1,37.31,0,2022-05-14
1087,18,Female,Finance,Pune,0,744666,69,50.0,3,5.6,4.1,15.8,102.48,30,2022-07-28
1088,40,Female,IT,Jaipur,20,551150,95,44.2,6,7.1,1.0,21.0,416.24,20,2024-08-01
1089,40,Female,Sales,Delhi,21,1147621,74,39.2,5,8.0,20.7,28.9,65.92,10,2025-06-19
1090,35,Male,Sales,Kolkata,12,1422633,56,35.1,5,6.1,2.8,21.5,145.66,25,2023-04-15
1091,26,Female,Finance,Hyderabad,3,894735,82,44.1,3,7.6,9.5,22.7,229.4,5,2023-05-03
1092,37,Female,Operations,Hyderabad,14,553018,76,44.7,4,8.0,27.5,25.1,123.66,5,2020-12-20
1093,37,Male,Sales,Chennai,16,654142,75,49.5,2,6.4,3.1,16.1,123.1,20,2024-07-13
1094,21,Female,IT,Bengaluru,0,1405423,69,43.0,6,6.8,9.3,24.7,80.51,20,2023-08-14
1095,33,Male,IT,Pune,12,1005285,80,37.8,5,6.4,1.0,23.2,134.42,15,2021-09-24
1096,27,Male,Operations,Hyderabad,4,1441722,70,37.9,2,7.7,6.0,25.7,85.16,15,2022-02-01
1097,33,Male,Operations,Chennai,13,1062850,85,47.7,8,7.7,1.0,23.2,172.78,30,2024-04-18
1098,33,Female,Sales,Hyderabad,14,562027,75,40.9,5,6.9,1.2,25.0,40.51,0,2023-04-06
1099,28,Male,Finance,Jaipur,5,987958,68,39.5,3,7.0,42.4,26.6,150.35,30,2021-06-04
1100,24,Female,IT,Pune,5,891048,64,40.0,7,7.5,2.8,22.2,107.91,20,2023-02-17
1101,29,Male,Operations,Jaipur,10,1468801,76,40.4,2,6.1,18.4,28.6,251.2,30,2024-02-22
1102,18,Female,IT,Jaipur,0,422509,68,47.8,7,8.4,2.2,28.3,116.11,30,2023-07-29
1103,42,Male,IT,Delhi,19,364763,63,46.7,8,6.4,25.7,22.7,116.96,15,2021-01-21
1104,27,Male,IT,Delhi,5,704171,70,43.0,3,4.8,11.2,20.6,195.25,30,2023-11-21
1105,28,Female,Sales,Chennai,8,1004020,76,42.8,4,5.8,1.0,25.0,267.88,0,2024-02-19
1106,33,Male,HR,Delhi,11,872785,61,44.8,6,6.9,1.0,24.8,73.48,0,2021-10-18
1107,26,Male,Operations,Kolkata,6,569075,80,45.4,3,9.0,3.1,24.8,94.57,0,2022-06-29
1108,38,Male,IT,Bengaluru,16,1531893,61,42.6,4,6.1,4.3,14.4,128.12,30,2021-08-12
1109,42,Male,Sales,Kolkata,22,422389,86,36.4,4,7.6,3.5,22.4,84.99,0,2024-08-03
1110,31,Female,Finance,Mumbai,8,889963,85,36.6,4,6.7,25.7,26.9,113.28,10,2021-06-30
1111,33,Male,Sales,Kolkata,13,901118,71,43.7,1,2.3,2.2,18.6,126.16,30,2024-04-07
1112,39,Male,Marketing,Bengaluru,16,535145,84,33.9,4,8.4,8.3,24.6,34.66,15,2024-02-28
1113,37,Male,IT,Pune,17,1362607,72,42.7,4,6.8,8.1,23.4,194.08,0,2021-08-24
1114,34,Male,Marketing,Pune,15,955104,86,38.1,6,8.9,3.6,18.0,127.06,25,2024-11-30
1115,28,Female,Operations,Mumbai,9,1229141,79,39.2,6,7.0,33.4,19.3,75.36,25,2020-12-07
1116,29,Male,Marketing,Jaipur,10,794258,72,36.4,1,4.4,1.0,28.9,255.47,5,2022-06-28
1117,32,Male,Sales,Jaipur,13,484445,85,37.4,2,7.6,32.4,23.2,100.59,15,2024-12-23
1118,44,Female,IT,Jaipur,23,690393,57,36.1,4,4.7,5.9,20.2,274.85,5,2021-09-15
1119,30,Female,IT,Jaipur,11,1812377,69,43.1,4,5.7,1.8,20.6,72.86,10,2023-08-19
1120,38,Male,Finance,Jaipur,15,4407880,66,46.9,5,8.0,19.9,24.7,214.78,20,2024-09-14
1121,24,Female,Operations,Jaipur,5,2246760,65,44.1,5,9.1,30.6,28.0,182.55,10,2023-06-04
1122,32,Male,Sales,Bengaluru,11,974861,85,44.1,4,7.3,6.5,19.1,68.34,5,2020-05-10
1123,22,Male,Sales,Delhi,2,991946,62,45.8,4,6.4,1.0,22.0,304.15,15,2024-01-24
1124,24,Male,Operations,Kolkata,5,706283,72,45.8,4,4.1,17.1,23.1,184.54,30,2023-04-04
1125,43,Male,Sales,Jaipur,24,381602,68,42.4,4,6.7,25.4,23.6,80.15,20,2020-03-05
1126,18,Male,Finance,Delhi,0,718862,72,37.8,3,7.0,22.8,23.5,137.07,25,2023-04-01
1127,52,Male,IT,Hyderabad,30,1498509,69,46.4,6,6.5,19.3,25.8,134.19,20,2020-03-08
1128,18,Male,IT,Delhi,0,2792065,71,47.2,4,7.5,5.8,31.6,231.5,10,2022-12-04
1129,26,Male,Sales,Hyderabad,3,647443,56,46.3,1,7.4,10.6,29.8,95.76,0,2021-01-09
1130,27,Female,HR,Pune,7,1421618,72,42.0,6,8.7,14.0,29.5,72.24,25,2024-04-13
1131,24,Female,IT,Chennai,1,694984,80,42.7,3,8.5,1.5,21.5,367.41,15,2021-05-24
1132,26,Other,HR,Delhi,6,782996,74,42.2,5,8.5,10.6,23.7,60.28,20,2024-07-30
1133,18,Male,Sales,Hyderabad,0,952242,77,44.4,7,3.9,35.6,30.7,169.18,5,2025-01-01
1134,26,Female,Operations,Delhi,7,2095091,86,35.0,3,6.2,7.8,29.1,139.38,20,2021-01-18
1135,23,Male,Marketing,Delhi,0,1175755,87,53.6,6,6.0,17.3,24.0,135.26,0,2021-08-16
1136,29,Male,Operations,Mumbai,9,1047566,88,46.1,4,6.2,1.0,33.7,156.15,10,2020-11-07
1137,45,Female,Sales,Kolkata,25,808824,63,36.2,2,7.8,28.7,23.7,176.44,5,2021-04-23
1138,29,Other,Operations,Kolkata,10,1022745,81,35.0,2,4.3,10.1,29.7,112.57,0,2020-06-23
1139,25,Male,HR,Mumbai,2,702492,76,46.9,4,5.6,39.8,19.2,36.74,10,2021-05-22
1140,34,Male,Sales,Bengaluru,13,868078,66,49.1,4,7.4,8.1,25.2,102.97,15,2025-06-10
1141,29,Female,IT,Delhi,6,640592,80,44.8,4,6.5,2.7,23.6,146.96,0,2021-01-23
1142,31,Male,Operations,Jaipur,10,1378360,81,40.4,7,7.0,24.1,19.6,226.6,0,2025-03-05
1143,33,Male,HR,Mumbai,13,941598,74,43.6,2,4.0,1.0,31.6,311.78,10,2022-11-08
1144,40,Female,IT,Chennai,17,370936,75,46.3,3,5.6,1.5,28.6,111.57,30,2022-08-26
1145,39,Female,Sales,Pune,20,656400,75,41.1,3,8.1,30.8,24.4,193.84,0,2024-07-05
1146,21,Female,HR,Pune,2,1569429,71,42.3,6,6.3,16.3,35.0,213.65,0,2020-11-06
1147,29,Female,Sales,Hyderabad,8,677215,78,39.2,2,6.9,1.0,22.4,38.02,20,2025-02-02
1148,30,Female,Finance,Jaipur,10,1363807,74,43.5,4,4.7,14.2,22.9,260.79,5,2020-06-10
1149,43,Male,Operations,Mumbai,21,789631,83,39.9,6,6.2,1.5,26.0,176.4,10,2022-07-20
1150,36,Male,Sales,Jaipur,14,1556903,60,39.5,2,4.7,18.7,25.3,481.06,25,2024-05-01
1151,40,Female,Sales,Hyderabad,18,1032477,85,40.5,5,6.6,8.0,32.6,123.34,30,2022-04-14
1152,36,Male,HR,Bengaluru,17,638576,83,44.7,4,8.2,9.7,27.9,140.18,15,2022-11-24
1153,27,Male,HR,Kolkata,4,802709,80,42.7,8,5.6,6.7,20.0,377.64,20,2020-09-04
1154,38,Other,IT,Pune,15,507606,75,43.3,3,6.9,2.7,26.8,189.12,10,2021-04-18
1155,39,Male,Operations,Kolkata,17,640124,64,51.6,6,9.0,3.6,22.1,79.83,5,2020-03-30
1156,27,Male,Marketing,Chennai,8,1014791,90,42.3,5,5.6,11.9,23.3,156.47,30,2024-09-27
1157,31,Male,Sales,Chennai,11,894985,83,45.4,6,10.0,6.3,25.3,106.8,15,2020-01-22
1158,28,Female,IT,Kolkata,6,902838,94,45.3,5,7.0,7.0,24.9,248.7,0,2022-05-16
1159,29,Female,Sales,Pune,9,741981,75,39.8,5,6.3,1.0,29.3,126.0,25,2022-01-18
1160,35,Other,IT,Jaipur,14,837614,89,38.2,4,7.2,12.2,15.2,158.86,25,2025-04-02
1161,29,Male,Sales,Mumbai,10,634620,90,38.9,4,6.2,9.5,20.6,52.9,15,2024-10-01
1162,20,Female,Marketing,Mumbai,1,1036023,77,39.2,4,8.0,14.1,31.4,184.11,30,2023-10-29
1163,39,Male,Marketing,Delhi,19,1585076,84,38.3,8,6.2,2.2,23.1,144.71,25,2020-11-22
1164,34,Male,IT,Bengaluru,13,329278,87,41.6,4,6.9,39.1,26.6,149.11,20,2022-12-11
1165,39,Male,Marketing,Mumbai,19,276538,86,40.1,6,8.2,10.1,22.9,169.29,20,2025-05-18
1166,33,Other,IT,Bengaluru,13,1103905,77,40.5,3,5.4,2.7,25.9,176.16,15,2022-04-02
1167,44,Male,Operations,Bengaluru,21,816643,67,40.5,4,7.9,4.4,28.6,173.65,30,2020-03-17
1168,23,Male,IT,Jaipur,2,1544585,61,41.0,7,5.4,6.5,24.3,25.02,30,2025-03-11
1169,28,Male,Sales,Chennai,5,1151459,77,36.1,2,6.3,10.6,28.7,172.75,20,2024-09-13
1170,26,Male,IT,Kolkata,7,1427953,72,50.0,5,4.4,4.2,28.5,130.29,5,2024-01-11
1171,21,Male,Operations,Mumbai,2,1387364,70,40.0,6,6.7,7.2,22.1,234.85,5,2024-07-30
1172,24,Male,Operations,Delhi,3,1683441,68,37.7,7,5.2,1.8,24.1,159.06,15,2020-04-28
1173,28,Female,Sales,Kolkata,7,389588,86,37.2,1,6.1,16.5,27.0,177.17,30,2025-06-06
1174,32,Female,Finance,Hyderabad,11,430636,77,33.9,3,9.1,30.1,24.6,83.29,0,2020-04-13
1175,34,Male,HR,Delhi,12,764796,72,47.2,5,3.3,4.8,24.1,214.35,15,2021-10-22
1176,26,Other,Marketing,Delhi,6,925285,89,41.8,7,5.4,1.7,27.0,201.19,15,2022-02-22
1177,28,Male,Sales,Hyderabad,6,1024746,82,41.5,8,8.8,2.7,30.6,211.4,15,2020-02-04
1178,27,Female,Operations,Mumbai,6,835599,74,29.9,6,7.4,29.8,21.6,153.37,5,2020-04-02
1179,35,Female,Finance,Bengaluru,12,461345,66,48.7,5,7.3,20.8,18.8,142.87,30,2025-02-25
1180,37,Male,Sales,Delhi,17,685945,63,39.7,4,6.0,7.5,33.0,78.0,30,2023-11-16
1181,18,Female,IT,Bengaluru,0,1851504,76,35.3,3,6.2,48.6,23.8,111.06,30,2024-07-14
1182,41,Female,Marketing,Delhi,18,636394,60,40.0,6,9.0,13.1,28.3,140.77,15,2022-01-12
1183,18,Male,IT,Kolkata,0,1510607,59,40.8,1,4.5,1.7,24.5,250.63,20,2024-11-24
1184,25,Male,Sales,Bengaluru,4,1702219,82,39.9,3,5.8,15.1,28.4,205.9,15,2024-09-13
1185,18,Other,Sales,Bengaluru,0,494093,77,40.5,3,5.6,5.6,19.8,140.64,10,2024-05-14
1186,37,Female,Operations,Kolkata,16,477035,82,37.2,3,8.6,3.0,29.3,142.81,20,2025-04-21
1187,18,Female,Sales,Pune,0,1283675,61,50.9,5,8.7,11.9,20.0,127.48,20,2021-07-28
1188,41,Male,Marketing,Jaipur,22,555072,48,38.2,5,8.4,11.7,21.0,63.15,5,2022-08-05
1189,25,Female,Marketing,Hyderabad,2,1548651,74,31.9,9,7.5,3.7,22.1,153.11,20,2020-02-16
1190,46,Male,HR,Kolkata,26,1116222,55,40.7,3,9.6,9.5,28.8,66.0,30,2023-01-10
1191,25,Male,Finance,Pune,2,1519928,73,38.6,3,7.4,1.5,24.3,142.15,15,2024-05-15
1192,39,Female,IT,Bengaluru,19,2074435,85,40.8,8,5.7,1.0,21.7,188.85,15,2021-11-02
1193,22,Female,IT,Bengaluru,3,432754,78,38.0,7,7.7,19.6,26.0,253.55,10,2021-11-05
1194,31,Female,HR,Chennai,10,863003,77,43.5,5,7.2,20.7,27.7,105.33,20,2023-01-05
1195,38,Female,Sales,Pune,17,1261791,100,37.5,2,5.8,16.6,25.7,225.69,20,2023-08-01
1196,18,Male,HR,Delhi,0,1691110,82,43.5,10,5.8,44.9,24.3,167.2,30,2021-04-19
1197,36,Female,Operations,Mumbai,16,1064552,65,31.3,6,6.0,1.5,24.4,177.58,15,2023-12-17
1198,42,Male,IT,Kolkata,20,950895,68,50.4,4,8.9,12.3,21.7,103.84,30,2024-02-17
1199,25,Female,Finance,Kolkata,4,654197,84,47.5,5,5.9,2.3,25.1,176.64,25,2020-06-17
1200,41,Male,Sales,Pune,22,1113785,69,35.7,9,4.8,26.6,16.9,112.97,15,2022-03-02
1201,32,Female,Marketing,Jaipur,13,1109193,71,43.5,3,8.2,4.1,20.7,180.62,5,2024-04-27
1202,46,Female,Operations,Pune,26,549596,67,35.6,3,8.2,7.2,21.9,354.62,0,2020-01-04
1203,37,Male,Operations,Pune,17,366806,81,48.5,7,6.8,1.0,29.8,252.28,15,2025-06-13
1204,27,Female,Finance,Pune,7,1026127,78,50.3,7,6.8,3.8,28.5,78.56,15,2025-02-02
1205,22,Male,Operations,Pune,0,891762,90,45.8,6,4.6,5.3,21.6,294.08,20,2023-07-21
1206,27,Male,IT,Jaipur,5,1268627,86,34.7,7,7.6,18.9,32.2,241.98,5,2024-03-01
1207,35,Female,Operations,Hyderabad,13,592363,66,44.1,1,8.4,3.1,32.5,105.97,10,2025-03-09
1208,27,Male,HR,Bengaluru,4,386186,82,43.3,5,5.0,4.6,23.9,117.76,15,2023-08-25
1209,29,Female,Sales,Chennai,7,1304388,76,40.2,4,7.9,1.1,25.9,87.57,15,2020-12-15
1210,19,Female,Finance,Jaipur,0,771849,57,47.7,6,8.8,21.9,29.4,121.25,30,2020-01-05
1211,38,Male,IT,Mumbai,19,1097659,83,39.3,6,7.9,2.5,25.4,152.73,25,2023-11-16
1212,49,Female,IT,Delhi,26,485459,67,46.0,7,6.5,16.1,27.3,160.82,30,2022-04-02
1213,27,Male,Sales,Delhi,8,310536,78,41.8,5,7.4,5.6,26.8,90.83,20,2021-09-20
1214,35,Male,Sales,Delhi,13,617479,87,29.6,4,5.9,23.6,22.4,197.83,5,2021-09-15
1215,36,Male,IT,Pune,15,841723,84,45.1,7,9.6,36.1,26.9,52.96,25,2023-10-04
1216,18,Female,Marketing,Chennai,0,635798,78,44.5,7,6.5,5.8,26.7,318.3,10,2023-02-26
1217,36,Male,Operations,Bengaluru,16,1054296,68,46.2,3,6.7,5.5,31.5,191.14,15,2024-05-11
1218,39,Male,HR,Bengaluru,19,1500152,74,38.6,7,7.2,10.3,16.3,95.98,25,2024-03-26
1219,42,Male,Sales,Jaipur,23,2277604,74,48.2,6,7.7,32.1,29.8,119.17,25,2021-08-09
1220,26,Female,Sales,Kolkata,6,938708,79,43.1,3,5.7,16.7,20.3,525.2,0,2022-04-30
1221,46,Male,Sales,Bengaluru,27,608324,86,41.3,4,7.4,14.1,25.5,522.77,0,2021-07-14
1222,24,Female,Operations,Pune,4,1369922,72,39.4,4,10.0,6.1,23.1,38.97,30,2024-05-02
1223,28,Female,Operations,Delhi,7,735425,77,36.0,7,7.3,1.8,26.3,371.07,0,2021-03-16
1224,24,Male,Operations,Mumbai,5,952669,82,44.2,6,7.3,13.7,24.4,160.36,5,2023-05-13
1225,35,Male,Sales,Pune,15,551099,78,48.5,7,9.5,2.6,25.9,127.76,30,2021-02-24
1226,39,Female,Marketing,Hyderabad,16,501356,72,43.5,5,10.0,28.7,27.5,74.34,10,2023-03-30
1227,26,Male,IT,Hyderabad,3,1030304,63,35.7,1,6.3,29.7,25.5,46.98,0,2021-05-19
1228,31,Female,Marketing,Chennai,9,774019,79,40.7,6,2.7,1.2,26.1,131.47,30,2022-09-11
1229,43,Male,IT,Delhi,20,678139,84,42.5,4,8.8,9.7,32.4,187.81,0,2020-09-28
1230,37,Female,Marketing,Mumbai,16,1799095,65,43.0,2,5.7,6.7,24.7,172.93,30,2025-05-28
1231,48,Female,Marketing,Kolkata,28,722373,85,46.7,6,5.2,1.0,31.2,178.84,25,2021-01-14
1232,26,Male,Operations,Chennai,5,494066,81,45.3,7,6.5,10.9,19.4,191.43,10,2022-05-22
1233,27,Female,Operations,Pune,8,719292,80,44.3,5,7.9,5.4,23.1,156.77,30,2021-01-12
1234,20,Male,Sales,Chennai,0,688680,80,41.1,5,7.7,18.6,22.1,158.55,0,2024-11-30
1235,54,Female,HR,Hyderabad,34,532389,75,51.0,4,6.3,5.2,24.5,214.85,5,2020-10-19
1236,28,Male,Sales,Hyderabad,9,928588,72,32.1,5,6.7,3.8,23.9,81.9,0,2021-04-12
1237,23,Male,Operations,Pune,0,729322,87,47.5,1,6.2,17.4,25.3,155.54,30,2020-01-16
1238,35,Female,IT,Chennai,12,917480,64,48.1,4,7.6,27.0,24.7,84.43,30,2023-12-29
1239,38,Female,IT,Delhi,15,637122,72,43.4,2,4.7,11.9,26.3,159.78,25,2022-11-10
1240,24,Male,Sales,Chennai,2,1070555,54,31.0,5,7.3,1.2,18.6,361.16,25,2022-06-29
1241,32,Male,Operations,Pune,10,730799,97,40.1,6,5.6,14.4,28.3,77.41,5,2022-11-30
1242,25,Female,HR,Kolkata,2,387146,67,39.3,6,7.5,4.6,23.5,140.79,5,2022-05-06
1243,31,Male,Operations,Chennai,12,650011,71,42.2,5,5.4,22.7,20.8,111.02,30,2024-09-10
1244,18,Female,Operations,Hyderabad,0,621689,75,40.3,3,4.4,3.8,24.0,142.15,0,2024-01-14
1245,30,Male,IT,Chennai,10,525013,81,40.4,6,6.4,2.2,26.1,140.6,30,2021-03-12
1246,33,Male,IT,Delhi,12,668704,80,50.8,3,5.9,3.9,24.0,138.21,25,2023-06-18
1247,26,Female,Finance,Delhi,3,496492,68,42.6,4,7.3,13.8,26.3,379.59,15,2023-05-22
1248,36,Other,HR,Chennai,13,615365,94,42.1,1,8.8,33.3,25.9,125.42,0,2022-05-06
1249,41,Female,IT,Bengaluru,18,982677,82,39.5,6,7.3,14.8,24.8,195.99,15,2020-10-26
1250,35,Male,IT,Chennai,14,1272009,83,37.9,7,7.5,1.0,31.0,109.18,15,2025-02-19
1251,35,Male,Marketing,Hyderabad,14,1152422,58,44.8,3,7.0,11.4,21.9,131.96,15,2021-11-27
1252,37,Female,IT,Mumbai,17,1130221,77,48.2,7,6.5,15.3,25.4,142.83,15,2020-02-19
1253,21,Male,Sales,Delhi,1,968123,87,43.8,7,8.8,8.7,30.1,95.15,15,2021-03-27
1254,35,Female,Operations,Bengaluru,14,1274841,72,43.2,5,8.6,9.3,21.7,62.66,5,2020-10-20
1255,32,Male,Operations,Bengaluru,13,366491,84,46.0,6,6.4,10.1,20.7,272.53,5,2025-02-25
1256,30,Female,IT,Pune,7,571631,74,45.6,1,4.3,25.1,27.9,274.91,30,2020-10-22
1257,18,Male,Operations,Bengaluru,0,1092998,77,32.5,5,3.9,3.6,17.3,137.7,15,2020-11-23
1258,40,Male,Marketing,Mumbai,21,833367,90,47.1,5,6.1,4.9,28.9,67.84,5,2024-03-17
1259,25,Female,Sales,Chennai,5,977851,78,40.0,2,6.9,1.7,26.7,73.55,30,2023-09-07
1260,32,Male,IT,Jaipur,10,2462486,75,28.0,6,6.6,5.1,21.4,147.43,30,2024-12-01
1261,35,Female,Marketing,Jaipur,16,993572,78,45.6,5,4.3,34.5,21.9,61.59,5,2023-11-21
1262,42,Female,Marketing,Kolkata,21,839247,79,33.5,5,7.2,23.8,26.7,105.96,5,2024-12-13
1263,34,Female,Operations,Hyderabad,11,801365,69,38.0,4,6.0,16.8,23.8,129.79,20,2022-02-19
1264,46,Female,Operations,Kolkata,24,3006945,77,33.8,5,6.3,29.9,22.1,166.58,10,2025-02-21
1265,23,Male,Sales,Hyderabad,0,438301,81,35.9,2,9.1,26.5,26.3,112.86,15,2021-12-07
1266,35,Male,Finance,Pune,12,662907,63,40.4,7,6.4,2.9,24.4,104.02,25,2020-07-30
1267,31,Male,Marketing,Pune,11,916774,89,44.3,7,9.2,7.2,29.4,114.59,20,2020-03-17
1268,38,Female,HR,Bengaluru,15,548647,84,39.7,5,4.6,45.7,27.8,59.53,15,2024-08-19
1269,37,Female,IT,Bengaluru,18,1372730,65,43.0,5,7.3,5.3,27.0,165.4,15,2021-11-01
1270,28,Female,Sales,Bengaluru,7,1145077,77,36.1,3,6.3,7.6,25.8,259.98,20,2020-03-29
1271,39,Male,Operations,Jaipur,18,18675419,78,39.3,4,6.5,21.0,26.5,39.13,15,2023-04-28
1272,22,Female,Marketing,Pune,1,1148172,69,43.3,5,7.1,9.4,24.4,115.63,20,2024-11-06
1273,31,Male,IT,Mumbai,11,711336,69,48.1,7,5.2,5.9,25.1,88.77,10,2022-09-28
1274,35,Female,Marketing,Jaipur,12,3220729,89,44.2,4,6.3,10.4,25.4,174.47,10,2023-12-24
1275,27,Male,HR,Hyderabad,7,1207585,69,48.6,5,6.7,1.0,27.6,194.37,30,2024-09-15
1276,32,Male,IT,Jaipur,12,1162382,80,33.1,1,6.8,1.0,24.0,219.63,5,2022-05-12
1277,36,Female,IT,Mumbai,16,1109704,76,45.7,4,6.2,6.5,16.0,119.05,25,2021-03-03
1278,25,Female,IT,Bengaluru,4,900345,58,42.8,6,7.8,4.0,25.9,118.89,30,2021-05-31
1279,18,Other,Operations,Kolkata,0,709601,92,46.5,2,10.0,8.2,31.6,50.66,15,2022-01-17
1280,38,Male,HR,Delhi,17,1947899,84,47.9,4,6.8,6.0,23.8,77.05,25,2022-02-11
1281,34,Female,Sales,Hyderabad,15,1463391,66,42.7,6,6.6,14.3,16.3,99.96,15,2024-09-26
1282,29,Female,IT,Bengaluru,10,1041052,69,42.8,4,7.2,8.8,29.6,511.88,10,2024-10-14
1283,42,Other,Finance,Bengaluru,20,430719,51,35.7,9,7.1,1.0,18.9,194.43,10,2023-12-17
1284,34,Female,Sales,Kolkata,14,1139324,85,47.3,8,8.8,10.2,18.1,258.19,30,2024-11-02
1285,35,Female,IT,Bengaluru,14,897558,74,48.9,5,2.8,1.2,24.2,165.68,10,2020-10-13
1286,27,Female,Operations,Chennai,7,750626,63,37.0,2,5.5,27.4,24.6,214.16,5,2022-04-17
1287,40,Female,Operations,Pune,21,665971,70,48.2,6,5.3,14.1,26.4,62.12,0,2025-04-28
1288,21,Female,Sales,Pune,0,671942,86,35.6,5,7.9,7.8,27.3,140.72,20,2024-09-08
1289,26,Female,Operations,Chennai,7,441714,75,48.0,4,8.4,7.9,23.2,182.98,30,2020-10-11
1290,18,Male,Operations,Mumbai,0,1853259,61,36.7,4,6.5,12.6,25.1,173.28,20,2023-12-12
1291,26,Female,IT,Chennai,6,1182655,65,32.0,1,6.8,1.3,24.1,270.1,0,2020-05-10
1292,28,Male,Finance,Pune,5,822601,67,36.2,6,5.6,26.1,23.0,173.56,5,2024-07-21
1293,32,Male,IT,Hyderabad,12,737821,81,40.0,2,3.8,14.3,14.9,32.15,25,2020-07-07
1294,37,Female,HR,Chennai,16,1374586,59,48.1,3,5.3,2.8,23.3,183.42,10,2021-03-24
1295,32,Male,HR,Kolkata,11,358111,91,35.8,8,7.4,16.2,27.7,107.45,15,2023-07-14
1296,37,Female,Sales,Hyderabad,17,858040,83,38.3,4,9.9,4.1,20.6,92.73,20,2021-03-23
1297,26,Female,Sales,Kolkata,5,425436,62,49.7,4,6.6,9.1,19.2,132.75,30,2020-01-17
1298,38,Female,Operations,Bengaluru,16,556336,77,35.0,3,9.5,4.5,32.8,891.82,25,2023-07-11
1299,33,Male,Operations,Delhi,14,1763900,74,34.0,10,7.9,9.9,24.9,111.65,0,2020-10-12
1300,42,Female,Operations,Chennai,20,1091615,67,45.4,8,5.9,3.9,20.1,282.8,5,2024-12-17
1301,26,Female,HR,Delhi,7,1228248,76,43.6,3,5.1,13.6,23.6,118.35,0,2021-06-15
1302,27,Female,IT,Mumbai,4,1480875,67,38.2,4,7.0,7.3,21.7,94.61,30,2020-08-08
1303,28,Male,Marketing,Delhi,8,1353263,78,46.2,2,6.5,2.2,16.6,77.83,5,2024-03-22
1304,24,Female,Sales,Jaipur,5,994303,80,41.3,5,9.5,3.3,28.3,221.61,20,2023-05-09
1305,31,Male,Operations,Pune,11,1543464,78,40.1,1,8.6,15.4,28.8,124.2,0,2025-04-24
1306,39,Female,IT,Pune,18,1017791,89,40.3,6,7.6,5.5,20.8,231.07,5,2024-05-27
1307,32,Male,Sales,Chennai,11,982524,70,36.8,5,6.9,4.0,25.4,161.69,25,2021-09-04
1308,33,Female,Sales,Pune,12,1222357,95,38.1,1,6.7,1.0,22.8,62.57,25,2025-04-01
1309,28,Female,Operations,Bengaluru,7,1223793,76,45.7,3,6.9,8.1,18.0,221.59,0,2023-04-30
1310,25,Male,IT,Jaipur,2,1250157,71,36.7,5,6.3,7.0,20.3,35.85,25,2023-06-21
1311,34,Male,Sales,Pune,12,551008,71,56.9,5,4.9,26.2,24.7,216.07,10,2024-12-08
1312,43,Female,HR,Pune,24,576888,79,42.7,8,7.4,14.0,28.4,195.11,0,2023-01-03
1313,31,Male,Finance,Mumbai,11,1132894,69,49.2,2,7.9,3.4,22.0,117.99,20,2021-09-27
1314,33,Female,Finance,Chennai,11,2013456,75,42.9,3,9.2,5.9,27.6,128.26,0,2021-05-01
1315,21,Female,IT,Bengaluru,0,852839,71,41.5,2,6.1,2.4,21.1,72.42,0,2021-06-10
1316,31,Female,Operations,Jaipur,8,1294966,70,44.8,5,6.0,11.2,20.4,89.17,0,2022-12-19
1317,23,Female,IT,Hyderabad,4,800914,87,34.5,8,6.2,1.5,27.8,85.28,0,2021-04-28
1318,20,Female,IT,Kolkata,0,659924,81,42.0,1,6.9,5.8,17.7,279.87,0,2022-02-01
1319,29,Female,Sales,Jaipur,6,477977,80,41.9,1,9.1,39.1,22.9,57.48,15,2020-12-26
1320,27,Female,Sales,Mumbai,5,1780677,75,47.0,5,6.3,4.2,21.1,74.13,20,2024-02-18
1321,18,Male,Marketing,Hyderabad,0,1641794,84,38.3,6,6.7,5.7,24.6,715.09,0,2020-02-27
1322,32,Male,Operations,Bengaluru,13,1124666,81,41.3,4,9.0,13.0,24.1,111.23,10,2020-05-11
1323,39,Female,IT,Mumbai,19,640365,77,46.8,6,6.7,9.2,24.4,131.38,15,2023-08-28
1324,47,Female,IT,Hyderabad,26,585101,81,44.8,3,7.8,24.3,25.3,31.73,30,2021-11-18
1325,40,Female,IT,Mumbai,17,293965,74,52.5,4,7.9,23.7,21.9,74.15,30,2020-07-11
1326,37,Male,Operations,Delhi,16,421229,84,41.7,1,7.7,8.5,33.2,277.75,20,2020-04-19
1327,18,Male,IT,Bengaluru,0,507376,92,41.5,4,7.8,49.4,26.4,226.16,15,2023-06-11
1328,37,Female,Sales,Hyderabad,18,490642,68,38.5,1,7.0,18.0,20.6,150.83,15,2025-01-24
1329,48,Female,Operations,Mumbai,29,1014097,70,47.6,8,8.3,6.9,23.6,36.67,25,2024-02-24
1330,37,Female,IT,Hyderabad,14,665341,86,47.0,1,8.4,3.2,28.0,175.59,0,2024-08-16
1331,36,Male,Marketing,Kolkata,15,1603784,91,42.3,5,6.8,11.7,17.6,196.76,25,2021-09-18
1332,23,Female,Finance,Pune,4,993344,88,34.3,3,4.4,2.5,25.2,286.8,0,2022-05-07
1333,30,Female,Sales,Bengaluru,8,882652,77,47.0,4,7.2,1.0,27.8,279.52,25,2020-12-17
1334,25,Female,Sales,Bengaluru,4,1075092,62,42.7,4,5.8,1.0,25.9,228.72,5,2021-08-30
1335,33,Other,Sales,Pune,12,16584323,62,44.2,6,6.5,14.5,28.4,228.93,0,2021-11-19
1336,27,Male,Operations,Hyderabad,8,997685,79,38.7,5,5.7,21.3,25.2,194.32,30,2021-01-01
1337,30,Male,Sales,Kolkata,7,1445325,77,40.3,6,6.4,7.9,22.7,220.03,25,2025-04-02
1338,43,Male,IT,Kolkata,21,1793202,74,45.2,5,7.1,1.0,19.0,176.38,30,2021-09-17
1339,41,Male,Marketing,Delhi,19,825082,85,38.8,4,5.0,36.5,23.9,93.41,0,2025-04-07
1340,42,Male,Operations,Pune,22,774907,71,33.4,4,6.9,34.5,22.0,419.1,10,2020-02-12
1341,27,Male,IT,Chennai,4,1310430,77,34.0,2,9.5,6.6,19.9,115.28,0,2024-09-15
1342,38,Male,Marketing,Bengaluru,15,1275731,67,50.5,5,5.3,32.7,24.3,181.43,15,2022-11-23
1343,41,Female,Finance,Jaipur,22,719865,72,49.7,5,9.1,6.8,18.7,583.86,0,2020-02-23
1344,38,Female,Marketing,Jaipur,19,1393780,73,46.0,6,8.4,9.4,24.5,164.9,25,2020-07-15
1345,24,Female,IT,Delhi,3,1597225,84,44.2,7,9.0,4.8,24.0,58.07,0,2023-08-15
1346,28,Male,IT,Chennai,9,818022,83,41.0,6,4.3,19.4,20.0,254.73,30,2023-10-29
1347,39,Male,HR,Kolkata,19,679809,65,45.0,3,6.7,16.6,27.4,186.74,20,2021-12-19
1348,35,Male,Sales,Delhi,12,980037,90,35.9,5,7.0,4.2,24.3,222.98,20,2022-02-09
1349,33,Male,HR,Pune,11,656524,71,49.8,3,6.2,8.5,22.3,223.33,25,2021-05-15
1350,34,Male,Sales,Kolkata,12,1095793,87,48.7,6,8.6,4.3,17.4,301.96,15,2020-12-20
1351,25,Male,Sales,Chennai,5,1804738,56,40.0,2,5.2,18.4,24.8,216.97,25,2021-05-05
1352,47,Male,Sales,Bengaluru,26,302154,68,36.8,5,7.0,5.9,21.5,128.19,0,2021-06-27
1353,34,Male,HR,Hyderabad,14,760260,73,38.2,3,7.2,2.8,18.7,171.39,0,2023-08-10
1354,30,Female,IT,Chennai,9,1168905,62,35.5,6,8.3,12.8,23.6,121.53,5,2025-02-14
1355,36,Male,HR,Pune,16,752204,89,42.9,4,7.5,3.4,25.2,396.3,0,2020-06-10
1356,21,Female,IT,Chennai,2,906615,64,44.1,4,8.4,1.0,22.8,234.62,15,2025-03-05
1357,42,Female,Finance,Hyderabad,22,731320,82,40.5,1,8.0,1.9,20.1,235.81,25,2020-09-29
1358,28,Male,IT,Mumbai,9,688029,81,41.5,6,6.1,6.6,23.3,96.61,5,2023-06-30
1359,28,Male,Sales,Mumbai,6,823440,73,42.5,5,5.9,9.6,25.4,239.03,25,2024-02-25
1360,28,Male,Marketing,Delhi,8,733575,74,46.5,5,6.9,29.8,18.5,84.88,25,2021-04-07
1361,46,Female,Operations,Kolkata,27,1544721,48,32.2,7,7.9,5.5,25.9,151.05,5,2021-12-28
1362,27,Female,IT,Mumbai,7,793828,74,34.8,8,5.7,25.1,23.4,168.16,25,2024-06-13
1363,50,Male,Operations,Mumbai,31,1013581,71,38.7,6,8.2,4.5,20.3,281.78,20,2024-12-30
1364,32,Female,Operations,Mumbai,9,683623,72,46.2,1,7.5,2.0,21.3,723.78,20,2022-08-06
1365,32,Female,Operations,Mumbai,9,691504,67,44.8,7,9.7,5.3,28.7,84.02,5,2020-04-30
1366,35,Male,HR,Mumbai,15,1491791,67,47.4,3,6.2,4.6,31.0,82.53,15,2021-05-01
1367,32,Female,Sales,Delhi,11,746710,66,40.1,4,6.9,6.5,26.8,334.24,20,2020-07-10
1368,49,Male,IT,Hyderabad,30,825944,77,47.5,7,7.8,1.0,23.5,246.38,25,2022-04-03
1369,39,Male,IT,Delhi,20,594917,90,45.2,5,7.1,5.1,24.7,65.99,25,2023-07-21
1370,50,Female,Finance,Jaipur,29,1109341,63,45.2,5,5.1,15.9,22.5,109.68,15,2025-04-07
1371,40,Male,Marketing,Pune,17,603159,84,33.9,10,6.1,32.9,23.7,257.41,30,2022-03-28
1372,29,Female,Sales,Hyderabad,8,725676,62,46.9,2,7.2,5.9,26.2,183.67,30,2020-10-02
1373,34,Female,Finance,Kolkata,15,2045970,87,37.6,7,8.3,38.3,26.3,135.95,5,2024-09-23
1374,19,Female,IT,Kolkata,0,1281204,63,46.0,5,7.5,10.3,23.6,106.46,25,2024-02-04
1375,31,Female,IT,Bengaluru,12,972601,100,30.6,3,7.0,19.9,21.4,91.84,20,2021-05-05
1376,18,Female,Finance,Chennai,0,1278104,64,41.7,3,6.9,8.7,29.3,298.26,30,2022-04-27
1377,36,Male,IT,Delhi,14,612774,67,44.0,4,7.4,8.6,28.6,105.91,10,2023-10-27
1378,40,Female,IT,Kolkata,20,1376217,71,40.4,8,6.2,3.2,24.9,174.72,15,2021-10-22
1379,42,Male,IT,Jaipur,21,1465488,65,40.8,8,4.8,48.7,23.5,79.44,30,2020-09-03
1380,39,Male,IT,Chennai,20,764225,62,43.1,7,7.3,26.1,20.3,184.12,20,2022-05-24
1381,33,Male,IT,Delhi,10,1064455,90,44.2,5,7.7,8.9,23.4,540.88,5,2021-09-17
1382,34,Female,HR,Hyderabad,14,387293,61,34.9,6,7.0,21.9,24.9,120.46,25,2021-05-10
1383,21,Female,HR,Mumbai,1,674262,89,46.0,4,10.0,8.0,26.6,58.05,15,2023-07-20
1384,30,Female,IT,Kolkata,7,625476,63,50.7,3,6.1,20.6,18.6,113.4,25,2025-03-10
1385,27,Male,IT,Mumbai,6,1942520,58,50.9,1,4.2,13.4,21.7,102.77,20,2020-10-11
1386,36,Male,HR,Chennai,14,3082219,78,36.3,6,4.8,21.3,19.7,290.77,20,2025-04-05
1387,40,Male,Finance,Delhi,20,424474,81,35.1,3,7.5,1.3,26.8,464.84,5,2022-11-30
1388,33,Male,IT,Jaipur,14,532454,58,41.2,7,7.3,4.7,24.7,205.49,30,2023-12-21
1389,36,Male,Operations,Jaipur,14,4703307,93,40.7,4,6.8,27.3,30.0,116.47,25,2021-05-08
1390,31,Male,Marketing,Mumbai,9,1105844,79,49.4,4,7.2,3.7,19.0,378.79,25,2021-06-21
1391,29,Male,Marketing,Chennai,7,637183,64,40.1,5,6.3,9.2,24.6,278.16,5,2023-06-22
1392,30,Female,Finance,Chennai,8,1241509,70,33.0,3,5.6,4.3,30.0,126.0,0,2023-08-31
1393,30,Male,IT,Mumbai,11,411769,76,42.9,2,8.2,1.0,23.7,116.62,15,2023-07-21
1394,31,Male,IT,Bengaluru,11,758599,67,44.5,4,9.3,8.3,26.1,68.81,15,2020-03-16
1395,34,Male,Operations,Mumbai,15,1283021,76,35.3,5,5.5,12.5,28.0,174.32,15,2023-12-06
1396,18,Male,Marketing,Delhi,0,1185474,61,48.9,7,7.4,6.6,15.5,131.09,5,2024-06-07
1397,18,Female,Operations,Kolkata,0,486045,93,43.7,5,7.7,3.1,14.2,125.53,5,2023-06-07
1398,39,Female,IT,Hyderabad,16,719812,75,45.6,7,4.4,10.1,25.4,107.39,0,2025-05-01
1399,29,Female,Sales,Pune,6,1070637,63,36.3,1,5.0,9.9,18.9,259.35,10,2021-01-06
1400,44,Male,Operations,Hyderabad,22,513619,70,39.6,1,4.3,1.3,30.5,397.38,5,2024-06-19
1401,34,Male,Marketing,Kolkata,12,879347,71,44.1,5,9.9,19.9,23.5,278.99,30,2024-04-02
1402,24,Male,HR,Bengaluru,3,738370,98,45.2,7,4.3,14.0,23.6,309.53,25,2021-12-02
1403,39,Female,Sales,Chennai,19,1821205,80,44.1,6,5.6,36.2,22.1,135.08,0,2023-01-04
1404,34,Male,Operations,Delhi,14,611719,67,48.1,9,5.2,27.6,34.2,73.14,20,2021-02-28
1405,34,Female,Finance,Kolkata,11,856704,74,46.9,3,5.0,6.9,27.3,143.82,20,2022-02-03
1406,41,Male,IT,Kolkata,21,615963,75,42.9,5,5.1,12.8,24.0,76.77,20,2021-03-31
1407,49,Male,HR,Chennai,27,832721,80,43.1,3,7.4,15.2,25.0,192.05,25,2020-02-11
1408,19,Female,Sales,Jaipur,0,1137274,89,39.8,3,9.7,9.8,27.9,75.75,20,2020-10-18
1409,25,Male,Finance,Chennai,2,2014570,69,43.6,4,8.3,1.8,30.8,59.23,30,2020-02-21
1410,23,Female,IT,Delhi,2,362072,71,49.6,1,7.2,4.2,29.2,246.38,0,2020-01-09
1411,25,Male,Operations,Chennai,4,445283,80,46.2,4,7.9,1.0,24.9,112.47,10,2022-01-22
1412,21,Male,IT,Bengaluru,1,983043,73,37.5,7,8.5,1.0,26.8,66.3,15,2025-02-01
1413,42,Female,Sales,Kolkata,19,750749,79,44.2,5,5.7,4.6,20.7,96.91,10,2020-08-24
1414,33,Female,Finance,Kolkata,13,703444,64,42.4,4,5.7,10.6,19.2,298.11,25,2024-09-20
1415,33,Male,IT,Bengaluru,13,628115,79,44.9,7,5.7,8.3,30.3,71.17,10,2023-01-16
1416,31,Female,IT,Jaipur,8,796247,87,41.5,3,6.6,7.3,29.0,299.33,10,2024-08-01
1417,18,Male,HR,Mumbai,0,991373,64,53.7,6,5.5,5.2,29.1,123.8,20,2024-06-06
1418,28,Female,Sales,Hyderabad,9,1446599,76,49.1,3,6.9,9.0,30.6,114.88,30,2022-06-07
1419,25,Female,Sales,Kolkata,6,857268,84,47.5,5,9.3,6.9,18.9,131.11,25,2021-02-24
1420,18,Male,Sales,Jaipur,0,488614,66,33.3,2,6.5,10.9,26.1,55.52,0,2022-04-13
1421,18,Male,Marketing,Bengaluru,0,3208313,69,38.5,1,5.1,20.2,29.3,316.82,10,2023-12-20
1422,35,Female,IT,Bengaluru,15,617203,97,38.6,7,8.5,3.3,27.1,189.36,30,2022-02-22
1423,37,Female,Operations,Hyderabad,18,784219,69,33.5,4,5.3,8.8,19.5,119.9,5,2022-12-20
1424,35,Other,HR,Delhi,15,804793,66,36.1,7,5.0,7.1,22.7,107.8,0,2021-04-13
1425,29,Female,Sales,Jaipur,7,1253558,50,52.5,5,5.7,2.8,26.9,187.54,5,2023-01-10
1426,36,Female,Sales,Jaipur,16,1552568,63,44.6,8,8.3,7.7,31.0,198.88,10,2020-08-23
1427,27,Female,Finance,Jaipur,5,1087783,78,46.4,5,6.7,33.6,25.9,97.38,25,2023-09-05
1428,33,Male,Marketing,Hyderabad,13,898622,70,45.7,5,9.7,3.8,27.8,74.76,10,2023-08-24
1429,32,Female,Sales,Jaipur,11,773521,57,41.9,6,5.7,32.3,30.0,222.27,20,2025-06-04
1430,19,Female,Operations,Bengaluru,0,585654,92,35.7,6,6.1,6.2,22.9,160.06,0,2023-06-25
1431,32,Male,Sales,Kolkata,11,459717,74,27.9,5,6.9,3.1,22.5,65.42,30,2020-01-08
1432,38,Female,IT,Delhi,16,1399814,63,40.1,4,9.4,1.0,20.8,176.71,20,2020-12-03
1433,50,Female,Marketing,Hyderabad,30,1247212,71,41.2,4,5.4,3.3,22.8,129.45,10,2023-05-16
1434,48,Male,IT,Jaipur,26,1605126,85,41.5,3,3.9,3.6,25.5,94.91,25,2024-12-14
1435,29,Male,Finance,Kolkata,9,1275951,82,40.4,5,6.8,2.0,23.4,230.98,20,2023-08-18
1436,39,Female,Finance,Pune,18,948706,75,36.4,2,6.5,7.8,20.1,109.1,25,2024-09-02
1437,37,Male,Sales,Kolkata,18,975421,82,42.7,3,8.9,1.0,21.9,81.01,15,2021-05-10
1438,42,Male,Sales,Hyderabad,22,1526975,84,45.3,4,7.7,12.1,16.5,153.88,20,2024-06-20
1439,36,Female,Finance,Jaipur,17,1056274,100,42.9,3,9.1,4.7,23.2,129.66,25,2022-09-12
1440,36,Male,Operations,Pune,13,1153773,57,42.7,3,6.9,4.7,21.6,167.43,0,2023-12-11
1441,35,Male,Operations,Hyderabad,14,852439,74,40.3,7,6.1,1.0,29.8,253.83,5,2020-09-12
1442,25,Female,IT,Kolkata,3,690795,81,37.5,5,6.4,1.0,20.8,118.49,30,2023-10-07
1443,28,Male,Sales,Bengaluru,7,604532,71,40.3,6,5.8,3.4,24.9,538.17,0,2021-01-05
1444,41,Male,Operations,Jaipur,18,981254,74,43.0,4,6.5,3.1,24.8,133.31,30,2020-09-27
1445,26,Male,IT,Chennai,6,390508,91,37.5,8,5.5,3.8,19.9,54.33,25,2023-10-14
1446,30,Female,Sales,Delhi,9,563235,83,38.7,6,8.4,17.7,15.7,315.88,0,2021-12-16
1447,31,Male,IT,Mumbai,10,1347040,68,34.4,2,9.5,6.8,30.9,175.36,10,2022-04-18
1448,33,Male,Sales,Mumbai,13,2760801,94,37.2,1,7.1,24.9,26.6,89.21,20,2023-09-12
1449,22,Male,IT,Mumbai,2,1164460,86,39.4,7,4.5,10.8,24.3,60.82,25,2020-07-15
1450,40,Female,Sales,Mumbai,21,818220,61,38.7,4,6.3,40.9,23.8,141.33,10,2020-06-30
1451,21,Male,Operations,Chennai,1,1384601,72,36.9,2,5.2,1.0,25.2,206.41,25,2023-10-01
1452,39,Male,IT,Chennai,17,941053,72,41.2,5,8.8,1.0,25.4,124.75,20,2024-04-05
1453,23,Female,HR,Chennai,4,589157,66,48.8,4,6.1,1.0,26.5,130.16,25,2022-05-05
1454,30,Female,Marketing,Mumbai,11,829177,76,45.7,5,6.0,69.4,27.5,53.25,20,2020-04-09
1455,43,Male,IT,Pune,21,1678374,67,46.1,6,7.6,14.6,31.2,146.4,25,2021-02-13
1456,40,Female,Finance,Delhi,21,652095,81,43.3,4,7.5,13.1,22.7,82.71,30,2021-08-17
1457,32,Male,Operations,Pune,9,998835,76,33.8,4,7.1,1.7,29.3,121.92,0,2021-02-18
1458,37,Female,Finance,Pune,15,711687,58,48.5,5,6.2,1.0,22.6,298.88,0,2022-06-15
1459,43,Male,Marketing,Kolkata,23,1135855,74,46.0,7,7.3,4.9,22.3,139.45,15,2020-04-24
1460,37,Female,Sales,Hyderabad,14,761069,75,46.8,5,8.1,12.9,26.8,161.34,30,2021-06-21
1461,40,Female,IT,Pune,18,749863,82,39.3,6,7.6,1.6,22.2,156.07,10,2022-09-22
1462,31,Male,HR,Mumbai,12,1489414,73,39.4,7,7.8,4.3,21.9,68.8,30,2022-03-15
1463,34,Male,Sales,Chennai,14,390165,78,53.6,6,8.3,18.6,16.2,173.03,20,2022-04-17
1464,36,Female,Finance,Mumbai,15,2744678,75,46.5,3,7.7,15.9,19.3,266.45,25,2023-10-17
1465,19,Female,HR,Bengaluru,0,712086,62,38.8,10,7.1,1.4,19.7,183.16,10,2025-03-02
1466,43,Male,Marketing,Pune,21,902764,83,40.0,7,6.9,87.6,25.7,131.72,25,2024-08-01
1467,23,Male,Sales,Chennai,0,764242,74,42.4,3,4.9,7.7,26.0,116.62,25,2021-07-02
1468,38,Female,Marketing,Jaipur,18,723233,76,53.9,5,6.9,4.1,9.8,62.58,10,2020-05-25
1469,40,Female,Sales,Jaipur,18,1281081,75,35.0,8,8.3,1.1,22.7,185.12,30,2020-07-12
1470,35,Male,HR,Pune,12,927702,81,41.2,6,4.6,12.1,21.9,332.48,20,2021-05-31
1471,24,Male,HR,Pune,2,815544,73,46.9,3,9.4,3.0,22.4,143.08,10,2023-05-04
1472,34,Male,HR,Mumbai,11,2960399,81,35.9,5,6.9,30.6,25.4,106.97,30,2021-12-31
1473,27,Male,Marketing,Hyderabad,7,801413,86,37.8,2,9.0,1.0,28.9,101.74,5,2025-01-31
1474,51,Female,Marketing,Delhi,28,592443,75,38.2,6,9.0,12.5,23.0,142.67,15,2021-03-19
1475,48,Male,IT,Jaipur,28,1380610,70,41.4,3,5.5,2.0,18.1,133.82,20,2022-07-17
1476,29,Female,Operations,Hyderabad,6,1619622,68,34.2,3,6.6,1.0,24.9,101.51,15,2024-11-22
1477,33,Female,Sales,Mumbai,14,581194,83,38.5,6,8.2,16.6,32.1,124.85,30,2023-04-28
1478,22,Male,Sales,Chennai,0,1849755,72,41.7,5,6.1,22.0,20.6,61.04,15,2022-03-25
1479,43,Male,Marketing,Pune,21,2637781,71,38.7,7,7.1,20.4,23.2,131.25,30,2023-04-13
1480,23,Female,Operations,Mumbai,2,1315333,78,43.4,5,8.0,13.2,31.8,111.1,0,2024-04-14
1481,24,Male,Operations,Bengaluru,5,941019,52,40.4,3,10.0,3.4,23.2,192.35,5,2020-09-15
1482,46,Female,Finance,Pune,27,3209223,73,34.9,6,8.1,12.2,27.2,238.7,30,2020-02-29
1483,37,Male,IT,Bengaluru,14,2036444,83,39.1,5,7.9,1.0,21.0,106.72,20,2023-09-26
1484,42,Female,IT,Delhi,20,2034302,80,43.5,2,6.3,5.7,25.0,182.44,10,2023-05-24
1485,38,Male,Operations,Kolkata,16,1095568,64,42.3,3,7.8,6.7,18.2,237.0,20,2020-08-19
1486,44,Female,Marketing,Bengaluru,21,1065473,60,45.7,5,6.4,4.9,24.5,250.58,25,2024-05-19
1487,28,Male,IT,Jaipur,8,1089300,58,30.7,4,6.5,36.9,14.6,144.51,5,2024-12-20
1488,31,Male,Sales,Hyderabad,8,622629,65,50.0,6,3.9,7.6,19.3,89.6,30,2023-03-15
1489,38,Male,Operations,Chennai,18,1248760,92,53.6,7,6.8,7.8,23.1,92.87,15,2020-01-25
1490,34,Male,Operations,Jaipur,12,307665,87,43.5,4,7.3,1.0,24.6,130.41,25,2025-04-24
1491,28,Other,IT,Delhi,6,833342,74,38.5,4,8.8,3.1,27.3,133.5,10,2023-01-20
1492,30,Male,Sales,Jaipur,10,530995,80,45.6,2,9.1,2.1,27.1,183.97,5,2023-07-12
1493,30,Male,IT,Chennai,11,501821,77,48.6,6,4.9,14.0,24.0,389.15,5,2022-05-29
1494,36,Male,Sales,Jaipur,13,920396,70,44.5,6,5.9,25.2,19.2,179.45,15,2021-11-08
1495,36,Male,IT,Pune,16,807850,62,43.6,4,8.4,11.4,18.6,288.59,25,2021-09-17
1496,38,Male,Marketing,Hyderabad,15,541776,75,42.9,5,9.3,4.1,24.7,233.96,0,2020-07-23
1497,27,Male,HR,Kolkata,7,553334,87,43.5,3,9.0,19.7,25.1,108.67,30,2021-02-03
1498,43,Female,HR,Delhi,22,939275,88,47.9,7,2.9,12.5,21.1,180.11,10,2024-02-24
1499,44,Male,Finance,Chennai,23,972614,80,41.8,1,8.0,2.1,26.9,104.04,15,2024-09-05
1500,36,Male,IT,Pune,17,592170,84,44.6,10,10.0,5.3,25.6,154.0,20,2022-08-22
1501,40,Female,IT,Hyderabad,17,1976297,83,43.2,4,5.9,17.5,14.8,194.61,5,2020-04-02
1502,26,Male,HR,Jaipur,7,1209723,90,30.5,1,7.1,42.7,20.0,138.55,30,2024-11-12
1503,31,Female,Sales,Chennai,11,299452,71,48.4,4,6.5,5.7,19.3,99.24,25,2020-05-24
1504,39,Female,Operations,Bengaluru,20,895273,83,56.9,5,7.8,21.8,26.5,201.96,20,2024-12-15
1505,39,Female,Sales,Chennai,19,573510,64,38.1,1,5.2,5.2,23.3,300.65,25,2023-08-09
1506,42,Female,Finance,Mumbai,23,828365,72,33.8,4,8.6,12.4,21.7,141.15,10,2023-06-14
1507,23,Male,IT,Hyderabad,2,823579,68,44.9,3,7.0,12.3,22.3,277.02,5,2021-09-01
1508,34,Male,Sales,Hyderabad,15,1355691,56,42.0,7,6.0,14.9,29.4,161.47,30,2023-05-26
1509,30,Female,Marketing,Jaipur,10,1097135,62,38.5,4,7.2,7.8,23.0,49.27,10,2023-10-18
1510,47,Male,Sales,Mumbai,25,861885,79,45.3,1,5.8,4.6,17.2,147.35,15,2023-04-10
1511,35,Male,Marketing,Bengaluru,16,519025,80,36.4,6,7.4,39.2,31.2,130.74,15,2021-05-02
1512,28,Male,Operations,Jaipur,7,607964,88,45.7,7,6.3,4.8,31.3,118.82,25,2022-07-13
1513,35,Male,Sales,Jaipur,13,1481721,74,42.0,6,6.2,7.6,27.0,93.13,0,2023-02-02
1514,18,Female,Sales,Jaipur,0,472281,66,38.3,1,6.9,2.0,22.6,158.53,25,2023-07-18
1515,40,Female,HR,Bengaluru,19,776725,76,36.4,1,6.6,41.9,23.9,96.22,0,2022-10-20
1516,19,Male,Operations,Bengaluru,0,1043540,75,42.3,6,7.2,8.8,23.5,469.71,15,2023-03-04
1517,24,Male,Operations,Pune,2,483841,85,45.1,7,6.8,1.3,25.2,868.66,0,2025-02-22
1518,29,Male,Sales,Bengaluru,6,828627,50,41.9,7,8.3,15.6,22.4,160.14,5,2024-03-26
1519,30,Male,IT,Kolkata,7,597549,68,43.4,2,7.4,1.0,23.9,254.24,20,2021-04-22
1520,28,Female,Sales,Chennai,7,886458,66,40.6,7,7.8,32.5,16.3,53.35,30,2023-11-21
1521,32,Male,Operations,Pune,9,1153190,72,45.2,4,9.0,8.1,30.8,565.01,10,2022-06-20
1522,39,Male,Sales,Jaipur,18,854040,86,34.7,4,7.1,14.3,24.5,180.84,15,2022-08-16
1523,18,Female,Sales,Jaipur,0,701802,80,44.8,4,5.5,54.0,21.7,130.01,0,2020-01-03
1524,24,Female,IT,Pune,1,764818,91,37.9,7,9.6,12.3,27.9,129.69,15,2023-04-08
1525,18,Other,IT,Delhi,0,299929,71,37.6,4,8.8,45.3,27.3,162.26,0,2022-12-05
1526,18,Female,Finance,Kolkata,0,808777,83,31.3,5,9.9,7.6,30.4,110.11,5,2022-05-19
1527,43,Male,IT,Delhi,23,15498064,72,39.5,3,4.3,8.2,25.9,88.27,5,2021-12-13
1528,27,Female,IT,Bengaluru,5,1283263,63,40.0,2,5.6,11.1,28.7,96.52,25,2023-09-01
1529,23,Male,Operations,Jaipur,1,1223728,54,42.0,3,6.1,16.3,19.5,184.77,10,2020-06-19
1530,29,Male,HR,Chennai,7,576531,77,50.9,7,6.2,7.0,22.6,109.36,25,2023-03-20
1531,34,Male,HR,Kolkata,14,932529,59,42.1,4,7.6,11.0,20.4,72.06,10,2023-06-14
1532,31,Female,Marketing,Pune,8,1305877,63,38.6,4,6.9,5.3,25.7,102.99,20,2023-06-18
1533,25,Female,Marketing,Chennai,3,972962,69,45.3,6,6.8,14.5,23.2,97.64,0,2025-05-24
1534,24,Female,Operations,Chennai,4,541214,72,34.4,2,8.6,1.0,28.5,271.03,5,2023-08-25
1535,30,Female,Sales,Delhi,11,681687,98,47.9,8,3.5,1.0,24.8,250.89,30,2020-12-01
1536,37,Female,Operations,Mumbai,17,448527,64,41.5,3,6.9,2.3,24.9,93.12,0,2022-09-13
1537,29,Female,Operations,Mumbai,9,622694,52,41.8,5,6.6,11.7,31.6,304.89,30,2025-04-14
1538,38,Female,Finance,Jaipur,19,633918,63,46.2,4,7.2,3.2,14.1,351.82,0,2023-11-16
1539,27,Male,IT,Mumbai,5,911451,86,48.6,4,6.3,4.0,35.3,87.94,15,2024-01-12
1540,34,Male,Operations,Chennai,11,651080,65,34.4,6,7.4,34.1,23.4,135.17,10,2023-06-10
1541,32,Male,Operations,Pune,11,1045141,77,43.8,5,7.4,13.5,28.7,70.17,25,2020-11-27
1542,31,Female,HR,Mumbai,10,931268,85,43.4,5,8.3,9.3,32.5,132.16,10,2021-12-11
1543,26,Male,HR,Kolkata,7,1065987,66,37.6,8,10.0,8.9,21.1,161.38,0,2025-02-09
1544,46,Female,Marketing,Hyderabad,27,379582,66,44.7,7,6.3,4.8,32.6,61.92,30,2023-06-17
1545,18,Female,Sales,Delhi,0,1848166,69,42.7,6,8.1,24.7,27.6,145.16,15,2025-04-18
1546,21,Male,Sales,Jaipur,0,1101306,71,41.0,1,8.4,3.1,22.2,73.98,30,2021-03-30
1547,31,Male,Finance,Kolkata,10,1519037,89,47.7,9,8.1,2.9,25.2,167.03,15,2021-03-23
1548,36,Female,Sales,Delhi,16,1629778,76,44.2,6,6.7,3.5,26.7,115.36,15,2022-12-03
1549,21,Female,Operations,Jaipur,0,501813,64,39.5,3,7.3,18.7,23.3,103.04,10,2022-03-29
1550,39,Female,HR,Chennai,20,1478513,66,41.5,5,9.0,6.8,20.5,206.48,25,2020-12-31
1551,30,Female,Marketing,Chennai,8,857300,72,31.1,4,7.9,11.5,22.6,444.05,20,2023-10-19
1552,44,Male,Marketing,Pune,24,702457,53,37.6,2,9.8,3.4,26.8,155.99,5,2024-01-17
1553,41,Male,Sales,Chennai,21,262215,71,35.8,6,8.7,1.0,26.8,98.61,30,2021-02-08
1554,28,Male,IT,Delhi,6,750080,84,36.5,4,3.7,13.2,26.6,116.84,20,2022-01-29
1555,34,Female,Marketing,Kolkata,13,981177,74,47.2,7,6.9,3.0,26.0,124.04,10,2020-09-25
1556,32,Female,Sales,Jaipur,11,1126553,60,48.8,2,8.9,1.2,27.1,94.43,10,2022-10-03
1557,31,Male,Sales,Delhi,9,1023549,83,37.1,5,4.4,1.8,23.9,315.44,5,2020-12-18
1558,32,Male,IT,Hyderabad,10,840000,70,49.8,5,7.4,1.1,19.4,209.83,20,2025-01-19
1559,45,Female,Marketing,Pune,23,1680628,78,40.9,3,9.2,3.2,31.1,90.0,0,2020-06-25
1560,22,Male,Sales,Bengaluru,0,805980,70,41.6,7,7.2,14.1,18.9,303.79,15,2020-06-27
1561,35,Male,Sales,Pune,13,1237136,81,43.0,2,6.3,9.9,32.2,72.16,20,2020-04-13
1562,22,Female,IT,Hyderabad,0,450858,70,43.1,3,7.3,2.0,23.7,186.45,15,2025-05-28
1563,19,Female,Sales,Bengaluru,0,1088789,68,42.7,1,9.3,14.3,23.5,63.49,0,2024-10-23
1564,26,Male,Sales,Jaipur,7,1974696,62,40.9,6,7.9,36.6,22.5,102.06,0,2025-05-16
1565,26,Male,Finance,Pune,7,604005,75,44.7,2,8.1,3.1,21.1,591.85,5,2020-08-28
1566,21,Female,Operations,Mumbai,1,1169250,86,53.2,7,7.9,23.3,25.0,341.31,5,2020-05-03
1567,18,Female,Sales,Hyderabad,0,1385959,84,36.5,6,7.1,51.9,30.8,64.93,0,2020-02-29
1568,19,Male,Finance,Pune,0,952982,75,33.2,3,6.1,19.3,31.9,62.59,30,2022-10-02
1569,28,Female,IT,Delhi,9,2773636,94,42.2,6,8.8,4.7,30.6,172.49,25,2022-02-04
1570,26,Other,Marketing,Mumbai,5,1765076,72,44.0,8,7.0,9.4,20.3,380.45,15,2021-02-04
1571,24,Male,Sales,Pune,2,796474,82,49.5,5,4.3,3.8,28.9,130.79,25,2021-06-28
1572,37,Male,Sales,Mumbai,14,568935,79,37.6,5,8.0,4.3,27.1,152.25,30,2021-07-05
1573,32,Male,Sales,Hyderabad,12,931273,79,40.1,1,9.6,25.2,20.6,60.85,5,2022-03-29
1574,32,Female,Marketing,Hyderabad,11,437134,72,38.6,6,7.0,3.5,29.3,238.3,15,2020-07-02
1575,47,Female,Marketing,Hyderabad,25,743596,73,39.1,3,10.0,22.9,25.2,178.03,15,2024-05-07
1576,36,Female,HR,Hyderabad,17,1381373,80,39.0,2,6.9,5.9,17.3,160.43,25,2024-05-28
1577,46,Female,Operations,Pune,25,384520,58,48.6,4,9.0,28.5,27.6,35.07,25,2021-05-30
1578,28,Male,Operations,Kolkata,8,1087332,72,44.7,7,7.6,20.0,23.1,174.27,10,2023-06-09
1579,32,Female,Marketing,Jaipur,11,736930,64,46.3,2,7.1,1.0,24.9,42.75,25,2024-11-05
1580,55,Male,Marketing,Hyderabad,33,631072,87,40.6,3,6.1,3.1,26.0,92.65,25,2022-11-19
1581,22,Male,Sales,Jaipur,0,554023,65,30.7,3,9.3,3.3,22.6,112.9,25,2025-03-01
1582,35,Male,Marketing,Delhi,13,1314948,70,44.4,1,7.9,7.7,28.8,117.55,15,2023-03-21
1583,37,Male,Sales,Chennai,15,1739991,74,36.9,6,6.0,25.8,28.8,192.98,20,2024-11-07
1584,41,Female,IT,Hyderabad,18,591157,74,49.2,6,6.9,1.0,30.8,56.37,20,2021-05-08
1585,42,Male,Operations,Hyderabad,21,892646,79,46.1,3,6.4,42.6,30.3,149.32,15,2023-02-21
1586,29,Male,Marketing,Mumbai,7,1334428,73,46.6,7,9.5,6.3,23.2,179.26,20,2022-04-17
1587,28,Male,Sales,Bengaluru,5,853418,66,38.7,4,7.8,44.3,20.1,287.66,0,2022-07-04
1588,38,Female,IT,Kolkata,19,692412,77,48.8,3,7.9,22.0,28.5,86.41,20,2020-11-12
1589,27,Female,IT,Kolkata,7,835819,61,44.8,4,6.3,20.1,32.3,123.6,15,2022-08-22
1590,23,Female,IT,Mumbai,0,2692176,84,35.7,5,7.5,1.7,27.9,96.26,5,2022-03-24
1591,18,Female,Sales,Kolkata,0,752806,57,36.4,1,5.2,1.0,20.4,69.71,10,2020-06-26
1592,26,Male,Marketing,Jaipur,4,1100175,78,40.3,5,3.2,1.0,19.3,287.58,30,2022-04-15
1593,28,Male,Finance,Hyderabad,6,746722,70,46.2,6,7.1,1.8,21.6,61.76,5,2021-11-21
1594,33,Male,Sales,Jaipur,10,1071907,68,45.7,2,6.3,2.8,23.4,99.94,30,2021-02-06
1595,28,Female,Operations,Hyderabad,9,2521715,62,37.2,7,8.7,7.0,24.9,241.93,25,2023-07-06
1596,20,Male,Finance,Kolkata,0,1090340,91,31.8,3,6.6,15.6,21.2,186.47,15,2023-09-25
1597,28,Male,IT,Hyderabad,8,1694533,58,45.3,5,6.1,39.1,22.4,159.39,25,2024-07-02
1598,27,Female,IT,Bengaluru,7,790773,71,41.1,4,4.5,20.9,24.1,132.39,10,2024-05-15
1599,43,Male,Sales,Kolkata,20,1092365,82,31.9,6,9.1,3.0,25.8,104.91,0,2024-11-18
1600,29,Male,HR,Chennai,10,1134602,87,41.7,4,5.9,5.8,31.8,88.31,20,2024-04-04
1601,18,Female,Marketing,Kolkata,0,2623402,87,42.9,7,7.6,4.6,29.4,230.43,15,2024-05-13
1602,28,Female,Finance,Bengaluru,5,872279,66,44.8,5,7.4,2.2,31.0,304.28,15,2021-02-23
1603,30,Male,Operations,Jaipur,8,1715801,56,41.6,6,7.6,1.0,19.5,116.31,25,2020-02-16
1604,32,Male,HR,Jaipur,10,1074639,68,42.9,2,4.9,11.9,24.0,96.57,15,2024-06-16
1605,46,Female,IT,Kolkata,23,1444570,81,38.9,9,6.8,5.2,24.3,148.13,10,2022-05-07
1606,23,Female,Marketing,Bengaluru,2,1026697,80,37.1,1,6.9,34.8,17.5,104.66,20,2020-03-02
1607,28,Male,Operations,Bengaluru,7,682746,66,33.6,6,4.5,8.4,23.3,294.69,30,2021-06-24
1608,26,Female,Finance,Pune,6,574401,85,35.4,7,5.2,13.4,22.2,47.84,25,2020-12-04
1609,32,Female,Marketing,Chennai,10,1977949,82,43.1,5,7.8,1.0,20.2,153.45,10,2024-11-12
1610,28,Female,HR,Pune,8,827608,87,43.2,6,5.1,25.6,21.6,136.6,0,2024-07-21
1611,20,Female,IT,Kolkata,0,962287,99,37.6,1,7.5,9.9,23.8,174.14,30,2021-09-11
1612,39,Male,Sales,Kolkata,17,2748009,83,40.4,2,7.7,23.1,27.7,77.8,0,2024-11-28
1613,35,Female,Operations,Mumbai,14,812506,72,44.1,4,6.6,4.2,23.1,177.18,5,2025-02-13
1614,21,Male,Sales,Mumbai,0,1418239,85,35.4,3,5.4,1.0,22.2,122.48,0,2022-09-16
1615,34,Male,IT,Bengaluru,13,1329285,75,39.8,1,8.0,20.1,23.8,87.04,20,2021-12-23
1616,35,Female,Operations,Hyderabad,16,1736122,79,43.6,5,6.5,7.2,26.4,160.69,0,2020-05-19
1617,26,Female,Operations,Delhi,4,1366726,55,40.7,2,5.4,1.2,26.5,60.96,0,2024-08-29
1618,26,Male,IT,Bengaluru,3,1002454,65,46.9,3,6.1,16.4,29.2,290.36,5,2020-05-01
1619,28,Female,IT,Chennai,5,1460810,77,36.9,3,8.2,25.6,17.4,265.84,20,2024-04-11
1620,24,Male,Marketing,Mumbai,3,2411547,82,49.7,6,9.0,3.5,20.1,561.51,30,2020-03-28
1621,41,Male,Finance,Pune,22,631537,64,44.1,2,6.4,1.0,32.5,117.81,30,2024-10-06
1622,32,Female,Sales,Jaipur,13,987919,56,41.6,7,4.3,10.2,22.3,79.32,20,2021-07-15
1623,36,Male,IT,Chennai,17,3170137,77,32.5,6,8.3,11.8,19.6,103.81,15,2023-05-23
1624,42,Male,Sales,Hyderabad,21,1009188,81,35.9,5,6.3,8.8,21.1,163.49,30,2025-05-24
1625,31,Male,Operations,Kolkata,11,950779,70,35.5,7,6.3,3.8,29.0,195.29,30,2023-10-14
1626,23,Male,HR,Jaipur,0,746005,82,41.8,1,7.8,1.7,20.3,116.61,5,2021-11-27
1627,41,Male,Operations,Chennai,21,1133153,90,41.8,2,6.3,37.4,25.1,68.02,25,2025-01-11
1628,33,Male,Sales,Hyderabad,10,1029182,81,38.4,6,8.4,14.9,29.7,109.15,25,2021-04-08
1629,30,Female,Operations,Mumbai,9,887116,57,41.8,5,7.3,22.2,22.0,121.09,20,2024-04-09
1630,21,Male,Sales,Mumbai,0,688352,70,36.5,6,4.9,16.4,22.1,202.88,30,2021-09-28
1631,37,Female,Finance,Kolkata,17,734732,83,44.8,2,7.5,24.2,16.5,103.92,10,2022-10-25
1632,23,Other,IT,Delhi,1,459203,73,40.3,6,9.4,42.1,30.2,321.16,20,2020-02-21
1633,21,Male,Marketing,Delhi,0,781509,100,36.4,4,6.5,9.3,19.7,299.1,25,2023-11-27
1634,37,Male,Sales,Bengaluru,15,1002780,65,50.6,6,7.4,6.1,18.3,44.87,15,2024-09-19
1635,28,Female,Marketing,Bengaluru,5,488432,95,51.2,5,6.8,18.6,26.7,647.46,10,2023-12-20
1636,26,Female,Sales,Jaipur,4,1278098,76,44.1,5,9.0,32.4,19.9,81.67,20,2022-08-15
1637,34,Female,IT,Hyderabad,11,1015776,75,42.6,6,6.2,15.1,17.5,244.95,20,2022-11-03
1638,48,Female,HR,Delhi,29,455609,87,46.9,6,3.9,8.7,27.9,148.07,30,2020-04-02
1639,38,Male,Sales,Chennai,15,796886,72,41.9,5,6.6,25.2,16.3,170.64,20,2022-08-06
1640,29,Male,Marketing,Bengaluru,9,1606207,85,37.8,6,9.5,23.0,35.1,345.2,5,2020-09-04
1641,18,Female,HR,Delhi,0,1137238,63,33.2,5,7.5,2.6,19.3,336.19,30,2022-06-01
1642,22,Male,Operations,Kolkata,0,775895,68,45.9,5,7.0,2.8,33.4,62.67,10,2023-03-30
1643,40,Female,Operations,Kolkata,17,730304,66,40.3,5,7.0,13.8,20.0,136.81,10,2023-02-19
1644,28,Female,Marketing,Mumbai,8,742606,52,46.5,6,8.9,11.8,24.0,21.67,5,2020-05-30
1645,26,Male,Operations,Kolkata,4,700375,66,44.7,7,5.2,7.8,25.7,126.0,30,2023-02-18
1646,28,Male,Sales,Mumbai,7,1552551,78,39.0,4,5.5,2.4,18.6,66.84,0,2023-10-23
1647,38,Male,Marketing,Mumbai,15,580087,56,45.2,5,6.7,2.7,26.9,395.74,5,2024-04-01
1648,55,Male,Sales,Kolkata,36,629510,89,51.5,7,6.2,19.4,29.7,26.9,5,2022-12-22
1649,32,Female,IT,Jaipur,12,1049541,73,39.5,3,7.1,6.8,20.1,106.33,10,2022-11-08
1650,36,Female,Operations,Chennai,16,1505073,62,37.9,3,8.4,2.6,22.3,257.44,0,2020-08-30
1651,38,Female,Sales,Jaipur,19,20603282,81,44.5,8,5.8,8.5,26.2,645.38,25,2023-02-01
1652,30,Female,Marketing,Bengaluru,11,1849688,76,47.5,4,8.8,21.2,21.9,354.79,10,2024-12-14
1653,28,Male,Sales,Jaipur,6,1233608,75,36.3,1,7.8,4.9,22.2,120.24,15,2023-06-21
1654,32,Female,Operations,Chennai,11,1159960,88,37.7,7,7.0,1.0,28.0,181.56,30,2022-01-16
1655,33,Female,IT,Hyderabad,14,1020060,86,38.4,2,6.0,1.0,22.0,108.03,10,2023-02-08
1656,34,Male,Finance,Bengaluru,14,1966589,73,44.0,7,6.1,11.0,22.6,68.68,0,2023-11-27
1657,45,Male,Finance,Pune,22,1309819,66,52.0,4,6.2,4.5,17.1,84.15,5,2024-11-15
1658,21,Female,Sales,Kolkata,1,304590,72,34.9,5,6.9,1.9,28.1,230.07,0,2020-04-19
1659,34,Male,HR,Mumbai,14,588968,73,39.2,2,5.6,10.0,22.1,140.48,5,2024-11-02
1660,37,Female,Marketing,Jaipur,16,1216727,65,45.1,3,7.2,19.8,23.8,77.36,25,2023-11-06
1661,33,Male,Sales,Jaipur,13,2190574,77,37.8,7,7.6,2.4,26.1,289.11,0,2024-11-01
1662,33,Male,Finance,Hyderabad,11,1132948,79,44.3,4,3.5,7.1,24.6,86.04,30,2020-01-24
1663,30,Female,IT,Chennai,7,848860,75,42.9,5,6.0,9.3,25.3,196.12,25,2021-07-04
1664,27,Female,Sales,Chennai,4,2066088,74,36.8,5,8.2,3.7,24.7,93.94,0,2023-06-12
1665,36,Female,IT,Bengaluru,16,1233416,75,44.3,1,8.5,8.8,26.8,249.61,10,2025-04-25
1666,32,Female,IT,Chennai,9,8409112,82,48.7,4,7.4,11.6,22.4,208.76,10,2020-11-21
1667,37,Female,Operations,Kolkata,14,638798,96,39.4,5,6.1,1.0,26.4,93.83,25,2023-04-29
1668,38,Female,Operations,Bengaluru,15,1002088,81,43.0,4,7.1,4.1,24.3,59.87,20,2020-10-13
1669,28,Male,Operations,Pune,8,1460099,58,38.8,8,6.7,8.7,21.8,107.66,20,2022-07-04
1670,40,Male,Operations,Chennai,21,920623,66,39.1,3,5.3,23.6,23.5,77.3,5,2022-06-13
1671,47,Female,Marketing,Chennai,28,1289646,66,43.9,6,7.5,1.0,18.7,416.72,5,2020-04-19
1672,36,Female,IT,Chennai,16,902053,73,44.2,3,5.5,17.2,30.8,152.71,25,2020-08-23
1673,44,Male,Finance,Hyderabad,21,343354,62,40.1,8,5.6,17.8,29.5,151.4,0,2022-11-05
1674,33,Female,HR,Hyderabad,11,594616,69,33.0,6,6.5,1.6,30.6,152.62,10,2024-02-17
1675,20,Female,IT,Pune,0,1002326,65,34.1,5,4.8,7.4,21.7,63.34,0,2022-06-12
1676,28,Male,Marketing,Jaipur,9,995922,77,45.3,6,7.8,7.1,28.3,276.54,15,2021-09-08
1677,36,Female,Finance,Kolkata,14,696332,79,36.2,7,6.7,5.0,23.5,306.35,5,2024-06-06
1678,31,Male,Operations,Kolkata,10,788014,84,46.0,1,7.3,42.1,28.3,257.67,30,2024-04-14
1679,24,Female,Operations,Pune,5,959567,81,39.1,8,6.7,1.0,21.2,228.62,30,2020-11-20
1680,43,Male,IT,Kolkata,23,2130538,83,48.6,2,3.3,25.8,23.0,175.02,0,2020-03-09
1681,23,Male,Sales,Mumbai,4,497444,87,39.7,5,6.3,13.6,22.8,106.2,20,2022-06-06
1682,33,Female,Operations,Bengaluru,11,1163682,88,35.2,4,8.7,2.8,26.4,141.64,30,2022-04-24
1683,34,Male,IT,Delhi,12,537112,64,41.6,2,8.0,6.9,30.8,146.55,30,2022-04-25
1684,27,Female,Finance,Delhi,6,841749,93,42.5,2,5.9,13.8,20.6,164.44,30,2021-09-11
1685,31,Male,HR,Mumbai,10,715444,87,37.8,9,4.9,3.4,21.9,241.69,15,2022-04-06
1686,31,Female,Marketing,Kolkata,12,975659,80,43.7,2,5.7,13.2,22.4,501.81,20,2021-01-07
1687,38,Female,Sales,Delhi,16,689475,63,41.3,7,5.9,47.7,23.4,181.94,20,2022-04-27
1688,26,Female,Operations,Bengaluru,7,656074,75,45.7,5,8.1,17.9,22.7,242.54,25,2025-02-19
1689,34,Female,Finance,Pune,14,2183725,65,46.4,5,5.1,33.9,27.1,66.71,10,2025-05-24
1690,28,Male,IT,Pune,7,1156922,77,41.4,5,6.4,1.8,16.7,113.25,20,2020-07-08
1691,24,Male,Operations,Mumbai,1,1342068,69,42.4,6,3.8,29.2,16.0,488.18,20,2024-11-12
1692,48,Male,IT,Jaipur,28,554420,65,38.4,2,6.9,1.0,24.4,170.65,30,2022-10-02
1693,40,Female,IT,Chennai,18,1174125,77,32.8,5,5.9,1.7,22.4,185.04,0,2024-06-30
1694,31,Male,Operations,Pune,12,401441,83,38.0,3,7.6,6.2,23.1,170.25,30,2025-03-31
1695,35,Male,Operations,Delhi,14,1047760,85,45.6,5,8.3,6.4,26.6,134.43,5,2021-02-16
1696,18,Male,Marketing,Delhi,0,725527,87,42.0,6,8.8,6.2,20.8,39.76,0,2020-01-16
1697,53,Male,Finance,Pune,33,458756,76,36.7,9,4.8,2.7,26.3,97.22,30,2024-06-17
1698,38,Female,Sales,Hyderabad,16,1472689,91,34.0,4,8.5,4.2,26.0,154.54,10,2020-12-27
1699,28,Female,IT,Chennai,9,1429760,79,41.6,2,4.4,1.2,24.3,171.81,15,2024-05-05
1700,29,Male,Sales,Chennai,9,1089794,80,33.5,5,8.9,9.3,26.2,102.8,10,2021-04-22
1701,24,Male,Sales,Hyderabad,2,394941,78,39.7,5,8.6,21.6,32.0,104.59,25,2024-08-05
1702,24,Female,IT,Chennai,4,760279,70,40.2,5,5.6,16.1,21.7,48.17,0,2020-04-27
1703,27,Male,Sales,Bengaluru,8,889592,60,42.1,7,6.6,8.8,29.1,201.65,10,2020-03-29
1704,23,Female,Operations,Delhi,2,834456,85,46.5,4,10.0,1.0,24.0,111.12,0,2022-08-18
1705,21,Female,Sales,Delhi,1,1366450,71,35.7,5,9.8,12.9,23.5,54.06,20,2024-10-28
1706,41,Female,Operations,Bengaluru,18,1191912,62,41.6,5,8.9,12.7,24.6,133.57,0,2021-12-06
1707,45,Female,Finance,Jaipur,26,1151458,67,42.5,4,3.9,1.3,24.2,168.02,25,2024-05-01
1708,31,Female,HR,Jaipur,10,1014566,53,43.3,6,5.2,20.4,13.3,85.78,30,2025-01-20
1709,44,Female,HR,Jaipur,23,1573713,52,44.4,1,8.3,6.6,25.6,222.03,15,2021-01-22
1710,30,Female,IT,Jaipur,8,1887090,78,41.6,7,4.0,31.7,32.8,188.71,20,2021-04-26
1711,25,Male,Finance,Chennai,6,600205,84,42.8,5,8.2,10.4,21.9,123.06,5,2021-03-07
1712,24,Male,IT,Jaipur,2,1135491,86,40.7,4,6.8,5.6,17.5,51.56,0,2020-10-05
1713,27,Male,Operations,Mumbai,8,538606,70,46.8,6,6.6,7.2,28.2,163.64,5,2020-10-08
1714,30,Male,Finance,Pune,10,485218,73,43.7,2,5.2,12.5,29.3,222.16,15,2024-05-18
1715,34,Female,Sales,Hyderabad,13,665895,71,43.7,7,9.0,8.2,27.3,321.23,0,2023-06-21
1716,32,Female,HR,Chennai,10,525171,77,37.6,5,7.2,9.2,26.2,158.73,15,2023-03-18
1717,33,Male,IT,Mumbai,14,864197,67,49.4,6,6.0,22.1,21.9,279.71,25,2023-06-13
1718,18,Male,IT,Delhi,0,1000247,85,42.8,1,6.2,19.1,28.9,139.66,25,2020-07-08
1719,43,Female,Operations,Delhi,22,616840,61,38.8,6,7.6,14.3,19.1,92.04,10,2020-01-09
1720,18,Male,Sales,Hyderabad,0,498640,76,33.7,7,7.5,18.8,24.9,378.21,0,2020-04-15
1721,18,Male,Sales,Delhi,0,7305240,86,48.3,6,8.1,8.0,29.4,126.82,0,2025-01-28
1722,26,Female,Finance,Chennai,3,1141600,68,41.6,6,7.3,5.0,22.4,802.03,20,2020-08-26
1723,22,Female,IT,Pune,1,1598163,80,41.1,3,8.2,12.4,17.2,84.78,20,2023-04-08
1724,38,Male,Marketing,Mumbai,15,628218,70,43.3,7,5.3,4.0,21.9,90.71,0,2025-01-29
1725,36,Male,Sales,Pune,13,906087,79,46.0,7,5.7,38.7,21.3,125.74,10,2023-01-18
1726,41,Female,Sales,Mumbai,21,1402743,80,42.1,6,8.2,37.6,27.0,240.33,10,2021-01-26
1727,36,Female,IT,Mumbai,17,1312951,59,44.2,7,7.9,2.2,20.2,294.15,20,2021-05-28
1728,52,Female,Sales,Hyderabad,30,882479,64,32.6,7,7.0,1.8,23.9,30.92,30,2024-12-09
1729,32,Male,HR,Jaipur,12,1564272,82,40.8,5,5.8,13.0,19.9,183.11,25,2023-12-17
1730,40,Male,Operations,Jaipur,20,633816,69,39.3,5,9.8,14.4,25.5,280.31,0,2020-02-08
1731,27,Female,IT,Delhi,8,1574206,58,40.8,7,5.2,6.9,31.3,169.17,5,2022-09-21
1732,41,Male,IT,Delhi,19,1194838,74,43.4,7,4.1,12.5,20.5,254.22,25,2022-05-23
1733,23,Female,Marketing,Bengaluru,0,1184083,73,35.4,8,5.4,1.0,21.4,70.68,20,2023-04-29
1734,34,Male,Marketing,Jaipur,12,885772,78,41.1,3,9.8,10.0,20.3,227.84,30,2025-02-12
1735,21,Male,HR,Kolkata,1,933527,85,43.4,5,6.5,18.2,23.8,106.04,10,2021-07-23
1736,32,Male,IT,Bengaluru,11,1678938,69,45.8,1,6.6,6.4,25.9,193.42,25,2023-12-12
1737,36,Male,HR,Mumbai,17,1362330,72,35.6,1,5.7,34.3,28.8,125.92,0,2022-10-03
1738,34,Male,Sales,Kolkata,12,908546,95,45.9,3,10.0,2.7,21.2,65.74,15,2020-05-09
1739,45,Female,IT,Bengaluru,26,1517331,61,36.0,8,6.6,20.7,26.5,108.24,15,2024-12-30
1740,34,Female,IT,Bengaluru,13,490790,71,44.4,4,7.4,3.6,19.3,299.51,20,2024-06-28
1741,45,Male,Finance,Mumbai,24,507068,76,37.1,1,6.9,1.1,23.7,56.86,15,2020-05-08
1742,24,Female,HR,Bengaluru,5,1017775,80,42.7,5,7.6,1.6,22.3,102.08,5,2024-01-23
1743,34,Male,Sales,Pune,11,825280,83,43.4,3,7.6,4.9,25.8,76.7,20,2021-09-13
1744,41,Male,IT,Bengaluru,19,830438,86,38.1,3,7.2,8.9,23.0,173.59,15,2024-01-04
1745,18,Male,Finance,Jaipur,0,591724,68,50.7,3,7.7,9.2,26.5,162.46,20,2022-07-23
1746,24,Male,Marketing,Pune,1,673634,60,41.6,5,9.5,1.1,21.4,234.72,25,2021-04-02
1747,31,Female,Finance,Kolkata,8,1276683,87,43.5,1,6.4,2.6,27.8,203.27,20,2023-07-29
1748,27,Female,Sales,Hyderabad,5,1011535,88,35.1,2,6.8,6.3,25.4,167.73,15,2020-01-18
1749,34,Male,Operations,Chennai,14,751378,77,44.1,7,5.6,15.2,29.0,336.17,10,2021-08-01
1750,47,Female,IT,Kolkata,27,904898,67,34.6,5,4.4,12.4,20.2,142.23,25,2020-01-19
1751,34,Female,Marketing,Mumbai,15,754067,74,50.7,4,6.1,1.0,20.2,135.43,15,2021-06-10
1752,37,Male,Sales,Jaipur,17,966042,73,45.6,5,7.7,7.5,24.7,217.78,5,2021-10-30
1753,30,Male,IT,Pune,9,1945514,75,39.4,5,5.1,7.9,22.3,412.22,30,2023-10-23
1754,38,Female,Marketing,Mumbai,15,1193471,77,43.8,2,6.0,22.1,23.1,77.91,10,2024-10-17
1755,29,Female,Sales,Hyderabad,7,1988274,74,42.1,6,7.2,5.5,22.2,81.93,5,2025-01-24
1756,33,Male,Marketing,Jaipur,11,2549217,67,38.2,10,6.0,25.0,26.9,187.38,0,2024-08-09
1757,31,Female,Sales,Pune,8,1517134,79,41.2,4,7.3,1.7,20.8,75.59,15,2024-05-24
1758,43,Male,IT,Bengaluru,21,703141,68,35.1,3,3.8,4.5,30.0,282.86,20,2021-09-29
1759,32,Female,Finance,Chennai,9,929483,80,39.9,6,6.6,1.0,19.0,262.72,10,2025-06-04
1760,47,Female,Sales,Bengaluru,25,1472327,78,44.7,2,7.9,4.9,28.8,357.98,0,2024-11-22
1761,21,Female,IT,Jaipur,0,1477335,75,43.7,3,6.5,7.9,20.1,164.4,20,2021-05-17
1762,41,Male,Sales,Delhi,18,759737,77,37.2,6,5.0,18.5,24.6,315.15,25,2024-11-07
1763,29,Male,IT,Pune,6,753812,92,44.9,3,9.4,11.1,23.6,240.27,15,2023-02-28
1764,45,Female,IT,Mumbai,24,557628,94,40.9,3,7.4,20.9,25.5,225.04,25,2023-07-23
1765,18,Female,Operations,Jaipur,0,1087568,61,37.6,4,8.2,3.7,20.2,133.06,30,2021-09-19
1766,22,Male,IT,Jaipur,1,359538,64,40.9,1,3.9,13.7,24.9,139.89,5,2020-09-28
1767,43,Male,Operations,Bengaluru,22,564110,56,36.2,6,8.0,1.0,22.9,114.97,0,2020-11-30
1768,27,Female,Operations,Chennai,4,1249747,72,44.7,5,7.9,12.6,28.4,198.23,10,2020-12-13
1769,37,Female,HR,Kolkata,15,468244,52,33.1,5,6.7,3.1,33.3,494.34,5,2024-02-06
1770,35,Female,Operations,Delhi,16,749852,59,53.1,7,7.9,11.9,25.6,251.74,20,2023-09-26
1771,37,Female,Sales,Chennai,16,514506,49,46.7,3,8.5,1.0,26.3,289.98,30,2024-08-26
1772,36,Other,IT,Hyderabad,14,912685,72,49.7,3,8.2,13.3,29.7,458.89,20,2020-11-01
1773,22,Male,IT,Delhi,0,786702,83,49.2,5,8.4,16.8,28.2,113.7,20,2023-08-10
1774,29,Male,Sales,Chennai,6,1686527,62,46.1,1,6.0,7.1,28.1,175.2,5,2020-01-29
1775,37,Male,Sales,Pune,18,543947,63,45.1,3,7.3,35.2,21.4,154.57,15,2023-08-23
1776,25,Female,Marketing,Chennai,5,543696,87,42.5,4,9.0,28.7,26.0,96.26,15,2023-06-27
1777,30,Male,Sales,Chennai,10,531061,84,50.7,7,7.9,12.6,15.9,74.52,0,2023-10-28
1778,38,Male,Sales,Kolkata,18,268277,72,41.8,6,7.6,18.4,23.4,308.93,0,2022-06-23
1779,21,Female,IT,Chennai,1,530556,69,36.7,4,5.0,46.0,26.7,118.19,15,2023-07-03
1780,33,Male,IT,Jaipur,14,485419,88,40.1,5,8.9,5.3,28.7,216.23,5,2025-03-12
1781,50,Male,Finance,Pune,30,1007340,57,40.5,7,5.4,6.0,24.3,207.06,10,2022-03-08
1782,51,Male,Sales,Pune,28,2206911,55,37.7,4,5.8,1.8,22.5,110.63,15,2022-02-18
1783,43,Male,Operations,Jaipur,20,1018943,76,43.3,3,10.0,3.8,26.2,261.9,25,2021-01-22
1784,39,Female,IT,Jaipur,19,898791,83,48.0,2,3.5,1.3,24.6,111.06,30,2022-06-30
1785,35,Male,IT,Jaipur,14,685246,75,52.5,4,5.9,22.6,19.7,117.33,25,2022-07-27
1786,18,Female,Operations,Hyderabad,0,665075,82,46.1,2,5.4,4.1,26.6,162.6,0,2021-07-15
1787,37,Male,IT,Jaipur,15,581944,85,43.6,6,7.5,3.0,26.8,175.35,5,2020-09-08
1788,27,Female,Finance,Bengaluru,4,1113641,91,43.8,4,3.6,5.2,23.8,118.68,0,2022-01-14
1789,38,Male,IT,Kolkata,15,771050,62,38.8,6,7.6,13.9,25.4,221.59,25,2022-03-31
1790,18,Male,IT,Chennai,0,474114,75,45.2,2,5.5,1.6,27.7,150.08,10,2024-10-06
1791,26,Male,Marketing,Delhi,5,582341,64,46.3,5,5.0,8.3,23.5,112.74,5,2020-01-11
1792,21,Male,Marketing,Delhi,2,1196987,81,36.9,3,7.3,1.0,21.4,214.88,15,2024-10-29
1793,38,Female,Sales,Mumbai,15,292455,73,41.9,5,7.6,24.4,25.7,110.86,10,2021-12-03
1794,26,Male,IT,Kolkata,4,491064,73,43.6,5,5.7,8.9,29.7,80.67,25,2025-03-10
1795,38,Female,Operations,Kolkata,17,1065940,78,45.7,4,8.4,13.1,21.2,286.65,25,2022-03-03
1796,43,Female,IT,Mumbai,24,838209,66,43.7,1,5.3,6.6,21.1,465.49,15,2024-06-29
1797,47,Female,Sales,Chennai,26,980599,59,45.0,3,6.7,51.8,19.1,285.87,0,2023-05-27
1798,33,Female,Marketing,Delhi,14,1713171,59,43.7,3,8.8,19.4,29.5,208.53,25,2021-07-15
1799,43,Male,Sales,Hyderabad,23,499733,65,39.2,5,7.5,11.0,31.4,324.62,20,2020-11-14
1800,29,Male,Sales,Mumbai,9,455194,90,42.8,4,8.5,21.9,19.2,81.04,5,2020-05-05
1801,37,Female,Sales,Pune,16,1981020,81,37.2,5,9.4,8.7,17.4,413.47,20,2023-05-30
1802,33,Male,Marketing,Bengaluru,12,433559,72,51.3,7,8.0,14.6,29.8,251.45,25,2023-08-10
1803,34,Male,Marketing,Jaipur,13,1515234,85,45.3,6,8.1,33.3,23.0,87.4,15,2020-08-04
1804,26,Female,Sales,Delhi,7,2342121,87,39.5,4,5.0,1.2,32.2,102.53,0,2022-06-13
1805,39,Female,Operations,Chennai,20,1422385,86,31.5,4,8.4,21.4,21.1,196.02,0,2021-03-28
1806,29,Other,Sales,Chennai,10,1244445,76,36.8,3,8.1,2.4,26.2,208.15,25,2021-01-17
1807,35,Female,Operations,Chennai,15,2473012,74,40.7,4,7.0,3.7,27.3,35.05,25,2024-05-12
1808,19,Male,Sales,Pune,0,1618465,68,38.2,3,6.3,1.0,28.5,574.18,15,2025-03-02
1809,21,Female,Sales,Bengaluru,0,765027,70,37.3,4,4.0,12.4,23.8,143.42,10,2021-08-03
1810,24,Female,Finance,Hyderabad,1,683520,82,49.1,4,7.2,4.1,27.0,105.1,30,2023-10-04
1811,19,Female,Operations,Chennai,0,691942,85,40.5,6,8.1,16.9,34.8,294.21,0,2024-06-01
1812,29,Male,IT,Chennai,9,1662188,44,46.4,3,9.1,7.1,21.8,118.8,30,2022-03-20
1813,32,Female,Sales,Delhi,10,586483,62,44.6,4,8.8,21.9,21.7,63.07,5,2022-09-19
1814,31,Female,Marketing,Hyderabad,8,470004,76,42.7,6,9.6,5.4,25.2,220.33,25,2021-01-24
1815,29,Female,Sales,Hyderabad,8,941568,71,32.3,3,6.0,19.9,19.2,166.12,5,2023-09-12
1816,39,Female,HR,Pune,19,905844,74,55.1,6,8.4,4.4,24.0,167.82,25,2024-08-05
1817,53,Male,Sales,Delhi,32,655182,75,48.0,2,6.4,7.8,22.7,88.8,30,2024-10-07
1818,41,Female,Marketing,Delhi,19,373873,89,35.0,5,4.7,14.9,22.9,145.75,25,2021-07-07
1819,27,Male,Marketing,Kolkata,5,506737,76,40.0,5,3.0,24.5,21.2,120.94,20,2022-03-01
1820,33,Female,Operations,Delhi,14,1353850,58,41.5,6,7.1,17.1,33.9,242.34,0,2022-12-01
1821,43,Male,HR,Hyderabad,22,2251079,71,40.6,8,6.3,10.4,23.9,82.35,20,2020-05-19
1822,36,Female,Finance,Bengaluru,14,1168157,61,37.4,2,8.9,1.0,32.2,131.68,30,2022-01-21
1823,33,Male,Sales,Delhi,11,287017,75,44.4,9,6.1,4.1,19.0,64.73,5,2021-05-15
1824,40,Male,Finance,Mumbai,20,501616,84,43.9,6,6.0,10.3,21.5,123.57,5,2024-08-08
1825,33,Male,Finance,Bengaluru,12,1146707,51,43.3,2,6.1,4.4,30.4,172.19,25,2020-04-29
1826,42,Male,Sales,Delhi,22,1415650,65,50.0,2,8.2,15.6,20.7,68.81,25,2020-08-21
1827,35,Female,HR,Pune,12,1096394,81,37.2,6,6.2,16.0,23.9,87.95,15,2020-11-24
1828,25,Male,Operations,Mumbai,2,761483,86,46.6,6,7.9,26.5,22.9,149.07,25,2024-03-31
1829,40,Male,Sales,Jaipur,17,831547,80,44.3,1,7.3,2.5,26.1,130.06,5,2022-06-04
1830,19,Female,Sales,Hyderabad,0,1487854,81,48.6,6,10.0,1.0,25.9,207.77,20,2021-07-29
1831,33,Male,Sales,Chennai,12,661813,71,45.9,5,6.5,18.3,24.6,151.16,20,2022-10-04
1832,33,Female,Operations,Kolkata,11,661827,75,41.4,6,9.8,7.0,28.9,133.64,15,2021-05-11
1833,36,Male,IT,Bengaluru,14,1262586,72,45.2,6,7.5,1.0,28.2,401.37,10,2020-03-01
1834,34,Female,Sales,Hyderabad,13,507225,77,45.5,3,9.7,10.0,21.6,390.3,5,2023-07-15
1835,30,Male,Operations,Pune,9,990315,70,40.5,6,7.7,68.9,25.3,283.53,10,2023-12-01
1836,21,Male,Finance,Mumbai,1,668010,84,38.1,4,5.1,18.7,25.0,139.24,0,2025-03-23
1837,46,Male,IT,Delhi,26,1495988,63,38.8,2,7.9,1.8,28.3,222.42,5,2022-12-25
1838,31,Male,IT,Jaipur,11,471434,87,44.5,6,7.5,14.5,30.8,442.19,5,2023-12-04
1839,34,Female,Sales,Kolkata,15,988672,73,44.3,7,6.8,7.3,26.6,168.23,25,2024-04-03
1840,23,Female,IT,Kolkata,1,1172176,84,39.3,3,10.0,21.3,23.2,135.24,30,2020-05-01
1841,42,Male,Sales,Bengaluru,20,807219,85,41.7,8,5.5,26.2,23.8,83.92,10,2021-07-19
1842,32,Female,IT,Hyderabad,9,567359,84,44.9,8,6.6,4.8,36.8,178.66,30,2020-06-14
1843,26,Female,Sales,Hyderabad,5,1003836,65,37.7,6,6.7,11.3,29.1,507.82,10,2020-12-30
1844,18,Male,Sales,Bengaluru,0,1098489,64,38.8,7,7.2,1.5,19.3,123.96,10,2022-01-24
1845,44,Male,Sales,Delhi,25,1553557,73,51.3,2,6.7,1.0,10.6,150.57,15,2021-09-06
1846,37,Female,Finance,Kolkata,17,3384440,70,46.0,4,8.6,16.3,24.8,99.04,15,2024-07-14
1847,40,Female,IT,Mumbai,18,1987616,64,44.1,4,8.3,6.6,25.3,244.92,0,2021-12-17
1848,29,Male,Marketing,Bengaluru,7,1055975,72,43.3,5,9.4,12.2,16.6,92.66,20,2022-03-11
1849,37,Male,Finance,Pune,18,1530658,69,46.1,2,7.0,25.0,20.1,185.49,10,2024-09-12
1850,32,Male,IT,Jaipur,9,940964,82,45.8,7,6.1,8.8,27.5,286.68,20,2023-12-22
1851,37,Female,IT,Bengaluru,16,1341668,69,50.5,2,7.2,8.3,28.1,188.12,20,2023-08-06
1852,18,Male,HR,Hyderabad,0,790744,70,41.6,4,6.7,1.0,22.8,34.32,20,2020-04-24
1853,40,Female,IT,Chennai,20,848974,73,42.8,2,7.3,7.6,27.8,136.82,30,2020-12-17
1854,35,Male,Sales,Delhi,14,748304,77,35.1,7,7.6,5.1,16.8,97.89,30,2023-05-27
1855,28,Male,Sales,Hyderabad,7,787223,68,38.4,3,8.6,27.0,25.5,227.29,5,2022-09-22
1856,37,Female,IT,Chennai,16,439782,69,44.7,5,6.6,10.8,28.8,175.55,15,2024-07-07
1857,30,Female,Operations,Delhi,8,767929,80,37.3,3,6.1,24.8,26.3,433.92,0,2020-10-18
1858,38,Male,Marketing,Pune,19,430579,77,45.6,5,7.6,10.0,26.1,28.25,5,2024-09-10
1859,30,Female,IT,Jaipur,8,624374,66,39.3,6,8.1,2.2,27.6,92.64,5,2020-02-15
1860,28,Male,Operations,Jaipur,7,643773,79,38.8,4,5.8,21.3,28.9,255.0,0,2021-08-10
1861,48,Female,Finance,Kolkata,25,1041321,89,45.6,5,6.8,12.6,26.1,71.46,30,2022-05-30
1862,37,Female,IT,Mumbai,14,1010380,77,43.9,9,8.8,31.9,26.6,79.69,15,2022-10-18
1863,45,Male,Sales,Jaipur,25,599640,68,38.6,6,7.0,1.4,34.8,42.91,10,2021-02-17
1864,24,Male,Sales,Kolkata,1,790509,87,37.4,3,5.2,2.6,20.0,71.38,0,2021-02-25
1865,24,Female,Marketing,Chennai,1,871674,87,37.5,8,4.5,6.6,27.5,127.31,0,2021-10-17
1866,30,Female,Marketing,Kolkata,9,1541959,71,48.4,8,9.4,3.5,23.8,43.48,30,2024-12-30
1867,27,Male,IT,Chennai,5,628353,71,47.1,1,6.8,5.4,17.6,188.08,30,2020-08-16
1868,38,Other,Marketing,Mumbai,19,609990,85,33.2,2,5.2,11.8,28.8,170.13,30,2022-03-17
1869,29,Female,HR,Delhi,8,779630,68,42.5,7,9.1,9.0,19.0,148.91,10,2022-10-08
1870,43,Female,IT,Chennai,24,1131160,63,42.2,3,7.0,16.8,19.0,136.83,25,2025-05-05
1871,31,Female,Operations,Pune,9,478025,77,43.3,3,7.8,3.8,20.4,96.41,5,2023-09-21
1872,29,Female,IT,Mumbai,10,821451,90,39.0,6,6.8,8.4,26.9,250.65,20,2021-11-24
1873,50,Female,HR,Mumbai,27,575981,62,37.3,7,6.7,6.6,23.0,173.76,10,2020-03-29
1874,25,Male,HR,Pune,3,560944,70,36.4,8,7.9,10.6,22.9,134.74,5,2021-06-18
1875,48,Male,Sales,Kolkata,29,793801,62,44.4,5,8.5,17.1,21.3,377.99,20,2021-09-14
1876,22,Other,IT,Bengaluru,3,649630,72,46.5,6,9.2,5.9,26.5,90.6,20,2024-02-07
1877,38,Male,Sales,Jaipur,16,889466,78,40.7,7,5.5,8.4,21.3,129.85,25,2023-08-27
1878,42,Male,Sales,Kolkata,21,830361,76,42.7,3,5.6,11.6,24.7,59.3,20,2021-09-25
1879,33,Female,Operations,Pune,12,878165,74,43.7,8,6.3,14.8,29.0,77.61,15,2021-02-27
1880,32,Female,IT,Mumbai,10,2088186,66,46.5,6,5.9,6.4,29.7,190.45,5,2022-10-26
1881,33,Female,Sales,Kolkata,14,668718,63,37.6,5,5.2,12.6,25.1,103.73,10,2020-01-21
1882,40,Female,IT,Hyderabad,20,645445,100,43.2,4,6.2,1.4,19.0,51.78,25,2021-12-03
1883,41,Female,HR,Chennai,20,1204956,85,50.7,6,5.1,7.3,24.5,228.08,10,2024-10-05
1884,37,Female,IT,Delhi,18,907555,68,44.1,2,9.8,1.0,19.8,58.28,15,2022-10-14
1885,24,Male,HR,Chennai,2,668584,81,33.1,6,7.0,10.1,22.6,117.71,20,2023-09-26
1886,39,Female,IT,Hyderabad,17,1508905,55,38.3,4,8.0,21.5,21.1,379.65,15,2021-12-03
1887,31,Female,IT,Mumbai,8,1752386,73,39.8,2,7.6,14.3,26.6,168.38,30,2020-02-01
1888,42,Female,Sales,Pune,21,1717066,68,40.0,5,6.5,1.0,20.0,179.42,30,2025-01-23
1889,34,Female,IT,Mumbai,12,999497,88,46.6,7,6.0,2.1,25.7,42.5,20,2021-04-03
1890,40,Male,Finance,Mumbai,20,637025,74,35.2,3,8.0,22.5,17.3,179.44,0,2021-10-12
1891,32,Male,IT,Hyderabad,10,661132,93,41.9,4,4.6,3.3,23.1,295.16,20,2025-06-05
1892,23,Male,Operations,Mumbai,0,821876,74,46.4,7,7.5,13.9,16.1,171.69,10,2020-01-29
1893,41,Male,Sales,Jaipur,21,1636055,60,42.1,4,8.1,7.0,23.3,212.02,10,2024-01-31
1894,27,Male,IT,Pune,7,532513,75,38.2,4,5.4,8.9,22.4,94.75,0,2021-12-18
1895,27,Female,IT,Delhi,8,1045708,97,40.8,5,6.2,10.3,30.8,66.5,0,2024-08-18
1896,37,Female,IT,Pune,18,1188927,86,41.5,3,5.5,7.6,25.8,337.34,30,2024-01-30
1897,18,Female,Operations,Hyderabad,0,977863,71,45.4,5,5.9,1.0,19.4,89.84,5,2020-11-25
1898,29,Female,IT,Jaipur,7,1163604,62,41.1,3,7.8,32.5,24.6,171.82,0,2021-03-31
1899,35,Female,Operations,Pune,12,788304,94,36.9,8,8.5,24.8,29.2,219.22,5,2024-04-12
1900,38,Other,Finance,Jaipur,16,435752,76,39.7,6,7.9,1.0,30.0,130.89,15,2022-12-21
1901,22,Female,Marketing,Delhi,0,1418758,76,38.7,6,5.9,5.4,25.0,200.39,5,2022-07-15
1902,29,Female,IT,Hyderabad,9,914939,79,36.7,1,8.0,22.3,27.7,479.17,10,2025-04-26
1903,47,Male,Marketing,Bengaluru,24,754242,88,43.5,2,6.8,1.0,19.8,100.55,30,2024-11-07
1904,38,Female,Finance,Bengaluru,19,617143,64,51.9,4,7.8,8.5,28.6,135.97,25,2021-09-04
1905,32,Male,Sales,Bengaluru,12,532551,53,43.1,2,8.7,7.2,29.7,117.69,30,2021-11-21
1906,30,Female,HR,Pune,8,632512,55,43.5,3,7.6,1.1,22.9,64.4,25,2022-03-09
1907,34,Male,Operations,Jaipur,15,649959,59,45.7,4,9.1,1.0,24.4,200.42,10,2022-08-19
1908,24,Male,HR,Bengaluru,2,343021,70,49.8,3,9.2,39.6,28.3,348.92,10,2021-05-07
1909,30,Male,Operations,Chennai,7,933145,68,40.8,5,3.7,3.3,22.8,277.66,5,2020-02-27
1910,38,Male,Sales,Chennai,19,1156476,96,37.0,1,6.6,21.1,25.9,152.03,25,2020-10-12
1911,36,Male,Sales,Kolkata,15,586651,78,45.6,4,5.3,8.9,28.5,344.69,5,2020-02-11
1912,19,Female,HR,Hyderabad,0,1109240,65,32.8,7,7.1,9.7,25.2,131.82,5,2024-03-04
1913,19,Male,IT,Bengaluru,0,1070158,88,40.5,3,7.5,4.0,18.7,227.28,30,2023-08-28
1914,28,Male,Sales,Mumbai,5,800464,55,39.2,5,7.7,21.8,27.0,113.23,0,2022-12-28
1915,27,Female,Sales,Chennai,7,1111990,66,50.5,6,8.3,48.5,26.4,136.82,25,2024-06-06
1916,47,Female,Marketing,Mumbai,24,694115,82,35.6,5,9.2,5.7,29.1,119.14,20,2023-01-19
1917,27,Male,Operations,Mumbai,5,410251,100,40.5,5,7.4,2.6,29.2,108.61,30,2020-01-29
1918,19,Female,IT,Chennai,0,1378867,79,45.7,5,6.4,9.3,25.2,105.48,5,2024-05-08
1919,42,Female,Finance,Chennai,21,2274936,86,41.7,8,7.0,1.0,22.0,271.04,25,2025-01-18
1920,25,Female,Sales,Chennai,3,1700553,72,48.2,7,7.6,6.7,20.7,125.44,10,2024-04-03
1921,45,Female,Marketing,Mumbai,23,688413,80,42.8,7,7.0,16.3,20.7,95.12,15,2024-07-25
1922,45,Female,Sales,Hyderabad,26,1493119,96,52.6,6,6.9,10.8,29.9,39.9,30,2021-12-30
1923,32,Female,Operations,Hyderabad,10,822026,73,43.8,3,5.9,20.1,20.6,124.96,30,2021-07-11
1924,41,Male,IT,Pune,21,623622,70,43.3,4,8.6,7.9,27.9,99.52,25,2021-04-19
1925,21,Female,Sales,Pune,1,711821,68,49.7,5,5.7,9.1,16.3,247.88,30,2021-07-23
1926,26,Male,HR,Kolkata,3,726285,69,40.9,1,6.1,8.7,23.8,65.68,10,2024-09-16
1927,41,Male,IT,Bengaluru,22,630579,61,34.5,3,8.4,14.1,23.9,127.48,20,2025-03-30
1928,44,Male,HR,Mumbai,21,1603965,79,39.2,5,7.1,3.7,28.4,382.32,20,2021-04-16
1929,33,Female,Operations,Chennai,11,762259,67,42.3,6,6.5,19.7,26.6,30.29,0,2020-06-21
1930,32,Male,Operations,Chennai,12,1321204,93,41.2,7,9.5,36.6,26.1,143.33,10,2022-01-16
1931,36,Female,IT,Bengaluru,15,1192765,66,40.3,4,7.9,9.4,32.7,353.15,0,2022-11-28
1932,34,Female,IT,Chennai,11,909650,73,35.6,6,6.5,15.2,24.9,450.58,0,2022-03-03
1933,29,Male,HR,Mumbai,7,1475871,85,44.9,6,6.6,29.3,20.2,313.75,30,2022-09-04
1934,29,Male,IT,Mumbai,6,1028957,63,44.9,7,5.5,3.6,28.8,186.01,25,2022-12-21
1935,29,Female,IT,Chennai,8,1072619,90,44.3,4,7.7,2.7,32.9,157.42,15,2025-06-11
1936,23,Female,HR,Hyderabad,0,1300190,75,41.7,8,9.5,3.8,24.7,238.63,0,2020-11-01
1937,34,Male,Sales,Pune,11,877337,94,27.4,7,8.3,8.4,30.0,103.99,5,2024-02-29
1938,30,Female,IT,Delhi,10,1707691,100,45.9,3,6.0,6.3,17.7,245.26,10,2022-07-01
1939,32,Female,Operations,Bengaluru,12,1089239,65,47.5,4,6.5,15.0,21.0,67.16,30,2022-10-11
1940,23,Male,IT,Mumbai,1,1108667,78,30.7,5,7.8,18.9,27.8,301.26,15,2024-09-30
1941,25,Male,IT,Mumbai,5,1098244,75,52.3,4,8.3,16.2,27.0,110.66,30,2024-04-07
1942,24,Female,Sales,Pune,4,937663,100,40.7,3,5.7,32.4,26.7,111.63,20,2021-09-24
1943,39,Male,Sales,Hyderabad,19,1288204,74,37.8,6,6.3,1.0,20.6,187.55,25,2024-06-17
1944,32,Male,HR,Hyderabad,10,1256236,72,48.9,5,9.6,6.8,27.0,134.97,10,2021-08-09
1945,29,Female,Marketing,Mumbai,7,960088,67,40.2,3,9.0,16.4,33.5,333.02,25,2020-01-25
1946,21,Female,Operations,Chennai,0,347489,90,38.9,5,3.7,12.7,21.2,124.75,30,2022-02-01
1947,35,Male,Sales,Chennai,12,496236,78,34.8,1,7.4,1.6,21.3,259.63,25,2023-01-23
1948,23,Female,IT,Kolkata,2,740519,67,42.1,7,4.5,10.6,25.2,354.81,10,2020-06-03
1949,36,Male,Marketing,Mumbai,17,1237882,70,43.6,3,7.5,12.5,21.1,238.39,15,2022-05-16
1950,31,Male,HR,Hyderabad,10,364546,70,41.2,4,7.1,20.1,21.5,46.08,10,2025-01-23
1951,39,Other,Sales,Mumbai,20,359523,67,41.1,8,5.9,17.9,23.4,241.31,25,2021-05-29
1952,33,Female,IT,Mumbai,12,921020,92,45.9,1,7.0,8.8,31.0,335.4,0,2021-11-06
1953,43,Male,Sales,Pune,24,1338464,57,43.4,6,7.4,15.3,22.8,71.14,25,2021-03-29
1954,26,Female,Operations,Pune,6,985471,87,33.5,1,7.6,29.2,24.1,209.0,0,2020-11-01
1955,29,Female,IT,Kolkata,8,1258638,59,42.3,4,4.3,10.5,21.7,200.15,0,2024-10-01
1956,33,Male,Sales,Mumbai,14,823272,75,41.4,3,3.8,1.5,24.7,131.95,30,2024-10-28
1957,42,Female,Sales,Chennai,20,1936946,68,44.5,3,6.8,3.8,26.3,69.34,25,2023-12-17
1958,47,Male,IT,Delhi,25,974443,66,42.6,4,8.3,26.8,22.4,224.75,30,2024-09-15
1959,39,Male,Marketing,Pune,18,662195,71,38.3,1,8.0,3.8,25.1,235.41,5,2023-10-15
1960,26,Female,IT,Mumbai,5,1032937,65,41.3,4,8.0,10.9,29.8,138.57,5,2022-04-28
1961,29,Male,Finance,Hyderabad,7,1679932,73,44.4,5,9.1,7.6,23.3,192.54,0,2020-11-25
1962,44,Male,Operations,Jaipur,22,274396,65,34.5,5,7.0,10.2,18.6,110.22,10,2023-09-27
1963,33,Female,IT,Pune,12,458771,79,41.9,3,5.0,6.7,27.0,139.08,0,2024-12-24
1964,22,Female,Finance,Delhi,1,359122,81,42.1,1,8.1,3.5,24.5,755.91,5,2022-03-18
1965,36,Female,HR,Chennai,17,598119,75,40.0,3,7.7,3.7,23.7,81.45,15,2022-07-12
1966,34,Female,Marketing,Pune,13,1477171,64,43.2,5,9.9,4.0,29.7,95.49,20,2021-04-16
1967,26,Female,Finance,Hyderabad,7,2388291,70,45.9,8,5.9,14.1,29.8,184.26,10,2023-09-20
1968,22,Male,IT,Kolkata,2,2004640,74,31.1,2,6.6,12.2,26.3,109.21,30,2022-05-09
1969,30,Male,IT,Jaipur,10,1441760,59,38.3,3,5.4,15.2,24.1,197.5,5,2024-11-16
1970,23,Male,IT,Delhi,2,1151725,68,41.5,4,7.3,39.0,30.1,138.45,20,2022-05-15
1971,40,Female,Operations,Chennai,21,1241207,86,38.7,9,5.0,19.9,22.6,173.46,0,2024-06-03
1972,45,Male,Finance,Kolkata,23,733039,78,37.9,3,6.4,10.5,27.1,217.12,25,2023-11-29
1973,38,Male,IT,Hyderabad,15,538249,45,38.8,3,6.0,25.1,19.4,260.74,15,2022-05-17
1974,26,Female,Marketing,Pune,7,830040,86,46.4,4,6.5,2.9,26.7,255.2,5,2021-11-01
1975,33,Female,IT,Jaipur,12,2343629,85,38.4,5,7.7,23.1,21.4,119.17,0,2020-01-19
1976,29,Male,IT,Jaipur,9,2043614,88,43.7,4,9.6,1.1,25.8,221.48,0,2022-09-12
1977,47,Female,Operations,Jaipur,27,728954,46,44.0,3,4.3,18.3,24.5,204.47,10,2024-03-30
1978,39,Male,HR,Chennai,20,1207180,96,39.5,6,6.8,9.9,20.0,149.75,5,2023-08-29
1979,20,Female,Marketing,Mumbai,0,488018,64,44.0,6,7.4,32.3,28.4,58.19,5,2024-10-28
1980,41,Male,IT,Pune,21,1017208,72,40.4,4,2.5,1.0,33.1,125.4,25,2025-03-10
1981,51,Male,IT,Pune,30,1433641,95,36.8,5,7.9,1.1,20.5,221.51,30,2024-12-31
1982,33,Other,IT,Bengaluru,13,1073419,54,38.2,3,5.4,1.0,26.1,111.45,20,2024-01-02
1983,34,Female,IT,Kolkata,12,579239,63,36.7,3,10.0,1.0,23.0,219.1,5,2024-05-08
1984,31,Female,HR,Jaipur,9,632111,70,44.1,3,7.7,5.3,21.8,141.22,25,2023-05-29
1985,42,Female,IT,Mumbai,20,836783,74,41.2,3,8.4,9.8,24.2,95.32,10,2022-01-10
1986,42,Female,IT,Kolkata,21,656259,64,45.0,8,6.5,3.0,19.2,162.36,20,2022-10-16
1987,43,Female,Marketing,Kolkata,21,732698,84,38.3,9,5.5,13.5,24.5,106.97,5,2025-01-10
1988,29,Male,Operations,Chennai,6,1555480,74,41.8,4,5.9,32.9,26.5,128.1,25,2021-11-24
1989,21,Male,Finance,Kolkata,0,1457679,71,36.2,5,5.6,20.0,22.2,71.17,30,2023-07-22
1990,29,Male,Operations,Jaipur,7,821158,91,34.3,6,4.4,2.0,20.8,509.3,5,2022-10-25
1991,46,Male,Sales,Hyderabad,25,898767,89,44.8,9,6.6,11.0,26.7,117.18,20,2022-05-24
1992,34,Male,Operations,Bengaluru,13,1182485,78,47.1,4,5.5,4.2,23.0,138.04,15,2023-08-15
1993,25,Female,Operations,Chennai,5,857507,73,50.3,2,6.1,3.7,22.5,97.71,10,2021-01-05
1994,29,Male,Finance,Delhi,9,653564,81,45.1,5,7.5,23.4,23.6,839.48,30,2023-02-26
1995,37,Female,Finance,Bengaluru,16,1102062,65,44.3,5,8.9,4.6,26.5,126.13,5,2022-02-16
1996,29,Female,Marketing,Bengaluru,6,747975,83,40.1,9,7.5,1.7,23.1,174.35,0,2024-05-05
1997,41,Female,Sales,Bengaluru,19,1484569,73,45.4,3,5.4,10.1,21.9,50.33,20,2022-04-06
1998,41,Female,Finance,Jaipur,22,360490,68,32.1,4,8.1,6.6,31.8,134.52,30,2022-11-21
1999,30,Female,HR,Jaipur,10,1048100,55,37.6,4,9.2,11.0,26.3,60.71,25,2025-06-11
2000,33,Male,Sales,Bengaluru,10,589998,72,40.1,2,7.7,3.3,27.3,117.09,0,2024-02-20
